Start Model Run At  Mon Mar 10 19:55:35 UTC 2025
information about processor including whether using hyperthreading
Architecture:                       aarch64
CPU op-mode(s):                     32-bit, 64-bit
Byte Order:                         Little Endian
CPU(s):                             64
On-line CPU(s) list:                0-63
Thread(s) per core:                 1
Core(s) per socket:                 64
Socket(s):                          1
NUMA node(s):                       1
Vendor ID:                          ARM
Model:                              1
Stepping:                           r1p1
BogoMIPS:                           2100.00
L1d cache:                          4 MiB
L1i cache:                          4 MiB
L2 cache:                           64 MiB
L3 cache:                           32 MiB
NUMA node0 CPU(s):                  0-63
Vulnerability Gather data sampling: Not affected
Vulnerability Itlb multihit:        Not affected
Vulnerability L1tf:                 Not affected
Vulnerability Mds:                  Not affected
Vulnerability Meltdown:             Not affected
Vulnerability Mmio stale data:      Not affected
Vulnerability Retbleed:             Not affected
Vulnerability Spec rstack overflow: Not affected
Vulnerability Spec store bypass:    Mitigation; Speculative Store Bypass disabled via prctl
Vulnerability Spectre v1:           Mitigation; __user pointer sanitization
Vulnerability Spectre v2:           Mitigation; CSV2, BHB
Vulnerability Srbds:                Not affected
Vulnerability Tsx async abort:      Not affected
Flags:                              fp asimd evtstrm aes pmull sha1 sha2 crc32 atomics fphp asimdhp cpuid asimdrdm jscvt fcma lrcpc dcpop sha3 sm3 sm4 asimddp sha512 sve asimdfhm dit uscat ilrcpc flagm ssbs paca pacg dcpodp svei8mm svebf16 i8mm bf16 dgh rng
information about cluster
PARTITION AVAIL  TIMELIMIT  NODES  STATE NODELIST
queue1*      up   infinite     16  idle~ queue1-dy-compute-resource-1-[4-12],queue1-dy-compute-resource-2-[1-7]
queue1*      up   infinite      3  alloc queue1-dy-compute-resource-1-[1-3]
information about filesystem
Filesystem                              Size  Used Avail Use% Mounted on
/dev/root                                39G   22G   17G  57% /
devtmpfs                                 62G     0   62G   0% /dev
tmpfs                                    62G     0   62G   0% /dev/shm
tmpfs                                    13G  1.0M   13G   1% /run
tmpfs                                   5.0M     0  5.0M   0% /run/lock
tmpfs                                    62G     0   62G   0% /sys/fs/cgroup
/dev/loop0                               22M   22M     0 100% /snap/amazon-ssm-agent/7994
/dev/nvme0n1p15                          98M  6.3M   92M   7% /boot/efi
/dev/loop1                               50M   50M     0 100% /snap/core18/2826
/dev/loop2                               92M   92M     0 100% /snap/lxd/24065
/dev/loop3                               34M   34M     0 100% /snap/snapd/21467
/dev/loop4                               60M   60M     0 100% /snap/core20/2321
10.0.15.80:/opt/parallelcluster/shared   39G   25G   15G  64% /opt/parallelcluster/shared
10.0.15.80:/home                         39G   25G   15G  64% /home
10.0.15.80:/shared                      246G  167G   69G  71% /shared
10.0.4.244@tcp:/7oiolb4v                1.1T  283G  833G  26% /fsx
10.0.15.80:/opt/slurm                    39G   25G   15G  64% /opt/slurm
list the mounted volumes
clnt_create: RPC: Program not registered
Compiler is set to gcc

Working Directory is /home/ubuntu/build-nc4/openmpi_gcc/CCTM/scripts
Build Directory is /home/ubuntu/build-nc4/openmpi_gcc/CCTM/scripts/BLD_CCTM_v54+_gcc
Output Directory is /fsx/data/output/output_v54+_cb6r5_ae7_aq_WR413_MYR_gcc_2018_12US1_3x64_nc4_fsx
Log Directory is /fsx/data/output/output_v54+_cb6r5_ae7_aq_WR413_MYR_gcc_2018_12US1_3x64_nc4_fsx/LOGS
Executable Name is CCTM_v54+.exe

---CMAQ EXECUTION ID: CMAQ_CCTMv54+_ubuntu_20250310_195535_966734314 ---

Set up input and output files for Day 2017-12-22.
cp: cannot stat '/home/ubuntu/build-nc4/openmpi_gcc/CCTM/scripts/BLD_CCTM_v54+_gcc/CCTM_v54+.cfg': No such file or directory

Existing Logs and Output Files for Day 2017-12-22 Will Be Deleted
rm: No match.

CMAQ Processing of Day 20171222 Began at Mon Mar 10 19:55:36 UTC 2025

        CTM_APPL  |  v54+_cb6r5_ae7_aq_WR413_MYR_gcc_2018_12US1_3x64_nc4_fsx_20171222
#================================================================================#        
#|                                                                              |#        
#|               The Community Multiscale Air Quality (CMAQ) Model              |#        
#|                                   Version 5.4                                |#        
#|                                                                              |#        
#|                          Built and Maintained by the                         |#        
#|                        Office of Research and Development                    |#        
#|                   United States Environmental Protection Agency              |#        
#|                                                                              |#        
#|                            https://www.epa.gov/cmaq                          |#        
#|                                                                              |#        
#|       Source Code:   https://www.github.com/USEPA/cmaq/tree/master           |#        
#|       Documentation: https://www.github.com/USEPA/cmaq/tree/master/DOCS      |#        
#|                                                                              |#        
#|         The CMAQ Model is tested and released with cooperation from          |#        
#|         the Community Modeling and Analysis System (CMAS) Center via         |#        
#|         contract support. CMAS is managed by the Institute for the           |#        
#|         Environment, University of North Carolina at Chapel Hill.            |#        
#|         CMAS URL: (https://www.cmascenter.org)                               |#        
#|                                                                              |#        
#================================================================================#        
                                                                     
     This program uses the EPA-AREAL/MCNC-EnvPgms/BAMS/ UNC IE       
     Models-3 I/O Applications Programming Interface, [I/O API]      
     which is built on top of the netCDF I/O library (Copyright      
     993, 1996 University Corporation for Atmospheric Research       
     Unidata Program) and the PVM parallel-programming library       
     (from Oak Ridge National Laboratory).                           
     Copyright (C) 1992-2002 MCNC,                                   
     (C) 1992-2018 Carlie J. Coats, Jr.,                             
     (C) 2003-2012 Baron Advanced Meteorological Systems, LLC, and   
     (C) 2014-2023 UNC Institute for the Environment.                
     Released under the GNU LGPL  License, version 2.1.  See URL     
                                                                     
         https://www.gnu.org/licenses/old-licenses/lgpl-2.1.html     
                                                                     
     for conditions of use.                                          
                                                                     
     ioapi-3.2: $Id: init3.F90 247 2023-03-22 15:59:19Z coats $
     netCDF version 4.8.1 of Mar  6 2025 20:29:13 $
      

     ===========================================
     |>---   ENVIRONMENT VARIABLE REPORT   ---<|
     ===========================================

     |> Grid and High-Level Model Parameters:
     +=========================================
      --Env Variable-- | --Value--
      --------------------------------------------------------------------------------
             BLD  |             (default)
          OUTDIR  |  /fsx/data/output/output_v54+_cb6r5_ae7_aq_WR413_MYR_gcc_2018_12US1_3x64_nc4_fsx
       NEW_START  |          T
  IGNORE_SOILINP  |          F (default)
    EXECUTION_ID  |  CMAQ_CCTMv54+_ubuntu_20250310_195535_966734314
       GRID_NAME  |  12US1
       CTM_TSTEP  |       10000
      CTM_RUNLEN  |      240000
    CTM_PROGNAME  |  DRIVER (default)
      CTM_STDATE  |     2017356
      CTM_STTIME  |           0
     NPCOL_NPROW  |  12 16
     CTM_MAXSYNC  |         300
     CTM_MINSYNC  |          60

     |> Multiprocess control, output and error checking:
     +====================================================
      --Env Variable-- | --Value--
      --------------------------------------------------------------------------------
 PRINT_PROC_TIME  |          T
     FL_ERR_STOP  |          F
       CTM_CKSUM  |          T
AVG_FILE_ENDTIME  |          F
   AVG_CONC_SPCS  |  ALL
       CONC_SPCS  |  O3 NO ANO3I ANO3J NO2 FORM ISOP NH3 ANH4I ANH4J ASO4I ASO4J
 ACONC_BLEV_ELEV  |   1 1
  CONC_BLEV_ELEV  |   1 1
 IOAPI_LOG_WRITE  |          F
         VERTEXT  |          F
VERTEXT_COORD_PA  |  /home/ubuntu/build-nc4/openmpi_gcc/CCTM/scripts/lonlat.csv
   gc_matrix_nml  |  /home/ubuntu/build-nc4/openmpi_gcc/CCTM/scripts/BLD_CCTM_v54+_gcc/GC_cb6r5_ae7_aq.nml
   ae_matrix_nml  |  /home/ubuntu/build-nc4/openmpi_gcc/CCTM/scripts/BLD_CCTM_v54+_gcc/AE_cb6r5_ae7_aq.nml
   nr_matrix_nml  |  /home/ubuntu/build-nc4/openmpi_gcc/CCTM/scripts/BLD_CCTM_v54+_gcc/NR_cb6r5_ae7_aq.nml
   tr_matrix_nml  |  /home/ubuntu/build-nc4/openmpi_gcc/CCTM/scripts/BLD_CCTM_v54+_gcc/Species_Table_TR_0.nml

     |> Chemistry and Photolysis:
     +=============================
      --Env Variable-- | --Value--
      --------------------------------------------------------------------------------
    CTM_PHOTDIAG  |          F
CORE_SHELL_OPTIC  |          F (default)
 OPTICS_MIE_CALC  |          F (default)
       GEAR_ATOL  |   0.100E-08 (default)
       GEAR_RTOL  |   0.100E-02 (default)
         RB_RTOL  |   0.100E-02 (default)
         RB_ATOL  |   0.100E-06 (default)

     |> Aerosols:
     +=============
      --Env Variable-- | --Value--
      --------------------------------------------------------------------------------
   IC_AERO_M2WET  |          F
   BC_AERO_M2WET  |          F
   IC_AERO_M2USE  |          F
   BC_AERO_M2USE  |          F
    STM_SO4TRACK  |          F

     |> Cloud Processes:
     +====================
      --Env Variable-- | --Value--
      --------------------------------------------------------------------------------
        CLD_DIAG  |          F

     |> Air-Surface Exchange Processes:
     +===================================
      --Env Variable-- | --Value--
      --------------------------------------------------------------------------------
      PX_VERSION  |          T
      CTM_ABFLUX  |          T
      CTM_MOSAIC  |          F
    CTM_SFC_HONO  |          T
     CLM_VERSION  |          F
    NOAH_VERSION  |          F
   CTM_DEPV_FILE  |          F
      CTM_HGBIDI  |          F
CTM_BIDI_FERT_NH  |          T
 CTM_WBDUST_BELD  |  UNKNOWN (default)
   STAGECTRL_NML  |  /home/ubuntu/build-nc4/openmpi_gcc/CCTM/scripts/BLD_CCTM_v54+_gcc/CMAQ_Control_STAGE.nml
   CTM_STAGE_P22  |          F
   CTM_STAGE_E20  |          T
   CTM_STAGE_S22  |          F

     |> Transport Processes:
     +========================
      --Env Variable-- | --Value--
      --------------------------------------------------------------------------------
CTM_VDIFF_DIAG_F  |          F (default)
  SIGMA_SYNC_TOP  |   0.700E+00
    ADV_HDIV_LIM  |   0.900E+00 (default)
     CTM_ADV_CFL  |   0.950E+00
           KZMIN  |          T
        CTM_WVEL  |          T
   CTM_GRAV_SETL  |          T

     |> Emissions Parameters:
     +=========================
      --Env Variable-- | --Value--
      --------------------------------------------------------------------------------
      CTM_EMLAYS  |           0 (default)
   MISC_CTRL_NML  |  /home/ubuntu/build-nc4/openmpi_gcc/CCTM/scripts/BLD_CCTM_v54+_gcc/CMAQ_Control_Misc.nml
  DESID_CTRL_NML  |  /home/ubuntu/build-nc4/openmpi_gcc/CCTM/scripts/BLD_CCTM_v54+_gcc/CMAQ_Control_DESID.nml
DESID_CHEM_CTRL_  |  /home/ubuntu/build-nc4/openmpi_gcc/CCTM/scripts/BLD_CCTM_v54+_gcc/CMAQ_Control_DESID_cb6r5_ae7_aq.nml
       N_EMIS_GR  |           2
       N_EMIS_TR  |           0 (default)
     CTM_EMISCHK  |          F
 CTM_BIOGEMIS_BE  |          T
 CTM_BIOGEMIS_MG  |          F
   USE_MEGAN_LAI  |          F (default)
    MGN_ONLN_DEP  |          F (default)
     BDSNP_MEGAN  |          F
       BIOG_SPRO  |  DEFAULT (default)
      B3GTS_DIAG  |          F
    CTM_MGEMDIAG  |          F (default)
  CTM_OCEAN_CHEM  |          T
     CTM_WB_DUST  |          F
 CTM_DUSTEM_DIAG  |          F
    CTM_SSEMDIAG  |          F
     CTM_LTNG_NO  |          F
   LTNG_ASSIM_DT  |           0 (default)
          LTNGNO  |  InLine (default)
        USE_NLDN  |          F (default)
        LTNGDIAG  |          F
         MOLSNCG  |   0.350E+03 (default)
         MOLSNIC  |   0.350E+03 (default)
       N_EMIS_PT  |          10
          IPVERT  |           0 (default)
   EMIS_SYM_DATE  |          F (default)

     |> Process Analysis Parameters:
     +================================
      --Env Variable-- | --Value--
      --------------------------------------------------------------------------------
      CTM_PROCAN  |          F
    PA_BCOL_ECOL  |             (default)
    PA_BROW_EROW  |             (default)
    PA_BLEV_ELEV  |             (default)
       MET_TSTEP  |       10000 (default)

     MET data determined based on WRF ARW version 4.3.3


          -=-  MPP Processor-to-Subdomain Map  -=-
                 Number of Processors = 192
    ____________________________________________________
    |                                                  |
    |  PE    #Cols    Col_Range     #Rows    Row_Range |
    |__________________________________________________|
    |                                                  |
    |  0       39      1:  39         19      1:  19   |
    |  1       39     40:  78         19      1:  19   |
    |  2       39     79: 117         19      1:  19   |
    |  3       38    118: 155         19      1:  19   |
    |  4       38    156: 193         19      1:  19   |
    |  5       38    194: 231         19      1:  19   |
    |  6       38    232: 269         19      1:  19   |
    |  7       38    270: 307         19      1:  19   |
    |  8       38    308: 345         19      1:  19   |
    |  9       38    346: 383         19      1:  19   |
    | 10       38    384: 421         19      1:  19   |
    | 11       38    422: 459         19      1:  19   |
    | 12       39      1:  39         19     20:  38   |
    | 13       39     40:  78         19     20:  38   |
    | 14       39     79: 117         19     20:  38   |
    | 15       38    118: 155         19     20:  38   |
    | 16       38    156: 193         19     20:  38   |
    | 17       38    194: 231         19     20:  38   |
    | 18       38    232: 269         19     20:  38   |
    | 19       38    270: 307         19     20:  38   |
    | 20       38    308: 345         19     20:  38   |
    | 21       38    346: 383         19     20:  38   |
    | 22       38    384: 421         19     20:  38   |
    | 23       38    422: 459         19     20:  38   |
    | 24       39      1:  39         19     39:  57   |
    | 25       39     40:  78         19     39:  57   |
    | 26       39     79: 117         19     39:  57   |
    | 27       38    118: 155         19     39:  57   |
    | 28       38    156: 193         19     39:  57   |
    | 29       38    194: 231         19     39:  57   |
    | 30       38    232: 269         19     39:  57   |
    | 31       38    270: 307         19     39:  57   |
    | 32       38    308: 345         19     39:  57   |
    | 33       38    346: 383         19     39:  57   |
    | 34       38    384: 421         19     39:  57   |
    | 35       38    422: 459         19     39:  57   |
    | 36       39      1:  39         19     58:  76   |
    | 37       39     40:  78         19     58:  76   |
    | 38       39     79: 117         19     58:  76   |
    | 39       38    118: 155         19     58:  76   |
    | 40       38    156: 193         19     58:  76   |
    | 41       38    194: 231         19     58:  76   |
    | 42       38    232: 269         19     58:  76   |
    | 43       38    270: 307         19     58:  76   |
    | 44       38    308: 345         19     58:  76   |
    | 45       38    346: 383         19     58:  76   |
    | 46       38    384: 421         19     58:  76   |
    | 47       38    422: 459         19     58:  76   |
    | 48       39      1:  39         19     77:  95   |
    | 49       39     40:  78         19     77:  95   |
    | 50       39     79: 117         19     77:  95   |
    | 51       38    118: 155         19     77:  95   |
    | 52       38    156: 193         19     77:  95   |
    | 53       38    194: 231         19     77:  95   |
    | 54       38    232: 269         19     77:  95   |
    | 55       38    270: 307         19     77:  95   |
    | 56       38    308: 345         19     77:  95   |
    | 57       38    346: 383         19     77:  95   |
    | 58       38    384: 421         19     77:  95   |
    | 59       38    422: 459         19     77:  95   |
    | 60       39      1:  39         19     96: 114   |
    | 61       39     40:  78         19     96: 114   |
    | 62       39     79: 117         19     96: 114   |
    | 63       38    118: 155         19     96: 114   |
    | 64       38    156: 193         19     96: 114   |
    | 65       38    194: 231         19     96: 114   |
    | 66       38    232: 269         19     96: 114   |
    | 67       38    270: 307         19     96: 114   |
    | 68       38    308: 345         19     96: 114   |
    | 69       38    346: 383         19     96: 114   |
    | 70       38    384: 421         19     96: 114   |
    | 71       38    422: 459         19     96: 114   |
    | 72       39      1:  39         19    115: 133   |
    | 73       39     40:  78         19    115: 133   |
    | 74       39     79: 117         19    115: 133   |
    | 75       38    118: 155         19    115: 133   |
    | 76       38    156: 193         19    115: 133   |
    | 77       38    194: 231         19    115: 133   |
    | 78       38    232: 269         19    115: 133   |
    | 79       38    270: 307         19    115: 133   |
    | 80       38    308: 345         19    115: 133   |
    | 81       38    346: 383         19    115: 133   |
    | 82       38    384: 421         19    115: 133   |
    | 83       38    422: 459         19    115: 133   |
    | 84       39      1:  39         19    134: 152   |
    | 85       39     40:  78         19    134: 152   |
    | 86       39     79: 117         19    134: 152   |
    | 87       38    118: 155         19    134: 152   |
    | 88       38    156: 193         19    134: 152   |
    | 89       38    194: 231         19    134: 152   |
    | 90       38    232: 269         19    134: 152   |
    | 91       38    270: 307         19    134: 152   |
    | 92       38    308: 345         19    134: 152   |
    | 93       38    346: 383         19    134: 152   |
    | 94       38    384: 421         19    134: 152   |
    | 95       38    422: 459         19    134: 152   |
    | 96       39      1:  39         19    153: 171   |
    | 97       39     40:  78         19    153: 171   |
    | 98       39     79: 117         19    153: 171   |
    | 99       38    118: 155         19    153: 171   |
    |100       38    156: 193         19    153: 171   |
    |101       38    194: 231         19    153: 171   |
    |102       38    232: 269         19    153: 171   |
    |103       38    270: 307         19    153: 171   |
    |104       38    308: 345         19    153: 171   |
    |105       38    346: 383         19    153: 171   |
    |106       38    384: 421         19    153: 171   |
    |107       38    422: 459         19    153: 171   |
    |108       39      1:  39         19    172: 190   |
    |109       39     40:  78         19    172: 190   |
    |110       39     79: 117         19    172: 190   |
    |111       38    118: 155         19    172: 190   |
    |112       38    156: 193         19    172: 190   |
    |113       38    194: 231         19    172: 190   |
    |114       38    232: 269         19    172: 190   |
    |115       38    270: 307         19    172: 190   |
    |116       38    308: 345         19    172: 190   |
    |117       38    346: 383         19    172: 190   |
    |118       38    384: 421         19    172: 190   |
    |119       38    422: 459         19    172: 190   |
    |120       39      1:  39         19    191: 209   |
    |121       39     40:  78         19    191: 209   |
    |122       39     79: 117         19    191: 209   |
    |123       38    118: 155         19    191: 209   |
    |124       38    156: 193         19    191: 209   |
    |125       38    194: 231         19    191: 209   |
    |126       38    232: 269         19    191: 209   |
    |127       38    270: 307         19    191: 209   |
    |128       38    308: 345         19    191: 209   |
    |129       38    346: 383         19    191: 209   |
    |130       38    384: 421         19    191: 209   |
    |131       38    422: 459         19    191: 209   |
    |132       39      1:  39         18    210: 227   |
    |133       39     40:  78         18    210: 227   |
    |134       39     79: 117         18    210: 227   |
    |135       38    118: 155         18    210: 227   |
    |136       38    156: 193         18    210: 227   |
    |137       38    194: 231         18    210: 227   |
    |138       38    232: 269         18    210: 227   |
    |139       38    270: 307         18    210: 227   |
    |140       38    308: 345         18    210: 227   |
    |141       38    346: 383         18    210: 227   |
    |142       38    384: 421         18    210: 227   |
    |143       38    422: 459         18    210: 227   |
    |144       39      1:  39         18    228: 245   |
    |145       39     40:  78         18    228: 245   |
    |146       39     79: 117         18    228: 245   |
    |147       38    118: 155         18    228: 245   |
    |148       38    156: 193         18    228: 245   |
    |149       38    194: 231         18    228: 245   |
    |150       38    232: 269         18    228: 245   |
    |151       38    270: 307         18    228: 245   |
    |152       38    308: 345         18    228: 245   |
    |153       38    346: 383         18    228: 245   |
    |154       38    384: 421         18    228: 245   |
    |155       38    422: 459         18    228: 245   |
    |156       39      1:  39         18    246: 263   |
    |157       39     40:  78         18    246: 263   |
    |158       39     79: 117         18    246: 263   |
    |159       38    118: 155         18    246: 263   |
    |160       38    156: 193         18    246: 263   |
    |161       38    194: 231         18    246: 263   |
    |162       38    232: 269         18    246: 263   |
    |163       38    270: 307         18    246: 263   |
    |164       38    308: 345         18    246: 263   |
    |165       38    346: 383         18    246: 263   |
    |166       38    384: 421         18    246: 263   |
    |167       38    422: 459         18    246: 263   |
    |168       39      1:  39         18    264: 281   |
    |169       39     40:  78         18    264: 281   |
    |170       39     79: 117         18    264: 281   |
    |171       38    118: 155         18    264: 281   |
    |172       38    156: 193         18    264: 281   |
    |173       38    194: 231         18    264: 281   |
    |174       38    232: 269         18    264: 281   |
    |175       38    270: 307         18    264: 281   |
    |176       38    308: 345         18    264: 281   |
    |177       38    346: 383         18    264: 281   |
    |178       38    384: 421         18    264: 281   |
    |179       38    422: 459         18    264: 281   |
    |180       39      1:  39         18    282: 299   |
    |181       39     40:  78         18    282: 299   |
    |182       39     79: 117         18    282: 299   |
    |183       38    118: 155         18    282: 299   |
    |184       38    156: 193         18    282: 299   |
    |185       38    194: 231         18    282: 299   |
    |186       38    232: 269         18    282: 299   |
    |187       38    270: 307         18    282: 299   |
    |188       38    308: 345         18    282: 299   |
    |189       38    346: 383         18    282: 299   |
    |190       38    384: 421         18    282: 299   |
    |191       38    422: 459         18    282: 299   |
    |__________________________________________________|



     ================================
     |>---   TIME INTEGRATION   ---<|
     ================================

     Processing Day/Time [YYYYDDD:HHMMSS]: 2017356:000000
       Which is Equivalent to (UTC): 0:00:00  Friday,  Dec. 22, 2017
       Time-Step Length (HHMMSS): 000500
                 VDIFF completed...       1.0982 seconds
                COUPLE completed...       0.0871 seconds
                  HADV completed...       1.6499 seconds
                  ZADV completed...       0.1973 seconds
                 HDIFF completed...       0.1432 seconds
              DECOUPLE completed...       0.0327 seconds
                  PHOT completed...       0.5157 seconds
               CLDPROC completed...       0.1164 seconds
                  CHEM completed...       0.5535 seconds
                  AERO completed...       0.7403 seconds
            Master Time Step
            Processing completed...       5.1390 seconds

     Processing Day/Time [YYYYDDD:HHMMSS]: 2017356:000500
       Which is Equivalent to (UTC): 0:05:00  Friday,  Dec. 22, 2017
       Time-Step Length (HHMMSS): 000500
                 VDIFF completed...       0.3960 seconds
                COUPLE completed...       0.0315 seconds
                  HADV completed...       1.3587 seconds
                  ZADV completed...       0.1971 seconds
                 HDIFF completed...       0.1463 seconds
              DECOUPLE completed...       0.0332 seconds
                  PHOT completed...       0.3182 seconds
               CLDPROC completed...       0.1170 seconds
                  CHEM completed...       0.5307 seconds
                  AERO completed...       0.7275 seconds
            Master Time Step
            Processing completed...       3.8576 seconds

     Processing Day/Time [YYYYDDD:HHMMSS]: 2017356:001000
       Which is Equivalent to (UTC): 0:10:00  Friday,  Dec. 22, 2017
       Time-Step Length (HHMMSS): 000500
                 VDIFF completed...       0.4024 seconds
                COUPLE completed...       0.0308 seconds
                  HADV completed...       1.3673 seconds
                  ZADV completed...       0.1959 seconds
                 HDIFF completed...       0.1434 seconds
              DECOUPLE completed...       0.0328 seconds
                  PHOT completed...       0.3177 seconds
               CLDPROC completed...       0.1201 seconds
                  CHEM completed...       0.5329 seconds
                  AERO completed...       0.7246 seconds
            Master Time Step
            Processing completed...       3.8691 seconds

     Processing Day/Time [YYYYDDD:HHMMSS]: 2017356:001500
       Which is Equivalent to (UTC): 0:15:00  Friday,  Dec. 22, 2017
       Time-Step Length (HHMMSS): 000500
                 VDIFF completed...       0.4065 seconds
                COUPLE completed...       0.0307 seconds
                  HADV completed...       1.3463 seconds
                  ZADV completed...       0.1974 seconds
                 HDIFF completed...       0.1404 seconds
              DECOUPLE completed...       0.0325 seconds
                  PHOT completed...       0.3187 seconds
               CLDPROC completed...       0.1231 seconds
                  CHEM completed...       0.5355 seconds
                  AERO completed...       0.7221 seconds
            Master Time Step
            Processing completed...       3.8571 seconds

     Processing Day/Time [YYYYDDD:HHMMSS]: 2017356:002000
       Which is Equivalent to (UTC): 0:20:00  Friday,  Dec. 22, 2017
       Time-Step Length (HHMMSS): 000500
                 VDIFF completed...       0.4069 seconds
                COUPLE completed...       0.0306 seconds
                  HADV completed...       1.3349 seconds
                  ZADV completed...       0.1976 seconds
                 HDIFF completed...       0.1407 seconds
              DECOUPLE completed...       0.0332 seconds
                  PHOT completed...       0.3181 seconds
               CLDPROC completed...       0.1258 seconds
                  CHEM completed...       0.5401 seconds
                  AERO completed...       0.7141 seconds
            Master Time Step
            Processing completed...       3.8458 seconds

     Processing Day/Time [YYYYDDD:HHMMSS]: 2017356:002500
       Which is Equivalent to (UTC): 0:25:00  Friday,  Dec. 22, 2017
       Time-Step Length (HHMMSS): 000500
                 VDIFF completed...       0.4074 seconds
                COUPLE completed...       0.0307 seconds
                  HADV completed...       1.3454 seconds
                  ZADV completed...       0.1968 seconds
                 HDIFF completed...       0.1409 seconds
              DECOUPLE completed...       0.0338 seconds
                  PHOT completed...       0.3182 seconds
               CLDPROC completed...       0.1256 seconds
                  CHEM completed...       0.5435 seconds
                  AERO completed...       0.7158 seconds
            Master Time Step
            Processing completed...       3.8622 seconds

     Processing Day/Time [YYYYDDD:HHMMSS]: 2017356:003000
       Which is Equivalent to (UTC): 0:30:00  Friday,  Dec. 22, 2017
       Time-Step Length (HHMMSS): 000500
                 VDIFF completed...       0.4029 seconds
                COUPLE completed...       0.0296 seconds
                  HADV completed...       1.2976 seconds
                  ZADV completed...       0.1966 seconds
                 HDIFF completed...       0.1417 seconds
              DECOUPLE completed...       0.0326 seconds
                  PHOT completed...       0.3202 seconds
               CLDPROC completed...       0.1240 seconds
                  CHEM completed...       0.5464 seconds
                  AERO completed...       0.7090 seconds
            Master Time Step
            Processing completed...       3.8046 seconds

     Processing Day/Time [YYYYDDD:HHMMSS]: 2017356:003500
       Which is Equivalent to (UTC): 0:35:00  Friday,  Dec. 22, 2017
       Time-Step Length (HHMMSS): 000500
                 VDIFF completed...       0.4033 seconds
                COUPLE completed...       0.0292 seconds
                  HADV completed...       1.2778 seconds
                  ZADV completed...       0.1971 seconds
                 HDIFF completed...       0.1422 seconds
              DECOUPLE completed...       0.0339 seconds
                  PHOT completed...       0.3203 seconds
               CLDPROC completed...       0.1234 seconds
                  CHEM completed...       0.5515 seconds
                  AERO completed...       0.7019 seconds
            Master Time Step
            Processing completed...       3.7846 seconds

     Processing Day/Time [YYYYDDD:HHMMSS]: 2017356:004000
       Which is Equivalent to (UTC): 0:40:00  Friday,  Dec. 22, 2017
       Time-Step Length (HHMMSS): 000500
                 VDIFF completed...       0.4051 seconds
                COUPLE completed...       0.0292 seconds
                  HADV completed...       1.2473 seconds
                  ZADV completed...       0.1970 seconds
                 HDIFF completed...       0.1419 seconds
              DECOUPLE completed...       0.0331 seconds
                  PHOT completed...       0.3115 seconds
               CLDPROC completed...       0.1214 seconds
                  CHEM completed...       0.5643 seconds
                  AERO completed...       0.7032 seconds
            Master Time Step
            Processing completed...       3.7578 seconds

     Processing Day/Time [YYYYDDD:HHMMSS]: 2017356:004500
       Which is Equivalent to (UTC): 0:45:00  Friday,  Dec. 22, 2017
       Time-Step Length (HHMMSS): 000500
                 VDIFF completed...       0.4027 seconds
                COUPLE completed...       0.0292 seconds
                  HADV completed...       1.2278 seconds
                  ZADV completed...       0.1973 seconds
                 HDIFF completed...       0.1421 seconds
              DECOUPLE completed...       0.0337 seconds
                  PHOT completed...       0.2984 seconds
               CLDPROC completed...       0.1202 seconds
                  CHEM completed...       0.5647 seconds
                  AERO completed...       0.7053 seconds
            Master Time Step
            Processing completed...       3.7254 seconds

     Processing Day/Time [YYYYDDD:HHMMSS]: 2017356:005000
       Which is Equivalent to (UTC): 0:50:00  Friday,  Dec. 22, 2017
       Time-Step Length (HHMMSS): 000500
                 VDIFF completed...       0.4080 seconds
                COUPLE completed...       0.0291 seconds
                  HADV completed...       1.2391 seconds
                  ZADV completed...       0.1968 seconds
                 HDIFF completed...       0.1421 seconds
              DECOUPLE completed...       0.0338 seconds
                  PHOT completed...       0.2862 seconds
               CLDPROC completed...       0.1193 seconds
                  CHEM completed...       0.5559 seconds
                  AERO completed...       0.7144 seconds
            Master Time Step
            Processing completed...       3.7289 seconds

     Processing Day/Time [YYYYDDD:HHMMSS]: 2017356:005500
       Which is Equivalent to (UTC): 0:55:00  Friday,  Dec. 22, 2017
       Time-Step Length (HHMMSS): 000500
                 VDIFF completed...       1.3886 seconds
                COUPLE completed...       0.1117 seconds
                  HADV completed...       1.1172 seconds
                  ZADV completed...       0.1974 seconds
                 HDIFF completed...       0.1407 seconds
              DECOUPLE completed...       0.0334 seconds
                  PHOT completed...       0.2575 seconds
               CLDPROC completed...       0.5350 seconds
                  CHEM completed...       0.5539 seconds
                  AERO completed...       0.6729 seconds
            Master Time Step
            Processing completed...       5.0129 seconds

      =--> Data Output completed...       1.2666 seconds

     Processing Day/Time [YYYYDDD:HHMMSS]: 2017356:010000
       Which is Equivalent to (UTC): 1:00:00  Friday,  Dec. 22, 2017
       Time-Step Length (HHMMSS): 000500
                 VDIFF completed...       3.9035 seconds
                COUPLE completed...       0.1105 seconds
                  HADV completed...       3.4345 seconds
                  ZADV completed...       0.1985 seconds
                 HDIFF completed...       0.1420 seconds
              DECOUPLE completed...       0.0333 seconds
                  PHOT completed...       1.1351 seconds
               CLDPROC completed...       0.1222 seconds
                  CHEM completed...       0.5078 seconds
                  AERO completed...       0.6874 seconds
            Master Time Step
            Processing completed...      10.2778 seconds

     Processing Day/Time [YYYYDDD:HHMMSS]: 2017356:010500
       Which is Equivalent to (UTC): 1:05:00  Friday,  Dec. 22, 2017
       Time-Step Length (HHMMSS): 000500
                 VDIFF completed...       0.4781 seconds
                COUPLE completed...       0.0307 seconds
                  HADV completed...       1.3540 seconds
                  ZADV completed...       0.2026 seconds
                 HDIFF completed...       0.1377 seconds
              DECOUPLE completed...       0.0331 seconds
                  PHOT completed...       0.2559 seconds
               CLDPROC completed...       0.1296 seconds
                  CHEM completed...       0.4868 seconds
                  AERO completed...       0.6864 seconds
            Master Time Step
            Processing completed...       3.7986 seconds

     Processing Day/Time [YYYYDDD:HHMMSS]: 2017356:011000
       Which is Equivalent to (UTC): 1:10:00  Friday,  Dec. 22, 2017
       Time-Step Length (HHMMSS): 000500
                 VDIFF completed...       0.4886 seconds
                COUPLE completed...       0.0309 seconds
                  HADV completed...       1.3236 seconds
                  ZADV completed...       0.2024 seconds
                 HDIFF completed...       0.1361 seconds
              DECOUPLE completed...       0.0336 seconds
                  PHOT completed...       0.2161 seconds
               CLDPROC completed...       0.1432 seconds
                  CHEM completed...       0.4752 seconds
                  AERO completed...       0.6930 seconds
            Master Time Step
            Processing completed...       3.7470 seconds

     Processing Day/Time [YYYYDDD:HHMMSS]: 2017356:011500
       Which is Equivalent to (UTC): 1:15:00  Friday,  Dec. 22, 2017
       Time-Step Length (HHMMSS): 000500
                 VDIFF completed...       0.5029 seconds
                COUPLE completed...       0.0330 seconds
                  HADV completed...       1.3515 seconds
                  ZADV completed...       0.2033 seconds
                 HDIFF completed...       0.1362 seconds
              DECOUPLE completed...       0.0333 seconds
                  PHOT completed...       0.1600 seconds
               CLDPROC completed...       0.1450 seconds
                  CHEM completed...       0.4838 seconds
                  AERO completed...       0.7011 seconds
            Master Time Step
            Processing completed...       3.7542 seconds

     Processing Day/Time [YYYYDDD:HHMMSS]: 2017356:012000
       Which is Equivalent to (UTC): 1:20:00  Friday,  Dec. 22, 2017
       Time-Step Length (HHMMSS): 000500
                 VDIFF completed...       0.5138 seconds
                COUPLE completed...       0.0467 seconds
                  HADV completed...       1.3587 seconds
                  ZADV completed...       0.2032 seconds
                 HDIFF completed...       0.1370 seconds
              DECOUPLE completed...       0.0329 seconds
                  PHOT completed...       0.1280 seconds
               CLDPROC completed...       0.1663 seconds
                  CHEM completed...       0.4875 seconds
                  AERO completed...       0.7012 seconds
            Master Time Step
            Processing completed...       3.7792 seconds

     Processing Day/Time [YYYYDDD:HHMMSS]: 2017356:012500
       Which is Equivalent to (UTC): 1:25:00  Friday,  Dec. 22, 2017
       Time-Step Length (HHMMSS): 000500
                 VDIFF completed...       0.5018 seconds
                COUPLE completed...       0.0550 seconds
                  HADV completed...       2.5460 seconds
                  ZADV completed...       0.1940 seconds
                 HDIFF completed...       0.1435 seconds
              DECOUPLE completed...       0.0351 seconds
                  PHOT completed...       0.1188 seconds
               CLDPROC completed...       0.1706 seconds
                  CHEM completed...       0.4885 seconds
                  AERO completed...       0.7000 seconds
            Master Time Step
            Processing completed...       4.9569 seconds

     Processing Day/Time [YYYYDDD:HHMMSS]: 2017356:013000
       Which is Equivalent to (UTC): 1:30:00  Friday,  Dec. 22, 2017
       Time-Step Length (HHMMSS): 000500
                 VDIFF completed...       0.4762 seconds
                COUPLE completed...       0.0297 seconds
                  HADV completed...       1.6036 seconds
                  ZADV completed...       0.2008 seconds
                 HDIFF completed...       0.2724 seconds
              DECOUPLE completed...       0.0327 seconds
                  PHOT completed...       0.1219 seconds
               CLDPROC completed...       0.1730 seconds
                  CHEM completed...       0.4800 seconds
                  AERO completed...       0.7154 seconds
            Master Time Step
            Processing completed...       4.1087 seconds

     Processing Day/Time [YYYYDDD:HHMMSS]: 2017356:013500
       Which is Equivalent to (UTC): 1:35:00  Friday,  Dec. 22, 2017
       Time-Step Length (HHMMSS): 000500
                 VDIFF completed...       0.4920 seconds
                COUPLE completed...       0.0469 seconds
                  HADV completed...       1.7996 seconds
                  ZADV completed...       0.2008 seconds
                 HDIFF completed...       0.1563 seconds
              DECOUPLE completed...       0.0351 seconds
                  PHOT completed...       0.1192 seconds
               CLDPROC completed...       0.1725 seconds
                  CHEM completed...       0.4810 seconds
                  AERO completed...       0.7035 seconds
            Master Time Step
            Processing completed...       4.2084 seconds

     Processing Day/Time [YYYYDDD:HHMMSS]: 2017356:014000
       Which is Equivalent to (UTC): 1:40:00  Friday,  Dec. 22, 2017
       Time-Step Length (HHMMSS): 000500
                 VDIFF completed...       0.5756 seconds
                COUPLE completed...       0.0358 seconds
                  HADV completed...       1.7285 seconds
                  ZADV completed...       0.1957 seconds
                 HDIFF completed...       0.2250 seconds
              DECOUPLE completed...       0.0338 seconds
                  PHOT completed...       0.1204 seconds
               CLDPROC completed...       0.1727 seconds
                  CHEM completed...       0.4820 seconds
                  AERO completed...       0.6954 seconds
            Master Time Step
            Processing completed...       4.2676 seconds

     Processing Day/Time [YYYYDDD:HHMMSS]: 2017356:014500
       Which is Equivalent to (UTC): 1:45:00  Friday,  Dec. 22, 2017
       Time-Step Length (HHMMSS): 000500
                 VDIFF completed...       0.4893 seconds
                COUPLE completed...       0.0562 seconds
                  HADV completed...       1.4895 seconds
                  ZADV completed...       0.1957 seconds
                 HDIFF completed...       0.1562 seconds
              DECOUPLE completed...       0.0330 seconds
                  PHOT completed...       0.1219 seconds
               CLDPROC completed...       0.1729 seconds
                  CHEM completed...       0.4807 seconds
                  AERO completed...       0.6962 seconds
            Master Time Step
            Processing completed...       3.8934 seconds

     Processing Day/Time [YYYYDDD:HHMMSS]: 2017356:015000
       Which is Equivalent to (UTC): 1:50:00  Friday,  Dec. 22, 2017
       Time-Step Length (HHMMSS): 000500
                 VDIFF completed...       0.4901 seconds
                COUPLE completed...       0.0545 seconds
                  HADV completed...       1.4008 seconds
                  ZADV completed...       0.1954 seconds
                 HDIFF completed...       0.1444 seconds
              DECOUPLE completed...       0.0329 seconds
                  PHOT completed...       0.1216 seconds
               CLDPROC completed...       0.1727 seconds
                  CHEM completed...       0.4780 seconds
                  AERO completed...       0.6989 seconds
            Master Time Step
            Processing completed...       3.7902 seconds

     Processing Day/Time [YYYYDDD:HHMMSS]: 2017356:015500
       Which is Equivalent to (UTC): 1:55:00  Friday,  Dec. 22, 2017
       Time-Step Length (HHMMSS): 000500
                 VDIFF completed...       1.6392 seconds
                COUPLE completed...       0.1119 seconds
                  HADV completed...       1.1171 seconds
                  ZADV completed...       0.1964 seconds
                 HDIFF completed...       0.1431 seconds
              DECOUPLE completed...       0.0326 seconds
                  PHOT completed...       0.1222 seconds
               CLDPROC completed...       0.7315 seconds
                  CHEM completed...       0.5066 seconds
                  AERO completed...       0.6774 seconds
            Master Time Step
            Processing completed...       5.2815 seconds

      =--> Data Output completed...       1.2220 seconds

     Processing Day/Time [YYYYDDD:HHMMSS]: 2017356:020000
       Which is Equivalent to (UTC): 2:00:00  Friday,  Dec. 22, 2017
       Time-Step Length (HHMMSS): 000500
                 VDIFF completed...       4.6504 seconds
                COUPLE completed...       0.1068 seconds
                  HADV completed...       2.7263 seconds
                  ZADV completed...       0.1984 seconds
                 HDIFF completed...       0.1413 seconds
              DECOUPLE completed...       0.0336 seconds
                  PHOT completed...       0.9496 seconds
               CLDPROC completed...       0.1806 seconds
                  CHEM completed...       0.4760 seconds
                  AERO completed...       0.7160 seconds
            Master Time Step
            Processing completed...      10.1826 seconds

     Processing Day/Time [YYYYDDD:HHMMSS]: 2017356:020500
       Which is Equivalent to (UTC): 2:05:00  Friday,  Dec. 22, 2017
       Time-Step Length (HHMMSS): 000500
                 VDIFF completed...       0.5008 seconds
                COUPLE completed...       0.0607 seconds
                  HADV completed...       1.4526 seconds
                  ZADV completed...       0.1976 seconds
                 HDIFF completed...       0.1419 seconds
              DECOUPLE completed...       0.0329 seconds
                  PHOT completed...       0.1216 seconds
               CLDPROC completed...       0.1723 seconds
                  CHEM completed...       0.4690 seconds
                  AERO completed...       0.7109 seconds
            Master Time Step
            Processing completed...       3.8618 seconds

     Processing Day/Time [YYYYDDD:HHMMSS]: 2017356:021000
       Which is Equivalent to (UTC): 2:10:00  Friday,  Dec. 22, 2017
       Time-Step Length (HHMMSS): 000500
                 VDIFF completed...       0.4985 seconds
                COUPLE completed...       0.0600 seconds
                  HADV completed...       1.3742 seconds
                  ZADV completed...       0.1972 seconds
                 HDIFF completed...       0.1426 seconds
              DECOUPLE completed...       0.0332 seconds
                  PHOT completed...       0.1206 seconds
               CLDPROC completed...       0.1710 seconds
                  CHEM completed...       0.4651 seconds
                  AERO completed...       0.7090 seconds
            Master Time Step
            Processing completed...       3.7766 seconds

     Processing Day/Time [YYYYDDD:HHMMSS]: 2017356:021500
       Which is Equivalent to (UTC): 2:15:00  Friday,  Dec. 22, 2017
       Time-Step Length (HHMMSS): 000500
                 VDIFF completed...       0.4994 seconds
                COUPLE completed...       0.0584 seconds
                  HADV completed...       1.3844 seconds
                  ZADV completed...       0.1974 seconds
                 HDIFF completed...       0.1437 seconds
              DECOUPLE completed...       0.0336 seconds
                  PHOT completed...       0.1215 seconds
               CLDPROC completed...       0.1708 seconds
                  CHEM completed...       0.4615 seconds
                  AERO completed...       0.7119 seconds
            Master Time Step
            Processing completed...       3.7843 seconds

     Processing Day/Time [YYYYDDD:HHMMSS]: 2017356:022000
       Which is Equivalent to (UTC): 2:20:00  Friday,  Dec. 22, 2017
       Time-Step Length (HHMMSS): 000500
                 VDIFF completed...       0.4968 seconds
                COUPLE completed...       0.0614 seconds
                  HADV completed...       1.3781 seconds
                  ZADV completed...       0.1981 seconds
                 HDIFF completed...       0.1419 seconds
              DECOUPLE completed...       0.0340 seconds
                  PHOT completed...       0.1203 seconds
               CLDPROC completed...       0.1712 seconds
                  CHEM completed...       0.4617 seconds
                  AERO completed...       0.7108 seconds
            Master Time Step
            Processing completed...       3.7785 seconds

     Processing Day/Time [YYYYDDD:HHMMSS]: 2017356:022500
       Which is Equivalent to (UTC): 2:25:00  Friday,  Dec. 22, 2017
       Time-Step Length (HHMMSS): 000500
                 VDIFF completed...       0.5025 seconds
                COUPLE completed...       0.0590 seconds
                  HADV completed...       1.5385 seconds
                  ZADV completed...       0.1975 seconds
                 HDIFF completed...       0.1434 seconds
              DECOUPLE completed...       0.0338 seconds
                  PHOT completed...       0.1212 seconds
               CLDPROC completed...       0.1713 seconds
                  CHEM completed...       0.4602 seconds
                  AERO completed...       0.7105 seconds
            Master Time Step
            Processing completed...       3.9400 seconds

     Processing Day/Time [YYYYDDD:HHMMSS]: 2017356:023000
       Which is Equivalent to (UTC): 2:30:00  Friday,  Dec. 22, 2017
       Time-Step Length (HHMMSS): 000500
                 VDIFF completed...       0.5011 seconds
                COUPLE completed...       0.0618 seconds
                  HADV completed...       1.3694 seconds
                  ZADV completed...       0.1977 seconds
                 HDIFF completed...       0.1427 seconds
              DECOUPLE completed...       0.0335 seconds
                  PHOT completed...       0.1215 seconds
               CLDPROC completed...       0.1716 seconds
                  CHEM completed...       0.4609 seconds
                  AERO completed...       0.7092 seconds
            Master Time Step
            Processing completed...       3.7716 seconds

     Processing Day/Time [YYYYDDD:HHMMSS]: 2017356:023500
       Which is Equivalent to (UTC): 2:35:00  Friday,  Dec. 22, 2017
       Time-Step Length (HHMMSS): 000500
                 VDIFF completed...       0.4967 seconds
                COUPLE completed...       0.0636 seconds
                  HADV completed...       1.3787 seconds
                  ZADV completed...       0.1966 seconds
                 HDIFF completed...       0.1436 seconds
              DECOUPLE completed...       0.0336 seconds
                  PHOT completed...       0.1203 seconds
               CLDPROC completed...       0.1706 seconds
                  CHEM completed...       0.4577 seconds
                  AERO completed...       0.7105 seconds
            Master Time Step
            Processing completed...       3.7767 seconds

     Processing Day/Time [YYYYDDD:HHMMSS]: 2017356:024000
       Which is Equivalent to (UTC): 2:40:00  Friday,  Dec. 22, 2017
       Time-Step Length (HHMMSS): 000500
                 VDIFF completed...       0.5048 seconds
                COUPLE completed...       0.0633 seconds
                  HADV completed...       1.3812 seconds
                  ZADV completed...       0.1975 seconds
                 HDIFF completed...       0.1426 seconds
              DECOUPLE completed...       0.0334 seconds
                  PHOT completed...       0.1221 seconds
               CLDPROC completed...       0.1708 seconds
                  CHEM completed...       0.4578 seconds
                  AERO completed...       0.7093 seconds
            Master Time Step
            Processing completed...       3.7850 seconds

     Processing Day/Time [YYYYDDD:HHMMSS]: 2017356:024500
       Which is Equivalent to (UTC): 2:45:00  Friday,  Dec. 22, 2017
       Time-Step Length (HHMMSS): 000500
                 VDIFF completed...       0.4993 seconds
                COUPLE completed...       0.0660 seconds
                  HADV completed...       1.3792 seconds
                  ZADV completed...       0.1974 seconds
                 HDIFF completed...       0.1423 seconds
              DECOUPLE completed...       0.0334 seconds
                  PHOT completed...       0.1207 seconds
               CLDPROC completed...       0.1711 seconds
                  CHEM completed...       0.4571 seconds
                  AERO completed...       0.7119 seconds
            Master Time Step
            Processing completed...       3.7828 seconds

     Processing Day/Time [YYYYDDD:HHMMSS]: 2017356:025000
       Which is Equivalent to (UTC): 2:50:00  Friday,  Dec. 22, 2017
       Time-Step Length (HHMMSS): 000500
                 VDIFF completed...       0.5013 seconds
                COUPLE completed...       0.0642 seconds
                  HADV completed...       1.3702 seconds
                  ZADV completed...       0.1978 seconds
                 HDIFF completed...       0.1422 seconds
              DECOUPLE completed...       0.0343 seconds
                  PHOT completed...       0.1199 seconds
               CLDPROC completed...       0.1713 seconds
                  CHEM completed...       0.4544 seconds
                  AERO completed...       0.7109 seconds
            Master Time Step
            Processing completed...       3.7711 seconds

     Processing Day/Time [YYYYDDD:HHMMSS]: 2017356:025500
       Which is Equivalent to (UTC): 2:55:00  Friday,  Dec. 22, 2017
       Time-Step Length (HHMMSS): 000500
                 VDIFF completed...       1.5811 seconds
                COUPLE completed...       0.1115 seconds
                  HADV completed...       1.1178 seconds
                  ZADV completed...       0.1971 seconds
                 HDIFF completed...       0.1441 seconds
              DECOUPLE completed...       0.0343 seconds
                  PHOT completed...       0.1204 seconds
               CLDPROC completed...       0.7215 seconds
                  CHEM completed...       0.4599 seconds
                  AERO completed...       0.6921 seconds
            Master Time Step
            Processing completed...       5.1843 seconds

      =--> Data Output completed...       1.1622 seconds

     Processing Day/Time [YYYYDDD:HHMMSS]: 2017356:030000
       Which is Equivalent to (UTC): 3:00:00  Friday,  Dec. 22, 2017
       Time-Step Length (HHMMSS): 000500
                 VDIFF completed...       4.4792 seconds
                COUPLE completed...       0.1110 seconds
                  HADV completed...       2.9831 seconds
                  ZADV completed...       0.2035 seconds
                 HDIFF completed...       0.1357 seconds
              DECOUPLE completed...       0.0330 seconds
                  PHOT completed...       0.9843 seconds
               CLDPROC completed...       0.1791 seconds
                  CHEM completed...       0.4553 seconds
                  AERO completed...       0.7083 seconds
            Master Time Step
            Processing completed...      10.2772 seconds

     Processing Day/Time [YYYYDDD:HHMMSS]: 2017356:030500
       Which is Equivalent to (UTC): 3:05:00  Friday,  Dec. 22, 2017
       Time-Step Length (HHMMSS): 000500
                 VDIFF completed...       0.5104 seconds
                COUPLE completed...       0.0640 seconds
                  HADV completed...       1.3411 seconds
                  ZADV completed...       0.2044 seconds
                 HDIFF completed...       0.1347 seconds
              DECOUPLE completed...       0.0329 seconds
                  PHOT completed...       0.1219 seconds
               CLDPROC completed...       0.1700 seconds
                  CHEM completed...       0.4491 seconds
                  AERO completed...       0.7028 seconds
            Master Time Step
            Processing completed...       3.7349 seconds

     Processing Day/Time [YYYYDDD:HHMMSS]: 2017356:031000
       Which is Equivalent to (UTC): 3:10:00  Friday,  Dec. 22, 2017
       Time-Step Length (HHMMSS): 000500
                 VDIFF completed...       0.5094 seconds
                COUPLE completed...       0.0652 seconds
                  HADV completed...       1.4210 seconds
                  ZADV completed...       0.2039 seconds
                 HDIFF completed...       0.1357 seconds
              DECOUPLE completed...       0.0334 seconds
                  PHOT completed...       0.1216 seconds
               CLDPROC completed...       0.1688 seconds
                  CHEM completed...       0.4453 seconds
                  AERO completed...       0.7025 seconds
            Master Time Step
            Processing completed...       3.8114 seconds

     Processing Day/Time [YYYYDDD:HHMMSS]: 2017356:031500
       Which is Equivalent to (UTC): 3:15:00  Friday,  Dec. 22, 2017
       Time-Step Length (HHMMSS): 000500
                 VDIFF completed...       0.5085 seconds
                COUPLE completed...       0.0658 seconds
                  HADV completed...       1.4302 seconds
                  ZADV completed...       0.2040 seconds
                 HDIFF completed...       0.1365 seconds
              DECOUPLE completed...       0.0338 seconds
                  PHOT completed...       0.1217 seconds
               CLDPROC completed...       0.1691 seconds
                  CHEM completed...       0.4419 seconds
                  AERO completed...       0.6985 seconds
            Master Time Step
            Processing completed...       3.8116 seconds

     Processing Day/Time [YYYYDDD:HHMMSS]: 2017356:032000
       Which is Equivalent to (UTC): 3:20:00  Friday,  Dec. 22, 2017
       Time-Step Length (HHMMSS): 000500
                 VDIFF completed...       0.5160 seconds
                COUPLE completed...       0.0651 seconds
                  HADV completed...       1.4337 seconds
                  ZADV completed...       0.2039 seconds
                 HDIFF completed...       0.1366 seconds
              DECOUPLE completed...       0.0344 seconds
                  PHOT completed...       0.1207 seconds
               CLDPROC completed...       0.1690 seconds
                  CHEM completed...       0.4411 seconds
                  AERO completed...       0.7037 seconds
            Master Time Step
            Processing completed...       3.8253 seconds

     Processing Day/Time [YYYYDDD:HHMMSS]: 2017356:032500
       Which is Equivalent to (UTC): 3:25:00  Friday,  Dec. 22, 2017
       Time-Step Length (HHMMSS): 000500
                 VDIFF completed...       0.5165 seconds
                COUPLE completed...       0.0640 seconds
                  HADV completed...       1.4475 seconds
                  ZADV completed...       0.2039 seconds
                 HDIFF completed...       0.1354 seconds
              DECOUPLE completed...       0.0328 seconds
                  PHOT completed...       0.1212 seconds
               CLDPROC completed...       0.1750 seconds
                  CHEM completed...       0.4427 seconds
                  AERO completed...       0.6919 seconds
            Master Time Step
            Processing completed...       3.8344 seconds

     Processing Day/Time [YYYYDDD:HHMMSS]: 2017356:033000
       Which is Equivalent to (UTC): 3:30:00  Friday,  Dec. 22, 2017
       Time-Step Length (HHMMSS): 000500
                 VDIFF completed...       0.5283 seconds
                COUPLE completed...       0.0663 seconds
                  HADV completed...       1.4165 seconds
                  ZADV completed...       0.2038 seconds
                 HDIFF completed...       0.1356 seconds
              DECOUPLE completed...       0.0331 seconds
                  PHOT completed...       0.1212 seconds
               CLDPROC completed...       0.1695 seconds
                  CHEM completed...       0.4398 seconds
                  AERO completed...       0.6980 seconds
            Master Time Step
            Processing completed...       3.8165 seconds

     Processing Day/Time [YYYYDDD:HHMMSS]: 2017356:033500
       Which is Equivalent to (UTC): 3:35:00  Friday,  Dec. 22, 2017
       Time-Step Length (HHMMSS): 000500
                 VDIFF completed...       0.5202 seconds
                COUPLE completed...       0.0643 seconds
                  HADV completed...       1.4508 seconds
                  ZADV completed...       0.2040 seconds
                 HDIFF completed...       0.1356 seconds
              DECOUPLE completed...       0.0325 seconds
                  PHOT completed...       0.1209 seconds
               CLDPROC completed...       0.1699 seconds
                  CHEM completed...       0.4392 seconds
                  AERO completed...       0.6923 seconds
            Master Time Step
            Processing completed...       3.8344 seconds

     Processing Day/Time [YYYYDDD:HHMMSS]: 2017356:034000
       Which is Equivalent to (UTC): 3:40:00  Friday,  Dec. 22, 2017
       Time-Step Length (HHMMSS): 000500
                 VDIFF completed...       0.5263 seconds
                COUPLE completed...       0.0631 seconds
                  HADV completed...       1.4398 seconds
                  ZADV completed...       0.2037 seconds
                 HDIFF completed...       0.1349 seconds
              DECOUPLE completed...       0.0332 seconds
                  PHOT completed...       0.1204 seconds
               CLDPROC completed...       0.1690 seconds
                  CHEM completed...       0.4357 seconds
                  AERO completed...       0.6955 seconds
            Master Time Step
            Processing completed...       3.8258 seconds

     Processing Day/Time [YYYYDDD:HHMMSS]: 2017356:034500
       Which is Equivalent to (UTC): 3:45:00  Friday,  Dec. 22, 2017
       Time-Step Length (HHMMSS): 000500
                 VDIFF completed...       0.5249 seconds
                COUPLE completed...       0.0658 seconds
                  HADV completed...       1.4380 seconds
                  ZADV completed...       0.2040 seconds
                 HDIFF completed...       0.1358 seconds
              DECOUPLE completed...       0.0335 seconds
                  PHOT completed...       0.1210 seconds
               CLDPROC completed...       0.1675 seconds
                  CHEM completed...       0.4377 seconds
                  AERO completed...       0.6927 seconds
            Master Time Step
            Processing completed...       3.8255 seconds

     Processing Day/Time [YYYYDDD:HHMMSS]: 2017356:035000
       Which is Equivalent to (UTC): 3:50:00  Friday,  Dec. 22, 2017
       Time-Step Length (HHMMSS): 000500
                 VDIFF completed...       0.5244 seconds
                COUPLE completed...       0.0669 seconds
                  HADV completed...       1.4341 seconds
                  ZADV completed...       0.2041 seconds
                 HDIFF completed...       0.1354 seconds
              DECOUPLE completed...       0.0336 seconds
                  PHOT completed...       0.1211 seconds
               CLDPROC completed...       0.1665 seconds
                  CHEM completed...       0.4431 seconds
                  AERO completed...       0.6912 seconds
            Master Time Step
            Processing completed...       3.8256 seconds

     Processing Day/Time [YYYYDDD:HHMMSS]: 2017356:035500
       Which is Equivalent to (UTC): 3:55:00  Friday,  Dec. 22, 2017
       Time-Step Length (HHMMSS): 000500
                 VDIFF completed...       1.6357 seconds
                COUPLE completed...       0.1114 seconds
                  HADV completed...       1.1543 seconds
                  ZADV completed...       0.2038 seconds
                 HDIFF completed...       0.1358 seconds
              DECOUPLE completed...       0.0330 seconds
                  PHOT completed...       0.1205 seconds
               CLDPROC completed...       0.7953 seconds
                  CHEM completed...       0.4218 seconds
                  AERO completed...       0.6845 seconds
            Master Time Step
            Processing completed...       5.3009 seconds

      =--> Data Output completed...       1.2628 seconds

     Processing Day/Time [YYYYDDD:HHMMSS]: 2017356:040000
       Which is Equivalent to (UTC): 4:00:00  Friday,  Dec. 22, 2017
       Time-Step Length (HHMMSS): 000500
                 VDIFF completed...       4.5270 seconds
                COUPLE completed...       0.1072 seconds
                  HADV completed...       3.1744 seconds
                  ZADV completed...       0.2034 seconds
                 HDIFF completed...       0.1366 seconds
              DECOUPLE completed...       0.0332 seconds
                  PHOT completed...       0.9187 seconds
               CLDPROC completed...       0.1742 seconds
                  CHEM completed...       0.4406 seconds
                  AERO completed...       0.7000 seconds
            Master Time Step
            Processing completed...      10.4205 seconds

     Processing Day/Time [YYYYDDD:HHMMSS]: 2017356:040500
       Which is Equivalent to (UTC): 4:05:00  Friday,  Dec. 22, 2017
       Time-Step Length (HHMMSS): 000500
                 VDIFF completed...       0.5178 seconds
                COUPLE completed...       0.0665 seconds
                  HADV completed...       1.4485 seconds
                  ZADV completed...       0.1940 seconds
                 HDIFF completed...       0.1461 seconds
              DECOUPLE completed...       0.0322 seconds
                  PHOT completed...       0.1219 seconds
               CLDPROC completed...       0.1661 seconds
                  CHEM completed...       0.4358 seconds
                  AERO completed...       0.6885 seconds
            Master Time Step
            Processing completed...       3.8222 seconds

     Processing Day/Time [YYYYDDD:HHMMSS]: 2017356:041000
       Which is Equivalent to (UTC): 4:10:00  Friday,  Dec. 22, 2017
       Time-Step Length (HHMMSS): 000500
                 VDIFF completed...       0.5163 seconds
                COUPLE completed...       0.0648 seconds
                  HADV completed...       1.4482 seconds
                  ZADV completed...       0.1955 seconds
                 HDIFF completed...       0.1427 seconds
              DECOUPLE completed...       0.0331 seconds
                  PHOT completed...       0.1216 seconds
               CLDPROC completed...       0.1662 seconds
                  CHEM completed...       0.4288 seconds
                  AERO completed...       0.6875 seconds
            Master Time Step
            Processing completed...       3.8095 seconds

     Processing Day/Time [YYYYDDD:HHMMSS]: 2017356:041500
       Which is Equivalent to (UTC): 4:15:00  Friday,  Dec. 22, 2017
       Time-Step Length (HHMMSS): 000500
                 VDIFF completed...       0.5180 seconds
                COUPLE completed...       0.0659 seconds
                  HADV completed...       1.4786 seconds
                  ZADV completed...       0.1949 seconds
                 HDIFF completed...       0.1448 seconds
              DECOUPLE completed...       0.0335 seconds
                  PHOT completed...       0.1203 seconds
               CLDPROC completed...       0.1664 seconds
                  CHEM completed...       0.4313 seconds
                  AERO completed...       0.6873 seconds
            Master Time Step
            Processing completed...       3.8456 seconds

     Processing Day/Time [YYYYDDD:HHMMSS]: 2017356:042000
       Which is Equivalent to (UTC): 4:20:00  Friday,  Dec. 22, 2017
       Time-Step Length (HHMMSS): 000500
                 VDIFF completed...       0.5219 seconds
                COUPLE completed...       0.0646 seconds
                  HADV completed...       1.4758 seconds
                  ZADV completed...       0.1949 seconds
                 HDIFF completed...       0.1448 seconds
              DECOUPLE completed...       0.0335 seconds
                  PHOT completed...       0.1204 seconds
               CLDPROC completed...       0.1664 seconds
                  CHEM completed...       0.4271 seconds
                  AERO completed...       0.6825 seconds
            Master Time Step
            Processing completed...       3.8365 seconds

     Processing Day/Time [YYYYDDD:HHMMSS]: 2017356:042500
       Which is Equivalent to (UTC): 4:25:00  Friday,  Dec. 22, 2017
       Time-Step Length (HHMMSS): 000500
                 VDIFF completed...       0.5447 seconds
                COUPLE completed...       0.0581 seconds
                  HADV completed...       1.4813 seconds
                  ZADV completed...       0.1939 seconds
                 HDIFF completed...       0.1466 seconds
              DECOUPLE completed...       0.0327 seconds
                  PHOT completed...       0.1211 seconds
               CLDPROC completed...       0.1672 seconds
                  CHEM completed...       0.4265 seconds
                  AERO completed...       0.6807 seconds
            Master Time Step
            Processing completed...       3.8537 seconds

     Processing Day/Time [YYYYDDD:HHMMSS]: 2017356:043000
       Which is Equivalent to (UTC): 4:30:00  Friday,  Dec. 22, 2017
       Time-Step Length (HHMMSS): 000500
                 VDIFF completed...       0.5277 seconds
                COUPLE completed...       0.0664 seconds
                  HADV completed...       1.5096 seconds
                  ZADV completed...       0.1938 seconds
                 HDIFF completed...       0.1448 seconds
              DECOUPLE completed...       0.0332 seconds
                  PHOT completed...       0.1207 seconds
               CLDPROC completed...       0.1658 seconds
                  CHEM completed...       0.4248 seconds
                  AERO completed...       0.6793 seconds
            Master Time Step
            Processing completed...       3.8710 seconds

     Processing Day/Time [YYYYDDD:HHMMSS]: 2017356:043500
       Which is Equivalent to (UTC): 4:35:00  Friday,  Dec. 22, 2017
       Time-Step Length (HHMMSS): 000500
                 VDIFF completed...       0.5315 seconds
                COUPLE completed...       0.0653 seconds
                  HADV completed...       1.5034 seconds
                  ZADV completed...       0.2013 seconds
                 HDIFF completed...       0.1380 seconds
              DECOUPLE completed...       0.0326 seconds
                  PHOT completed...       0.1210 seconds
               CLDPROC completed...       0.1669 seconds
                  CHEM completed...       0.4242 seconds
                  AERO completed...       0.6715 seconds
            Master Time Step
            Processing completed...       3.8596 seconds

     Processing Day/Time [YYYYDDD:HHMMSS]: 2017356:044000
       Which is Equivalent to (UTC): 4:40:00  Friday,  Dec. 22, 2017
       Time-Step Length (HHMMSS): 000500
                 VDIFF completed...       0.5413 seconds
                COUPLE completed...       0.0663 seconds
                  HADV completed...       1.4984 seconds
                  ZADV completed...       0.1939 seconds
                 HDIFF completed...       0.1454 seconds
              DECOUPLE completed...       0.0328 seconds
                  PHOT completed...       0.1208 seconds
               CLDPROC completed...       0.1657 seconds
                  CHEM completed...       0.4223 seconds
                  AERO completed...       0.6775 seconds
            Master Time Step
            Processing completed...       3.8677 seconds

     Processing Day/Time [YYYYDDD:HHMMSS]: 2017356:044500
       Which is Equivalent to (UTC): 4:45:00  Friday,  Dec. 22, 2017
       Time-Step Length (HHMMSS): 000500
                 VDIFF completed...       0.5275 seconds
                COUPLE completed...       0.0671 seconds
                  HADV completed...       1.5063 seconds
                  ZADV completed...       0.1937 seconds
                 HDIFF completed...       0.1456 seconds
              DECOUPLE completed...       0.0329 seconds
                  PHOT completed...       0.1211 seconds
               CLDPROC completed...       0.1651 seconds
                  CHEM completed...       0.4214 seconds
                  AERO completed...       0.6760 seconds
            Master Time Step
            Processing completed...       3.8615 seconds

     Processing Day/Time [YYYYDDD:HHMMSS]: 2017356:045000
       Which is Equivalent to (UTC): 4:50:00  Friday,  Dec. 22, 2017
       Time-Step Length (HHMMSS): 000500
                 VDIFF completed...       0.5221 seconds
                COUPLE completed...       0.0690 seconds
                  HADV completed...       1.5192 seconds
                  ZADV completed...       0.1944 seconds
                 HDIFF completed...       0.1441 seconds
              DECOUPLE completed...       0.0325 seconds
                  PHOT completed...       0.1215 seconds
               CLDPROC completed...       0.1648 seconds
                  CHEM completed...       0.4207 seconds
                  AERO completed...       0.6806 seconds
            Master Time Step
            Processing completed...       3.8738 seconds

     Processing Day/Time [YYYYDDD:HHMMSS]: 2017356:045500
       Which is Equivalent to (UTC): 4:55:00  Friday,  Dec. 22, 2017
       Time-Step Length (HHMMSS): 000500
                 VDIFF completed...       1.7033 seconds
                COUPLE completed...       0.1115 seconds
                  HADV completed...       1.1530 seconds
                  ZADV completed...       0.1941 seconds
                 HDIFF completed...       0.1448 seconds
              DECOUPLE completed...       0.0330 seconds
                  PHOT completed...       0.1207 seconds
               CLDPROC completed...       0.8721 seconds
                  CHEM completed...       0.4092 seconds
                  AERO completed...       0.6729 seconds
            Master Time Step
            Processing completed...       5.4199 seconds

      =--> Data Output completed...       1.2931 seconds

     Processing Day/Time [YYYYDDD:HHMMSS]: 2017356:050000
       Which is Equivalent to (UTC): 5:00:00  Friday,  Dec. 22, 2017
       Time-Step Length (HHMMSS): 000500
                 VDIFF completed...       4.6655 seconds
                COUPLE completed...       0.1125 seconds
                  HADV completed...       2.7889 seconds
                  ZADV completed...       0.2031 seconds
                 HDIFF completed...       0.1361 seconds
              DECOUPLE completed...       0.0326 seconds
                  PHOT completed...       0.9944 seconds
               CLDPROC completed...       0.1716 seconds
                  CHEM completed...       0.4250 seconds
                  AERO completed...       0.6897 seconds
            Master Time Step
            Processing completed...      10.2229 seconds

     Processing Day/Time [YYYYDDD:HHMMSS]: 2017356:050500
       Which is Equivalent to (UTC): 5:05:00  Friday,  Dec. 22, 2017
       Time-Step Length (HHMMSS): 000500
                 VDIFF completed...       0.5399 seconds
                COUPLE completed...       0.0688 seconds
                  HADV completed...       1.3505 seconds
                  ZADV completed...       0.1930 seconds
                 HDIFF completed...       0.1473 seconds
              DECOUPLE completed...       0.0327 seconds
                  PHOT completed...       0.1219 seconds
               CLDPROC completed...       0.1647 seconds
                  CHEM completed...       0.4214 seconds
                  AERO completed...       0.6814 seconds
            Master Time Step
            Processing completed...       3.7229 seconds

     Processing Day/Time [YYYYDDD:HHMMSS]: 2017356:051000
       Which is Equivalent to (UTC): 5:10:00  Friday,  Dec. 22, 2017
       Time-Step Length (HHMMSS): 000500
                 VDIFF completed...       0.5139 seconds
                COUPLE completed...       0.0650 seconds
                  HADV completed...       1.4961 seconds
                  ZADV completed...       0.1937 seconds
                 HDIFF completed...       0.1458 seconds
              DECOUPLE completed...       0.0330 seconds
                  PHOT completed...       0.1209 seconds
               CLDPROC completed...       0.1652 seconds
                  CHEM completed...       0.4257 seconds
                  AERO completed...       0.6792 seconds
            Master Time Step
            Processing completed...       3.8424 seconds

     Processing Day/Time [YYYYDDD:HHMMSS]: 2017356:051500
       Which is Equivalent to (UTC): 5:15:00  Friday,  Dec. 22, 2017
       Time-Step Length (HHMMSS): 000500
                 VDIFF completed...       0.5184 seconds
                COUPLE completed...       0.0674 seconds
                  HADV completed...       1.4815 seconds
                  ZADV completed...       0.1912 seconds
                 HDIFF completed...       0.1478 seconds
              DECOUPLE completed...       0.0328 seconds
                  PHOT completed...       0.1216 seconds
               CLDPROC completed...       0.1658 seconds
                  CHEM completed...       0.4269 seconds
                  AERO completed...       0.6714 seconds
            Master Time Step
            Processing completed...       3.8294 seconds

     Processing Day/Time [YYYYDDD:HHMMSS]: 2017356:052000
       Which is Equivalent to (UTC): 5:20:00  Friday,  Dec. 22, 2017
       Time-Step Length (HHMMSS): 000500
                 VDIFF completed...       0.5279 seconds
                COUPLE completed...       0.0676 seconds
                  HADV completed...       1.4853 seconds
                  ZADV completed...       0.1989 seconds
                 HDIFF completed...       0.1368 seconds
              DECOUPLE completed...       0.0328 seconds
                  PHOT completed...       0.1211 seconds
               CLDPROC completed...       0.1662 seconds
                  CHEM completed...       0.4249 seconds
                  AERO completed...       0.6735 seconds
            Master Time Step
            Processing completed...       3.8398 seconds

     Processing Day/Time [YYYYDDD:HHMMSS]: 2017356:052500
       Which is Equivalent to (UTC): 5:25:00  Friday,  Dec. 22, 2017
       Time-Step Length (HHMMSS): 000500
                 VDIFF completed...       0.5286 seconds
                COUPLE completed...       0.0651 seconds
                  HADV completed...       1.4881 seconds
                  ZADV completed...       0.1932 seconds
                 HDIFF completed...       0.1460 seconds
              DECOUPLE completed...       0.0328 seconds
                  PHOT completed...       0.1219 seconds
               CLDPROC completed...       0.1656 seconds
                  CHEM completed...       0.4221 seconds
                  AERO completed...       0.6671 seconds
            Master Time Step
            Processing completed...       3.8352 seconds

     Processing Day/Time [YYYYDDD:HHMMSS]: 2017356:053000
       Which is Equivalent to (UTC): 5:30:00  Friday,  Dec. 22, 2017
       Time-Step Length (HHMMSS): 000500
                 VDIFF completed...       0.5241 seconds
                COUPLE completed...       0.0631 seconds
                  HADV completed...       1.8792 seconds
                  ZADV completed...       0.1926 seconds
                 HDIFF completed...       0.1469 seconds
              DECOUPLE completed...       0.0333 seconds
                  PHOT completed...       0.1206 seconds
               CLDPROC completed...       0.1647 seconds
                  CHEM completed...       0.4179 seconds
                  AERO completed...       0.6620 seconds
            Master Time Step
            Processing completed...       4.2085 seconds

     Processing Day/Time [YYYYDDD:HHMMSS]: 2017356:053500
       Which is Equivalent to (UTC): 5:35:00  Friday,  Dec. 22, 2017
       Time-Step Length (HHMMSS): 000500
                 VDIFF completed...       0.5232 seconds
                COUPLE completed...       0.0623 seconds
                  HADV completed...       1.5134 seconds
                  ZADV completed...       0.1936 seconds
                 HDIFF completed...       0.1478 seconds
              DECOUPLE completed...       0.0329 seconds
                  PHOT completed...       0.1209 seconds
               CLDPROC completed...       0.1659 seconds
                  CHEM completed...       0.4195 seconds
                  AERO completed...       0.6681 seconds
            Master Time Step
            Processing completed...       3.8486 seconds

     Processing Day/Time [YYYYDDD:HHMMSS]: 2017356:054000
       Which is Equivalent to (UTC): 5:40:00  Friday,  Dec. 22, 2017
       Time-Step Length (HHMMSS): 000500
                 VDIFF completed...       0.5246 seconds
                COUPLE completed...       0.0624 seconds
                  HADV completed...       1.5048 seconds
                  ZADV completed...       0.1945 seconds
                 HDIFF completed...       0.1468 seconds
              DECOUPLE completed...       0.0330 seconds
                  PHOT completed...       0.1216 seconds
               CLDPROC completed...       0.1644 seconds
                  CHEM completed...       0.4169 seconds
                  AERO completed...       0.6673 seconds
            Master Time Step
            Processing completed...       3.8373 seconds

     Processing Day/Time [YYYYDDD:HHMMSS]: 2017356:054500
       Which is Equivalent to (UTC): 5:45:00  Friday,  Dec. 22, 2017
       Time-Step Length (HHMMSS): 000500
                 VDIFF completed...       0.5260 seconds
                COUPLE completed...       0.0642 seconds
                  HADV completed...       1.5082 seconds
                  ZADV completed...       0.1928 seconds
                 HDIFF completed...       0.1475 seconds
              DECOUPLE completed...       0.0327 seconds
                  PHOT completed...       0.1220 seconds
               CLDPROC completed...       0.1641 seconds
                  CHEM completed...       0.4189 seconds
                  AERO completed...       0.6623 seconds
            Master Time Step
            Processing completed...       3.8403 seconds

     Processing Day/Time [YYYYDDD:HHMMSS]: 2017356:055000
       Which is Equivalent to (UTC): 5:50:00  Friday,  Dec. 22, 2017
       Time-Step Length (HHMMSS): 000500
                 VDIFF completed...       0.5247 seconds
                COUPLE completed...       0.0591 seconds
                  HADV completed...       1.5193 seconds
                  ZADV completed...       0.1934 seconds
                 HDIFF completed...       0.1454 seconds
              DECOUPLE completed...       0.0334 seconds
                  PHOT completed...       0.1212 seconds
               CLDPROC completed...       0.1639 seconds
                  CHEM completed...       0.4227 seconds
                  AERO completed...       0.6647 seconds
            Master Time Step
            Processing completed...       3.8521 seconds

     Processing Day/Time [YYYYDDD:HHMMSS]: 2017356:055500
       Which is Equivalent to (UTC): 5:55:00  Friday,  Dec. 22, 2017
       Time-Step Length (HHMMSS): 000500
                 VDIFF completed...       1.7077 seconds
                COUPLE completed...       0.1076 seconds
                  HADV completed...       1.1266 seconds
                  ZADV completed...       0.1943 seconds
                 HDIFF completed...       0.1454 seconds
              DECOUPLE completed...       0.0329 seconds
                  PHOT completed...       0.1215 seconds
               CLDPROC completed...       0.9090 seconds
                  CHEM completed...       0.4197 seconds
                  AERO completed...       0.6739 seconds
            Master Time Step
            Processing completed...       5.4431 seconds

      =--> Data Output completed...       1.2549 seconds

     Processing Day/Time [YYYYDDD:HHMMSS]: 2017356:060000
       Which is Equivalent to (UTC): 6:00:00  Friday,  Dec. 22, 2017
       Time-Step Length (HHMMSS): 000500
                 VDIFF completed...       4.5093 seconds
                COUPLE completed...       0.1099 seconds
                  HADV completed...       3.0284 seconds
                  ZADV completed...       0.1936 seconds
                 HDIFF completed...       0.1473 seconds
              DECOUPLE completed...       0.0331 seconds
                  PHOT completed...       1.0853 seconds
               CLDPROC completed...       0.1728 seconds
                  CHEM completed...       0.4320 seconds
                  AERO completed...       0.6734 seconds
            Master Time Step
            Processing completed...      10.3895 seconds

     Processing Day/Time [YYYYDDD:HHMMSS]: 2017356:060500
       Which is Equivalent to (UTC): 6:05:00  Friday,  Dec. 22, 2017
       Time-Step Length (HHMMSS): 000500
                 VDIFF completed...       0.5099 seconds
                COUPLE completed...       0.0630 seconds
                  HADV completed...       1.4310 seconds
                  ZADV completed...       0.2036 seconds
                 HDIFF completed...       0.1380 seconds
              DECOUPLE completed...       0.0352 seconds
                  PHOT completed...       0.1179 seconds
               CLDPROC completed...       0.1645 seconds
                  CHEM completed...       0.4253 seconds
                  AERO completed...       0.6607 seconds
            Master Time Step
            Processing completed...       3.7563 seconds

     Processing Day/Time [YYYYDDD:HHMMSS]: 2017356:061000
       Which is Equivalent to (UTC): 6:10:00  Friday,  Dec. 22, 2017
       Time-Step Length (HHMMSS): 000500
                 VDIFF completed...       0.5073 seconds
                COUPLE completed...       0.0593 seconds
                  HADV completed...       1.5236 seconds
                  ZADV completed...       0.2029 seconds
                 HDIFF completed...       0.1375 seconds
              DECOUPLE completed...       0.0331 seconds
                  PHOT completed...       0.1200 seconds
               CLDPROC completed...       0.1694 seconds
                  CHEM completed...       0.4245 seconds
                  AERO completed...       0.6582 seconds
            Master Time Step
            Processing completed...       3.8402 seconds

     Processing Day/Time [YYYYDDD:HHMMSS]: 2017356:061500
       Which is Equivalent to (UTC): 6:15:00  Friday,  Dec. 22, 2017
       Time-Step Length (HHMMSS): 000500
                 VDIFF completed...       0.5096 seconds
                COUPLE completed...       0.0616 seconds
                  HADV completed...       1.5228 seconds
                  ZADV completed...       0.2039 seconds
                 HDIFF completed...       0.1371 seconds
              DECOUPLE completed...       0.0331 seconds
                  PHOT completed...       0.1209 seconds
               CLDPROC completed...       0.1700 seconds
                  CHEM completed...       0.4235 seconds
                  AERO completed...       0.6536 seconds
            Master Time Step
            Processing completed...       3.8407 seconds

     Processing Day/Time [YYYYDDD:HHMMSS]: 2017356:062000
       Which is Equivalent to (UTC): 6:20:00  Friday,  Dec. 22, 2017
       Time-Step Length (HHMMSS): 000500
                 VDIFF completed...       0.5114 seconds
                COUPLE completed...       0.0650 seconds
                  HADV completed...       1.5481 seconds
                  ZADV completed...       0.2038 seconds
                 HDIFF completed...       0.1367 seconds
              DECOUPLE completed...       0.0327 seconds
                  PHOT completed...       0.1205 seconds
               CLDPROC completed...       0.1695 seconds
                  CHEM completed...       0.4248 seconds
                  AERO completed...       0.6556 seconds
            Master Time Step
            Processing completed...       3.8725 seconds

     Processing Day/Time [YYYYDDD:HHMMSS]: 2017356:062500
       Which is Equivalent to (UTC): 6:25:00  Friday,  Dec. 22, 2017
       Time-Step Length (HHMMSS): 000500
                 VDIFF completed...       0.5088 seconds
                COUPLE completed...       0.0651 seconds
                  HADV completed...       1.5333 seconds
                  ZADV completed...       0.2027 seconds
                 HDIFF completed...       0.1379 seconds
              DECOUPLE completed...       0.0333 seconds
                  PHOT completed...       0.1211 seconds
               CLDPROC completed...       0.1709 seconds
                  CHEM completed...       0.4252 seconds
                  AERO completed...       0.6531 seconds
            Master Time Step
            Processing completed...       3.8553 seconds

     Processing Day/Time [YYYYDDD:HHMMSS]: 2017356:063000
       Which is Equivalent to (UTC): 6:30:00  Friday,  Dec. 22, 2017
       Time-Step Length (HHMMSS): 000500
                 VDIFF completed...       0.5048 seconds
                COUPLE completed...       0.0657 seconds
                  HADV completed...       1.5399 seconds
                  ZADV completed...       0.2031 seconds
                 HDIFF completed...       0.2741 seconds
              DECOUPLE completed...       0.0333 seconds
                  PHOT completed...       0.1205 seconds
               CLDPROC completed...       0.1696 seconds
                  CHEM completed...       0.4235 seconds
                  AERO completed...       0.6649 seconds
            Master Time Step
            Processing completed...       4.0046 seconds

     Processing Day/Time [YYYYDDD:HHMMSS]: 2017356:063500
       Which is Equivalent to (UTC): 6:35:00  Friday,  Dec. 22, 2017
       Time-Step Length (HHMMSS): 000500
                 VDIFF completed...       0.4911 seconds
                COUPLE completed...       0.0663 seconds
                  HADV completed...       1.5364 seconds
                  ZADV completed...       0.2031 seconds
                 HDIFF completed...       0.1371 seconds
              DECOUPLE completed...       0.0327 seconds
                  PHOT completed...       0.1202 seconds
               CLDPROC completed...       0.1701 seconds
                  CHEM completed...       0.4253 seconds
                  AERO completed...       0.6500 seconds
            Master Time Step
            Processing completed...       3.8373 seconds

     Processing Day/Time [YYYYDDD:HHMMSS]: 2017356:064000
       Which is Equivalent to (UTC): 6:40:00  Friday,  Dec. 22, 2017
       Time-Step Length (HHMMSS): 000500
                 VDIFF completed...       0.5236 seconds
                COUPLE completed...       0.0644 seconds
                  HADV completed...       1.5196 seconds
                  ZADV completed...       0.2031 seconds
                 HDIFF completed...       0.1375 seconds
              DECOUPLE completed...       0.0336 seconds
                  PHOT completed...       0.1199 seconds
               CLDPROC completed...       0.1692 seconds
                  CHEM completed...       0.4247 seconds
                  AERO completed...       0.6513 seconds
            Master Time Step
            Processing completed...       3.8520 seconds

     Processing Day/Time [YYYYDDD:HHMMSS]: 2017356:064500
       Which is Equivalent to (UTC): 6:45:00  Friday,  Dec. 22, 2017
       Time-Step Length (HHMMSS): 000500
                 VDIFF completed...       0.5030 seconds
                COUPLE completed...       0.0636 seconds
                  HADV completed...       1.5496 seconds
                  ZADV completed...       0.2036 seconds
                 HDIFF completed...       0.1363 seconds
              DECOUPLE completed...       0.0325 seconds
                  PHOT completed...       0.1211 seconds
               CLDPROC completed...       0.1703 seconds
                  CHEM completed...       0.4241 seconds
                  AERO completed...       0.6489 seconds
            Master Time Step
            Processing completed...       3.8580 seconds

     Processing Day/Time [YYYYDDD:HHMMSS]: 2017356:065000
       Which is Equivalent to (UTC): 6:50:00  Friday,  Dec. 22, 2017
       Time-Step Length (HHMMSS): 000500
                 VDIFF completed...       0.5106 seconds
                COUPLE completed...       0.0642 seconds
                  HADV completed...       1.5472 seconds
                  ZADV completed...       0.2028 seconds
                 HDIFF completed...       0.1454 seconds
              DECOUPLE completed...       0.0352 seconds
                  PHOT completed...       0.1134 seconds
               CLDPROC completed...       0.1665 seconds
                  CHEM completed...       0.4253 seconds
                  AERO completed...       0.6483 seconds
            Master Time Step
            Processing completed...       3.8639 seconds

     Processing Day/Time [YYYYDDD:HHMMSS]: 2017356:065500
       Which is Equivalent to (UTC): 6:55:00  Friday,  Dec. 22, 2017
       Time-Step Length (HHMMSS): 000500
                 VDIFF completed...       1.7742 seconds
                COUPLE completed...       0.1110 seconds
                  HADV completed...       1.1184 seconds
                  ZADV completed...       0.2025 seconds
                 HDIFF completed...       0.1376 seconds
              DECOUPLE completed...       0.0339 seconds
                  PHOT completed...       0.1205 seconds
               CLDPROC completed...       0.9747 seconds
                  CHEM completed...       0.4199 seconds
                  AERO completed...       0.6584 seconds
            Master Time Step
            Processing completed...       5.5570 seconds

      =--> Data Output completed...       1.3711 seconds

     Processing Day/Time [YYYYDDD:HHMMSS]: 2017356:070000
       Which is Equivalent to (UTC): 7:00:00  Friday,  Dec. 22, 2017
       Time-Step Length (HHMMSS): 000500
                 VDIFF completed...       4.6893 seconds
                COUPLE completed...       0.1014 seconds
                  HADV completed...       2.4612 seconds
                  ZADV completed...       0.1971 seconds
                 HDIFF completed...       0.1449 seconds
              DECOUPLE completed...       0.0336 seconds
                  PHOT completed...       0.9145 seconds
               CLDPROC completed...       0.1756 seconds
                  CHEM completed...       0.4300 seconds
                  AERO completed...       0.6600 seconds
            Master Time Step
            Processing completed...       9.8106 seconds

     Processing Day/Time [YYYYDDD:HHMMSS]: 2017356:070500
       Which is Equivalent to (UTC): 7:05:00  Friday,  Dec. 22, 2017
       Time-Step Length (HHMMSS): 000500
                 VDIFF completed...       0.5269 seconds
                COUPLE completed...       0.0654 seconds
                  HADV completed...       1.5820 seconds
                  ZADV completed...       0.2035 seconds
                 HDIFF completed...       0.1374 seconds
              DECOUPLE completed...       0.0324 seconds
                  PHOT completed...       0.1209 seconds
               CLDPROC completed...       0.1711 seconds
                  CHEM completed...       0.4260 seconds
                  AERO completed...       0.6537 seconds
            Master Time Step
            Processing completed...       3.9238 seconds

     Processing Day/Time [YYYYDDD:HHMMSS]: 2017356:071000
       Which is Equivalent to (UTC): 7:10:00  Friday,  Dec. 22, 2017
       Time-Step Length (HHMMSS): 000500
                 VDIFF completed...       0.4893 seconds
                COUPLE completed...       0.0645 seconds
                  HADV completed...       1.5469 seconds
                  ZADV completed...       0.2025 seconds
                 HDIFF completed...       0.1370 seconds
              DECOUPLE completed...       0.0331 seconds
                  PHOT completed...       0.1206 seconds
               CLDPROC completed...       0.1715 seconds
                  CHEM completed...       0.4259 seconds
                  AERO completed...       0.6466 seconds
            Master Time Step
            Processing completed...       3.8428 seconds

     Processing Day/Time [YYYYDDD:HHMMSS]: 2017356:071500
       Which is Equivalent to (UTC): 7:15:00  Friday,  Dec. 22, 2017
       Time-Step Length (HHMMSS): 000500
                 VDIFF completed...       0.4980 seconds
                COUPLE completed...       0.0700 seconds
                  HADV completed...       1.5403 seconds
                  ZADV completed...       0.2037 seconds
                 HDIFF completed...       0.1373 seconds
              DECOUPLE completed...       0.0338 seconds
                  PHOT completed...       0.1205 seconds
               CLDPROC completed...       0.1723 seconds
                  CHEM completed...       0.4265 seconds
                  AERO completed...       0.6450 seconds
            Master Time Step
            Processing completed...       3.8524 seconds

     Processing Day/Time [YYYYDDD:HHMMSS]: 2017356:072000
       Which is Equivalent to (UTC): 7:20:00  Friday,  Dec. 22, 2017
       Time-Step Length (HHMMSS): 000500
                 VDIFF completed...       0.4925 seconds
                COUPLE completed...       0.0652 seconds
                  HADV completed...       1.5555 seconds
                  ZADV completed...       0.2033 seconds
                 HDIFF completed...       0.1368 seconds
              DECOUPLE completed...       0.0328 seconds
                  PHOT completed...       0.1208 seconds
               CLDPROC completed...       0.1723 seconds
                  CHEM completed...       0.4269 seconds
                  AERO completed...       0.6445 seconds
            Master Time Step
            Processing completed...       3.8557 seconds

     Processing Day/Time [YYYYDDD:HHMMSS]: 2017356:072500
       Which is Equivalent to (UTC): 7:25:00  Friday,  Dec. 22, 2017
       Time-Step Length (HHMMSS): 000500
                 VDIFF completed...       0.4916 seconds
                COUPLE completed...       0.0696 seconds
                  HADV completed...       1.5560 seconds
                  ZADV completed...       0.2037 seconds
                 HDIFF completed...       0.1374 seconds
              DECOUPLE completed...       0.0337 seconds
                  PHOT completed...       0.1202 seconds
               CLDPROC completed...       0.1738 seconds
                  CHEM completed...       0.4274 seconds
                  AERO completed...       0.6439 seconds
            Master Time Step
            Processing completed...       3.8619 seconds

     Processing Day/Time [YYYYDDD:HHMMSS]: 2017356:073000
       Which is Equivalent to (UTC): 7:30:00  Friday,  Dec. 22, 2017
       Time-Step Length (HHMMSS): 000500
                 VDIFF completed...       0.4945 seconds
                COUPLE completed...       0.0709 seconds
                  HADV completed...       1.5485 seconds
                  ZADV completed...       0.2037 seconds
                 HDIFF completed...       0.1371 seconds
              DECOUPLE completed...       0.0335 seconds
                  PHOT completed...       0.1199 seconds
               CLDPROC completed...       0.1728 seconds
                  CHEM completed...       0.4270 seconds
                  AERO completed...       0.6449 seconds
            Master Time Step
            Processing completed...       3.8575 seconds

     Processing Day/Time [YYYYDDD:HHMMSS]: 2017356:073500
       Which is Equivalent to (UTC): 7:35:00  Friday,  Dec. 22, 2017
       Time-Step Length (HHMMSS): 000500
                 VDIFF completed...       0.4933 seconds
                COUPLE completed...       0.0655 seconds
                  HADV completed...       1.5625 seconds
                  ZADV completed...       0.2041 seconds
                 HDIFF completed...       0.1369 seconds
              DECOUPLE completed...       0.0336 seconds
                  PHOT completed...       0.1204 seconds
               CLDPROC completed...       0.1728 seconds
                  CHEM completed...       0.4275 seconds
                  AERO completed...       0.6429 seconds
            Master Time Step
            Processing completed...       3.8642 seconds

     Processing Day/Time [YYYYDDD:HHMMSS]: 2017356:074000
       Which is Equivalent to (UTC): 7:40:00  Friday,  Dec. 22, 2017
       Time-Step Length (HHMMSS): 000500
                 VDIFF completed...       0.4942 seconds
                COUPLE completed...       0.0715 seconds
                  HADV completed...       1.5633 seconds
                  ZADV completed...       0.2036 seconds
                 HDIFF completed...       0.1364 seconds
              DECOUPLE completed...       0.0338 seconds
                  PHOT completed...       0.1207 seconds
               CLDPROC completed...       0.1720 seconds
                  CHEM completed...       0.4268 seconds
                  AERO completed...       0.6515 seconds
            Master Time Step
            Processing completed...       3.8788 seconds

     Processing Day/Time [YYYYDDD:HHMMSS]: 2017356:074500
       Which is Equivalent to (UTC): 7:45:00  Friday,  Dec. 22, 2017
       Time-Step Length (HHMMSS): 000500
                 VDIFF completed...       0.4854 seconds
                COUPLE completed...       0.0710 seconds
                  HADV completed...       1.5554 seconds
                  ZADV completed...       0.2038 seconds
                 HDIFF completed...       0.1368 seconds
              DECOUPLE completed...       0.0337 seconds
                  PHOT completed...       0.1201 seconds
               CLDPROC completed...       0.1726 seconds
                  CHEM completed...       0.4280 seconds
                  AERO completed...       0.6408 seconds
            Master Time Step
            Processing completed...       3.8527 seconds

     Processing Day/Time [YYYYDDD:HHMMSS]: 2017356:075000
       Which is Equivalent to (UTC): 7:50:00  Friday,  Dec. 22, 2017
       Time-Step Length (HHMMSS): 000500
                 VDIFF completed...       0.5023 seconds
                COUPLE completed...       0.0714 seconds
                  HADV completed...       1.5454 seconds
                  ZADV completed...       0.2037 seconds
                 HDIFF completed...       0.1366 seconds
              DECOUPLE completed...       0.0337 seconds
                  PHOT completed...       0.1206 seconds
               CLDPROC completed...       0.1715 seconds
                  CHEM completed...       0.4286 seconds
                  AERO completed...       0.6402 seconds
            Master Time Step
            Processing completed...       3.8591 seconds

     Processing Day/Time [YYYYDDD:HHMMSS]: 2017356:075500
       Which is Equivalent to (UTC): 7:55:00  Friday,  Dec. 22, 2017
       Time-Step Length (HHMMSS): 000500
                 VDIFF completed...       1.7294 seconds
                COUPLE completed...       0.1097 seconds
                  HADV completed...       1.1166 seconds
                  ZADV completed...       0.1964 seconds
                 HDIFF completed...       0.1444 seconds
              DECOUPLE completed...       0.0339 seconds
                  PHOT completed...       0.1199 seconds
               CLDPROC completed...       0.9420 seconds
                  CHEM completed...       0.4335 seconds
                  AERO completed...       0.6530 seconds
            Master Time Step
            Processing completed...       5.4833 seconds

      =--> Data Output completed...       1.2639 seconds

     Processing Day/Time [YYYYDDD:HHMMSS]: 2017356:080000
       Which is Equivalent to (UTC): 8:00:00  Friday,  Dec. 22, 2017
       Time-Step Length (HHMMSS): 000500
                 VDIFF completed...       4.6004 seconds
                COUPLE completed...       0.1156 seconds
                  HADV completed...       2.7581 seconds
                  ZADV completed...       0.1944 seconds
                 HDIFF completed...       0.1459 seconds
              DECOUPLE completed...       0.0337 seconds
                  PHOT completed...       0.9675 seconds
               CLDPROC completed...       0.1789 seconds
                  CHEM completed...       0.4327 seconds
                  AERO completed...       0.6463 seconds
            Master Time Step
            Processing completed...      10.0782 seconds

     Processing Day/Time [YYYYDDD:HHMMSS]: 2017356:080500
       Which is Equivalent to (UTC): 8:05:00  Friday,  Dec. 22, 2017
       Time-Step Length (HHMMSS): 000500
                 VDIFF completed...       0.4983 seconds
                COUPLE completed...       0.0721 seconds
                  HADV completed...       1.5350 seconds
                  ZADV completed...       0.1941 seconds
                 HDIFF completed...       0.1474 seconds
              DECOUPLE completed...       0.0328 seconds
                  PHOT completed...       0.1210 seconds
               CLDPROC completed...       0.1726 seconds
                  CHEM completed...       0.4269 seconds
                  AERO completed...       0.6376 seconds
            Master Time Step
            Processing completed...       3.8415 seconds

     Processing Day/Time [YYYYDDD:HHMMSS]: 2017356:081000
       Which is Equivalent to (UTC): 8:10:00  Friday,  Dec. 22, 2017
       Time-Step Length (HHMMSS): 000500
                 VDIFF completed...       0.4912 seconds
                COUPLE completed...       0.0660 seconds
                  HADV completed...       1.5660 seconds
                  ZADV completed...       0.1961 seconds
                 HDIFF completed...       0.1446 seconds
              DECOUPLE completed...       0.0335 seconds
                  PHOT completed...       0.1209 seconds
               CLDPROC completed...       0.1717 seconds
                  CHEM completed...       0.4269 seconds
                  AERO completed...       0.6383 seconds
            Master Time Step
            Processing completed...       3.8592 seconds

     Processing Day/Time [YYYYDDD:HHMMSS]: 2017356:081500
       Which is Equivalent to (UTC): 8:15:00  Friday,  Dec. 22, 2017
       Time-Step Length (HHMMSS): 000500
                 VDIFF completed...       0.4837 seconds
                COUPLE completed...       0.0672 seconds
                  HADV completed...       1.5759 seconds
                  ZADV completed...       0.1961 seconds
                 HDIFF completed...       0.1445 seconds
              DECOUPLE completed...       0.0331 seconds
                  PHOT completed...       0.1210 seconds
               CLDPROC completed...       0.1740 seconds
                  CHEM completed...       0.4261 seconds
                  AERO completed...       0.6375 seconds
            Master Time Step
            Processing completed...       3.8631 seconds

     Processing Day/Time [YYYYDDD:HHMMSS]: 2017356:082000
       Which is Equivalent to (UTC): 8:20:00  Friday,  Dec. 22, 2017
       Time-Step Length (HHMMSS): 000500
                 VDIFF completed...       0.4844 seconds
                COUPLE completed...       0.0653 seconds
                  HADV completed...       1.5701 seconds
                  ZADV completed...       0.1956 seconds
                 HDIFF completed...       0.1445 seconds
              DECOUPLE completed...       0.0328 seconds
                  PHOT completed...       0.1210 seconds
               CLDPROC completed...       0.1743 seconds
                  CHEM completed...       0.4266 seconds
                  AERO completed...       0.6368 seconds
            Master Time Step
            Processing completed...       3.8558 seconds

     Processing Day/Time [YYYYDDD:HHMMSS]: 2017356:082500
       Which is Equivalent to (UTC): 8:25:00  Friday,  Dec. 22, 2017
       Time-Step Length (HHMMSS): 000500
                 VDIFF completed...       0.4905 seconds
                COUPLE completed...       0.0684 seconds
                  HADV completed...       1.5734 seconds
                  ZADV completed...       0.1963 seconds
                 HDIFF completed...       0.1447 seconds
              DECOUPLE completed...       0.0327 seconds
                  PHOT completed...       0.1206 seconds
               CLDPROC completed...       0.1756 seconds
                  CHEM completed...       0.4254 seconds
                  AERO completed...       0.6371 seconds
            Master Time Step
            Processing completed...       3.8687 seconds

     Processing Day/Time [YYYYDDD:HHMMSS]: 2017356:083000
       Which is Equivalent to (UTC): 8:30:00  Friday,  Dec. 22, 2017
       Time-Step Length (HHMMSS): 000500
                 VDIFF completed...       0.4923 seconds
                COUPLE completed...       0.0698 seconds
                  HADV completed...       1.5595 seconds
                  ZADV completed...       0.1960 seconds
                 HDIFF completed...       0.1445 seconds
              DECOUPLE completed...       0.0329 seconds
                  PHOT completed...       0.1210 seconds
               CLDPROC completed...       0.1731 seconds
                  CHEM completed...       0.4250 seconds
                  AERO completed...       0.6397 seconds
            Master Time Step
            Processing completed...       3.8584 seconds

     Processing Day/Time [YYYYDDD:HHMMSS]: 2017356:083500
       Which is Equivalent to (UTC): 8:35:00  Friday,  Dec. 22, 2017
       Time-Step Length (HHMMSS): 000500
                 VDIFF completed...       0.4919 seconds
                COUPLE completed...       0.0701 seconds
                  HADV completed...       1.7684 seconds
                  ZADV completed...       0.1941 seconds
                 HDIFF completed...       0.1475 seconds
              DECOUPLE completed...       0.0334 seconds
                  PHOT completed...       0.1208 seconds
               CLDPROC completed...       0.1737 seconds
                  CHEM completed...       0.4246 seconds
                  AERO completed...       0.6373 seconds
            Master Time Step
            Processing completed...       4.0630 seconds

     Processing Day/Time [YYYYDDD:HHMMSS]: 2017356:084000
       Which is Equivalent to (UTC): 8:40:00  Friday,  Dec. 22, 2017
       Time-Step Length (HHMMSS): 000500
                 VDIFF completed...       0.4953 seconds
                COUPLE completed...       0.0686 seconds
                  HADV completed...       1.5575 seconds
                  ZADV completed...       0.1971 seconds
                 HDIFF completed...       0.1438 seconds
              DECOUPLE completed...       0.0331 seconds
                  PHOT completed...       0.1208 seconds
               CLDPROC completed...       0.1730 seconds
                  CHEM completed...       0.4259 seconds
                  AERO completed...       0.6357 seconds
            Master Time Step
            Processing completed...       3.8549 seconds

     Processing Day/Time [YYYYDDD:HHMMSS]: 2017356:084500
       Which is Equivalent to (UTC): 8:45:00  Friday,  Dec. 22, 2017
       Time-Step Length (HHMMSS): 000500
                 VDIFF completed...       0.4921 seconds
                COUPLE completed...       0.0702 seconds
                  HADV completed...       1.5738 seconds
                  ZADV completed...       0.1957 seconds
                 HDIFF completed...       0.1454 seconds
              DECOUPLE completed...       0.0328 seconds
                  PHOT completed...       0.1214 seconds
               CLDPROC completed...       0.1721 seconds
                  CHEM completed...       0.4254 seconds
                  AERO completed...       0.6347 seconds
            Master Time Step
            Processing completed...       3.8680 seconds

     Processing Day/Time [YYYYDDD:HHMMSS]: 2017356:085000
       Which is Equivalent to (UTC): 8:50:00  Friday,  Dec. 22, 2017
       Time-Step Length (HHMMSS): 000500
                 VDIFF completed...       0.4932 seconds
                COUPLE completed...       0.0711 seconds
                  HADV completed...       1.5626 seconds
                  ZADV completed...       0.1971 seconds
                 HDIFF completed...       0.1434 seconds
              DECOUPLE completed...       0.0334 seconds
                  PHOT completed...       0.1206 seconds
               CLDPROC completed...       0.1716 seconds
                  CHEM completed...       0.4259 seconds
                  AERO completed...       0.6385 seconds
            Master Time Step
            Processing completed...       3.8613 seconds

     Processing Day/Time [YYYYDDD:HHMMSS]: 2017356:085500
       Which is Equivalent to (UTC): 8:55:00  Friday,  Dec. 22, 2017
       Time-Step Length (HHMMSS): 000500
                 VDIFF completed...       1.7667 seconds
                COUPLE completed...       0.1115 seconds
                  HADV completed...       1.1217 seconds
                  ZADV completed...       0.1974 seconds
                 HDIFF completed...       0.1442 seconds
              DECOUPLE completed...       0.0337 seconds
                  PHOT completed...       0.1205 seconds
               CLDPROC completed...       0.9698 seconds
                  CHEM completed...       0.4211 seconds
                  AERO completed...       0.6446 seconds
            Master Time Step
            Processing completed...       5.5355 seconds

      =--> Data Output completed...       1.3455 seconds

     Processing Day/Time [YYYYDDD:HHMMSS]: 2017356:090000
       Which is Equivalent to (UTC): 9:00:00  Friday,  Dec. 22, 2017
       Time-Step Length (HHMMSS): 000500
                 VDIFF completed...       4.5584 seconds
                COUPLE completed...       0.1056 seconds
                  HADV completed...       2.4903 seconds
                  ZADV completed...       0.2033 seconds
                 HDIFF completed...       0.1368 seconds
              DECOUPLE completed...       0.0331 seconds
                  PHOT completed...       0.9259 seconds
               CLDPROC completed...       0.1796 seconds
                  CHEM completed...       0.4298 seconds
                  AERO completed...       0.6472 seconds
            Master Time Step
            Processing completed...       9.7143 seconds

     Processing Day/Time [YYYYDDD:HHMMSS]: 2017356:090500
       Which is Equivalent to (UTC): 9:05:00  Friday,  Dec. 22, 2017
       Time-Step Length (HHMMSS): 000500
                 VDIFF completed...       0.4966 seconds
                COUPLE completed...       0.0745 seconds
                  HADV completed...       2.6313 seconds
                  ZADV completed...       0.1928 seconds
                 HDIFF completed...       0.2547 seconds
              DECOUPLE completed...       0.0352 seconds
                  PHOT completed...       0.1185 seconds
               CLDPROC completed...       0.1725 seconds
                  CHEM completed...       0.4230 seconds
                  AERO completed...       0.6310 seconds
            Master Time Step
            Processing completed...       5.0317 seconds

     Processing Day/Time [YYYYDDD:HHMMSS]: 2017356:091000
       Which is Equivalent to (UTC): 9:10:00  Friday,  Dec. 22, 2017
       Time-Step Length (HHMMSS): 000500
                 VDIFF completed...       0.7320 seconds
                COUPLE completed...       0.0346 seconds
                  HADV completed...       2.1283 seconds
                  ZADV completed...       0.1972 seconds
                 HDIFF completed...       0.2134 seconds
              DECOUPLE completed...       0.0343 seconds
                  PHOT completed...       0.1204 seconds
               CLDPROC completed...       0.1721 seconds
                  CHEM completed...       0.4234 seconds
                  AERO completed...       0.6318 seconds
            Master Time Step
            Processing completed...       4.6882 seconds

     Processing Day/Time [YYYYDDD:HHMMSS]: 2017356:091500
       Which is Equivalent to (UTC): 9:15:00  Friday,  Dec. 22, 2017
       Time-Step Length (HHMMSS): 000500
                 VDIFF completed...       0.4902 seconds
                COUPLE completed...       0.0734 seconds
                  HADV completed...       1.5687 seconds
                  ZADV completed...       0.2039 seconds
                 HDIFF completed...       0.1377 seconds
              DECOUPLE completed...       0.0343 seconds
                  PHOT completed...       0.1212 seconds
               CLDPROC completed...       0.1712 seconds
                  CHEM completed...       0.4226 seconds
                  AERO completed...       0.6307 seconds
            Master Time Step
            Processing completed...       3.8549 seconds

     Processing Day/Time [YYYYDDD:HHMMSS]: 2017356:092000
       Which is Equivalent to (UTC): 9:20:00  Friday,  Dec. 22, 2017
       Time-Step Length (HHMMSS): 000500
                 VDIFF completed...       0.4897 seconds
                COUPLE completed...       0.0719 seconds
                  HADV completed...       1.5730 seconds
                  ZADV completed...       0.2015 seconds
                 HDIFF completed...       0.1382 seconds
              DECOUPLE completed...       0.0335 seconds
                  PHOT completed...       0.1212 seconds
               CLDPROC completed...       0.1728 seconds
                  CHEM completed...       0.4251 seconds
                  AERO completed...       0.6299 seconds
            Master Time Step
            Processing completed...       3.8581 seconds

     Processing Day/Time [YYYYDDD:HHMMSS]: 2017356:092500
       Which is Equivalent to (UTC): 9:25:00  Friday,  Dec. 22, 2017
       Time-Step Length (HHMMSS): 000500
                 VDIFF completed...       0.4884 seconds
                COUPLE completed...       0.0736 seconds
                  HADV completed...       1.5686 seconds
                  ZADV completed...       0.2026 seconds
                 HDIFF completed...       0.1376 seconds
              DECOUPLE completed...       0.0346 seconds
                  PHOT completed...       0.1214 seconds
               CLDPROC completed...       0.1720 seconds
                  CHEM completed...       0.4218 seconds
                  AERO completed...       0.6292 seconds
            Master Time Step
            Processing completed...       3.8531 seconds

     Processing Day/Time [YYYYDDD:HHMMSS]: 2017356:093000
       Which is Equivalent to (UTC): 9:30:00  Friday,  Dec. 22, 2017
       Time-Step Length (HHMMSS): 000500
                 VDIFF completed...       0.4852 seconds
                COUPLE completed...       0.0750 seconds
                  HADV completed...       1.5767 seconds
                  ZADV completed...       0.2022 seconds
                 HDIFF completed...       0.1376 seconds
              DECOUPLE completed...       0.0340 seconds
                  PHOT completed...       0.1206 seconds
               CLDPROC completed...       0.1723 seconds
                  CHEM completed...       0.4229 seconds
                  AERO completed...       0.6289 seconds
            Master Time Step
            Processing completed...       3.8600 seconds

     Processing Day/Time [YYYYDDD:HHMMSS]: 2017356:093500
       Which is Equivalent to (UTC): 9:35:00  Friday,  Dec. 22, 2017
       Time-Step Length (HHMMSS): 000500
                 VDIFF completed...       0.4830 seconds
                COUPLE completed...       0.0696 seconds
                  HADV completed...       1.7753 seconds
                  ZADV completed...       0.2033 seconds
                 HDIFF completed...       0.1382 seconds
              DECOUPLE completed...       0.0342 seconds
                  PHOT completed...       0.1206 seconds
               CLDPROC completed...       0.1732 seconds
                  CHEM completed...       0.4235 seconds
                  AERO completed...       0.6262 seconds
            Master Time Step
            Processing completed...       4.0515 seconds

     Processing Day/Time [YYYYDDD:HHMMSS]: 2017356:094000
       Which is Equivalent to (UTC): 9:40:00  Friday,  Dec. 22, 2017
       Time-Step Length (HHMMSS): 000500
                 VDIFF completed...       0.4815 seconds
                COUPLE completed...       0.0695 seconds
                  HADV completed...       1.5795 seconds
                  ZADV completed...       0.2032 seconds
                 HDIFF completed...       0.1376 seconds
              DECOUPLE completed...       0.0338 seconds
                  PHOT completed...       0.1207 seconds
               CLDPROC completed...       0.1711 seconds
                  CHEM completed...       0.4224 seconds
                  AERO completed...       0.6285 seconds
            Master Time Step
            Processing completed...       3.8523 seconds

     Processing Day/Time [YYYYDDD:HHMMSS]: 2017356:094500
       Which is Equivalent to (UTC): 9:45:00  Friday,  Dec. 22, 2017
       Time-Step Length (HHMMSS): 000500
                 VDIFF completed...       0.4835 seconds
                COUPLE completed...       0.0677 seconds
                  HADV completed...       1.5931 seconds
                  ZADV completed...       0.1999 seconds
                 HDIFF completed...       0.1360 seconds
              DECOUPLE completed...       0.0335 seconds
                  PHOT completed...       0.1208 seconds
               CLDPROC completed...       0.1707 seconds
                  CHEM completed...       0.4223 seconds
                  AERO completed...       0.6259 seconds
            Master Time Step
            Processing completed...       3.8578 seconds

     Processing Day/Time [YYYYDDD:HHMMSS]: 2017356:095000
       Which is Equivalent to (UTC): 9:50:00  Friday,  Dec. 22, 2017
       Time-Step Length (HHMMSS): 000500
                 VDIFF completed...       0.4922 seconds
                COUPLE completed...       0.0678 seconds
                  HADV completed...       1.5749 seconds
                  ZADV completed...       0.2028 seconds
                 HDIFF completed...       0.1379 seconds
              DECOUPLE completed...       0.0338 seconds
                  PHOT completed...       0.1197 seconds
               CLDPROC completed...       0.1702 seconds
                  CHEM completed...       0.4229 seconds
                  AERO completed...       0.6308 seconds
            Master Time Step
            Processing completed...       3.8573 seconds

     Processing Day/Time [YYYYDDD:HHMMSS]: 2017356:095500
       Which is Equivalent to (UTC): 9:55:00  Friday,  Dec. 22, 2017
       Time-Step Length (HHMMSS): 000500
                 VDIFF completed...       1.7955 seconds
                COUPLE completed...       0.1119 seconds
                  HADV completed...       1.1167 seconds
                  ZADV completed...       0.2029 seconds
                 HDIFF completed...       0.1366 seconds
              DECOUPLE completed...       0.0333 seconds
                  PHOT completed...       0.1214 seconds
               CLDPROC completed...       0.9593 seconds
                  CHEM completed...       0.4215 seconds
                  AERO completed...       0.6450 seconds
            Master Time Step
            Processing completed...       5.5487 seconds

      =--> Data Output completed...       1.3671 seconds

     Processing Day/Time [YYYYDDD:HHMMSS]: 2017356:100000
       Which is Equivalent to (UTC): 10:00:00 Friday,  Dec. 22, 2017
       Time-Step Length (HHMMSS): 000500
                 VDIFF completed...       4.4478 seconds
                COUPLE completed...       0.1147 seconds
                  HADV completed...       2.6306 seconds
                  ZADV completed...       0.2029 seconds
                 HDIFF completed...       0.1379 seconds
              DECOUPLE completed...       0.0332 seconds
                  PHOT completed...       1.0006 seconds
               CLDPROC completed...       0.1773 seconds
                  CHEM completed...       0.4270 seconds
                  AERO completed...       0.6354 seconds
            Master Time Step
            Processing completed...       9.8121 seconds

     Processing Day/Time [YYYYDDD:HHMMSS]: 2017356:100500
       Which is Equivalent to (UTC): 10:05:00 Friday,  Dec. 22, 2017
       Time-Step Length (HHMMSS): 000500
                 VDIFF completed...       0.4866 seconds
                COUPLE completed...       0.0716 seconds
                  HADV completed...       1.4488 seconds
                  ZADV completed...       0.2035 seconds
                 HDIFF completed...       0.1367 seconds
              DECOUPLE completed...       0.0331 seconds
                  PHOT completed...       0.1212 seconds
               CLDPROC completed...       0.1721 seconds
                  CHEM completed...       0.4238 seconds
                  AERO completed...       0.6261 seconds
            Master Time Step
            Processing completed...       3.7279 seconds

     Processing Day/Time [YYYYDDD:HHMMSS]: 2017356:101000
       Which is Equivalent to (UTC): 10:10:00 Friday,  Dec. 22, 2017
       Time-Step Length (HHMMSS): 000500
                 VDIFF completed...       0.4946 seconds
                COUPLE completed...       0.0601 seconds
                  HADV completed...       1.5842 seconds
                  ZADV completed...       0.2031 seconds
                 HDIFF completed...       0.1364 seconds
              DECOUPLE completed...       0.0324 seconds
                  PHOT completed...       0.1220 seconds
               CLDPROC completed...       0.1728 seconds
                  CHEM completed...       0.4228 seconds
                  AERO completed...       0.6214 seconds
            Master Time Step
            Processing completed...       3.8539 seconds

     Processing Day/Time [YYYYDDD:HHMMSS]: 2017356:101500
       Which is Equivalent to (UTC): 10:15:00 Friday,  Dec. 22, 2017
       Time-Step Length (HHMMSS): 000500
                 VDIFF completed...       0.4927 seconds
                COUPLE completed...       0.0561 seconds
                  HADV completed...       1.5923 seconds
                  ZADV completed...       0.2038 seconds
                 HDIFF completed...       0.1362 seconds
              DECOUPLE completed...       0.0327 seconds
                  PHOT completed...       0.1219 seconds
               CLDPROC completed...       0.1725 seconds
                  CHEM completed...       0.4215 seconds
                  AERO completed...       0.6400 seconds
            Master Time Step
            Processing completed...       3.8736 seconds

     Processing Day/Time [YYYYDDD:HHMMSS]: 2017356:102000
       Which is Equivalent to (UTC): 10:20:00 Friday,  Dec. 22, 2017
       Time-Step Length (HHMMSS): 000500
                 VDIFF completed...       0.4733 seconds
                COUPLE completed...       0.0602 seconds
                  HADV completed...       1.5942 seconds
                  ZADV completed...       0.2032 seconds
                 HDIFF completed...       0.1374 seconds
              DECOUPLE completed...       0.0328 seconds
                  PHOT completed...       0.1212 seconds
               CLDPROC completed...       0.1737 seconds
                  CHEM completed...       0.4232 seconds
                  AERO completed...       0.6220 seconds
            Master Time Step
            Processing completed...       3.8448 seconds

     Processing Day/Time [YYYYDDD:HHMMSS]: 2017356:102500
       Which is Equivalent to (UTC): 10:25:00 Friday,  Dec. 22, 2017
       Time-Step Length (HHMMSS): 000500
                 VDIFF completed...       0.4952 seconds
                COUPLE completed...       0.0642 seconds
                  HADV completed...       1.5858 seconds
                  ZADV completed...       0.2031 seconds
                 HDIFF completed...       0.1370 seconds
              DECOUPLE completed...       0.0327 seconds
                  PHOT completed...       0.1216 seconds
               CLDPROC completed...       0.1727 seconds
                  CHEM completed...       0.4231 seconds
                  AERO completed...       0.6228 seconds
            Master Time Step
            Processing completed...       3.8625 seconds

     Processing Day/Time [YYYYDDD:HHMMSS]: 2017356:103000
       Which is Equivalent to (UTC): 10:30:00 Friday,  Dec. 22, 2017
       Time-Step Length (HHMMSS): 000500
                 VDIFF completed...       0.4905 seconds
                COUPLE completed...       0.0607 seconds
                  HADV completed...       1.5976 seconds
                  ZADV completed...       0.2030 seconds
                 HDIFF completed...       0.1371 seconds
              DECOUPLE completed...       0.0335 seconds
                  PHOT completed...       0.1204 seconds
               CLDPROC completed...       0.1730 seconds
                  CHEM completed...       0.4228 seconds
                  AERO completed...       0.6206 seconds
            Master Time Step
            Processing completed...       3.8637 seconds

     Processing Day/Time [YYYYDDD:HHMMSS]: 2017356:103500
       Which is Equivalent to (UTC): 10:35:00 Friday,  Dec. 22, 2017
       Time-Step Length (HHMMSS): 000500
                 VDIFF completed...       0.4912 seconds
                COUPLE completed...       0.0603 seconds
                  HADV completed...       1.8259 seconds
                  ZADV completed...       0.2033 seconds
                 HDIFF completed...       0.1369 seconds
              DECOUPLE completed...       0.0328 seconds
                  PHOT completed...       0.1195 seconds
               CLDPROC completed...       0.1729 seconds
                  CHEM completed...       0.4215 seconds
                  AERO completed...       0.6160 seconds
            Master Time Step
            Processing completed...       4.0838 seconds

     Processing Day/Time [YYYYDDD:HHMMSS]: 2017356:104000
       Which is Equivalent to (UTC): 10:40:00 Friday,  Dec. 22, 2017
       Time-Step Length (HHMMSS): 000500
                 VDIFF completed...       0.4925 seconds
                COUPLE completed...       0.0575 seconds
                  HADV completed...       1.6134 seconds
                  ZADV completed...       0.2028 seconds
                 HDIFF completed...       0.1376 seconds
              DECOUPLE completed...       0.0333 seconds
                  PHOT completed...       0.1208 seconds
               CLDPROC completed...       0.1714 seconds
                  CHEM completed...       0.4247 seconds
                  AERO completed...       0.6371 seconds
            Master Time Step
            Processing completed...       3.8954 seconds

     Processing Day/Time [YYYYDDD:HHMMSS]: 2017356:104500
       Which is Equivalent to (UTC): 10:45:00 Friday,  Dec. 22, 2017
       Time-Step Length (HHMMSS): 000500
                 VDIFF completed...       0.4803 seconds
                COUPLE completed...       0.0583 seconds
                  HADV completed...       1.5944 seconds
                  ZADV completed...       0.2033 seconds
                 HDIFF completed...       0.1369 seconds
              DECOUPLE completed...       0.0332 seconds
                  PHOT completed...       0.1209 seconds
               CLDPROC completed...       0.1700 seconds
                  CHEM completed...       0.4252 seconds
                  AERO completed...       0.6196 seconds
            Master Time Step
            Processing completed...       3.8469 seconds

     Processing Day/Time [YYYYDDD:HHMMSS]: 2017356:105000
       Which is Equivalent to (UTC): 10:50:00 Friday,  Dec. 22, 2017
       Time-Step Length (HHMMSS): 000500
                 VDIFF completed...       0.4976 seconds
                COUPLE completed...       0.0523 seconds
                  HADV completed...       1.5968 seconds
                  ZADV completed...       0.2031 seconds
                 HDIFF completed...       0.1363 seconds
              DECOUPLE completed...       0.0328 seconds
                  PHOT completed...       0.1210 seconds
               CLDPROC completed...       0.1684 seconds
                  CHEM completed...       0.4234 seconds
                  AERO completed...       0.6213 seconds
            Master Time Step
            Processing completed...       3.8581 seconds

     Processing Day/Time [YYYYDDD:HHMMSS]: 2017356:105500
       Which is Equivalent to (UTC): 10:55:00 Friday,  Dec. 22, 2017
       Time-Step Length (HHMMSS): 000500
                 VDIFF completed...       1.8235 seconds
                COUPLE completed...       0.1116 seconds
                  HADV completed...       1.1174 seconds
                  ZADV completed...       0.2034 seconds
                 HDIFF completed...       0.1371 seconds
              DECOUPLE completed...       0.0326 seconds
                  PHOT completed...       0.1209 seconds
               CLDPROC completed...       0.9531 seconds
                  CHEM completed...       0.4206 seconds
                  AERO completed...       0.6357 seconds
            Master Time Step
            Processing completed...       5.5607 seconds

      =--> Data Output completed...       1.3771 seconds

     Processing Day/Time [YYYYDDD:HHMMSS]: 2017356:110000
       Which is Equivalent to (UTC): 11:00:00 Friday,  Dec. 22, 2017
       Time-Step Length (HHMMSS): 000500
                 VDIFF completed...       4.0362 seconds
                COUPLE completed...       0.1152 seconds
                  HADV completed...       3.2432 seconds
                  ZADV completed...       0.1938 seconds
                 HDIFF completed...       0.1455 seconds
              DECOUPLE completed...       0.0325 seconds
                  PHOT completed...       1.0633 seconds
               CLDPROC completed...       0.1747 seconds
                  CHEM completed...       0.4291 seconds
                  AERO completed...       0.6293 seconds
            Master Time Step
            Processing completed...      10.0675 seconds

     Processing Day/Time [YYYYDDD:HHMMSS]: 2017356:110500
       Which is Equivalent to (UTC): 11:05:00 Friday,  Dec. 22, 2017
       Time-Step Length (HHMMSS): 000500
                 VDIFF completed...       0.4955 seconds
                COUPLE completed...       0.0542 seconds
                  HADV completed...       1.5290 seconds
                  ZADV completed...       0.1947 seconds
                 HDIFF completed...       0.1446 seconds
              DECOUPLE completed...       0.0328 seconds
                  PHOT completed...       0.1209 seconds
               CLDPROC completed...       0.1665 seconds
                  CHEM completed...       0.4270 seconds
                  AERO completed...       0.6181 seconds
            Master Time Step
            Processing completed...       3.7881 seconds

     Processing Day/Time [YYYYDDD:HHMMSS]: 2017356:111000
       Which is Equivalent to (UTC): 11:10:00 Friday,  Dec. 22, 2017
       Time-Step Length (HHMMSS): 000500
                 VDIFF completed...       0.4848 seconds
                COUPLE completed...       0.0519 seconds
                  HADV completed...       1.6276 seconds
                  ZADV completed...       0.1938 seconds
                 HDIFF completed...       0.1452 seconds
              DECOUPLE completed...       0.0333 seconds
                  PHOT completed...       0.1212 seconds
               CLDPROC completed...       0.1677 seconds
                  CHEM completed...       0.4248 seconds
                  AERO completed...       0.6184 seconds
            Master Time Step
            Processing completed...       3.8707 seconds

     Processing Day/Time [YYYYDDD:HHMMSS]: 2017356:111500
       Which is Equivalent to (UTC): 11:15:00 Friday,  Dec. 22, 2017
       Time-Step Length (HHMMSS): 000500
                 VDIFF completed...       0.4833 seconds
                COUPLE completed...       0.0509 seconds
                  HADV completed...       1.6154 seconds
                  ZADV completed...       0.1956 seconds
                 HDIFF completed...       0.1440 seconds
              DECOUPLE completed...       0.0327 seconds
                  PHOT completed...       0.1207 seconds
               CLDPROC completed...       0.1686 seconds
                  CHEM completed...       0.4256 seconds
                  AERO completed...       0.6179 seconds
            Master Time Step
            Processing completed...       3.8594 seconds

     Processing Day/Time [YYYYDDD:HHMMSS]: 2017356:112000
       Which is Equivalent to (UTC): 11:20:00 Friday,  Dec. 22, 2017
       Time-Step Length (HHMMSS): 000500
                 VDIFF completed...       0.4874 seconds
                COUPLE completed...       0.0503 seconds
                  HADV completed...       1.6363 seconds
                  ZADV completed...       0.1955 seconds
                 HDIFF completed...       0.1433 seconds
              DECOUPLE completed...       0.0323 seconds
                  PHOT completed...       0.1199 seconds
               CLDPROC completed...       0.1696 seconds
                  CHEM completed...       0.4260 seconds
                  AERO completed...       0.6232 seconds
            Master Time Step
            Processing completed...       3.8886 seconds

     Processing Day/Time [YYYYDDD:HHMMSS]: 2017356:112500
       Which is Equivalent to (UTC): 11:25:00 Friday,  Dec. 22, 2017
       Time-Step Length (HHMMSS): 000500
                 VDIFF completed...       0.4799 seconds
                COUPLE completed...       0.0557 seconds
                  HADV completed...       1.6148 seconds
                  ZADV completed...       0.1960 seconds
                 HDIFF completed...       0.1435 seconds
              DECOUPLE completed...       0.0329 seconds
                  PHOT completed...       0.1194 seconds
               CLDPROC completed...       0.1638 seconds
                  CHEM completed...       0.4272 seconds
                  AERO completed...       0.6251 seconds
            Master Time Step
            Processing completed...       3.8625 seconds

     Processing Day/Time [YYYYDDD:HHMMSS]: 2017356:113000
       Which is Equivalent to (UTC): 11:30:00 Friday,  Dec. 22, 2017
       Time-Step Length (HHMMSS): 000500
                 VDIFF completed...       0.4867 seconds
                COUPLE completed...       0.0585 seconds
                  HADV completed...       1.6239 seconds
                  ZADV completed...       0.1962 seconds
                 HDIFF completed...       0.1425 seconds
              DECOUPLE completed...       0.0329 seconds
                  PHOT completed...       0.1192 seconds
               CLDPROC completed...       0.1624 seconds
                  CHEM completed...       0.4227 seconds
                  AERO completed...       0.6226 seconds
            Master Time Step
            Processing completed...       3.8725 seconds

     Processing Day/Time [YYYYDDD:HHMMSS]: 2017356:113500
       Which is Equivalent to (UTC): 11:35:00 Friday,  Dec. 22, 2017
       Time-Step Length (HHMMSS): 000500
                 VDIFF completed...       0.4828 seconds
                COUPLE completed...       0.0628 seconds
                  HADV completed...       1.6221 seconds
                  ZADV completed...       0.1959 seconds
                 HDIFF completed...       0.1434 seconds
              DECOUPLE completed...       0.0330 seconds
                  PHOT completed...       0.1185 seconds
               CLDPROC completed...       0.1622 seconds
                  CHEM completed...       0.4209 seconds
                  AERO completed...       0.6236 seconds
            Master Time Step
            Processing completed...       3.8701 seconds

     Processing Day/Time [YYYYDDD:HHMMSS]: 2017356:114000
       Which is Equivalent to (UTC): 11:40:00 Friday,  Dec. 22, 2017
       Time-Step Length (HHMMSS): 000500
                 VDIFF completed...       0.4756 seconds
                COUPLE completed...       0.0588 seconds
                  HADV completed...       1.6485 seconds
                  ZADV completed...       0.1964 seconds
                 HDIFF completed...       0.1428 seconds
              DECOUPLE completed...       0.0321 seconds
                  PHOT completed...       0.1183 seconds
               CLDPROC completed...       0.1640 seconds
                  CHEM completed...       0.4219 seconds
                  AERO completed...       0.6198 seconds
            Master Time Step
            Processing completed...       3.8834 seconds

     Processing Day/Time [YYYYDDD:HHMMSS]: 2017356:114500
       Which is Equivalent to (UTC): 11:45:00 Friday,  Dec. 22, 2017
       Time-Step Length (HHMMSS): 000500
                 VDIFF completed...       0.4873 seconds
                COUPLE completed...       0.0633 seconds
                  HADV completed...       1.6205 seconds
                  ZADV completed...       0.1953 seconds
                 HDIFF completed...       0.1443 seconds
              DECOUPLE completed...       0.0335 seconds
                  PHOT completed...       0.1183 seconds
               CLDPROC completed...       0.1586 seconds
                  CHEM completed...       0.4213 seconds
                  AERO completed...       0.6241 seconds
            Master Time Step
            Processing completed...       3.8688 seconds

     Processing Day/Time [YYYYDDD:HHMMSS]: 2017356:115000
       Which is Equivalent to (UTC): 11:50:00 Friday,  Dec. 22, 2017
       Time-Step Length (HHMMSS): 000500
                 VDIFF completed...       0.4881 seconds
                COUPLE completed...       0.0786 seconds
                  HADV completed...       1.6099 seconds
                  ZADV completed...       0.1960 seconds
                 HDIFF completed...       0.1433 seconds
              DECOUPLE completed...       0.0329 seconds
                  PHOT completed...       0.1180 seconds
               CLDPROC completed...       0.1506 seconds
                  CHEM completed...       0.4144 seconds
                  AERO completed...       0.6207 seconds
            Master Time Step
            Processing completed...       3.8570 seconds

     Processing Day/Time [YYYYDDD:HHMMSS]: 2017356:115500
       Which is Equivalent to (UTC): 11:55:00 Friday,  Dec. 22, 2017
       Time-Step Length (HHMMSS): 000500
                 VDIFF completed...       1.9127 seconds
                COUPLE completed...       0.1116 seconds
                  HADV completed...       1.1187 seconds
                  ZADV completed...       0.1961 seconds
                 HDIFF completed...       0.1435 seconds
              DECOUPLE completed...       0.0329 seconds
                  PHOT completed...       0.1174 seconds
               CLDPROC completed...       0.9451 seconds
                  CHEM completed...       0.4107 seconds
                  AERO completed...       0.6341 seconds
            Master Time Step
            Processing completed...       5.6273 seconds

      =--> Data Output completed...       1.4092 seconds

     Processing Day/Time [YYYYDDD:HHMMSS]: 2017356:120000
       Which is Equivalent to (UTC): 12:00:00 Friday,  Dec. 22, 2017
       Time-Step Length (HHMMSS): 000500
                 VDIFF completed...       4.6858 seconds
                COUPLE completed...       0.1133 seconds
                  HADV completed...       2.5528 seconds
                  ZADV completed...       0.1967 seconds
                 HDIFF completed...       0.1426 seconds
              DECOUPLE completed...       0.0327 seconds
                  PHOT completed...       0.9805 seconds
               CLDPROC completed...       0.1563 seconds
                  CHEM completed...       0.4124 seconds
                  AERO completed...       0.6326 seconds
            Master Time Step
            Processing completed...       9.9074 seconds

     Processing Day/Time [YYYYDDD:HHMMSS]: 2017356:120500
       Which is Equivalent to (UTC): 12:05:00 Friday,  Dec. 22, 2017
       Time-Step Length (HHMMSS): 000500
                 VDIFF completed...       0.4915 seconds
                COUPLE completed...       0.0870 seconds
                  HADV completed...       1.6014 seconds
                  ZADV completed...       0.2032 seconds
                 HDIFF completed...       0.1355 seconds
              DECOUPLE completed...       0.0333 seconds
                  PHOT completed...       0.1166 seconds
               CLDPROC completed...       0.1447 seconds
                  CHEM completed...       0.4064 seconds
                  AERO completed...       0.6139 seconds
            Master Time Step
            Processing completed...       3.8376 seconds

     Processing Day/Time [YYYYDDD:HHMMSS]: 2017356:121000
       Which is Equivalent to (UTC): 12:10:00 Friday,  Dec. 22, 2017
       Time-Step Length (HHMMSS): 000500
                 VDIFF completed...       0.4770 seconds
                COUPLE completed...       0.0896 seconds
                  HADV completed...       1.6436 seconds
                  ZADV completed...       0.2025 seconds
                 HDIFF completed...       0.1375 seconds
              DECOUPLE completed...       0.0333 seconds
                  PHOT completed...       0.1147 seconds
               CLDPROC completed...       0.1449 seconds
                  CHEM completed...       0.4031 seconds
                  AERO completed...       0.6073 seconds
            Master Time Step
            Processing completed...       3.8570 seconds

     Processing Day/Time [YYYYDDD:HHMMSS]: 2017356:121500
       Which is Equivalent to (UTC): 12:15:00 Friday,  Dec. 22, 2017
       Time-Step Length (HHMMSS): 000500
                 VDIFF completed...       0.4625 seconds
                COUPLE completed...       0.0807 seconds
                  HADV completed...       1.6774 seconds
                  ZADV completed...       0.2033 seconds
                 HDIFF completed...       0.1364 seconds
              DECOUPLE completed...       0.0336 seconds
                  PHOT completed...       0.1154 seconds
               CLDPROC completed...       0.1432 seconds
                  CHEM completed...       0.4021 seconds
                  AERO completed...       0.6025 seconds
            Master Time Step
            Processing completed...       3.8612 seconds

     Processing Day/Time [YYYYDDD:HHMMSS]: 2017356:122000
       Which is Equivalent to (UTC): 12:20:00 Friday,  Dec. 22, 2017
       Time-Step Length (HHMMSS): 000500
                 VDIFF completed...       0.4748 seconds
                COUPLE completed...       0.0891 seconds
                  HADV completed...       1.6577 seconds
                  ZADV completed...       0.2027 seconds
                 HDIFF completed...       0.1370 seconds
              DECOUPLE completed...       0.0334 seconds
                  PHOT completed...       0.1138 seconds
               CLDPROC completed...       0.1442 seconds
                  CHEM completed...       0.3984 seconds
                  AERO completed...       0.5976 seconds
            Master Time Step
            Processing completed...       3.8534 seconds

     Processing Day/Time [YYYYDDD:HHMMSS]: 2017356:122500
       Which is Equivalent to (UTC): 12:25:00 Friday,  Dec. 22, 2017
       Time-Step Length (HHMMSS): 000500
                 VDIFF completed...       0.4382 seconds
                COUPLE completed...       0.0876 seconds
                  HADV completed...       1.7132 seconds
                  ZADV completed...       0.2034 seconds
                 HDIFF completed...       0.1365 seconds
              DECOUPLE completed...       0.0337 seconds
                  PHOT completed...       0.1138 seconds
               CLDPROC completed...       0.1418 seconds
                  CHEM completed...       0.4004 seconds
                  AERO completed...       0.5949 seconds
            Master Time Step
            Processing completed...       3.8678 seconds

     Processing Day/Time [YYYYDDD:HHMMSS]: 2017356:123000
       Which is Equivalent to (UTC): 12:30:00 Friday,  Dec. 22, 2017
       Time-Step Length (HHMMSS): 000500
                 VDIFF completed...       0.4567 seconds
                COUPLE completed...       0.0854 seconds
                  HADV completed...       1.6871 seconds
                  ZADV completed...       0.2031 seconds
                 HDIFF completed...       0.1366 seconds
              DECOUPLE completed...       0.0328 seconds
                  PHOT completed...       0.1148 seconds
               CLDPROC completed...       0.1431 seconds
                  CHEM completed...       0.3969 seconds
                  AERO completed...       0.5946 seconds
            Master Time Step
            Processing completed...       3.8555 seconds

     Processing Day/Time [YYYYDDD:HHMMSS]: 2017356:123500
       Which is Equivalent to (UTC): 12:35:00 Friday,  Dec. 22, 2017
       Time-Step Length (HHMMSS): 000500
                 VDIFF completed...       0.4652 seconds
                COUPLE completed...       0.0909 seconds
                  HADV completed...       1.6943 seconds
                  ZADV completed...       0.2032 seconds
                 HDIFF completed...       0.1363 seconds
              DECOUPLE completed...       0.0333 seconds
                  PHOT completed...       0.1138 seconds
               CLDPROC completed...       0.1406 seconds
                  CHEM completed...       0.3965 seconds
                  AERO completed...       0.5974 seconds
            Master Time Step
            Processing completed...       3.8765 seconds

     Processing Day/Time [YYYYDDD:HHMMSS]: 2017356:124000
       Which is Equivalent to (UTC): 12:40:00 Friday,  Dec. 22, 2017
       Time-Step Length (HHMMSS): 000500
                 VDIFF completed...       0.4231 seconds
                COUPLE completed...       0.0697 seconds
                  HADV completed...       1.7776 seconds
                  ZADV completed...       0.2029 seconds
                 HDIFF completed...       0.1367 seconds
              DECOUPLE completed...       0.0332 seconds
                  PHOT completed...       0.1136 seconds
               CLDPROC completed...       0.1398 seconds
                  CHEM completed...       0.3956 seconds
                  AERO completed...       0.6107 seconds
            Master Time Step
            Processing completed...       3.9040 seconds

     Processing Day/Time [YYYYDDD:HHMMSS]: 2017356:124500
       Which is Equivalent to (UTC): 12:45:00 Friday,  Dec. 22, 2017
       Time-Step Length (HHMMSS): 000500
                 VDIFF completed...       0.3961 seconds
                COUPLE completed...       0.0438 seconds
                  HADV completed...       1.7915 seconds
                  ZADV completed...       0.2032 seconds
                 HDIFF completed...       0.1371 seconds
              DECOUPLE completed...       0.0337 seconds
                  PHOT completed...       0.1127 seconds
               CLDPROC completed...       0.1353 seconds
                  CHEM completed...       0.3960 seconds
                  AERO completed...       0.5904 seconds
            Master Time Step
            Processing completed...       3.8436 seconds

     Processing Day/Time [YYYYDDD:HHMMSS]: 2017356:125000
       Which is Equivalent to (UTC): 12:50:00 Friday,  Dec. 22, 2017
       Time-Step Length (HHMMSS): 000500
                 VDIFF completed...       0.4229 seconds
                COUPLE completed...       0.0538 seconds
                  HADV completed...       1.7826 seconds
                  ZADV completed...       0.2026 seconds
                 HDIFF completed...       0.1361 seconds
              DECOUPLE completed...       0.0334 seconds
                  PHOT completed...       0.1125 seconds
               CLDPROC completed...       0.1317 seconds
                  CHEM completed...       0.3974 seconds
                  AERO completed...       0.5884 seconds
            Master Time Step
            Processing completed...       3.8652 seconds

     Processing Day/Time [YYYYDDD:HHMMSS]: 2017356:125500
       Which is Equivalent to (UTC): 12:55:00 Friday,  Dec. 22, 2017
       Time-Step Length (HHMMSS): 000500
                 VDIFF completed...       1.9542 seconds
                COUPLE completed...       0.1117 seconds
                  HADV completed...       1.1183 seconds
                  ZADV completed...       0.2034 seconds
                 HDIFF completed...       0.1362 seconds
              DECOUPLE completed...       0.0336 seconds
                  PHOT completed...       0.1107 seconds
               CLDPROC completed...       0.9727 seconds
                  CHEM completed...       0.3786 seconds
                  AERO completed...       0.6009 seconds
            Master Time Step
            Processing completed...       5.6237 seconds

      =--> Data Output completed...       1.4201 seconds

     Processing Day/Time [YYYYDDD:HHMMSS]: 2017356:130000
       Which is Equivalent to (UTC): 13:00:00 Friday,  Dec. 22, 2017
       Time-Step Length (HHMMSS): 000500
                 VDIFF completed...       4.4813 seconds
                COUPLE completed...       0.1147 seconds
                  HADV completed...       2.9766 seconds
                  ZADV completed...       0.2035 seconds
                 HDIFF completed...       0.1360 seconds
              DECOUPLE completed...       0.0326 seconds
                  PHOT completed...       1.0126 seconds
               CLDPROC completed...       0.1287 seconds
                  CHEM completed...       0.3929 seconds
                  AERO completed...       0.5851 seconds
            Master Time Step
            Processing completed...      10.0677 seconds

     Processing Day/Time [YYYYDDD:HHMMSS]: 2017356:130500
       Which is Equivalent to (UTC): 13:05:00 Friday,  Dec. 22, 2017
       Time-Step Length (HHMMSS): 000500
                 VDIFF completed...       0.4327 seconds
                COUPLE completed...       0.0506 seconds
                  HADV completed...       1.7445 seconds
                  ZADV completed...       0.1980 seconds
                 HDIFF completed...       0.1415 seconds
              DECOUPLE completed...       0.0328 seconds
                  PHOT completed...       0.1122 seconds
               CLDPROC completed...       0.1255 seconds
                  CHEM completed...       0.3912 seconds
                  AERO completed...       0.5859 seconds
            Master Time Step
            Processing completed...       3.8190 seconds

     Processing Day/Time [YYYYDDD:HHMMSS]: 2017356:131000
       Which is Equivalent to (UTC): 13:10:00 Friday,  Dec. 22, 2017
       Time-Step Length (HHMMSS): 000500
                 VDIFF completed...       0.4329 seconds
                COUPLE completed...       0.0457 seconds
                  HADV completed...       1.8400 seconds
                  ZADV completed...       0.1971 seconds
                 HDIFF completed...       0.1440 seconds
              DECOUPLE completed...       0.0332 seconds
                  PHOT completed...       0.1111 seconds
               CLDPROC completed...       0.1264 seconds
                  CHEM completed...       0.3920 seconds
                  AERO completed...       0.5858 seconds
            Master Time Step
            Processing completed...       3.9091 seconds

     Processing Day/Time [YYYYDDD:HHMMSS]: 2017356:131500
       Which is Equivalent to (UTC): 13:15:00 Friday,  Dec. 22, 2017
       Time-Step Length (HHMMSS): 000500
                 VDIFF completed...       0.4461 seconds
                COUPLE completed...       0.0455 seconds
                  HADV completed...       1.8610 seconds
                  ZADV completed...       0.1974 seconds
                 HDIFF completed...       0.1418 seconds
              DECOUPLE completed...       0.0327 seconds
                  PHOT completed...       0.1104 seconds
               CLDPROC completed...       0.1274 seconds
                  CHEM completed...       0.3918 seconds
                  AERO completed...       0.5829 seconds
            Master Time Step
            Processing completed...       3.9407 seconds

     Processing Day/Time [YYYYDDD:HHMMSS]: 2017356:132000
       Which is Equivalent to (UTC): 13:20:00 Friday,  Dec. 22, 2017
       Time-Step Length (HHMMSS): 000500
                 VDIFF completed...       0.4339 seconds
                COUPLE completed...       0.0489 seconds
                  HADV completed...       1.9087 seconds
                  ZADV completed...       0.1967 seconds
                 HDIFF completed...       0.1424 seconds
              DECOUPLE completed...       0.0325 seconds
                  PHOT completed...       0.1115 seconds
               CLDPROC completed...       0.1285 seconds
                  CHEM completed...       0.3919 seconds
                  AERO completed...       0.5820 seconds
            Master Time Step
            Processing completed...       3.9811 seconds

     Processing Day/Time [YYYYDDD:HHMMSS]: 2017356:132500
       Which is Equivalent to (UTC): 13:25:00 Friday,  Dec. 22, 2017
       Time-Step Length (HHMMSS): 000500
                 VDIFF completed...       0.4332 seconds
                COUPLE completed...       0.0457 seconds
                  HADV completed...       1.9236 seconds
                  ZADV completed...       0.1978 seconds
                 HDIFF completed...       0.1422 seconds
              DECOUPLE completed...       0.0328 seconds
                  PHOT completed...       0.1099 seconds
               CLDPROC completed...       0.1289 seconds
                  CHEM completed...       0.3911 seconds
                  AERO completed...       0.5820 seconds
            Master Time Step
            Processing completed...       3.9915 seconds

     Processing Day/Time [YYYYDDD:HHMMSS]: 2017356:133000
       Which is Equivalent to (UTC): 13:30:00 Friday,  Dec. 22, 2017
       Time-Step Length (HHMMSS): 000500
                 VDIFF completed...       0.4334 seconds
                COUPLE completed...       0.0477 seconds
                  HADV completed...       1.9603 seconds
                  ZADV completed...       0.1975 seconds
                 HDIFF completed...       0.1420 seconds
              DECOUPLE completed...       0.0327 seconds
                  PHOT completed...       0.1097 seconds
               CLDPROC completed...       0.1290 seconds
                  CHEM completed...       0.3885 seconds
                  AERO completed...       0.5809 seconds
            Master Time Step
            Processing completed...       4.0258 seconds

     Processing Day/Time [YYYYDDD:HHMMSS]: 2017356:133500
       Which is Equivalent to (UTC): 13:35:00 Friday,  Dec. 22, 2017
       Time-Step Length (HHMMSS): 000500
                 VDIFF completed...       0.4384 seconds
                COUPLE completed...       0.0508 seconds
                  HADV completed...       1.9760 seconds
                  ZADV completed...       0.1976 seconds
                 HDIFF completed...       0.1423 seconds
              DECOUPLE completed...       0.0328 seconds
                  PHOT completed...       0.1098 seconds
               CLDPROC completed...       0.1264 seconds
                  CHEM completed...       0.3873 seconds
                  AERO completed...       0.5804 seconds
            Master Time Step
            Processing completed...       4.0465 seconds

     Processing Day/Time [YYYYDDD:HHMMSS]: 2017356:134000
       Which is Equivalent to (UTC): 13:40:00 Friday,  Dec. 22, 2017
       Time-Step Length (HHMMSS): 000500
                 VDIFF completed...       0.4486 seconds
                COUPLE completed...       0.0539 seconds
                  HADV completed...       2.1796 seconds
                  ZADV completed...       0.1975 seconds
                 HDIFF completed...       0.1422 seconds
              DECOUPLE completed...       0.0334 seconds
                  PHOT completed...       0.1097 seconds
               CLDPROC completed...       0.1249 seconds
                  CHEM completed...       0.3895 seconds
                  AERO completed...       0.5792 seconds
            Master Time Step
            Processing completed...       4.2623 seconds

     Processing Day/Time [YYYYDDD:HHMMSS]: 2017356:134500
       Which is Equivalent to (UTC): 13:45:00 Friday,  Dec. 22, 2017
       Time-Step Length (HHMMSS): 000500
                 VDIFF completed...       0.4303 seconds
                COUPLE completed...       0.0529 seconds
                  HADV completed...       2.0043 seconds
                  ZADV completed...       0.1982 seconds
                 HDIFF completed...       0.1407 seconds
              DECOUPLE completed...       0.0328 seconds
                  PHOT completed...       0.1095 seconds
               CLDPROC completed...       0.1222 seconds
                  CHEM completed...       0.3890 seconds
                  AERO completed...       0.5777 seconds
            Master Time Step
            Processing completed...       4.0625 seconds

     Processing Day/Time [YYYYDDD:HHMMSS]: 2017356:135000
       Which is Equivalent to (UTC): 13:50:00 Friday,  Dec. 22, 2017
       Time-Step Length (HHMMSS): 000500
                 VDIFF completed...       0.4251 seconds
                COUPLE completed...       0.0501 seconds
                  HADV completed...       2.0569 seconds
                  ZADV completed...       0.1971 seconds
                 HDIFF completed...       0.1420 seconds
              DECOUPLE completed...       0.0334 seconds
                  PHOT completed...       0.1084 seconds
               CLDPROC completed...       0.1193 seconds
                  CHEM completed...       0.3928 seconds
                  AERO completed...       0.5772 seconds
            Master Time Step
            Processing completed...       4.1071 seconds

     Processing Day/Time [YYYYDDD:HHMMSS]: 2017356:135500
       Which is Equivalent to (UTC): 13:55:00 Friday,  Dec. 22, 2017
       Time-Step Length (HHMMSS): 000500
                 VDIFF completed...       2.1339 seconds
                COUPLE completed...       0.1116 seconds
                  HADV completed...       1.1245 seconds
                  ZADV completed...       0.1981 seconds
                 HDIFF completed...       0.1420 seconds
              DECOUPLE completed...       0.0328 seconds
                  PHOT completed...       0.1088 seconds
               CLDPROC completed...       1.1143 seconds
                  CHEM completed...       0.3741 seconds
                  AERO completed...       0.5853 seconds
            Master Time Step
            Processing completed...       5.9284 seconds

      =--> Data Output completed...       1.4539 seconds

     Processing Day/Time [YYYYDDD:HHMMSS]: 2017356:140000
       Which is Equivalent to (UTC): 14:00:00 Friday,  Dec. 22, 2017
       Time-Step Length (HHMMSS): 000500
                 VDIFF completed...       4.4517 seconds
                COUPLE completed...       0.1152 seconds
                  HADV completed...       2.8329 seconds
                  ZADV completed...       0.1994 seconds
                 HDIFF completed...       0.1399 seconds
              DECOUPLE completed...       0.0330 seconds
                  PHOT completed...       0.9710 seconds
               CLDPROC completed...       0.1192 seconds
                  CHEM completed...       0.3910 seconds
                  AERO completed...       0.5781 seconds
            Master Time Step
            Processing completed...       9.8361 seconds

     Processing Day/Time [YYYYDDD:HHMMSS]: 2017356:140500
       Which is Equivalent to (UTC): 14:05:00 Friday,  Dec. 22, 2017
       Time-Step Length (HHMMSS): 000500
                 VDIFF completed...       0.4275 seconds
                COUPLE completed...       0.0377 seconds
                  HADV completed...       2.0350 seconds
                  ZADV completed...       0.2034 seconds
                 HDIFF completed...       0.1368 seconds
              DECOUPLE completed...       0.0333 seconds
                  PHOT completed...       0.1082 seconds
               CLDPROC completed...       0.1192 seconds
                  CHEM completed...       0.3856 seconds
                  AERO completed...       0.5771 seconds
            Master Time Step
            Processing completed...       4.0677 seconds

     Processing Day/Time [YYYYDDD:HHMMSS]: 2017356:141000
       Which is Equivalent to (UTC): 14:10:00 Friday,  Dec. 22, 2017
       Time-Step Length (HHMMSS): 000500
                 VDIFF completed...       0.4235 seconds
                COUPLE completed...       0.0392 seconds
                  HADV completed...       2.0037 seconds
                  ZADV completed...       0.2031 seconds
                 HDIFF completed...       0.1369 seconds
              DECOUPLE completed...       0.0338 seconds
                  PHOT completed...       0.1081 seconds
               CLDPROC completed...       0.1211 seconds
                  CHEM completed...       0.3821 seconds
                  AERO completed...       0.5754 seconds
            Master Time Step
            Processing completed...       4.0289 seconds

     Processing Day/Time [YYYYDDD:HHMMSS]: 2017356:141500
       Which is Equivalent to (UTC): 14:15:00 Friday,  Dec. 22, 2017
       Time-Step Length (HHMMSS): 000500
                 VDIFF completed...       0.4411 seconds
                COUPLE completed...       0.0398 seconds
                  HADV completed...       2.0317 seconds
                  ZADV completed...       0.2035 seconds
                 HDIFF completed...       0.1375 seconds
              DECOUPLE completed...       0.0337 seconds
                  PHOT completed...       0.1071 seconds
               CLDPROC completed...       0.1240 seconds
                  CHEM completed...       0.3796 seconds
                  AERO completed...       0.5744 seconds
            Master Time Step
            Processing completed...       4.0764 seconds

     Processing Day/Time [YYYYDDD:HHMMSS]: 2017356:142000
       Which is Equivalent to (UTC): 14:20:00 Friday,  Dec. 22, 2017
       Time-Step Length (HHMMSS): 000500
                 VDIFF completed...       0.4591 seconds
                COUPLE completed...       0.0422 seconds
                  HADV completed...       1.9970 seconds
                  ZADV completed...       0.2027 seconds
                 HDIFF completed...       0.1391 seconds
              DECOUPLE completed...       0.0344 seconds
                  PHOT completed...       0.1065 seconds
               CLDPROC completed...       0.1278 seconds
                  CHEM completed...       0.3791 seconds
                  AERO completed...       0.5737 seconds
            Master Time Step
            Processing completed...       4.0658 seconds

     Processing Day/Time [YYYYDDD:HHMMSS]: 2017356:142500
       Which is Equivalent to (UTC): 14:25:00 Friday,  Dec. 22, 2017
       Time-Step Length (HHMMSS): 000500
                 VDIFF completed...       0.5097 seconds
                COUPLE completed...       0.0485 seconds
                  HADV completed...       1.9293 seconds
                  ZADV completed...       0.2040 seconds
                 HDIFF completed...       0.1357 seconds
              DECOUPLE completed...       0.0340 seconds
                  PHOT completed...       0.1069 seconds
               CLDPROC completed...       0.1279 seconds
                  CHEM completed...       0.3786 seconds
                  AERO completed...       0.5745 seconds
            Master Time Step
            Processing completed...       4.0532 seconds

     Processing Day/Time [YYYYDDD:HHMMSS]: 2017356:143000
       Which is Equivalent to (UTC): 14:30:00 Friday,  Dec. 22, 2017
       Time-Step Length (HHMMSS): 000500
                 VDIFF completed...       0.5767 seconds
                COUPLE completed...       0.0649 seconds
                  HADV completed...       1.8600 seconds
                  ZADV completed...       0.2030 seconds
                 HDIFF completed...       0.1366 seconds
              DECOUPLE completed...       0.0343 seconds
                  PHOT completed...       0.1330 seconds
               CLDPROC completed...       0.1284 seconds
                  CHEM completed...       0.3801 seconds
                  AERO completed...       0.5844 seconds
            Master Time Step
            Processing completed...       4.1052 seconds

     Processing Day/Time [YYYYDDD:HHMMSS]: 2017356:143500
       Which is Equivalent to (UTC): 14:35:00 Friday,  Dec. 22, 2017
       Time-Step Length (HHMMSS): 000500
                 VDIFF completed...       0.5705 seconds
                COUPLE completed...       0.0497 seconds
                  HADV completed...       1.8440 seconds
                  ZADV completed...       0.2035 seconds
                 HDIFF completed...       0.1366 seconds
              DECOUPLE completed...       0.0336 seconds
                  PHOT completed...       0.1778 seconds
               CLDPROC completed...       0.1397 seconds
                  CHEM completed...       0.3841 seconds
                  AERO completed...       0.5727 seconds
            Master Time Step
            Processing completed...       4.1161 seconds

     Processing Day/Time [YYYYDDD:HHMMSS]: 2017356:144000
       Which is Equivalent to (UTC): 14:40:00 Friday,  Dec. 22, 2017
       Time-Step Length (HHMMSS): 000500
                 VDIFF completed...       0.5265 seconds
                COUPLE completed...       0.0450 seconds
                  HADV completed...       1.8895 seconds
                  ZADV completed...       0.2030 seconds
                 HDIFF completed...       0.1371 seconds
              DECOUPLE completed...       0.0345 seconds
                  PHOT completed...       0.2209 seconds
               CLDPROC completed...       0.1493 seconds
                  CHEM completed...       0.3813 seconds
                  AERO completed...       0.5724 seconds
            Master Time Step
            Processing completed...       4.1638 seconds

     Processing Day/Time [YYYYDDD:HHMMSS]: 2017356:144500
       Which is Equivalent to (UTC): 14:45:00 Friday,  Dec. 22, 2017
       Time-Step Length (HHMMSS): 000500
                 VDIFF completed...       0.5287 seconds
                COUPLE completed...       0.0575 seconds
                  HADV completed...       1.7944 seconds
                  ZADV completed...       0.2033 seconds
                 HDIFF completed...       0.1365 seconds
              DECOUPLE completed...       0.0333 seconds
                  PHOT completed...       0.2486 seconds
               CLDPROC completed...       0.1598 seconds
                  CHEM completed...       0.3747 seconds
                  AERO completed...       0.5710 seconds
            Master Time Step
            Processing completed...       4.1118 seconds

     Processing Day/Time [YYYYDDD:HHMMSS]: 2017356:145000
       Which is Equivalent to (UTC): 14:50:00 Friday,  Dec. 22, 2017
       Time-Step Length (HHMMSS): 000500
                 VDIFF completed...       0.6747 seconds
                COUPLE completed...       0.0693 seconds
                  HADV completed...       1.5861 seconds
                  ZADV completed...       0.2027 seconds
                 HDIFF completed...       0.1370 seconds
              DECOUPLE completed...       0.0332 seconds
                  PHOT completed...       0.2496 seconds
               CLDPROC completed...       0.1592 seconds
                  CHEM completed...       0.3754 seconds
                  AERO completed...       0.5713 seconds
            Master Time Step
            Processing completed...       4.0627 seconds

     Processing Day/Time [YYYYDDD:HHMMSS]: 2017356:145500
       Which is Equivalent to (UTC): 14:55:00 Friday,  Dec. 22, 2017
       Time-Step Length (HHMMSS): 000500
                 VDIFF completed...       2.0370 seconds
                COUPLE completed...       0.1115 seconds
                  HADV completed...       1.0513 seconds
                  ZADV completed...       0.2028 seconds
                 HDIFF completed...       0.1363 seconds
              DECOUPLE completed...       0.0335 seconds
                  PHOT completed...       0.2592 seconds
               CLDPROC completed...       0.9745 seconds
                  CHEM completed...       0.4280 seconds
                  AERO completed...       0.5735 seconds
            Master Time Step
            Processing completed...       5.8113 seconds

      =--> Data Output completed...       1.5685 seconds

     Processing Day/Time [YYYYDDD:HHMMSS]: 2017356:150000
       Which is Equivalent to (UTC): 15:00:00 Friday,  Dec. 22, 2017
       Time-Step Length (HHMMSS): 000500
                 VDIFF completed...       4.7205 seconds
                COUPLE completed...       0.1047 seconds
                  HADV completed...       2.8692 seconds
                  ZADV completed...       0.2026 seconds
                 HDIFF completed...       0.1359 seconds
              DECOUPLE completed...       0.0333 seconds
                  PHOT completed...       1.1772 seconds
               CLDPROC completed...       0.1571 seconds
                  CHEM completed...       0.5299 seconds
                  AERO completed...       0.5996 seconds
            Master Time Step
            Processing completed...      10.5344 seconds

     Processing Day/Time [YYYYDDD:HHMMSS]: 2017356:150500
       Which is Equivalent to (UTC): 15:05:00 Friday,  Dec. 22, 2017
       Time-Step Length (HHMMSS): 000500
                 VDIFF completed...       0.5451 seconds
                COUPLE completed...       0.0350 seconds
                  HADV completed...       1.4984 seconds
                  ZADV completed...       0.2029 seconds
                 HDIFF completed...       0.1365 seconds
              DECOUPLE completed...       0.0331 seconds
                  PHOT completed...       0.3006 seconds
               CLDPROC completed...       0.1450 seconds
                  CHEM completed...       0.6019 seconds
                  AERO completed...       0.5853 seconds
            Master Time Step
            Processing completed...       4.0872 seconds

     Processing Day/Time [YYYYDDD:HHMMSS]: 2017356:151000
       Which is Equivalent to (UTC): 15:10:00 Friday,  Dec. 22, 2017
       Time-Step Length (HHMMSS): 000500
                 VDIFF completed...       0.4473 seconds
                COUPLE completed...       0.0318 seconds
                  HADV completed...       1.5828 seconds
                  ZADV completed...       0.2034 seconds
                 HDIFF completed...       0.1361 seconds
              DECOUPLE completed...       0.0330 seconds
                  PHOT completed...       0.3085 seconds
               CLDPROC completed...       0.1438 seconds
                  CHEM completed...       0.6224 seconds
                  AERO completed...       0.5796 seconds
            Master Time Step
            Processing completed...       4.0921 seconds

     Processing Day/Time [YYYYDDD:HHMMSS]: 2017356:151500
       Which is Equivalent to (UTC): 15:15:00 Friday,  Dec. 22, 2017
       Time-Step Length (HHMMSS): 000500
                 VDIFF completed...       0.4285 seconds
                COUPLE completed...       0.0320 seconds
                  HADV completed...       1.5933 seconds
                  ZADV completed...       0.2034 seconds
                 HDIFF completed...       0.1365 seconds
              DECOUPLE completed...       0.0332 seconds
                  PHOT completed...       0.3076 seconds
               CLDPROC completed...       0.1466 seconds
                  CHEM completed...       0.5938 seconds
                  AERO completed...       0.5874 seconds
            Master Time Step
            Processing completed...       4.0660 seconds

     Processing Day/Time [YYYYDDD:HHMMSS]: 2017356:152000
       Which is Equivalent to (UTC): 15:20:00 Friday,  Dec. 22, 2017
       Time-Step Length (HHMMSS): 000500
                 VDIFF completed...       0.4433 seconds
                COUPLE completed...       0.0332 seconds
                  HADV completed...       1.6181 seconds
                  ZADV completed...       0.2024 seconds
                 HDIFF completed...       0.1365 seconds
              DECOUPLE completed...       0.0332 seconds
                  PHOT completed...       0.3072 seconds
               CLDPROC completed...       0.1492 seconds
                  CHEM completed...       0.5873 seconds
                  AERO completed...       0.5907 seconds
            Master Time Step
            Processing completed...       4.1046 seconds

     Processing Day/Time [YYYYDDD:HHMMSS]: 2017356:152500
       Which is Equivalent to (UTC): 15:25:00 Friday,  Dec. 22, 2017
       Time-Step Length (HHMMSS): 000500
                 VDIFF completed...       0.4590 seconds
                COUPLE completed...       0.0326 seconds
                  HADV completed...       1.6122 seconds
                  ZADV completed...       0.2033 seconds
                 HDIFF completed...       0.1449 seconds
              DECOUPLE completed...       0.0345 seconds
                  PHOT completed...       0.2984 seconds
               CLDPROC completed...       0.1488 seconds
                  CHEM completed...       0.5876 seconds
                  AERO completed...       0.5894 seconds
            Master Time Step
            Processing completed...       4.1137 seconds

     Processing Day/Time [YYYYDDD:HHMMSS]: 2017356:153000
       Which is Equivalent to (UTC): 15:30:00 Friday,  Dec. 22, 2017
       Time-Step Length (HHMMSS): 000500
                 VDIFF completed...       0.4432 seconds
                COUPLE completed...       0.0330 seconds
                  HADV completed...       1.6368 seconds
                  ZADV completed...       0.2029 seconds
                 HDIFF completed...       0.1358 seconds
              DECOUPLE completed...       0.0324 seconds
                  PHOT completed...       0.3080 seconds
               CLDPROC completed...       0.1511 seconds
                  CHEM completed...       0.6094 seconds
                  AERO completed...       0.5851 seconds
            Master Time Step
            Processing completed...       4.1418 seconds

     Processing Day/Time [YYYYDDD:HHMMSS]: 2017356:153500
       Which is Equivalent to (UTC): 15:35:00 Friday,  Dec. 22, 2017
       Time-Step Length (HHMMSS): 000500
                 VDIFF completed...       0.4380 seconds
                COUPLE completed...       0.0328 seconds
                  HADV completed...       1.8054 seconds
                  ZADV completed...       0.1978 seconds
                 HDIFF completed...       0.1397 seconds
              DECOUPLE completed...       0.0331 seconds
                  PHOT completed...       0.3070 seconds
               CLDPROC completed...       0.1508 seconds
                  CHEM completed...       0.5946 seconds
                  AERO completed...       0.6001 seconds
            Master Time Step
            Processing completed...       4.3030 seconds

     Processing Day/Time [YYYYDDD:HHMMSS]: 2017356:154000
       Which is Equivalent to (UTC): 15:40:00 Friday,  Dec. 22, 2017
       Time-Step Length (HHMMSS): 000500
                 VDIFF completed...       0.4359 seconds
                COUPLE completed...       0.0335 seconds
                  HADV completed...       1.6405 seconds
                  ZADV completed...       0.2028 seconds
                 HDIFF completed...       0.1359 seconds
              DECOUPLE completed...       0.0332 seconds
                  PHOT completed...       0.3075 seconds
               CLDPROC completed...       0.1523 seconds
                  CHEM completed...       0.6022 seconds
                  AERO completed...       0.5820 seconds
            Master Time Step
            Processing completed...       4.1294 seconds

     Processing Day/Time [YYYYDDD:HHMMSS]: 2017356:154500
       Which is Equivalent to (UTC): 15:45:00 Friday,  Dec. 22, 2017
       Time-Step Length (HHMMSS): 000500
                 VDIFF completed...       0.4509 seconds
                COUPLE completed...       0.0331 seconds
                  HADV completed...       1.6436 seconds
                  ZADV completed...       0.2033 seconds
                 HDIFF completed...       0.1360 seconds
              DECOUPLE completed...       0.0335 seconds
                  PHOT completed...       0.3069 seconds
               CLDPROC completed...       0.1514 seconds
                  CHEM completed...       0.6037 seconds
                  AERO completed...       0.5801 seconds
            Master Time Step
            Processing completed...       4.1458 seconds

     Processing Day/Time [YYYYDDD:HHMMSS]: 2017356:155000
       Which is Equivalent to (UTC): 15:50:00 Friday,  Dec. 22, 2017
       Time-Step Length (HHMMSS): 000500
                 VDIFF completed...       0.4416 seconds
                COUPLE completed...       0.0327 seconds
                  HADV completed...       1.6538 seconds
                  ZADV completed...       0.2032 seconds
                 HDIFF completed...       0.1358 seconds
              DECOUPLE completed...       0.0334 seconds
                  PHOT completed...       0.3073 seconds
               CLDPROC completed...       0.1510 seconds
                  CHEM completed...       0.6014 seconds
                  AERO completed...       0.5796 seconds
            Master Time Step
            Processing completed...       4.1436 seconds

     Processing Day/Time [YYYYDDD:HHMMSS]: 2017356:155500
       Which is Equivalent to (UTC): 15:55:00 Friday,  Dec. 22, 2017
       Time-Step Length (HHMMSS): 000500
                 VDIFF completed...       1.8377 seconds
                COUPLE completed...       0.1120 seconds
                  HADV completed...       1.0497 seconds
                  ZADV completed...       0.2031 seconds
                 HDIFF completed...       0.1364 seconds
              DECOUPLE completed...       0.0331 seconds
                  PHOT completed...       0.3067 seconds
               CLDPROC completed...       0.9877 seconds
                  CHEM completed...       0.5979 seconds
                  AERO completed...       0.6049 seconds
            Master Time Step
            Processing completed...       5.8729 seconds

      =--> Data Output completed...       1.4016 seconds

     Processing Day/Time [YYYYDDD:HHMMSS]: 2017356:160000
       Which is Equivalent to (UTC): 16:00:00 Friday,  Dec. 22, 2017
       Time-Step Length (HHMMSS): 000500
                 VDIFF completed...       4.3773 seconds
                COUPLE completed...       0.1129 seconds
                  HADV completed...       2.7777 seconds
                  ZADV completed...       0.2033 seconds
                 HDIFF completed...       0.1360 seconds
              DECOUPLE completed...       0.0323 seconds
                  PHOT completed...       1.2599 seconds
               CLDPROC completed...       0.1557 seconds
                  CHEM completed...       0.5978 seconds
                  AERO completed...       0.5784 seconds
            Master Time Step
            Processing completed...      10.2351 seconds

     Processing Day/Time [YYYYDDD:HHMMSS]: 2017356:160500
       Which is Equivalent to (UTC): 16:05:00 Friday,  Dec. 22, 2017
       Time-Step Length (HHMMSS): 000500
                 VDIFF completed...       0.4722 seconds
                COUPLE completed...       0.0337 seconds
                  HADV completed...       1.5744 seconds
                  ZADV completed...       0.2038 seconds
                 HDIFF completed...       0.1356 seconds
              DECOUPLE completed...       0.0327 seconds
                  PHOT completed...       0.3101 seconds
               CLDPROC completed...       0.1528 seconds
                  CHEM completed...       0.5939 seconds
                  AERO completed...       0.5790 seconds
            Master Time Step
            Processing completed...       4.0891 seconds

     Processing Day/Time [YYYYDDD:HHMMSS]: 2017356:161000
       Which is Equivalent to (UTC): 16:10:00 Friday,  Dec. 22, 2017
       Time-Step Length (HHMMSS): 000500
                 VDIFF completed...       0.4704 seconds
                COUPLE completed...       0.0335 seconds
                  HADV completed...       1.6790 seconds
                  ZADV completed...       0.2034 seconds
                 HDIFF completed...       0.1365 seconds
              DECOUPLE completed...       0.0333 seconds
                  PHOT completed...       0.3087 seconds
               CLDPROC completed...       0.1552 seconds
                  CHEM completed...       0.5927 seconds
                  AERO completed...       0.5718 seconds
            Master Time Step
            Processing completed...       4.1854 seconds

     Processing Day/Time [YYYYDDD:HHMMSS]: 2017356:161500
       Which is Equivalent to (UTC): 16:15:00 Friday,  Dec. 22, 2017
       Time-Step Length (HHMMSS): 000500
                 VDIFF completed...       0.4741 seconds
                COUPLE completed...       0.0336 seconds
                  HADV completed...       1.6850 seconds
                  ZADV completed...       0.2031 seconds
                 HDIFF completed...       0.1365 seconds
              DECOUPLE completed...       0.0339 seconds
                  PHOT completed...       0.3066 seconds
               CLDPROC completed...       0.1549 seconds
                  CHEM completed...       0.5903 seconds
                  AERO completed...       0.5739 seconds
            Master Time Step
            Processing completed...       4.1958 seconds

     Processing Day/Time [YYYYDDD:HHMMSS]: 2017356:162000
       Which is Equivalent to (UTC): 16:20:00 Friday,  Dec. 22, 2017
       Time-Step Length (HHMMSS): 000500
                 VDIFF completed...       0.4660 seconds
                COUPLE completed...       0.0335 seconds
                  HADV completed...       1.7039 seconds
                  ZADV completed...       0.2029 seconds
                 HDIFF completed...       0.1357 seconds
              DECOUPLE completed...       0.0336 seconds
                  PHOT completed...       0.3070 seconds
               CLDPROC completed...       0.1559 seconds
                  CHEM completed...       0.5870 seconds
                  AERO completed...       0.5720 seconds
            Master Time Step
            Processing completed...       4.2014 seconds

     Processing Day/Time [YYYYDDD:HHMMSS]: 2017356:162500
       Which is Equivalent to (UTC): 16:25:00 Friday,  Dec. 22, 2017
       Time-Step Length (HHMMSS): 000500
                 VDIFF completed...       0.4738 seconds
                COUPLE completed...       0.0334 seconds
                  HADV completed...       1.7110 seconds
                  ZADV completed...       0.2036 seconds
                 HDIFF completed...       0.1354 seconds
              DECOUPLE completed...       0.0333 seconds
                  PHOT completed...       0.3077 seconds
               CLDPROC completed...       0.1563 seconds
                  CHEM completed...       0.5853 seconds
                  AERO completed...       0.5769 seconds
            Master Time Step
            Processing completed...       4.2205 seconds

     Processing Day/Time [YYYYDDD:HHMMSS]: 2017356:163000
       Which is Equivalent to (UTC): 16:30:00 Friday,  Dec. 22, 2017
       Time-Step Length (HHMMSS): 000500
                 VDIFF completed...       0.4661 seconds
                COUPLE completed...       0.0332 seconds
                  HADV completed...       1.7248 seconds
                  ZADV completed...       0.2032 seconds
                 HDIFF completed...       0.1358 seconds
              DECOUPLE completed...       0.0332 seconds
                  PHOT completed...       0.3078 seconds
               CLDPROC completed...       0.1563 seconds
                  CHEM completed...       0.5825 seconds
                  AERO completed...       0.5765 seconds
            Master Time Step
            Processing completed...       4.2234 seconds

     Processing Day/Time [YYYYDDD:HHMMSS]: 2017356:163500
       Which is Equivalent to (UTC): 16:35:00 Friday,  Dec. 22, 2017
       Time-Step Length (HHMMSS): 000500
                 VDIFF completed...       0.4658 seconds
                COUPLE completed...       0.0329 seconds
                  HADV completed...       1.8008 seconds
                  ZADV completed...       0.2034 seconds
                 HDIFF completed...       0.1362 seconds
              DECOUPLE completed...       0.0338 seconds
                  PHOT completed...       0.3070 seconds
               CLDPROC completed...       0.1559 seconds
                  CHEM completed...       0.5810 seconds
                  AERO completed...       0.5773 seconds
            Master Time Step
            Processing completed...       4.2982 seconds

     Processing Day/Time [YYYYDDD:HHMMSS]: 2017356:164000
       Which is Equivalent to (UTC): 16:40:00 Friday,  Dec. 22, 2017
       Time-Step Length (HHMMSS): 000500
                 VDIFF completed...       0.4691 seconds
                COUPLE completed...       0.0348 seconds
                  HADV completed...       1.7407 seconds
                  ZADV completed...       0.2029 seconds
                 HDIFF completed...       0.1356 seconds
              DECOUPLE completed...       0.0342 seconds
                  PHOT completed...       0.3066 seconds
               CLDPROC completed...       0.1559 seconds
                  CHEM completed...       0.5787 seconds
                  AERO completed...       0.5770 seconds
            Master Time Step
            Processing completed...       4.2391 seconds

     Processing Day/Time [YYYYDDD:HHMMSS]: 2017356:164500
       Which is Equivalent to (UTC): 16:45:00 Friday,  Dec. 22, 2017
       Time-Step Length (HHMMSS): 000500
                 VDIFF completed...       0.4579 seconds
                COUPLE completed...       0.0342 seconds
                  HADV completed...       1.7549 seconds
                  ZADV completed...       0.2033 seconds
                 HDIFF completed...       0.1349 seconds
              DECOUPLE completed...       0.0329 seconds
                  PHOT completed...       0.3084 seconds
               CLDPROC completed...       0.1538 seconds
                  CHEM completed...       0.5806 seconds
                  AERO completed...       0.5762 seconds
            Master Time Step
            Processing completed...       4.2415 seconds

     Processing Day/Time [YYYYDDD:HHMMSS]: 2017356:165000
       Which is Equivalent to (UTC): 16:50:00 Friday,  Dec. 22, 2017
       Time-Step Length (HHMMSS): 000500
                 VDIFF completed...       0.4637 seconds
                COUPLE completed...       0.0336 seconds
                  HADV completed...       1.7501 seconds
                  ZADV completed...       0.2024 seconds
                 HDIFF completed...       0.1355 seconds
              DECOUPLE completed...       0.0334 seconds
                  PHOT completed...       0.3076 seconds
               CLDPROC completed...       0.1542 seconds
                  CHEM completed...       0.5803 seconds
                  AERO completed...       0.5798 seconds
            Master Time Step
            Processing completed...       4.2453 seconds

     Processing Day/Time [YYYYDDD:HHMMSS]: 2017356:165500
       Which is Equivalent to (UTC): 16:55:00 Friday,  Dec. 22, 2017
       Time-Step Length (HHMMSS): 000500
                 VDIFF completed...       1.8973 seconds
                COUPLE completed...       0.1100 seconds
                  HADV completed...       1.0503 seconds
                  ZADV completed...       0.2033 seconds
                 HDIFF completed...       0.1357 seconds
              DECOUPLE completed...       0.0335 seconds
                  PHOT completed...       0.3079 seconds
               CLDPROC completed...       1.0288 seconds
                  CHEM completed...       0.5890 seconds
                  AERO completed...       0.5971 seconds
            Master Time Step
            Processing completed...       5.9566 seconds

      =--> Data Output completed...       1.3420 seconds

     Processing Day/Time [YYYYDDD:HHMMSS]: 2017356:170000
       Which is Equivalent to (UTC): 17:00:00 Friday,  Dec. 22, 2017
       Time-Step Length (HHMMSS): 000500
                 VDIFF completed...       4.9294 seconds
                COUPLE completed...       0.1140 seconds
                  HADV completed...       2.8290 seconds
                  ZADV completed...       0.2023 seconds
                 HDIFF completed...       0.1363 seconds
              DECOUPLE completed...       0.0327 seconds
                  PHOT completed...       1.2036 seconds
               CLDPROC completed...       0.1580 seconds
                  CHEM completed...       0.5798 seconds
                  AERO completed...       0.5800 seconds
            Master Time Step
            Processing completed...      10.7676 seconds

     Processing Day/Time [YYYYDDD:HHMMSS]: 2017356:170500
       Which is Equivalent to (UTC): 17:05:00 Friday,  Dec. 22, 2017
       Time-Step Length (HHMMSS): 000500
                 VDIFF completed...       0.4634 seconds
                COUPLE completed...       0.0351 seconds
                  HADV completed...       1.7548 seconds
                  ZADV completed...       0.1985 seconds
                 HDIFF completed...       0.1404 seconds
              DECOUPLE completed...       0.0326 seconds
                  PHOT completed...       0.3070 seconds
               CLDPROC completed...       0.1540 seconds
                  CHEM completed...       0.5776 seconds
                  AERO completed...       0.5779 seconds
            Master Time Step
            Processing completed...       4.2450 seconds

     Processing Day/Time [YYYYDDD:HHMMSS]: 2017356:171000
       Which is Equivalent to (UTC): 17:10:00 Friday,  Dec. 22, 2017
       Time-Step Length (HHMMSS): 000500
                 VDIFF completed...       0.4630 seconds
                COUPLE completed...       0.0353 seconds
                  HADV completed...       1.8042 seconds
                  ZADV completed...       0.1985 seconds
                 HDIFF completed...       0.1393 seconds
              DECOUPLE completed...       0.0332 seconds
                  PHOT completed...       0.3062 seconds
               CLDPROC completed...       0.1541 seconds
                  CHEM completed...       0.5768 seconds
                  AERO completed...       0.5740 seconds
            Master Time Step
            Processing completed...       4.2882 seconds

     Processing Day/Time [YYYYDDD:HHMMSS]: 2017356:171500
       Which is Equivalent to (UTC): 17:15:00 Friday,  Dec. 22, 2017
       Time-Step Length (HHMMSS): 000500
                 VDIFF completed...       0.4678 seconds
                COUPLE completed...       0.0368 seconds
                  HADV completed...       1.8022 seconds
                  ZADV completed...       0.1981 seconds
                 HDIFF completed...       0.1407 seconds
              DECOUPLE completed...       0.0329 seconds
                  PHOT completed...       0.3073 seconds
               CLDPROC completed...       0.1557 seconds
                  CHEM completed...       0.5765 seconds
                  AERO completed...       0.5725 seconds
            Master Time Step
            Processing completed...       4.2939 seconds

     Processing Day/Time [YYYYDDD:HHMMSS]: 2017356:172000
       Which is Equivalent to (UTC): 17:20:00 Friday,  Dec. 22, 2017
       Time-Step Length (HHMMSS): 000500
                 VDIFF completed...       0.4607 seconds
                COUPLE completed...       0.0376 seconds
                  HADV completed...       1.8113 seconds
                  ZADV completed...       0.1980 seconds
                 HDIFF completed...       0.1396 seconds
              DECOUPLE completed...       0.0329 seconds
                  PHOT completed...       0.3076 seconds
               CLDPROC completed...       0.1560 seconds
                  CHEM completed...       0.5737 seconds
                  AERO completed...       0.5782 seconds
            Master Time Step
            Processing completed...       4.3000 seconds

     Processing Day/Time [YYYYDDD:HHMMSS]: 2017356:172500
       Which is Equivalent to (UTC): 17:25:00 Friday,  Dec. 22, 2017
       Time-Step Length (HHMMSS): 000500
                 VDIFF completed...       0.4598 seconds
                COUPLE completed...       0.0355 seconds
                  HADV completed...       1.8184 seconds
                  ZADV completed...       0.1975 seconds
                 HDIFF completed...       0.1404 seconds
              DECOUPLE completed...       0.0330 seconds
                  PHOT completed...       0.3065 seconds
               CLDPROC completed...       0.1559 seconds
                  CHEM completed...       0.5764 seconds
                  AERO completed...       0.5768 seconds
            Master Time Step
            Processing completed...       4.3042 seconds

     Processing Day/Time [YYYYDDD:HHMMSS]: 2017356:173000
       Which is Equivalent to (UTC): 17:30:00 Friday,  Dec. 22, 2017
       Time-Step Length (HHMMSS): 000500
                 VDIFF completed...       0.4608 seconds
                COUPLE completed...       0.0355 seconds
                  HADV completed...       1.8242 seconds
                  ZADV completed...       0.1977 seconds
                 HDIFF completed...       0.1403 seconds
              DECOUPLE completed...       0.0331 seconds
                  PHOT completed...       0.3065 seconds
               CLDPROC completed...       0.1559 seconds
                  CHEM completed...       0.5750 seconds
                  AERO completed...       0.5710 seconds
            Master Time Step
            Processing completed...       4.3044 seconds

     Processing Day/Time [YYYYDDD:HHMMSS]: 2017356:173500
       Which is Equivalent to (UTC): 17:35:00 Friday,  Dec. 22, 2017
       Time-Step Length (HHMMSS): 000500
                 VDIFF completed...       0.4676 seconds
                COUPLE completed...       0.0350 seconds
                  HADV completed...       1.8213 seconds
                  ZADV completed...       0.1974 seconds
                 HDIFF completed...       0.1396 seconds
              DECOUPLE completed...       0.0323 seconds
                  PHOT completed...       0.3082 seconds
               CLDPROC completed...       0.1579 seconds
                  CHEM completed...       0.5741 seconds
                  AERO completed...       0.5726 seconds
            Master Time Step
            Processing completed...       4.3101 seconds

     Processing Day/Time [YYYYDDD:HHMMSS]: 2017356:174000
       Which is Equivalent to (UTC): 17:40:00 Friday,  Dec. 22, 2017
       Time-Step Length (HHMMSS): 000500
                 VDIFF completed...       0.4674 seconds
                COUPLE completed...       0.0361 seconds
                  HADV completed...       1.8348 seconds
                  ZADV completed...       0.1971 seconds
                 HDIFF completed...       0.1412 seconds
              DECOUPLE completed...       0.0331 seconds
                  PHOT completed...       0.3059 seconds
               CLDPROC completed...       0.1557 seconds
                  CHEM completed...       0.5741 seconds
                  AERO completed...       0.5717 seconds
            Master Time Step
            Processing completed...       4.3214 seconds

     Processing Day/Time [YYYYDDD:HHMMSS]: 2017356:174500
       Which is Equivalent to (UTC): 17:45:00 Friday,  Dec. 22, 2017
       Time-Step Length (HHMMSS): 000500
                 VDIFF completed...       0.4668 seconds
                COUPLE completed...       0.0356 seconds
                  HADV completed...       1.8468 seconds
                  ZADV completed...       0.1979 seconds
                 HDIFF completed...       0.1395 seconds
              DECOUPLE completed...       0.0324 seconds
                  PHOT completed...       0.3076 seconds
               CLDPROC completed...       0.1574 seconds
                  CHEM completed...       0.5753 seconds
                  AERO completed...       0.5757 seconds
            Master Time Step
            Processing completed...       4.3389 seconds

     Processing Day/Time [YYYYDDD:HHMMSS]: 2017356:175000
       Which is Equivalent to (UTC): 17:50:00 Friday,  Dec. 22, 2017
       Time-Step Length (HHMMSS): 000500
                 VDIFF completed...       0.4609 seconds
                COUPLE completed...       0.0353 seconds
                  HADV completed...       1.8288 seconds
                  ZADV completed...       0.1979 seconds
                 HDIFF completed...       0.1385 seconds
              DECOUPLE completed...       0.0338 seconds
                  PHOT completed...       0.3080 seconds
               CLDPROC completed...       0.1575 seconds
                  CHEM completed...       0.5771 seconds
                  AERO completed...       0.5761 seconds
            Master Time Step
            Processing completed...       4.3164 seconds

     Processing Day/Time [YYYYDDD:HHMMSS]: 2017356:175500
       Which is Equivalent to (UTC): 17:55:00 Friday,  Dec. 22, 2017
       Time-Step Length (HHMMSS): 000500
                 VDIFF completed...       2.0024 seconds
                COUPLE completed...       0.1118 seconds
                  HADV completed...       1.0870 seconds
                  ZADV completed...       0.1980 seconds
                 HDIFF completed...       0.1399 seconds
              DECOUPLE completed...       0.0332 seconds
                  PHOT completed...       0.3061 seconds
               CLDPROC completed...       1.1095 seconds
                  CHEM completed...       0.5936 seconds
                  AERO completed...       0.5908 seconds
            Master Time Step
            Processing completed...       6.1770 seconds

      =--> Data Output completed...       1.3771 seconds

     Processing Day/Time [YYYYDDD:HHMMSS]: 2017356:180000
       Which is Equivalent to (UTC): 18:00:00 Friday,  Dec. 22, 2017
       Time-Step Length (HHMMSS): 000500
                 VDIFF completed...       4.4861 seconds
                COUPLE completed...       0.1136 seconds
                  HADV completed...       2.9393 seconds
                  ZADV completed...       0.1985 seconds
                 HDIFF completed...       0.1389 seconds
              DECOUPLE completed...       0.0334 seconds
                  PHOT completed...       1.1931 seconds
               CLDPROC completed...       0.1609 seconds
                  CHEM completed...       0.5795 seconds
                  AERO completed...       0.5854 seconds
            Master Time Step
            Processing completed...      10.4330 seconds

     Processing Day/Time [YYYYDDD:HHMMSS]: 2017356:180500
       Which is Equivalent to (UTC): 18:05:00 Friday,  Dec. 22, 2017
       Time-Step Length (HHMMSS): 000500
                 VDIFF completed...       0.4610 seconds
                COUPLE completed...       0.0341 seconds
                  HADV completed...       1.7719 seconds
                  ZADV completed...       0.2027 seconds
                 HDIFF completed...       0.1364 seconds
              DECOUPLE completed...       0.0333 seconds
                  PHOT completed...       0.3082 seconds
               CLDPROC completed...       0.1581 seconds
                  CHEM completed...       0.5770 seconds
                  AERO completed...       0.5743 seconds
            Master Time Step
            Processing completed...       4.2609 seconds

     Processing Day/Time [YYYYDDD:HHMMSS]: 2017356:181000
       Which is Equivalent to (UTC): 18:10:00 Friday,  Dec. 22, 2017
       Time-Step Length (HHMMSS): 000500
                 VDIFF completed...       0.4624 seconds
                COUPLE completed...       0.0353 seconds
                  HADV completed...       1.8217 seconds
                  ZADV completed...       0.2019 seconds
                 HDIFF completed...       0.1362 seconds
              DECOUPLE completed...       0.0337 seconds
                  PHOT completed...       0.3068 seconds
               CLDPROC completed...       0.1589 seconds
                  CHEM completed...       0.5769 seconds
                  AERO completed...       0.5741 seconds
            Master Time Step
            Processing completed...       4.3120 seconds

     Processing Day/Time [YYYYDDD:HHMMSS]: 2017356:181500
       Which is Equivalent to (UTC): 18:15:00 Friday,  Dec. 22, 2017
       Time-Step Length (HHMMSS): 000500
                 VDIFF completed...       0.4627 seconds
                COUPLE completed...       0.0346 seconds
                  HADV completed...       1.8197 seconds
                  ZADV completed...       0.2022 seconds
                 HDIFF completed...       0.1362 seconds
              DECOUPLE completed...       0.0333 seconds
                  PHOT completed...       0.3085 seconds
               CLDPROC completed...       0.1598 seconds
                  CHEM completed...       0.5784 seconds
                  AERO completed...       0.5731 seconds
            Master Time Step
            Processing completed...       4.3111 seconds

     Processing Day/Time [YYYYDDD:HHMMSS]: 2017356:182000
       Which is Equivalent to (UTC): 18:20:00 Friday,  Dec. 22, 2017
       Time-Step Length (HHMMSS): 000500
                 VDIFF completed...       0.4692 seconds
                COUPLE completed...       0.0361 seconds
                  HADV completed...       1.8127 seconds
                  ZADV completed...       0.2019 seconds
                 HDIFF completed...       0.1361 seconds
              DECOUPLE completed...       0.0335 seconds
                  PHOT completed...       0.3084 seconds
               CLDPROC completed...       0.1594 seconds
                  CHEM completed...       0.5785 seconds
                  AERO completed...       0.5798 seconds
            Master Time Step
            Processing completed...       4.3196 seconds

     Processing Day/Time [YYYYDDD:HHMMSS]: 2017356:182500
       Which is Equivalent to (UTC): 18:25:00 Friday,  Dec. 22, 2017
       Time-Step Length (HHMMSS): 000500
                 VDIFF completed...       0.4604 seconds
                COUPLE completed...       0.0345 seconds
                  HADV completed...       1.8837 seconds
                  ZADV completed...       0.2026 seconds
                 HDIFF completed...       0.1363 seconds
              DECOUPLE completed...       0.0333 seconds
                  PHOT completed...       0.3085 seconds
               CLDPROC completed...       0.1617 seconds
                  CHEM completed...       0.5788 seconds
                  AERO completed...       0.5746 seconds
            Master Time Step
            Processing completed...       4.3779 seconds

     Processing Day/Time [YYYYDDD:HHMMSS]: 2017356:183000
       Which is Equivalent to (UTC): 18:30:00 Friday,  Dec. 22, 2017
       Time-Step Length (HHMMSS): 000500
                 VDIFF completed...       0.4624 seconds
                COUPLE completed...       0.0349 seconds
                  HADV completed...       1.8189 seconds
                  ZADV completed...       0.2016 seconds
                 HDIFF completed...       0.1363 seconds
              DECOUPLE completed...       0.0327 seconds
                  PHOT completed...       0.3078 seconds
               CLDPROC completed...       0.1621 seconds
                  CHEM completed...       0.5787 seconds
                  AERO completed...       0.5778 seconds
            Master Time Step
            Processing completed...       4.3170 seconds

     Processing Day/Time [YYYYDDD:HHMMSS]: 2017356:183500
       Which is Equivalent to (UTC): 18:35:00 Friday,  Dec. 22, 2017
       Time-Step Length (HHMMSS): 000500
                 VDIFF completed...       0.4586 seconds
                COUPLE completed...       0.0346 seconds
                  HADV completed...       1.8166 seconds
                  ZADV completed...       0.2023 seconds
                 HDIFF completed...       0.1363 seconds
              DECOUPLE completed...       0.0338 seconds
                  PHOT completed...       0.3084 seconds
               CLDPROC completed...       0.1608 seconds
                  CHEM completed...       0.5804 seconds
                  AERO completed...       0.5815 seconds
            Master Time Step
            Processing completed...       4.3172 seconds

     Processing Day/Time [YYYYDDD:HHMMSS]: 2017356:184000
       Which is Equivalent to (UTC): 18:40:00 Friday,  Dec. 22, 2017
       Time-Step Length (HHMMSS): 000500
                 VDIFF completed...       0.4629 seconds
                COUPLE completed...       0.0336 seconds
                  HADV completed...       1.8173 seconds
                  ZADV completed...       0.2021 seconds
                 HDIFF completed...       0.1365 seconds
              DECOUPLE completed...       0.0339 seconds
                  PHOT completed...       0.3077 seconds
               CLDPROC completed...       0.1614 seconds
                  CHEM completed...       0.5816 seconds
                  AERO completed...       0.5732 seconds
            Master Time Step
            Processing completed...       4.3142 seconds

     Processing Day/Time [YYYYDDD:HHMMSS]: 2017356:184500
       Which is Equivalent to (UTC): 18:45:00 Friday,  Dec. 22, 2017
       Time-Step Length (HHMMSS): 000500
                 VDIFF completed...       0.4661 seconds
                COUPLE completed...       0.0346 seconds
                  HADV completed...       1.8160 seconds
                  ZADV completed...       0.2022 seconds
                 HDIFF completed...       0.1363 seconds
              DECOUPLE completed...       0.0341 seconds
                  PHOT completed...       0.3068 seconds
               CLDPROC completed...       0.1622 seconds
                  CHEM completed...       0.5789 seconds
                  AERO completed...       0.5723 seconds
            Master Time Step
            Processing completed...       4.3132 seconds

     Processing Day/Time [YYYYDDD:HHMMSS]: 2017356:185000
       Which is Equivalent to (UTC): 18:50:00 Friday,  Dec. 22, 2017
       Time-Step Length (HHMMSS): 000500
                 VDIFF completed...       0.4727 seconds
                COUPLE completed...       0.0355 seconds
                  HADV completed...       1.8183 seconds
                  ZADV completed...       0.2014 seconds
                 HDIFF completed...       0.1367 seconds
              DECOUPLE completed...       0.0338 seconds
                  PHOT completed...       0.3075 seconds
               CLDPROC completed...       0.1625 seconds
                  CHEM completed...       0.5823 seconds
                  AERO completed...       0.5795 seconds
            Master Time Step
            Processing completed...       4.3339 seconds

     Processing Day/Time [YYYYDDD:HHMMSS]: 2017356:185500
       Which is Equivalent to (UTC): 18:55:00 Friday,  Dec. 22, 2017
       Time-Step Length (HHMMSS): 000500
                 VDIFF completed...       1.9898 seconds
                COUPLE completed...       0.1116 seconds
                  HADV completed...       1.0876 seconds
                  ZADV completed...       0.2022 seconds
                 HDIFF completed...       0.1363 seconds
              DECOUPLE completed...       0.0334 seconds
                  PHOT completed...       0.3079 seconds
               CLDPROC completed...       1.1127 seconds
                  CHEM completed...       0.6161 seconds
                  AERO completed...       0.5966 seconds
            Master Time Step
            Processing completed...       6.1978 seconds

      =--> Data Output completed...       2.1786 seconds

     Processing Day/Time [YYYYDDD:HHMMSS]: 2017356:190000
       Which is Equivalent to (UTC): 19:00:00 Friday,  Dec. 22, 2017
       Time-Step Length (HHMMSS): 000500
                 VDIFF completed...       3.7403 seconds
                COUPLE completed...       0.1040 seconds
                  HADV completed...       3.7986 seconds
                  ZADV completed...       0.2017 seconds
                 HDIFF completed...       0.9282 seconds
              DECOUPLE completed...       0.0333 seconds
                  PHOT completed...       0.9064 seconds
               CLDPROC completed...       0.1664 seconds
                  CHEM completed...       0.5855 seconds
                  AERO completed...       0.5816 seconds
            Master Time Step
            Processing completed...      11.0495 seconds

     Processing Day/Time [YYYYDDD:HHMMSS]: 2017356:190500
       Which is Equivalent to (UTC): 19:05:00 Friday,  Dec. 22, 2017
       Time-Step Length (HHMMSS): 000500
                 VDIFF completed...       0.4555 seconds
                COUPLE completed...       0.0368 seconds
                  HADV completed...       1.9945 seconds
                  ZADV completed...       0.1974 seconds
                 HDIFF completed...       0.1399 seconds
              DECOUPLE completed...       0.0320 seconds
                  PHOT completed...       0.3077 seconds
               CLDPROC completed...       0.1640 seconds
                  CHEM completed...       0.5810 seconds
                  AERO completed...       0.5758 seconds
            Master Time Step
            Processing completed...       4.4880 seconds

     Processing Day/Time [YYYYDDD:HHMMSS]: 2017356:191000
       Which is Equivalent to (UTC): 19:10:00 Friday,  Dec. 22, 2017
       Time-Step Length (HHMMSS): 000500
                 VDIFF completed...       0.4623 seconds
                COUPLE completed...       0.0339 seconds
                  HADV completed...       1.8168 seconds
                  ZADV completed...       0.1977 seconds
                 HDIFF completed...       0.1393 seconds
              DECOUPLE completed...       0.0329 seconds
                  PHOT completed...       0.3069 seconds
               CLDPROC completed...       0.1647 seconds
                  CHEM completed...       0.5814 seconds
                  AERO completed...       0.5742 seconds
            Master Time Step
            Processing completed...       4.3134 seconds

     Processing Day/Time [YYYYDDD:HHMMSS]: 2017356:191500
       Which is Equivalent to (UTC): 19:15:00 Friday,  Dec. 22, 2017
       Time-Step Length (HHMMSS): 000500
                 VDIFF completed...       0.4620 seconds
                COUPLE completed...       0.0347 seconds
                  HADV completed...       1.8421 seconds
                  ZADV completed...       0.1962 seconds
                 HDIFF completed...       0.1414 seconds
              DECOUPLE completed...       0.0334 seconds
                  PHOT completed...       0.3065 seconds
               CLDPROC completed...       0.1656 seconds
                  CHEM completed...       0.5839 seconds
                  AERO completed...       0.5722 seconds
            Master Time Step
            Processing completed...       4.3423 seconds

     Processing Day/Time [YYYYDDD:HHMMSS]: 2017356:192000
       Which is Equivalent to (UTC): 19:20:00 Friday,  Dec. 22, 2017
       Time-Step Length (HHMMSS): 000500
                 VDIFF completed...       0.4694 seconds
                COUPLE completed...       0.0345 seconds
                  HADV completed...       1.8051 seconds
                  ZADV completed...       0.1971 seconds
                 HDIFF completed...       0.1397 seconds
              DECOUPLE completed...       0.0337 seconds
                  PHOT completed...       0.3075 seconds
               CLDPROC completed...       0.1665 seconds
                  CHEM completed...       0.5796 seconds
                  AERO completed...       0.5785 seconds
            Master Time Step
            Processing completed...       4.3125 seconds

     Processing Day/Time [YYYYDDD:HHMMSS]: 2017356:192500
       Which is Equivalent to (UTC): 19:25:00 Friday,  Dec. 22, 2017
       Time-Step Length (HHMMSS): 000500
                 VDIFF completed...       0.4719 seconds
                COUPLE completed...       0.0370 seconds
                  HADV completed...       1.8007 seconds
                  ZADV completed...       0.1970 seconds
                 HDIFF completed...       0.1397 seconds
              DECOUPLE completed...       0.0334 seconds
                  PHOT completed...       0.3169 seconds
               CLDPROC completed...       0.1576 seconds
                  CHEM completed...       0.5791 seconds
                  AERO completed...       0.5780 seconds
            Master Time Step
            Processing completed...       4.3149 seconds

     Processing Day/Time [YYYYDDD:HHMMSS]: 2017356:193000
       Which is Equivalent to (UTC): 19:30:00 Friday,  Dec. 22, 2017
       Time-Step Length (HHMMSS): 000500
                 VDIFF completed...       0.4701 seconds
                COUPLE completed...       0.0355 seconds
                  HADV completed...       1.8214 seconds
                  ZADV completed...       0.1967 seconds
                 HDIFF completed...       0.1405 seconds
              DECOUPLE completed...       0.0334 seconds
                  PHOT completed...       0.3079 seconds
               CLDPROC completed...       0.1658 seconds
                  CHEM completed...       0.5804 seconds
                  AERO completed...       0.5700 seconds
            Master Time Step
            Processing completed...       4.3230 seconds

     Processing Day/Time [YYYYDDD:HHMMSS]: 2017356:193500
       Which is Equivalent to (UTC): 19:35:00 Friday,  Dec. 22, 2017
       Time-Step Length (HHMMSS): 000500
                 VDIFF completed...       0.4792 seconds
                COUPLE completed...       0.0366 seconds
                  HADV completed...       1.7974 seconds
                  ZADV completed...       0.1966 seconds
                 HDIFF completed...       0.1410 seconds
              DECOUPLE completed...       0.0331 seconds
                  PHOT completed...       0.3073 seconds
               CLDPROC completed...       0.1672 seconds
                  CHEM completed...       0.5813 seconds
                  AERO completed...       0.5780 seconds
            Master Time Step
            Processing completed...       4.3221 seconds

     Processing Day/Time [YYYYDDD:HHMMSS]: 2017356:194000
       Which is Equivalent to (UTC): 19:40:00 Friday,  Dec. 22, 2017
       Time-Step Length (HHMMSS): 000500
                 VDIFF completed...       0.4752 seconds
                COUPLE completed...       0.0387 seconds
                  HADV completed...       1.7891 seconds
                  ZADV completed...       0.1974 seconds
                 HDIFF completed...       0.1397 seconds
              DECOUPLE completed...       0.0329 seconds
                  PHOT completed...       0.3069 seconds
               CLDPROC completed...       0.1665 seconds
                  CHEM completed...       0.5812 seconds
                  AERO completed...       0.5758 seconds
            Master Time Step
            Processing completed...       4.3075 seconds

     Processing Day/Time [YYYYDDD:HHMMSS]: 2017356:194500
       Which is Equivalent to (UTC): 19:45:00 Friday,  Dec. 22, 2017
       Time-Step Length (HHMMSS): 000500
                 VDIFF completed...       0.4854 seconds
                COUPLE completed...       0.0409 seconds
                  HADV completed...       1.7996 seconds
                  ZADV completed...       0.1971 seconds
                 HDIFF completed...       0.1401 seconds
              DECOUPLE completed...       0.0331 seconds
                  PHOT completed...       0.3069 seconds
               CLDPROC completed...       0.1665 seconds
                  CHEM completed...       0.5816 seconds
                  AERO completed...       0.5751 seconds
            Master Time Step
            Processing completed...       4.3312 seconds

     Processing Day/Time [YYYYDDD:HHMMSS]: 2017356:195000
       Which is Equivalent to (UTC): 19:50:00 Friday,  Dec. 22, 2017
       Time-Step Length (HHMMSS): 000500
                 VDIFF completed...       0.4821 seconds
                COUPLE completed...       0.0377 seconds
                  HADV completed...       1.7861 seconds
                  ZADV completed...       0.1965 seconds
                 HDIFF completed...       0.1407 seconds
              DECOUPLE completed...       0.0342 seconds
                  PHOT completed...       0.3064 seconds
               CLDPROC completed...       0.1648 seconds
                  CHEM completed...       0.5831 seconds
                  AERO completed...       0.5712 seconds
            Master Time Step
            Processing completed...       4.3072 seconds

     Processing Day/Time [YYYYDDD:HHMMSS]: 2017356:195500
       Which is Equivalent to (UTC): 19:55:00 Friday,  Dec. 22, 2017
       Time-Step Length (HHMMSS): 000500
                 VDIFF completed...       1.9664 seconds
                COUPLE completed...       0.1094 seconds
                  HADV completed...       1.0896 seconds
                  ZADV completed...       0.1973 seconds
                 HDIFF completed...       0.1401 seconds
              DECOUPLE completed...       0.0329 seconds
                  PHOT completed...       0.3076 seconds
               CLDPROC completed...       1.0973 seconds
                  CHEM completed...       0.6156 seconds
                  AERO completed...       0.5974 seconds
            Master Time Step
            Processing completed...       6.1573 seconds

      =--> Data Output completed...       1.2395 seconds

     Processing Day/Time [YYYYDDD:HHMMSS]: 2017356:200000
       Which is Equivalent to (UTC): 20:00:00 Friday,  Dec. 22, 2017
       Time-Step Length (HHMMSS): 000500
                 VDIFF completed...       4.2671 seconds
                COUPLE completed...       0.1240 seconds
                  HADV completed...       3.2356 seconds
                  ZADV completed...       0.1977 seconds
                 HDIFF completed...       0.1398 seconds
              DECOUPLE completed...       0.0328 seconds
                  PHOT completed...       1.1367 seconds
               CLDPROC completed...       0.1698 seconds
                  CHEM completed...       0.5859 seconds
                  AERO completed...       0.5802 seconds
            Master Time Step
            Processing completed...      10.4748 seconds

     Processing Day/Time [YYYYDDD:HHMMSS]: 2017356:200500
       Which is Equivalent to (UTC): 20:05:00 Friday,  Dec. 22, 2017
       Time-Step Length (HHMMSS): 000500
                 VDIFF completed...       0.4866 seconds
                COUPLE completed...       0.0451 seconds
                  HADV completed...       1.8826 seconds
                  ZADV completed...       0.2018 seconds
                 HDIFF completed...       0.1352 seconds
              DECOUPLE completed...       0.0330 seconds
                  PHOT completed...       0.3088 seconds
               CLDPROC completed...       0.1670 seconds
                  CHEM completed...       0.5817 seconds
                  AERO completed...       0.5745 seconds
            Master Time Step
            Processing completed...       4.4187 seconds

     Processing Day/Time [YYYYDDD:HHMMSS]: 2017356:201000
       Which is Equivalent to (UTC): 20:10:00 Friday,  Dec. 22, 2017
       Time-Step Length (HHMMSS): 000500
                 VDIFF completed...       0.4859 seconds
                COUPLE completed...       0.0429 seconds
                  HADV completed...       1.8508 seconds
                  ZADV completed...       0.2012 seconds
                 HDIFF completed...       0.1361 seconds
              DECOUPLE completed...       0.0332 seconds
                  PHOT completed...       0.3094 seconds
               CLDPROC completed...       0.1669 seconds
                  CHEM completed...       0.5826 seconds
                  AERO completed...       0.5748 seconds
            Master Time Step
            Processing completed...       4.3848 seconds

     Processing Day/Time [YYYYDDD:HHMMSS]: 2017356:201500
       Which is Equivalent to (UTC): 20:15:00 Friday,  Dec. 22, 2017
       Time-Step Length (HHMMSS): 000500
                 VDIFF completed...       0.4839 seconds
                COUPLE completed...       0.0445 seconds
                  HADV completed...       1.8425 seconds
                  ZADV completed...       0.2012 seconds
                 HDIFF completed...       0.1360 seconds
              DECOUPLE completed...       0.0330 seconds
                  PHOT completed...       0.3071 seconds
               CLDPROC completed...       0.1680 seconds
                  CHEM completed...       0.5831 seconds
                  AERO completed...       0.5747 seconds
            Master Time Step
            Processing completed...       4.3773 seconds

     Processing Day/Time [YYYYDDD:HHMMSS]: 2017356:202000
       Which is Equivalent to (UTC): 20:20:00 Friday,  Dec. 22, 2017
       Time-Step Length (HHMMSS): 000500
                 VDIFF completed...       0.4816 seconds
                COUPLE completed...       0.0424 seconds
                  HADV completed...       1.8519 seconds
                  ZADV completed...       0.2012 seconds
                 HDIFF completed...       0.1358 seconds
              DECOUPLE completed...       0.0332 seconds
                  PHOT completed...       0.3082 seconds
               CLDPROC completed...       0.1668 seconds
                  CHEM completed...       0.5812 seconds
                  AERO completed...       0.5922 seconds
            Master Time Step
            Processing completed...       4.3987 seconds

     Processing Day/Time [YYYYDDD:HHMMSS]: 2017356:202500
       Which is Equivalent to (UTC): 20:25:00 Friday,  Dec. 22, 2017
       Time-Step Length (HHMMSS): 000500
                 VDIFF completed...       0.4695 seconds
                COUPLE completed...       0.0464 seconds
                  HADV completed...       1.8485 seconds
                  ZADV completed...       0.2014 seconds
                 HDIFF completed...       0.1359 seconds
              DECOUPLE completed...       0.0337 seconds
                  PHOT completed...       0.3070 seconds
               CLDPROC completed...       0.1691 seconds
                  CHEM completed...       0.5803 seconds
                  AERO completed...       0.5748 seconds
            Master Time Step
            Processing completed...       4.3706 seconds

     Processing Day/Time [YYYYDDD:HHMMSS]: 2017356:203000
       Which is Equivalent to (UTC): 20:30:00 Friday,  Dec. 22, 2017
       Time-Step Length (HHMMSS): 000500
                 VDIFF completed...       0.4984 seconds
                COUPLE completed...       0.0440 seconds
                  HADV completed...       1.8342 seconds
                  ZADV completed...       0.2010 seconds
                 HDIFF completed...       0.1360 seconds
              DECOUPLE completed...       0.0330 seconds
                  PHOT completed...       0.3087 seconds
               CLDPROC completed...       0.1666 seconds
                  CHEM completed...       0.5806 seconds
                  AERO completed...       0.5770 seconds
            Master Time Step
            Processing completed...       4.3833 seconds

     Processing Day/Time [YYYYDDD:HHMMSS]: 2017356:203500
       Which is Equivalent to (UTC): 20:35:00 Friday,  Dec. 22, 2017
       Time-Step Length (HHMMSS): 000500
                 VDIFF completed...       0.5031 seconds
                COUPLE completed...       0.0435 seconds
                  HADV completed...       1.8231 seconds
                  ZADV completed...       0.2016 seconds
                 HDIFF completed...       0.1363 seconds
              DECOUPLE completed...       0.0333 seconds
                  PHOT completed...       0.3072 seconds
               CLDPROC completed...       0.1677 seconds
                  CHEM completed...       0.5820 seconds
                  AERO completed...       0.5765 seconds
            Master Time Step
            Processing completed...       4.3779 seconds

     Processing Day/Time [YYYYDDD:HHMMSS]: 2017356:204000
       Which is Equivalent to (UTC): 20:40:00 Friday,  Dec. 22, 2017
       Time-Step Length (HHMMSS): 000500
                 VDIFF completed...       0.5027 seconds
                COUPLE completed...       0.0502 seconds
                  HADV completed...       1.8242 seconds
                  ZADV completed...       0.2011 seconds
                 HDIFF completed...       0.1359 seconds
              DECOUPLE completed...       0.0335 seconds
                  PHOT completed...       0.3073 seconds
               CLDPROC completed...       0.1696 seconds
                  CHEM completed...       0.5876 seconds
                  AERO completed...       0.5710 seconds
            Master Time Step
            Processing completed...       4.3873 seconds

     Processing Day/Time [YYYYDDD:HHMMSS]: 2017356:204500
       Which is Equivalent to (UTC): 20:45:00 Friday,  Dec. 22, 2017
       Time-Step Length (HHMMSS): 000500
                 VDIFF completed...       0.5163 seconds
                COUPLE completed...       0.0439 seconds
                  HADV completed...       1.8131 seconds
                  ZADV completed...       0.2018 seconds
                 HDIFF completed...       0.1363 seconds
              DECOUPLE completed...       0.0323 seconds
                  PHOT completed...       0.3073 seconds
               CLDPROC completed...       0.1679 seconds
                  CHEM completed...       0.5849 seconds
                  AERO completed...       0.5762 seconds
            Master Time Step
            Processing completed...       4.3843 seconds

     Processing Day/Time [YYYYDDD:HHMMSS]: 2017356:205000
       Which is Equivalent to (UTC): 20:50:00 Friday,  Dec. 22, 2017
       Time-Step Length (HHMMSS): 000500
                 VDIFF completed...       0.5090 seconds
                COUPLE completed...       0.0477 seconds
                  HADV completed...       1.8006 seconds
                  ZADV completed...       0.2011 seconds
                 HDIFF completed...       0.1344 seconds
              DECOUPLE completed...       0.0341 seconds
                  PHOT completed...       0.3084 seconds
               CLDPROC completed...       0.1666 seconds
                  CHEM completed...       0.5882 seconds
                  AERO completed...       0.5761 seconds
            Master Time Step
            Processing completed...       4.3693 seconds

     Processing Day/Time [YYYYDDD:HHMMSS]: 2017356:205500
       Which is Equivalent to (UTC): 20:55:00 Friday,  Dec. 22, 2017
       Time-Step Length (HHMMSS): 000500
                 VDIFF completed...       1.9669 seconds
                COUPLE completed...       0.1111 seconds
                  HADV completed...       1.1845 seconds
                  ZADV completed...       0.1974 seconds
                 HDIFF completed...       0.1402 seconds
              DECOUPLE completed...       0.0328 seconds
                  PHOT completed...       0.3076 seconds
               CLDPROC completed...       1.1375 seconds
                  CHEM completed...       0.5793 seconds
                  AERO completed...       0.6005 seconds
            Master Time Step
            Processing completed...       6.2634 seconds

      =--> Data Output completed...       1.2721 seconds

     Processing Day/Time [YYYYDDD:HHMMSS]: 2017356:210000
       Which is Equivalent to (UTC): 21:00:00 Friday,  Dec. 22, 2017
       Time-Step Length (HHMMSS): 000500
                 VDIFF completed...       4.6248 seconds
                COUPLE completed...       0.1107 seconds
                  HADV completed...       3.0374 seconds
                  ZADV completed...       0.2012 seconds
                 HDIFF completed...       0.1364 seconds
              DECOUPLE completed...       0.0327 seconds
                  PHOT completed...       1.1659 seconds
               CLDPROC completed...       0.1703 seconds
                  CHEM completed...       0.5973 seconds
                  AERO completed...       0.5790 seconds
            Master Time Step
            Processing completed...      10.6578 seconds

     Processing Day/Time [YYYYDDD:HHMMSS]: 2017356:210500
       Which is Equivalent to (UTC): 21:05:00 Friday,  Dec. 22, 2017
       Time-Step Length (HHMMSS): 000500
                 VDIFF completed...       0.5041 seconds
                COUPLE completed...       0.0463 seconds
                  HADV completed...       1.7407 seconds
                  ZADV completed...       0.2019 seconds
                 HDIFF completed...       0.2761 seconds
              DECOUPLE completed...       0.0329 seconds
                  PHOT completed...       0.3074 seconds
               CLDPROC completed...       0.1652 seconds
                  CHEM completed...       0.5937 seconds
                  AERO completed...       0.5738 seconds
            Master Time Step
            Processing completed...       4.4463 seconds

     Processing Day/Time [YYYYDDD:HHMMSS]: 2017356:211000
       Which is Equivalent to (UTC): 21:10:00 Friday,  Dec. 22, 2017
       Time-Step Length (HHMMSS): 000500
                 VDIFF completed...       0.5068 seconds
                COUPLE completed...       0.0535 seconds
                  HADV completed...       1.7601 seconds
                  ZADV completed...       0.2011 seconds
                 HDIFF completed...       0.1360 seconds
              DECOUPLE completed...       0.0328 seconds
                  PHOT completed...       0.3085 seconds
               CLDPROC completed...       0.1648 seconds
                  CHEM completed...       0.5927 seconds
                  AERO completed...       0.5765 seconds
            Master Time Step
            Processing completed...       4.3369 seconds

     Processing Day/Time [YYYYDDD:HHMMSS]: 2017356:211500
       Which is Equivalent to (UTC): 21:15:00 Friday,  Dec. 22, 2017
       Time-Step Length (HHMMSS): 000500
                 VDIFF completed...       0.4978 seconds
                COUPLE completed...       0.0479 seconds
                  HADV completed...       1.7757 seconds
                  ZADV completed...       0.2016 seconds
                 HDIFF completed...       0.1373 seconds
              DECOUPLE completed...       0.0329 seconds
                  PHOT completed...       0.3080 seconds
               CLDPROC completed...       0.1645 seconds
                  CHEM completed...       0.5902 seconds
                  AERO completed...       0.5768 seconds
            Master Time Step
            Processing completed...       4.3376 seconds

     Processing Day/Time [YYYYDDD:HHMMSS]: 2017356:212000
       Which is Equivalent to (UTC): 21:20:00 Friday,  Dec. 22, 2017
       Time-Step Length (HHMMSS): 000500
                 VDIFF completed...       0.5065 seconds
                COUPLE completed...       0.0434 seconds
                  HADV completed...       1.7770 seconds
                  ZADV completed...       0.2015 seconds
                 HDIFF completed...       0.1365 seconds
              DECOUPLE completed...       0.0331 seconds
                  PHOT completed...       0.3085 seconds
               CLDPROC completed...       0.1647 seconds
                  CHEM completed...       0.5871 seconds
                  AERO completed...       0.5747 seconds
            Master Time Step
            Processing completed...       4.3363 seconds

     Processing Day/Time [YYYYDDD:HHMMSS]: 2017356:212500
       Which is Equivalent to (UTC): 21:25:00 Friday,  Dec. 22, 2017
       Time-Step Length (HHMMSS): 000500
                 VDIFF completed...       0.4949 seconds
                COUPLE completed...       0.0408 seconds
                  HADV completed...       1.7979 seconds
                  ZADV completed...       0.2016 seconds
                 HDIFF completed...       0.1364 seconds
              DECOUPLE completed...       0.0334 seconds
                  PHOT completed...       0.3112 seconds
               CLDPROC completed...       0.1623 seconds
                  CHEM completed...       0.5846 seconds
                  AERO completed...       0.5775 seconds
            Master Time Step
            Processing completed...       4.3454 seconds

     Processing Day/Time [YYYYDDD:HHMMSS]: 2017356:213000
       Which is Equivalent to (UTC): 21:30:00 Friday,  Dec. 22, 2017
       Time-Step Length (HHMMSS): 000500
                 VDIFF completed...       0.4913 seconds
                COUPLE completed...       0.0466 seconds
                  HADV completed...       1.7696 seconds
                  ZADV completed...       0.2011 seconds
                 HDIFF completed...       0.1357 seconds
              DECOUPLE completed...       0.0326 seconds
                  PHOT completed...       0.3103 seconds
               CLDPROC completed...       0.1605 seconds
                  CHEM completed...       0.5820 seconds
                  AERO completed...       0.5779 seconds
            Master Time Step
            Processing completed...       4.3123 seconds

     Processing Day/Time [YYYYDDD:HHMMSS]: 2017356:213500
       Which is Equivalent to (UTC): 21:35:00 Friday,  Dec. 22, 2017
       Time-Step Length (HHMMSS): 000500
                 VDIFF completed...       0.4938 seconds
                COUPLE completed...       0.0445 seconds
                  HADV completed...       1.7692 seconds
                  ZADV completed...       0.2015 seconds
                 HDIFF completed...       0.1361 seconds
              DECOUPLE completed...       0.0338 seconds
                  PHOT completed...       0.3201 seconds
               CLDPROC completed...       0.1519 seconds
                  CHEM completed...       0.5816 seconds
                  AERO completed...       0.5764 seconds
            Master Time Step
            Processing completed...       4.3135 seconds

     Processing Day/Time [YYYYDDD:HHMMSS]: 2017356:214000
       Which is Equivalent to (UTC): 21:40:00 Friday,  Dec. 22, 2017
       Time-Step Length (HHMMSS): 000500
                 VDIFF completed...       0.4956 seconds
                COUPLE completed...       0.0421 seconds
                  HADV completed...       1.7673 seconds
                  ZADV completed...       0.2014 seconds
                 HDIFF completed...       0.1369 seconds
              DECOUPLE completed...       0.0332 seconds
                  PHOT completed...       0.3106 seconds
               CLDPROC completed...       0.1557 seconds
                  CHEM completed...       0.5881 seconds
                  AERO completed...       0.5855 seconds
            Master Time Step
            Processing completed...       4.3206 seconds

     Processing Day/Time [YYYYDDD:HHMMSS]: 2017356:214500
       Which is Equivalent to (UTC): 21:45:00 Friday,  Dec. 22, 2017
       Time-Step Length (HHMMSS): 000500
                 VDIFF completed...       0.4826 seconds
                COUPLE completed...       0.0420 seconds
                  HADV completed...       1.7639 seconds
                  ZADV completed...       0.2015 seconds
                 HDIFF completed...       0.1365 seconds
              DECOUPLE completed...       0.0339 seconds
                  PHOT completed...       0.3100 seconds
               CLDPROC completed...       0.1529 seconds
                  CHEM completed...       0.5765 seconds
                  AERO completed...       0.5870 seconds
            Master Time Step
            Processing completed...       4.2915 seconds

     Processing Day/Time [YYYYDDD:HHMMSS]: 2017356:215000
       Which is Equivalent to (UTC): 21:50:00 Friday,  Dec. 22, 2017
       Time-Step Length (HHMMSS): 000500
                 VDIFF completed...       0.4625 seconds
                COUPLE completed...       0.0486 seconds
                  HADV completed...       1.7680 seconds
                  ZADV completed...       0.2012 seconds
                 HDIFF completed...       0.1363 seconds
              DECOUPLE completed...       0.0333 seconds
                  PHOT completed...       0.3091 seconds
               CLDPROC completed...       0.1506 seconds
                  CHEM completed...       0.5799 seconds
                  AERO completed...       0.5902 seconds
            Master Time Step
            Processing completed...       4.2845 seconds

     Processing Day/Time [YYYYDDD:HHMMSS]: 2017356:215500
       Which is Equivalent to (UTC): 21:55:00 Friday,  Dec. 22, 2017
       Time-Step Length (HHMMSS): 000500
                 VDIFF completed...       1.8608 seconds
                COUPLE completed...       0.1121 seconds
                  HADV completed...       1.1609 seconds
                  ZADV completed...       0.2019 seconds
                 HDIFF completed...       0.1373 seconds
              DECOUPLE completed...       0.0340 seconds
                  PHOT completed...       0.3053 seconds
               CLDPROC completed...       1.1562 seconds
                  CHEM completed...       0.5527 seconds
                  AERO completed...       0.5869 seconds
            Master Time Step
            Processing completed...       6.1121 seconds

      =--> Data Output completed...       1.3564 seconds

     Processing Day/Time [YYYYDDD:HHMMSS]: 2017356:220000
       Which is Equivalent to (UTC): 22:00:00 Friday,  Dec. 22, 2017
       Time-Step Length (HHMMSS): 000500
                 VDIFF completed...       4.6478 seconds
                COUPLE completed...       0.1078 seconds
                  HADV completed...       2.7533 seconds
                  ZADV completed...       0.1963 seconds
                 HDIFF completed...       0.1403 seconds
              DECOUPLE completed...       0.0328 seconds
                  PHOT completed...       1.2038 seconds
               CLDPROC completed...       0.1498 seconds
                  CHEM completed...       0.5792 seconds
                  AERO completed...       0.5761 seconds
            Master Time Step
            Processing completed...      10.3917 seconds

     Processing Day/Time [YYYYDDD:HHMMSS]: 2017356:220500
       Which is Equivalent to (UTC): 22:05:00 Friday,  Dec. 22, 2017
       Time-Step Length (HHMMSS): 000500
                 VDIFF completed...       0.4949 seconds
                COUPLE completed...       0.0342 seconds
                  HADV completed...       1.6257 seconds
                  ZADV completed...       0.1966 seconds
                 HDIFF completed...       0.1413 seconds
              DECOUPLE completed...       0.0327 seconds
                  PHOT completed...       0.3103 seconds
               CLDPROC completed...       0.1437 seconds
                  CHEM completed...       0.5709 seconds
                  AERO completed...       0.5837 seconds
            Master Time Step
            Processing completed...       4.1352 seconds

     Processing Day/Time [YYYYDDD:HHMMSS]: 2017356:221000
       Which is Equivalent to (UTC): 22:10:00 Friday,  Dec. 22, 2017
       Time-Step Length (HHMMSS): 000500
                 VDIFF completed...       0.4678 seconds
                COUPLE completed...       0.0356 seconds
                  HADV completed...       1.7599 seconds
                  ZADV completed...       0.1972 seconds
                 HDIFF completed...       0.1402 seconds
              DECOUPLE completed...       0.0324 seconds
                  PHOT completed...       0.3095 seconds
               CLDPROC completed...       0.1418 seconds
                  CHEM completed...       0.5733 seconds
                  AERO completed...       0.5826 seconds
            Master Time Step
            Processing completed...       4.2431 seconds

     Processing Day/Time [YYYYDDD:HHMMSS]: 2017356:221500
       Which is Equivalent to (UTC): 22:15:00 Friday,  Dec. 22, 2017
       Time-Step Length (HHMMSS): 000500
                 VDIFF completed...       0.4667 seconds
                COUPLE completed...       0.0350 seconds
                  HADV completed...       1.7565 seconds
                  ZADV completed...       0.1973 seconds
                 HDIFF completed...       0.1402 seconds
              DECOUPLE completed...       0.0333 seconds
                  PHOT completed...       0.3075 seconds
               CLDPROC completed...       0.1431 seconds
                  CHEM completed...       0.5680 seconds
                  AERO completed...       0.5764 seconds
            Master Time Step
            Processing completed...       4.2272 seconds

     Processing Day/Time [YYYYDDD:HHMMSS]: 2017356:222000
       Which is Equivalent to (UTC): 22:20:00 Friday,  Dec. 22, 2017
       Time-Step Length (HHMMSS): 000500
                 VDIFF completed...       0.4568 seconds
                COUPLE completed...       0.0355 seconds
                  HADV completed...       1.7808 seconds
                  ZADV completed...       0.1970 seconds
                 HDIFF completed...       0.1381 seconds
              DECOUPLE completed...       0.0327 seconds
                  PHOT completed...       0.3083 seconds
               CLDPROC completed...       0.1425 seconds
                  CHEM completed...       0.5670 seconds
                  AERO completed...       0.5771 seconds
            Master Time Step
            Processing completed...       4.2395 seconds

     Processing Day/Time [YYYYDDD:HHMMSS]: 2017356:222500
       Which is Equivalent to (UTC): 22:25:00 Friday,  Dec. 22, 2017
       Time-Step Length (HHMMSS): 000500
                 VDIFF completed...       0.4611 seconds
                COUPLE completed...       0.0338 seconds
                  HADV completed...       1.7831 seconds
                  ZADV completed...       0.1967 seconds
                 HDIFF completed...       0.1400 seconds
              DECOUPLE completed...       0.0331 seconds
                  PHOT completed...       0.3086 seconds
               CLDPROC completed...       0.1430 seconds
                  CHEM completed...       0.5652 seconds
                  AERO completed...       0.5853 seconds
            Master Time Step
            Processing completed...       4.2540 seconds

     Processing Day/Time [YYYYDDD:HHMMSS]: 2017356:223000
       Which is Equivalent to (UTC): 22:30:00 Friday,  Dec. 22, 2017
       Time-Step Length (HHMMSS): 000500
                 VDIFF completed...       0.4551 seconds
                COUPLE completed...       0.0343 seconds
                  HADV completed...       1.7608 seconds
                  ZADV completed...       0.1965 seconds
                 HDIFF completed...       0.1398 seconds
              DECOUPLE completed...       0.0325 seconds
                  PHOT completed...       0.3087 seconds
               CLDPROC completed...       0.1433 seconds
                  CHEM completed...       0.5674 seconds
                  AERO completed...       0.5856 seconds
            Master Time Step
            Processing completed...       4.2284 seconds

     Processing Day/Time [YYYYDDD:HHMMSS]: 2017356:223500
       Which is Equivalent to (UTC): 22:35:00 Friday,  Dec. 22, 2017
       Time-Step Length (HHMMSS): 000500
                 VDIFF completed...       0.4480 seconds
                COUPLE completed...       0.0344 seconds
                  HADV completed...       1.7306 seconds
                  ZADV completed...       0.1966 seconds
                 HDIFF completed...       0.1415 seconds
              DECOUPLE completed...       0.0329 seconds
                  PHOT completed...       0.3086 seconds
               CLDPROC completed...       0.1413 seconds
                  CHEM completed...       0.5732 seconds
                  AERO completed...       0.5826 seconds
            Master Time Step
            Processing completed...       4.1938 seconds

     Processing Day/Time [YYYYDDD:HHMMSS]: 2017356:224000
       Which is Equivalent to (UTC): 22:40:00 Friday,  Dec. 22, 2017
       Time-Step Length (HHMMSS): 000500
                 VDIFF completed...       0.4453 seconds
                COUPLE completed...       0.0351 seconds
                  HADV completed...       1.7197 seconds
                  ZADV completed...       0.1967 seconds
                 HDIFF completed...       0.1400 seconds
              DECOUPLE completed...       0.0324 seconds
                  PHOT completed...       0.3100 seconds
               CLDPROC completed...       0.1388 seconds
                  CHEM completed...       0.5693 seconds
                  AERO completed...       0.5846 seconds
            Master Time Step
            Processing completed...       4.1762 seconds

     Processing Day/Time [YYYYDDD:HHMMSS]: 2017356:224500
       Which is Equivalent to (UTC): 22:45:00 Friday,  Dec. 22, 2017
       Time-Step Length (HHMMSS): 000500
                 VDIFF completed...       0.4559 seconds
                COUPLE completed...       0.0341 seconds
                  HADV completed...       1.6750 seconds
                  ZADV completed...       0.1967 seconds
                 HDIFF completed...       0.1397 seconds
              DECOUPLE completed...       0.0326 seconds
                  PHOT completed...       0.3099 seconds
               CLDPROC completed...       0.1446 seconds
                  CHEM completed...       0.5683 seconds
                  AERO completed...       0.5859 seconds
            Master Time Step
            Processing completed...       4.1473 seconds

     Processing Day/Time [YYYYDDD:HHMMSS]: 2017356:225000
       Which is Equivalent to (UTC): 22:50:00 Friday,  Dec. 22, 2017
       Time-Step Length (HHMMSS): 000500
                 VDIFF completed...       0.4434 seconds
                COUPLE completed...       0.0345 seconds
                  HADV completed...       1.6572 seconds
                  ZADV completed...       0.1972 seconds
                 HDIFF completed...       0.1404 seconds
              DECOUPLE completed...       0.0330 seconds
                  PHOT completed...       0.3094 seconds
               CLDPROC completed...       0.1325 seconds
                  CHEM completed...       0.5721 seconds
                  AERO completed...       0.6171 seconds
            Master Time Step
            Processing completed...       4.1415 seconds

     Processing Day/Time [YYYYDDD:HHMMSS]: 2017356:225500
       Which is Equivalent to (UTC): 22:55:00 Friday,  Dec. 22, 2017
       Time-Step Length (HHMMSS): 000500
                 VDIFF completed...       1.7324 seconds
                COUPLE completed...       0.1114 seconds
                  HADV completed...       1.0984 seconds
                  ZADV completed...       0.1967 seconds
                 HDIFF completed...       0.1409 seconds
              DECOUPLE completed...       0.0326 seconds
                  PHOT completed...       0.3064 seconds
               CLDPROC completed...       1.1081 seconds
                  CHEM completed...       0.5569 seconds
                  AERO completed...       0.5794 seconds
            Master Time Step
            Processing completed...       5.8674 seconds

      =--> Data Output completed...       1.3612 seconds

     Processing Day/Time [YYYYDDD:HHMMSS]: 2017356:230000
       Which is Equivalent to (UTC): 23:00:00 Friday,  Dec. 22, 2017
       Time-Step Length (HHMMSS): 000500
                 VDIFF completed...       4.5791 seconds
                COUPLE completed...       0.1122 seconds
                  HADV completed...       3.0970 seconds
                  ZADV completed...       0.2018 seconds
                 HDIFF completed...       0.1351 seconds
              DECOUPLE completed...       0.0324 seconds
                  PHOT completed...       1.1597 seconds
               CLDPROC completed...       0.1292 seconds
                  CHEM completed...       0.5772 seconds
                  AERO completed...       0.5864 seconds
            Master Time Step
            Processing completed...      10.6131 seconds

     Processing Day/Time [YYYYDDD:HHMMSS]: 2017356:230500
       Which is Equivalent to (UTC): 23:05:00 Friday,  Dec. 22, 2017
       Time-Step Length (HHMMSS): 000500
                 VDIFF completed...       0.4532 seconds
                COUPLE completed...       0.0366 seconds
                  HADV completed...       1.6020 seconds
                  ZADV completed...       0.2022 seconds
                 HDIFF completed...       0.1358 seconds
              DECOUPLE completed...       0.0322 seconds
                  PHOT completed...       0.3126 seconds
               CLDPROC completed...       0.1322 seconds
                  CHEM completed...       0.5736 seconds
                  AERO completed...       0.5905 seconds
            Master Time Step
            Processing completed...       4.0719 seconds

     Processing Day/Time [YYYYDDD:HHMMSS]: 2017356:231000
       Which is Equivalent to (UTC): 23:10:00 Friday,  Dec. 22, 2017
       Time-Step Length (HHMMSS): 000500
                 VDIFF completed...       0.4616 seconds
                COUPLE completed...       0.0367 seconds
                  HADV completed...       1.5483 seconds
                  ZADV completed...       0.2016 seconds
                 HDIFF completed...       0.1359 seconds
              DECOUPLE completed...       0.0325 seconds
                  PHOT completed...       0.3127 seconds
               CLDPROC completed...       0.1334 seconds
                  CHEM completed...       0.5724 seconds
                  AERO completed...       0.5895 seconds
            Master Time Step
            Processing completed...       4.0279 seconds

     Processing Day/Time [YYYYDDD:HHMMSS]: 2017356:231500
       Which is Equivalent to (UTC): 23:15:00 Friday,  Dec. 22, 2017
       Time-Step Length (HHMMSS): 000500
                 VDIFF completed...       0.4520 seconds
                COUPLE completed...       0.0364 seconds
                  HADV completed...       1.5624 seconds
                  ZADV completed...       0.2013 seconds
                 HDIFF completed...       0.1357 seconds
              DECOUPLE completed...       0.0331 seconds
                  PHOT completed...       0.3129 seconds
               CLDPROC completed...       0.1346 seconds
                  CHEM completed...       0.5699 seconds
                  AERO completed...       0.5927 seconds
            Master Time Step
            Processing completed...       4.0351 seconds

     Processing Day/Time [YYYYDDD:HHMMSS]: 2017356:232000
       Which is Equivalent to (UTC): 23:20:00 Friday,  Dec. 22, 2017
       Time-Step Length (HHMMSS): 000500
                 VDIFF completed...       0.4475 seconds
                COUPLE completed...       0.0357 seconds
                  HADV completed...       1.5536 seconds
                  ZADV completed...       0.2019 seconds
                 HDIFF completed...       0.1357 seconds
              DECOUPLE completed...       0.0326 seconds
                  PHOT completed...       0.3137 seconds
               CLDPROC completed...       0.1349 seconds
                  CHEM completed...       0.5833 seconds
                  AERO completed...       0.5893 seconds
            Master Time Step
            Processing completed...       4.0322 seconds

     Processing Day/Time [YYYYDDD:HHMMSS]: 2017356:232500
       Which is Equivalent to (UTC): 23:25:00 Friday,  Dec. 22, 2017
       Time-Step Length (HHMMSS): 000500
                 VDIFF completed...       0.4309 seconds
                COUPLE completed...       0.0356 seconds
                  HADV completed...       1.5404 seconds
                  ZADV completed...       0.2017 seconds
                 HDIFF completed...       0.1361 seconds
              DECOUPLE completed...       0.0330 seconds
                  PHOT completed...       0.3136 seconds
               CLDPROC completed...       0.1347 seconds
                  CHEM completed...       0.5671 seconds
                  AERO completed...       0.6053 seconds
            Master Time Step
            Processing completed...       4.0023 seconds

     Processing Day/Time [YYYYDDD:HHMMSS]: 2017356:233000
       Which is Equivalent to (UTC): 23:30:00 Friday,  Dec. 22, 2017
       Time-Step Length (HHMMSS): 000500
                 VDIFF completed...       0.4303 seconds
                COUPLE completed...       0.0396 seconds
                  HADV completed...       1.5230 seconds
                  ZADV completed...       0.2012 seconds
                 HDIFF completed...       0.1361 seconds
              DECOUPLE completed...       0.0331 seconds
                  PHOT completed...       0.3149 seconds
               CLDPROC completed...       0.1351 seconds
                  CHEM completed...       0.5662 seconds
                  AERO completed...       0.5946 seconds
            Master Time Step
            Processing completed...       3.9785 seconds

     Processing Day/Time [YYYYDDD:HHMMSS]: 2017356:233500
       Which is Equivalent to (UTC): 23:35:00 Friday,  Dec. 22, 2017
       Time-Step Length (HHMMSS): 000500
                 VDIFF completed...       0.4544 seconds
                COUPLE completed...       0.0399 seconds
                  HADV completed...       1.5150 seconds
                  ZADV completed...       0.2020 seconds
                 HDIFF completed...       0.1364 seconds
              DECOUPLE completed...       0.0326 seconds
                  PHOT completed...       0.3147 seconds
               CLDPROC completed...       0.1329 seconds
                  CHEM completed...       0.5642 seconds
                  AERO completed...       0.5892 seconds
            Master Time Step
            Processing completed...       3.9846 seconds

     Processing Day/Time [YYYYDDD:HHMMSS]: 2017356:234000
       Which is Equivalent to (UTC): 23:40:00 Friday,  Dec. 22, 2017
       Time-Step Length (HHMMSS): 000500
                 VDIFF completed...       0.4692 seconds
                COUPLE completed...       0.0355 seconds
                  HADV completed...       1.5181 seconds
                  ZADV completed...       0.2020 seconds
                 HDIFF completed...       0.1368 seconds
              DECOUPLE completed...       0.0330 seconds
                  PHOT completed...       0.3139 seconds
               CLDPROC completed...       0.1311 seconds
                  CHEM completed...       0.5684 seconds
                  AERO completed...       0.6030 seconds
            Master Time Step
            Processing completed...       4.0149 seconds

     Processing Day/Time [YYYYDDD:HHMMSS]: 2017356:234500
       Which is Equivalent to (UTC): 23:45:00 Friday,  Dec. 22, 2017
       Time-Step Length (HHMMSS): 000500
                 VDIFF completed...       0.4575 seconds
                COUPLE completed...       0.0337 seconds
                  HADV completed...       1.5092 seconds
                  ZADV completed...       0.2021 seconds
                 HDIFF completed...       0.1362 seconds
              DECOUPLE completed...       0.0333 seconds
                  PHOT completed...       0.3154 seconds
               CLDPROC completed...       0.1265 seconds
                  CHEM completed...       0.5699 seconds
                  AERO completed...       0.6016 seconds
            Master Time Step
            Processing completed...       3.9874 seconds

     Processing Day/Time [YYYYDDD:HHMMSS]: 2017356:235000
       Which is Equivalent to (UTC): 23:50:00 Friday,  Dec. 22, 2017
       Time-Step Length (HHMMSS): 000500
                 VDIFF completed...       0.4573 seconds
                COUPLE completed...       0.0325 seconds
                  HADV completed...       1.5159 seconds
                  ZADV completed...       0.2018 seconds
                 HDIFF completed...       0.1358 seconds
              DECOUPLE completed...       0.0333 seconds
                  PHOT completed...       0.3150 seconds
               CLDPROC completed...       0.1226 seconds
                  CHEM completed...       0.5720 seconds
                  AERO completed...       0.6228 seconds
            Master Time Step
            Processing completed...       4.0129 seconds

     Processing Day/Time [YYYYDDD:HHMMSS]: 2017356:235500
       Which is Equivalent to (UTC): 23:55:00 Friday,  Dec. 22, 2017
       Time-Step Length (HHMMSS): 000500
                 VDIFF completed...       1.8098 seconds
                COUPLE completed...       0.1112 seconds
                  HADV completed...       1.1086 seconds
                  ZADV completed...       0.2025 seconds
                 HDIFF completed...       0.1363 seconds
              DECOUPLE completed...       0.0333 seconds
                  PHOT completed...       0.3087 seconds
               CLDPROC completed...       1.1224 seconds
                  CHEM completed...       0.5749 seconds
                  AERO completed...       0.5644 seconds
            Master Time Step
            Processing completed...       5.9764 seconds

      =--> Data Output completed...       1.3220 seconds


     ==============================================
     |>---   PROGRAM COMPLETED SUCCESSFULLY   ---<|
     ==============================================
     Date and time 0:00:00   Dec. 23, 2017  (2017357:000000)

     The elapsed time for this simulation was    1580.5 seconds.

86944.900u 3051.157s 26:38.25 5630.9%	0+0k 45203576+52883584io 151379pf+0w

CMAQ Processing of Day 20171222 Finished at Mon Mar 10 20:22:14 UTC 2025

\\\\\=====\\\\\=====\\\\\=====\\\\\=====/////=====/////=====/////=====/////


Set up input and output files for Day 2017-12-23.
cp: cannot stat '/home/ubuntu/build-nc4/openmpi_gcc/CCTM/scripts/BLD_CCTM_v54+_gcc/CCTM_v54+.cfg': No such file or directory

Existing Logs and Output Files for Day 2017-12-23 Will Be Deleted
rm: No match.

CMAQ Processing of Day 20171223 Began at Mon Mar 10 20:22:14 UTC 2025

        CTM_APPL  |  v54+_cb6r5_ae7_aq_WR413_MYR_gcc_2018_12US1_3x64_nc4_fsx_20171223
#================================================================================#        
#|                                                                              |#        
#|               The Community Multiscale Air Quality (CMAQ) Model              |#        
#|                                   Version 5.4                                |#        
#|                                                                              |#        
#|                          Built and Maintained by the                         |#        
#|                        Office of Research and Development                    |#        
#|                   United States Environmental Protection Agency              |#        
#|                                                                              |#        
#|                            https://www.epa.gov/cmaq                          |#        
#|                                                                              |#        
#|       Source Code:   https://www.github.com/USEPA/cmaq/tree/master           |#        
#|       Documentation: https://www.github.com/USEPA/cmaq/tree/master/DOCS      |#        
#|                                                                              |#        
#|         The CMAQ Model is tested and released with cooperation from          |#        
#|         the Community Modeling and Analysis System (CMAS) Center via         |#        
#|         contract support. CMAS is managed by the Institute for the           |#        
#|         Environment, University of North Carolina at Chapel Hill.            |#        
#|         CMAS URL: (https://www.cmascenter.org)                               |#        
#|                                                                              |#        
#================================================================================#        
                                                                     
     This program uses the EPA-AREAL/MCNC-EnvPgms/BAMS/ UNC IE       
     Models-3 I/O Applications Programming Interface, [I/O API]      
     which is built on top of the netCDF I/O library (Copyright      
     993, 1996 University Corporation for Atmospheric Research       
     Unidata Program) and the PVM parallel-programming library       
     (from Oak Ridge National Laboratory).                           
     Copyright (C) 1992-2002 MCNC,                                   
     (C) 1992-2018 Carlie J. Coats, Jr.,                             
     (C) 2003-2012 Baron Advanced Meteorological Systems, LLC, and   
     (C) 2014-2023 UNC Institute for the Environment.                
     Released under the GNU LGPL  License, version 2.1.  See URL     
                                                                     
         https://www.gnu.org/licenses/old-licenses/lgpl-2.1.html     
                                                                     
     for conditions of use.                                          
                                                                     
     ioapi-3.2: $Id: init3.F90 247 2023-03-22 15:59:19Z coats $
     netCDF version 4.8.1 of Mar  6 2025 20:29:13 $
      

     ===========================================
     |>---   ENVIRONMENT VARIABLE REPORT   ---<|
     ===========================================

     |> Grid and High-Level Model Parameters:
     +=========================================
      --Env Variable-- | --Value--
      --------------------------------------------------------------------------------
             BLD  |             (default)
          OUTDIR  |  /fsx/data/output/output_v54+_cb6r5_ae7_aq_WR413_MYR_gcc_2018_12US1_3x64_nc4_fsx
       NEW_START  |          F
  IGNORE_SOILINP  |          F (default)
    EXECUTION_ID  |  CMAQ_CCTMv54+_ubuntu_20250310_195535_966734314
       GRID_NAME  |  12US1
       CTM_TSTEP  |       10000
      CTM_RUNLEN  |      240000
    CTM_PROGNAME  |  DRIVER (default)
      CTM_STDATE  |     2017357
      CTM_STTIME  |           0
     NPCOL_NPROW  |  12 16
     CTM_MAXSYNC  |         300
     CTM_MINSYNC  |          60

     |> Multiprocess control, output and error checking:
     +====================================================
      --Env Variable-- | --Value--
      --------------------------------------------------------------------------------
 PRINT_PROC_TIME  |          T
     FL_ERR_STOP  |          F
       CTM_CKSUM  |          T
AVG_FILE_ENDTIME  |          F
   AVG_CONC_SPCS  |  ALL
       CONC_SPCS  |  O3 NO ANO3I ANO3J NO2 FORM ISOP NH3 ANH4I ANH4J ASO4I ASO4J
 ACONC_BLEV_ELEV  |   1 1
  CONC_BLEV_ELEV  |   1 1
 IOAPI_LOG_WRITE  |          F
         VERTEXT  |          F
VERTEXT_COORD_PA  |  /home/ubuntu/build-nc4/openmpi_gcc/CCTM/scripts/lonlat.csv
   gc_matrix_nml  |  /home/ubuntu/build-nc4/openmpi_gcc/CCTM/scripts/BLD_CCTM_v54+_gcc/GC_cb6r5_ae7_aq.nml
   ae_matrix_nml  |  /home/ubuntu/build-nc4/openmpi_gcc/CCTM/scripts/BLD_CCTM_v54+_gcc/AE_cb6r5_ae7_aq.nml
   nr_matrix_nml  |  /home/ubuntu/build-nc4/openmpi_gcc/CCTM/scripts/BLD_CCTM_v54+_gcc/NR_cb6r5_ae7_aq.nml
   tr_matrix_nml  |  /home/ubuntu/build-nc4/openmpi_gcc/CCTM/scripts/BLD_CCTM_v54+_gcc/Species_Table_TR_0.nml

     |> Chemistry and Photolysis:
     +=============================
      --Env Variable-- | --Value--
      --------------------------------------------------------------------------------
    CTM_PHOTDIAG  |          F
CORE_SHELL_OPTIC  |          F (default)
 OPTICS_MIE_CALC  |          F (default)
       GEAR_ATOL  |   0.100E-08 (default)
       GEAR_RTOL  |   0.100E-02 (default)
         RB_RTOL  |   0.100E-02 (default)
         RB_ATOL  |   0.100E-06 (default)

     |> Aerosols:
     +=============
      --Env Variable-- | --Value--
      --------------------------------------------------------------------------------
   IC_AERO_M2WET  |          F
   BC_AERO_M2WET  |          F
   IC_AERO_M2USE  |          F
   BC_AERO_M2USE  |          F
    STM_SO4TRACK  |          F

     |> Cloud Processes:
     +====================
      --Env Variable-- | --Value--
      --------------------------------------------------------------------------------
        CLD_DIAG  |          F

     |> Air-Surface Exchange Processes:
     +===================================
      --Env Variable-- | --Value--
      --------------------------------------------------------------------------------
      PX_VERSION  |          T
      CTM_ABFLUX  |          T
      CTM_MOSAIC  |          F
    CTM_SFC_HONO  |          T
     CLM_VERSION  |          F
    NOAH_VERSION  |          F
   CTM_DEPV_FILE  |          F
      CTM_HGBIDI  |          F
CTM_BIDI_FERT_NH  |          T
 CTM_WBDUST_BELD  |  UNKNOWN (default)
   STAGECTRL_NML  |  /home/ubuntu/build-nc4/openmpi_gcc/CCTM/scripts/BLD_CCTM_v54+_gcc/CMAQ_Control_STAGE.nml
   CTM_STAGE_P22  |          F
   CTM_STAGE_E20  |          T
   CTM_STAGE_S22  |          F

     |> Transport Processes:
     +========================
      --Env Variable-- | --Value--
      --------------------------------------------------------------------------------
CTM_VDIFF_DIAG_F  |          F (default)
  SIGMA_SYNC_TOP  |   0.700E+00
    ADV_HDIV_LIM  |   0.900E+00 (default)
     CTM_ADV_CFL  |   0.950E+00
           KZMIN  |          T
        CTM_WVEL  |          T
   CTM_GRAV_SETL  |          T

     |> Emissions Parameters:
     +=========================
      --Env Variable-- | --Value--
      --------------------------------------------------------------------------------
      CTM_EMLAYS  |           0 (default)
   MISC_CTRL_NML  |  /home/ubuntu/build-nc4/openmpi_gcc/CCTM/scripts/BLD_CCTM_v54+_gcc/CMAQ_Control_Misc.nml
  DESID_CTRL_NML  |  /home/ubuntu/build-nc4/openmpi_gcc/CCTM/scripts/BLD_CCTM_v54+_gcc/CMAQ_Control_DESID.nml
DESID_CHEM_CTRL_  |  /home/ubuntu/build-nc4/openmpi_gcc/CCTM/scripts/BLD_CCTM_v54+_gcc/CMAQ_Control_DESID_cb6r5_ae7_aq.nml
       N_EMIS_GR  |           2
       N_EMIS_TR  |           0 (default)
     CTM_EMISCHK  |          F
 CTM_BIOGEMIS_BE  |          T
 CTM_BIOGEMIS_MG  |          F
   USE_MEGAN_LAI  |          F (default)
    MGN_ONLN_DEP  |          F (default)
     BDSNP_MEGAN  |          F
       BIOG_SPRO  |  DEFAULT (default)
      B3GTS_DIAG  |          F
    CTM_MGEMDIAG  |          F (default)
  CTM_OCEAN_CHEM  |          T
     CTM_WB_DUST  |          F
 CTM_DUSTEM_DIAG  |          F
    CTM_SSEMDIAG  |          F
     CTM_LTNG_NO  |          F
   LTNG_ASSIM_DT  |           0 (default)
          LTNGNO  |  InLine (default)
        USE_NLDN  |          F (default)
        LTNGDIAG  |          F
         MOLSNCG  |   0.350E+03 (default)
         MOLSNIC  |   0.350E+03 (default)
       N_EMIS_PT  |          10
          IPVERT  |           0 (default)
   EMIS_SYM_DATE  |          F (default)

     |> Process Analysis Parameters:
     +================================
      --Env Variable-- | --Value--
      --------------------------------------------------------------------------------
      CTM_PROCAN  |          F
    PA_BCOL_ECOL  |             (default)
    PA_BROW_EROW  |             (default)
    PA_BLEV_ELEV  |             (default)
       MET_TSTEP  |       10000 (default)

     MET data determined based on WRF ARW version 4.3.3


          -=-  MPP Processor-to-Subdomain Map  -=-
                 Number of Processors = 192
    ____________________________________________________
    |                                                  |
    |  PE    #Cols    Col_Range     #Rows    Row_Range |
    |__________________________________________________|
    |                                                  |
    |  0       39      1:  39         19      1:  19   |
    |  1       39     40:  78         19      1:  19   |
    |  2       39     79: 117         19      1:  19   |
    |  3       38    118: 155         19      1:  19   |
    |  4       38    156: 193         19      1:  19   |
    |  5       38    194: 231         19      1:  19   |
    |  6       38    232: 269         19      1:  19   |
    |  7       38    270: 307         19      1:  19   |
    |  8       38    308: 345         19      1:  19   |
    |  9       38    346: 383         19      1:  19   |
    | 10       38    384: 421         19      1:  19   |
    | 11       38    422: 459         19      1:  19   |
    | 12       39      1:  39         19     20:  38   |
    | 13       39     40:  78         19     20:  38   |
    | 14       39     79: 117         19     20:  38   |
    | 15       38    118: 155         19     20:  38   |
    | 16       38    156: 193         19     20:  38   |
    | 17       38    194: 231         19     20:  38   |
    | 18       38    232: 269         19     20:  38   |
    | 19       38    270: 307         19     20:  38   |
    | 20       38    308: 345         19     20:  38   |
    | 21       38    346: 383         19     20:  38   |
    | 22       38    384: 421         19     20:  38   |
    | 23       38    422: 459         19     20:  38   |
    | 24       39      1:  39         19     39:  57   |
    | 25       39     40:  78         19     39:  57   |
    | 26       39     79: 117         19     39:  57   |
    | 27       38    118: 155         19     39:  57   |
    | 28       38    156: 193         19     39:  57   |
    | 29       38    194: 231         19     39:  57   |
    | 30       38    232: 269         19     39:  57   |
    | 31       38    270: 307         19     39:  57   |
    | 32       38    308: 345         19     39:  57   |
    | 33       38    346: 383         19     39:  57   |
    | 34       38    384: 421         19     39:  57   |
    | 35       38    422: 459         19     39:  57   |
    | 36       39      1:  39         19     58:  76   |
    | 37       39     40:  78         19     58:  76   |
    | 38       39     79: 117         19     58:  76   |
    | 39       38    118: 155         19     58:  76   |
    | 40       38    156: 193         19     58:  76   |
    | 41       38    194: 231         19     58:  76   |
    | 42       38    232: 269         19     58:  76   |
    | 43       38    270: 307         19     58:  76   |
    | 44       38    308: 345         19     58:  76   |
    | 45       38    346: 383         19     58:  76   |
    | 46       38    384: 421         19     58:  76   |
    | 47       38    422: 459         19     58:  76   |
    | 48       39      1:  39         19     77:  95   |
    | 49       39     40:  78         19     77:  95   |
    | 50       39     79: 117         19     77:  95   |
    | 51       38    118: 155         19     77:  95   |
    | 52       38    156: 193         19     77:  95   |
    | 53       38    194: 231         19     77:  95   |
    | 54       38    232: 269         19     77:  95   |
    | 55       38    270: 307         19     77:  95   |
    | 56       38    308: 345         19     77:  95   |
    | 57       38    346: 383         19     77:  95   |
    | 58       38    384: 421         19     77:  95   |
    | 59       38    422: 459         19     77:  95   |
    | 60       39      1:  39         19     96: 114   |
    | 61       39     40:  78         19     96: 114   |
    | 62       39     79: 117         19     96: 114   |
    | 63       38    118: 155         19     96: 114   |
    | 64       38    156: 193         19     96: 114   |
    | 65       38    194: 231         19     96: 114   |
    | 66       38    232: 269         19     96: 114   |
    | 67       38    270: 307         19     96: 114   |
    | 68       38    308: 345         19     96: 114   |
    | 69       38    346: 383         19     96: 114   |
    | 70       38    384: 421         19     96: 114   |
    | 71       38    422: 459         19     96: 114   |
    | 72       39      1:  39         19    115: 133   |
    | 73       39     40:  78         19    115: 133   |
    | 74       39     79: 117         19    115: 133   |
    | 75       38    118: 155         19    115: 133   |
    | 76       38    156: 193         19    115: 133   |
    | 77       38    194: 231         19    115: 133   |
    | 78       38    232: 269         19    115: 133   |
    | 79       38    270: 307         19    115: 133   |
    | 80       38    308: 345         19    115: 133   |
    | 81       38    346: 383         19    115: 133   |
    | 82       38    384: 421         19    115: 133   |
    | 83       38    422: 459         19    115: 133   |
    | 84       39      1:  39         19    134: 152   |
    | 85       39     40:  78         19    134: 152   |
    | 86       39     79: 117         19    134: 152   |
    | 87       38    118: 155         19    134: 152   |
    | 88       38    156: 193         19    134: 152   |
    | 89       38    194: 231         19    134: 152   |
    | 90       38    232: 269         19    134: 152   |
    | 91       38    270: 307         19    134: 152   |
    | 92       38    308: 345         19    134: 152   |
    | 93       38    346: 383         19    134: 152   |
    | 94       38    384: 421         19    134: 152   |
    | 95       38    422: 459         19    134: 152   |
    | 96       39      1:  39         19    153: 171   |
    | 97       39     40:  78         19    153: 171   |
    | 98       39     79: 117         19    153: 171   |
    | 99       38    118: 155         19    153: 171   |
    |100       38    156: 193         19    153: 171   |
    |101       38    194: 231         19    153: 171   |
    |102       38    232: 269         19    153: 171   |
    |103       38    270: 307         19    153: 171   |
    |104       38    308: 345         19    153: 171   |
    |105       38    346: 383         19    153: 171   |
    |106       38    384: 421         19    153: 171   |
    |107       38    422: 459         19    153: 171   |
    |108       39      1:  39         19    172: 190   |
    |109       39     40:  78         19    172: 190   |
    |110       39     79: 117         19    172: 190   |
    |111       38    118: 155         19    172: 190   |
    |112       38    156: 193         19    172: 190   |
    |113       38    194: 231         19    172: 190   |
    |114       38    232: 269         19    172: 190   |
    |115       38    270: 307         19    172: 190   |
    |116       38    308: 345         19    172: 190   |
    |117       38    346: 383         19    172: 190   |
    |118       38    384: 421         19    172: 190   |
    |119       38    422: 459         19    172: 190   |
    |120       39      1:  39         19    191: 209   |
    |121       39     40:  78         19    191: 209   |
    |122       39     79: 117         19    191: 209   |
    |123       38    118: 155         19    191: 209   |
    |124       38    156: 193         19    191: 209   |
    |125       38    194: 231         19    191: 209   |
    |126       38    232: 269         19    191: 209   |
    |127       38    270: 307         19    191: 209   |
    |128       38    308: 345         19    191: 209   |
    |129       38    346: 383         19    191: 209   |
    |130       38    384: 421         19    191: 209   |
    |131       38    422: 459         19    191: 209   |
    |132       39      1:  39         18    210: 227   |
    |133       39     40:  78         18    210: 227   |
    |134       39     79: 117         18    210: 227   |
    |135       38    118: 155         18    210: 227   |
    |136       38    156: 193         18    210: 227   |
    |137       38    194: 231         18    210: 227   |
    |138       38    232: 269         18    210: 227   |
    |139       38    270: 307         18    210: 227   |
    |140       38    308: 345         18    210: 227   |
    |141       38    346: 383         18    210: 227   |
    |142       38    384: 421         18    210: 227   |
    |143       38    422: 459         18    210: 227   |
    |144       39      1:  39         18    228: 245   |
    |145       39     40:  78         18    228: 245   |
    |146       39     79: 117         18    228: 245   |
    |147       38    118: 155         18    228: 245   |
    |148       38    156: 193         18    228: 245   |
    |149       38    194: 231         18    228: 245   |
    |150       38    232: 269         18    228: 245   |
    |151       38    270: 307         18    228: 245   |
    |152       38    308: 345         18    228: 245   |
    |153       38    346: 383         18    228: 245   |
    |154       38    384: 421         18    228: 245   |
    |155       38    422: 459         18    228: 245   |
    |156       39      1:  39         18    246: 263   |
    |157       39     40:  78         18    246: 263   |
    |158       39     79: 117         18    246: 263   |
    |159       38    118: 155         18    246: 263   |
    |160       38    156: 193         18    246: 263   |
    |161       38    194: 231         18    246: 263   |
    |162       38    232: 269         18    246: 263   |
    |163       38    270: 307         18    246: 263   |
    |164       38    308: 345         18    246: 263   |
    |165       38    346: 383         18    246: 263   |
    |166       38    384: 421         18    246: 263   |
    |167       38    422: 459         18    246: 263   |
    |168       39      1:  39         18    264: 281   |
    |169       39     40:  78         18    264: 281   |
    |170       39     79: 117         18    264: 281   |
    |171       38    118: 155         18    264: 281   |
    |172       38    156: 193         18    264: 281   |
    |173       38    194: 231         18    264: 281   |
    |174       38    232: 269         18    264: 281   |
    |175       38    270: 307         18    264: 281   |
    |176       38    308: 345         18    264: 281   |
    |177       38    346: 383         18    264: 281   |
    |178       38    384: 421         18    264: 281   |
    |179       38    422: 459         18    264: 281   |
    |180       39      1:  39         18    282: 299   |
    |181       39     40:  78         18    282: 299   |
    |182       39     79: 117         18    282: 299   |
    |183       38    118: 155         18    282: 299   |
    |184       38    156: 193         18    282: 299   |
    |185       38    194: 231         18    282: 299   |
    |186       38    232: 269         18    282: 299   |
    |187       38    270: 307         18    282: 299   |
    |188       38    308: 345         18    282: 299   |
    |189       38    346: 383         18    282: 299   |
    |190       38    384: 421         18    282: 299   |
    |191       38    422: 459         18    282: 299   |
    |__________________________________________________|



     ================================
     |>---   TIME INTEGRATION   ---<|
     ================================

     Processing Day/Time [YYYYDDD:HHMMSS]: 2017357:000000
       Which is Equivalent to (UTC): 0:00:00  Saturday,  Dec. 23, 2017
       Time-Step Length (HHMMSS): 000500
                 VDIFF completed...       1.1800 seconds
                COUPLE completed...       0.0716 seconds
                  HADV completed...       1.6408 seconds
                  ZADV completed...       0.1973 seconds
                 HDIFF completed...       0.1407 seconds
              DECOUPLE completed...       0.0329 seconds
                  PHOT completed...       0.4781 seconds
               CLDPROC completed...       0.1148 seconds
                  CHEM completed...       0.5773 seconds
                  AERO completed...       0.5947 seconds
            Master Time Step
            Processing completed...       5.0324 seconds

     Processing Day/Time [YYYYDDD:HHMMSS]: 2017357:000500
       Which is Equivalent to (UTC): 0:05:00  Saturday,  Dec. 23, 2017
       Time-Step Length (HHMMSS): 000500
                 VDIFF completed...       0.4807 seconds
                COUPLE completed...       0.0304 seconds
                  HADV completed...       1.5823 seconds
                  ZADV completed...       0.1967 seconds
                 HDIFF completed...       0.1463 seconds
              DECOUPLE completed...       0.0329 seconds
                  PHOT completed...       0.3158 seconds
               CLDPROC completed...       0.1172 seconds
                  CHEM completed...       0.5837 seconds
                  AERO completed...       0.5894 seconds
            Master Time Step
            Processing completed...       4.0765 seconds

     Processing Day/Time [YYYYDDD:HHMMSS]: 2017357:001000
       Which is Equivalent to (UTC): 0:10:00  Saturday,  Dec. 23, 2017
       Time-Step Length (HHMMSS): 000500
                 VDIFF completed...       0.4787 seconds
                COUPLE completed...       0.0315 seconds
                  HADV completed...       1.5547 seconds
                  ZADV completed...       0.1967 seconds
                 HDIFF completed...       0.1407 seconds
              DECOUPLE completed...       0.0328 seconds
                  PHOT completed...       0.3161 seconds
               CLDPROC completed...       0.1195 seconds
                  CHEM completed...       0.5867 seconds
                  AERO completed...       0.5901 seconds
            Master Time Step
            Processing completed...       4.0517 seconds

     Processing Day/Time [YYYYDDD:HHMMSS]: 2017357:001500
       Which is Equivalent to (UTC): 0:15:00  Saturday,  Dec. 23, 2017
       Time-Step Length (HHMMSS): 000500
                 VDIFF completed...       0.4846 seconds
                COUPLE completed...       0.0300 seconds
                  HADV completed...       1.5466 seconds
                  ZADV completed...       0.1965 seconds
                 HDIFF completed...       0.1411 seconds
              DECOUPLE completed...       0.0332 seconds
                  PHOT completed...       0.3172 seconds
               CLDPROC completed...       0.1212 seconds
                  CHEM completed...       0.5902 seconds
                  AERO completed...       0.6017 seconds
            Master Time Step
            Processing completed...       4.0664 seconds

     Processing Day/Time [YYYYDDD:HHMMSS]: 2017357:002000
       Which is Equivalent to (UTC): 0:20:00  Saturday,  Dec. 23, 2017
       Time-Step Length (HHMMSS): 000500
                 VDIFF completed...       0.4788 seconds
                COUPLE completed...       0.0309 seconds
                  HADV completed...       1.5151 seconds
                  ZADV completed...       0.1961 seconds
                 HDIFF completed...       0.1422 seconds
              DECOUPLE completed...       0.0330 seconds
                  PHOT completed...       0.3173 seconds
               CLDPROC completed...       0.1220 seconds
                  CHEM completed...       0.5942 seconds
                  AERO completed...       0.6080 seconds
            Master Time Step
            Processing completed...       4.0417 seconds

     Processing Day/Time [YYYYDDD:HHMMSS]: 2017357:002500
       Which is Equivalent to (UTC): 0:25:00  Saturday,  Dec. 23, 2017
       Time-Step Length (HHMMSS): 000500
                 VDIFF completed...       0.4744 seconds
                COUPLE completed...       0.0311 seconds
                  HADV completed...       1.5142 seconds
                  ZADV completed...       0.1962 seconds
                 HDIFF completed...       0.1413 seconds
              DECOUPLE completed...       0.0331 seconds
                  PHOT completed...       0.3180 seconds
               CLDPROC completed...       0.1221 seconds
                  CHEM completed...       0.5974 seconds
                  AERO completed...       0.6075 seconds
            Master Time Step
            Processing completed...       4.0394 seconds

     Processing Day/Time [YYYYDDD:HHMMSS]: 2017357:003000
       Which is Equivalent to (UTC): 0:30:00  Saturday,  Dec. 23, 2017
       Time-Step Length (HHMMSS): 000500
                 VDIFF completed...       0.4610 seconds
                COUPLE completed...       0.0319 seconds
                  HADV completed...       1.5135 seconds
                  ZADV completed...       0.1960 seconds
                 HDIFF completed...       0.1430 seconds
              DECOUPLE completed...       0.0336 seconds
                  PHOT completed...       0.3179 seconds
               CLDPROC completed...       0.1340 seconds
                  CHEM completed...       0.5997 seconds
                  AERO completed...       0.6230 seconds
            Master Time Step
            Processing completed...       4.0578 seconds

     Processing Day/Time [YYYYDDD:HHMMSS]: 2017357:003500
       Which is Equivalent to (UTC): 0:35:00  Saturday,  Dec. 23, 2017
       Time-Step Length (HHMMSS): 000500
                 VDIFF completed...       0.4462 seconds
                COUPLE completed...       0.0299 seconds
                  HADV completed...       1.5085 seconds
                  ZADV completed...       0.1966 seconds
                 HDIFF completed...       0.1424 seconds
              DECOUPLE completed...       0.0333 seconds
                  PHOT completed...       0.3193 seconds
               CLDPROC completed...       0.1211 seconds
                  CHEM completed...       0.6032 seconds
                  AERO completed...       0.6215 seconds
            Master Time Step
            Processing completed...       4.0255 seconds

     Processing Day/Time [YYYYDDD:HHMMSS]: 2017357:004000
       Which is Equivalent to (UTC): 0:40:00  Saturday,  Dec. 23, 2017
       Time-Step Length (HHMMSS): 000500
                 VDIFF completed...       0.4544 seconds
                COUPLE completed...       0.0292 seconds
                  HADV completed...       1.5049 seconds
                  ZADV completed...       0.1960 seconds
                 HDIFF completed...       0.1429 seconds
              DECOUPLE completed...       0.0335 seconds
                  PHOT completed...       0.3129 seconds
               CLDPROC completed...       0.1198 seconds
                  CHEM completed...       0.6109 seconds
                  AERO completed...       0.6197 seconds
            Master Time Step
            Processing completed...       4.0283 seconds

     Processing Day/Time [YYYYDDD:HHMMSS]: 2017357:004500
       Which is Equivalent to (UTC): 0:45:00  Saturday,  Dec. 23, 2017
       Time-Step Length (HHMMSS): 000500
                 VDIFF completed...       0.4550 seconds
                COUPLE completed...       0.0292 seconds
                  HADV completed...       1.5102 seconds
                  ZADV completed...       0.1961 seconds
                 HDIFF completed...       0.1463 seconds
              DECOUPLE completed...       0.0334 seconds
                  PHOT completed...       0.3006 seconds
               CLDPROC completed...       0.1180 seconds
                  CHEM completed...       0.6070 seconds
                  AERO completed...       0.6184 seconds
            Master Time Step
            Processing completed...       4.0181 seconds

     Processing Day/Time [YYYYDDD:HHMMSS]: 2017357:005000
       Which is Equivalent to (UTC): 0:50:00  Saturday,  Dec. 23, 2017
       Time-Step Length (HHMMSS): 000500
                 VDIFF completed...       0.4605 seconds
                COUPLE completed...       0.0292 seconds
                  HADV completed...       1.5226 seconds
                  ZADV completed...       0.1963 seconds
                 HDIFF completed...       0.1418 seconds
              DECOUPLE completed...       0.0329 seconds
                  PHOT completed...       0.2886 seconds
               CLDPROC completed...       0.1151 seconds
                  CHEM completed...       0.5894 seconds
                  AERO completed...       0.6049 seconds
            Master Time Step
            Processing completed...       3.9854 seconds

     Processing Day/Time [YYYYDDD:HHMMSS]: 2017357:005500
       Which is Equivalent to (UTC): 0:55:00  Saturday,  Dec. 23, 2017
       Time-Step Length (HHMMSS): 000500
                 VDIFF completed...       1.5664 seconds
                COUPLE completed...       0.1113 seconds
                  HADV completed...       1.1648 seconds
                  ZADV completed...       0.1961 seconds
                 HDIFF completed...       0.1432 seconds
              DECOUPLE completed...       0.0336 seconds
                  PHOT completed...       0.2574 seconds
               CLDPROC completed...       1.1692 seconds
                  CHEM completed...       0.5647 seconds
                  AERO completed...       0.5589 seconds
            Master Time Step
            Processing completed...       5.7697 seconds

      =--> Data Output completed...       1.3501 seconds

     Processing Day/Time [YYYYDDD:HHMMSS]: 2017357:010000
       Which is Equivalent to (UTC): 1:00:00  Saturday,  Dec. 23, 2017
       Time-Step Length (HHMMSS): 000500
                 VDIFF completed...       4.2943 seconds
                COUPLE completed...       0.0966 seconds
                  HADV completed...       3.2335 seconds
                  ZADV completed...       0.2019 seconds
                 HDIFF completed...       0.1366 seconds
              DECOUPLE completed...       0.0333 seconds
                  PHOT completed...       1.1308 seconds
               CLDPROC completed...       0.1171 seconds
                  CHEM completed...       0.5255 seconds
                  AERO completed...       0.5749 seconds
            Master Time Step
            Processing completed...      10.3483 seconds

     Processing Day/Time [YYYYDDD:HHMMSS]: 2017357:010500
       Which is Equivalent to (UTC): 1:05:00  Saturday,  Dec. 23, 2017
       Time-Step Length (HHMMSS): 000500
                 VDIFF completed...       0.5090 seconds
                COUPLE completed...       0.0366 seconds
                  HADV completed...       1.4894 seconds
                  ZADV completed...       0.2027 seconds
                 HDIFF completed...       0.1369 seconds
              DECOUPLE completed...       0.0338 seconds
                  PHOT completed...       0.2611 seconds
               CLDPROC completed...       0.1205 seconds
                  CHEM completed...       0.4979 seconds
                  AERO completed...       0.5676 seconds
            Master Time Step
            Processing completed...       3.8563 seconds

     Processing Day/Time [YYYYDDD:HHMMSS]: 2017357:011000
       Which is Equivalent to (UTC): 1:10:00  Saturday,  Dec. 23, 2017
       Time-Step Length (HHMMSS): 000500
                 VDIFF completed...       0.5015 seconds
                COUPLE completed...       0.0477 seconds
                  HADV completed...       1.6712 seconds
                  ZADV completed...       0.2024 seconds
                 HDIFF completed...       0.1378 seconds
              DECOUPLE completed...       0.0338 seconds
                  PHOT completed...       0.2251 seconds
               CLDPROC completed...       0.1395 seconds
                  CHEM completed...       0.4838 seconds
                  AERO completed...       0.5659 seconds
            Master Time Step
            Processing completed...       4.0097 seconds

     Processing Day/Time [YYYYDDD:HHMMSS]: 2017357:011500
       Which is Equivalent to (UTC): 1:15:00  Saturday,  Dec. 23, 2017
       Time-Step Length (HHMMSS): 000500
                 VDIFF completed...       0.4989 seconds
                COUPLE completed...       0.0444 seconds
                  HADV completed...       1.7086 seconds
                  ZADV completed...       0.2023 seconds
                 HDIFF completed...       0.1370 seconds
              DECOUPLE completed...       0.0336 seconds
                  PHOT completed...       0.1647 seconds
               CLDPROC completed...       0.1460 seconds
                  CHEM completed...       0.4842 seconds
                  AERO completed...       0.5582 seconds
            Master Time Step
            Processing completed...       3.9787 seconds

     Processing Day/Time [YYYYDDD:HHMMSS]: 2017357:012000
       Which is Equivalent to (UTC): 1:20:00  Saturday,  Dec. 23, 2017
       Time-Step Length (HHMMSS): 000500
                 VDIFF completed...       0.5599 seconds
                COUPLE completed...       0.0487 seconds
                  HADV completed...       1.7378 seconds
                  ZADV completed...       0.2023 seconds
                 HDIFF completed...       0.1376 seconds
              DECOUPLE completed...       0.0337 seconds
                  PHOT completed...       0.1302 seconds
               CLDPROC completed...       0.1638 seconds
                  CHEM completed...       0.4921 seconds
                  AERO completed...       0.5534 seconds
            Master Time Step
            Processing completed...       4.0603 seconds

     Processing Day/Time [YYYYDDD:HHMMSS]: 2017357:012500
       Which is Equivalent to (UTC): 1:25:00  Saturday,  Dec. 23, 2017
       Time-Step Length (HHMMSS): 000500
                 VDIFF completed...       0.5745 seconds
                COUPLE completed...       0.0465 seconds
                  HADV completed...       1.7161 seconds
                  ZADV completed...       0.2025 seconds
                 HDIFF completed...       0.1416 seconds
              DECOUPLE completed...       0.0331 seconds
                  PHOT completed...       0.1219 seconds
               CLDPROC completed...       0.1690 seconds
                  CHEM completed...       0.4919 seconds
                  AERO completed...       0.5491 seconds
            Master Time Step
            Processing completed...       4.0475 seconds

     Processing Day/Time [YYYYDDD:HHMMSS]: 2017357:013000
       Which is Equivalent to (UTC): 1:30:00  Saturday,  Dec. 23, 2017
       Time-Step Length (HHMMSS): 000500
                 VDIFF completed...       0.5840 seconds
                COUPLE completed...       0.0458 seconds
                  HADV completed...       1.7067 seconds
                  ZADV completed...       0.2025 seconds
                 HDIFF completed...       0.1376 seconds
              DECOUPLE completed...       0.0338 seconds
                  PHOT completed...       0.1212 seconds
               CLDPROC completed...       0.1808 seconds
                  CHEM completed...       0.4837 seconds
                  AERO completed...       0.5542 seconds
            Master Time Step
            Processing completed...       4.0547 seconds

     Processing Day/Time [YYYYDDD:HHMMSS]: 2017357:013500
       Which is Equivalent to (UTC): 1:35:00  Saturday,  Dec. 23, 2017
       Time-Step Length (HHMMSS): 000500
                 VDIFF completed...       0.5745 seconds
                COUPLE completed...       0.0430 seconds
                  HADV completed...       1.7150 seconds
                  ZADV completed...       0.2023 seconds
                 HDIFF completed...       0.1369 seconds
              DECOUPLE completed...       0.0339 seconds
                  PHOT completed...       0.1205 seconds
               CLDPROC completed...       0.1682 seconds
                  CHEM completed...       0.4875 seconds
                  AERO completed...       0.5680 seconds
            Master Time Step
            Processing completed...       4.0543 seconds

     Processing Day/Time [YYYYDDD:HHMMSS]: 2017357:014000
       Which is Equivalent to (UTC): 1:40:00  Saturday,  Dec. 23, 2017
       Time-Step Length (HHMMSS): 000500
                 VDIFF completed...       0.5635 seconds
                COUPLE completed...       0.0459 seconds
                  HADV completed...       1.7216 seconds
                  ZADV completed...       0.2022 seconds
                 HDIFF completed...       0.1376 seconds
              DECOUPLE completed...       0.0334 seconds
                  PHOT completed...       0.1206 seconds
               CLDPROC completed...       0.1679 seconds
                  CHEM completed...       0.4846 seconds
                  AERO completed...       0.5543 seconds
            Master Time Step
            Processing completed...       4.0363 seconds

     Processing Day/Time [YYYYDDD:HHMMSS]: 2017357:014500
       Which is Equivalent to (UTC): 1:45:00  Saturday,  Dec. 23, 2017
       Time-Step Length (HHMMSS): 000500
                 VDIFF completed...       0.5855 seconds
                COUPLE completed...       0.0492 seconds
                  HADV completed...       1.7068 seconds
                  ZADV completed...       0.2025 seconds
                 HDIFF completed...       0.1374 seconds
              DECOUPLE completed...       0.0337 seconds
                  PHOT completed...       0.1211 seconds
               CLDPROC completed...       0.1663 seconds
                  CHEM completed...       0.4823 seconds
                  AERO completed...       0.5539 seconds
            Master Time Step
            Processing completed...       4.0430 seconds

     Processing Day/Time [YYYYDDD:HHMMSS]: 2017357:015000
       Which is Equivalent to (UTC): 1:50:00  Saturday,  Dec. 23, 2017
       Time-Step Length (HHMMSS): 000500
                 VDIFF completed...       0.5876 seconds
                COUPLE completed...       0.0535 seconds
                  HADV completed...       1.7079 seconds
                  ZADV completed...       0.2027 seconds
                 HDIFF completed...       0.1374 seconds
              DECOUPLE completed...       0.0339 seconds
                  PHOT completed...       0.1208 seconds
               CLDPROC completed...       0.1667 seconds
                  CHEM completed...       0.4804 seconds
                  AERO completed...       0.5531 seconds
            Master Time Step
            Processing completed...       4.0454 seconds

     Processing Day/Time [YYYYDDD:HHMMSS]: 2017357:015500
       Which is Equivalent to (UTC): 1:55:00  Saturday,  Dec. 23, 2017
       Time-Step Length (HHMMSS): 000500
                 VDIFF completed...       1.9237 seconds
                COUPLE completed...       0.1114 seconds
                  HADV completed...       1.1637 seconds
                  ZADV completed...       0.2025 seconds
                 HDIFF completed...       0.1371 seconds
              DECOUPLE completed...       0.0333 seconds
                  PHOT completed...       0.1207 seconds
               CLDPROC completed...       1.3464 seconds
                  CHEM completed...       0.5092 seconds
                  AERO completed...       0.5604 seconds
            Master Time Step
            Processing completed...       6.1126 seconds

      =--> Data Output completed...       1.3421 seconds

     Processing Day/Time [YYYYDDD:HHMMSS]: 2017357:020000
       Which is Equivalent to (UTC): 2:00:00  Saturday,  Dec. 23, 2017
       Time-Step Length (HHMMSS): 000500
                 VDIFF completed...       4.5269 seconds
                COUPLE completed...       0.1031 seconds
                  HADV completed...       3.0734 seconds
                  ZADV completed...       0.1978 seconds
                 HDIFF completed...       0.1419 seconds
              DECOUPLE completed...       0.0330 seconds
                  PHOT completed...       0.8074 seconds
               CLDPROC completed...       0.1738 seconds
                  CHEM completed...       0.4792 seconds
                  AERO completed...       0.5550 seconds
            Master Time Step
            Processing completed...      10.0957 seconds

     Processing Day/Time [YYYYDDD:HHMMSS]: 2017357:020500
       Which is Equivalent to (UTC): 2:05:00  Saturday,  Dec. 23, 2017
       Time-Step Length (HHMMSS): 000500
                 VDIFF completed...       0.6144 seconds
                COUPLE completed...       0.0556 seconds
                  HADV completed...       1.7296 seconds
                  ZADV completed...       0.2029 seconds
                 HDIFF completed...       0.1363 seconds
              DECOUPLE completed...       0.0331 seconds
                  PHOT completed...       0.1215 seconds
               CLDPROC completed...       0.1648 seconds
                  CHEM completed...       0.4738 seconds
                  AERO completed...       0.5510 seconds
            Master Time Step
            Processing completed...       4.0871 seconds

     Processing Day/Time [YYYYDDD:HHMMSS]: 2017357:021000
       Which is Equivalent to (UTC): 2:10:00  Saturday,  Dec. 23, 2017
       Time-Step Length (HHMMSS): 000500
                 VDIFF completed...       0.6094 seconds
                COUPLE completed...       0.0552 seconds
                  HADV completed...       1.6324 seconds
                  ZADV completed...       0.2026 seconds
                 HDIFF completed...       0.1370 seconds
              DECOUPLE completed...       0.0333 seconds
                  PHOT completed...       0.1218 seconds
               CLDPROC completed...       0.1662 seconds
                  CHEM completed...       0.4701 seconds
                  AERO completed...       0.5553 seconds
            Master Time Step
            Processing completed...       3.9847 seconds

     Processing Day/Time [YYYYDDD:HHMMSS]: 2017357:021500
       Which is Equivalent to (UTC): 2:15:00  Saturday,  Dec. 23, 2017
       Time-Step Length (HHMMSS): 000500
                 VDIFF completed...       0.6043 seconds
                COUPLE completed...       0.0514 seconds
                  HADV completed...       1.6190 seconds
                  ZADV completed...       0.2029 seconds
                 HDIFF completed...       0.1367 seconds
              DECOUPLE completed...       0.0336 seconds
                  PHOT completed...       0.1205 seconds
               CLDPROC completed...       0.1655 seconds
                  CHEM completed...       0.4692 seconds
                  AERO completed...       0.5535 seconds
            Master Time Step
            Processing completed...       3.9610 seconds

     Processing Day/Time [YYYYDDD:HHMMSS]: 2017357:022000
       Which is Equivalent to (UTC): 2:20:00  Saturday,  Dec. 23, 2017
       Time-Step Length (HHMMSS): 000500
                 VDIFF completed...       0.6016 seconds
                COUPLE completed...       0.0511 seconds
                  HADV completed...       1.6846 seconds
                  ZADV completed...       0.2024 seconds
                 HDIFF completed...       0.1372 seconds
              DECOUPLE completed...       0.0342 seconds
                  PHOT completed...       0.1205 seconds
               CLDPROC completed...       0.1661 seconds
                  CHEM completed...       0.4665 seconds
                  AERO completed...       0.5474 seconds
            Master Time Step
            Processing completed...       4.0163 seconds

     Processing Day/Time [YYYYDDD:HHMMSS]: 2017357:022500
       Which is Equivalent to (UTC): 2:25:00  Saturday,  Dec. 23, 2017
       Time-Step Length (HHMMSS): 000500
                 VDIFF completed...       0.6044 seconds
                COUPLE completed...       0.0521 seconds
                  HADV completed...       1.6324 seconds
                  ZADV completed...       0.2020 seconds
                 HDIFF completed...       0.1379 seconds
              DECOUPLE completed...       0.0342 seconds
                  PHOT completed...       0.1201 seconds
               CLDPROC completed...       0.1665 seconds
                  CHEM completed...       0.4635 seconds
                  AERO completed...       0.5525 seconds
            Master Time Step
            Processing completed...       3.9699 seconds

     Processing Day/Time [YYYYDDD:HHMMSS]: 2017357:023000
       Which is Equivalent to (UTC): 2:30:00  Saturday,  Dec. 23, 2017
       Time-Step Length (HHMMSS): 000500
                 VDIFF completed...       0.6052 seconds
                COUPLE completed...       0.0528 seconds
                  HADV completed...       1.6227 seconds
                  ZADV completed...       0.2024 seconds
                 HDIFF completed...       0.1380 seconds
              DECOUPLE completed...       0.0341 seconds
                  PHOT completed...       0.1201 seconds
               CLDPROC completed...       0.1672 seconds
                  CHEM completed...       0.4616 seconds
                  AERO completed...       0.5536 seconds
            Master Time Step
            Processing completed...       3.9620 seconds

     Processing Day/Time [YYYYDDD:HHMMSS]: 2017357:023500
       Which is Equivalent to (UTC): 2:35:00  Saturday,  Dec. 23, 2017
       Time-Step Length (HHMMSS): 000500
                 VDIFF completed...       0.6036 seconds
                COUPLE completed...       0.0520 seconds
                  HADV completed...       1.6436 seconds
                  ZADV completed...       0.2025 seconds
                 HDIFF completed...       0.1365 seconds
              DECOUPLE completed...       0.0333 seconds
                  PHOT completed...       0.1213 seconds
               CLDPROC completed...       0.1686 seconds
                  CHEM completed...       0.4607 seconds
                  AERO completed...       0.5521 seconds
            Master Time Step
            Processing completed...       3.9784 seconds

     Processing Day/Time [YYYYDDD:HHMMSS]: 2017357:024000
       Which is Equivalent to (UTC): 2:40:00  Saturday,  Dec. 23, 2017
       Time-Step Length (HHMMSS): 000500
                 VDIFF completed...       0.6217 seconds
                COUPLE completed...       0.0524 seconds
                  HADV completed...       1.6183 seconds
                  ZADV completed...       0.2029 seconds
                 HDIFF completed...       0.1370 seconds
              DECOUPLE completed...       0.0338 seconds
                  PHOT completed...       0.1207 seconds
               CLDPROC completed...       0.1669 seconds
                  CHEM completed...       0.4599 seconds
                  AERO completed...       0.5521 seconds
            Master Time Step
            Processing completed...       3.9701 seconds

     Processing Day/Time [YYYYDDD:HHMMSS]: 2017357:024500
       Which is Equivalent to (UTC): 2:45:00  Saturday,  Dec. 23, 2017
       Time-Step Length (HHMMSS): 000500
                 VDIFF completed...       0.5980 seconds
                COUPLE completed...       0.0496 seconds
                  HADV completed...       1.6355 seconds
                  ZADV completed...       0.2031 seconds
                 HDIFF completed...       0.1368 seconds
              DECOUPLE completed...       0.0337 seconds
                  PHOT completed...       0.1204 seconds
               CLDPROC completed...       0.1660 seconds
                  CHEM completed...       0.4599 seconds
                  AERO completed...       0.5512 seconds
            Master Time Step
            Processing completed...       3.9587 seconds

     Processing Day/Time [YYYYDDD:HHMMSS]: 2017357:025000
       Which is Equivalent to (UTC): 2:50:00  Saturday,  Dec. 23, 2017
       Time-Step Length (HHMMSS): 000500
                 VDIFF completed...       0.6099 seconds
                COUPLE completed...       0.0567 seconds
                  HADV completed...       1.6113 seconds
                  ZADV completed...       0.2027 seconds
                 HDIFF completed...       0.1367 seconds
              DECOUPLE completed...       0.0334 seconds
                  PHOT completed...       0.1207 seconds
               CLDPROC completed...       0.1656 seconds
                  CHEM completed...       0.4591 seconds
                  AERO completed...       0.5528 seconds
            Master Time Step
            Processing completed...       3.9536 seconds

     Processing Day/Time [YYYYDDD:HHMMSS]: 2017357:025500
       Which is Equivalent to (UTC): 2:55:00  Saturday,  Dec. 23, 2017
       Time-Step Length (HHMMSS): 000500
                 VDIFF completed...       1.8873 seconds
                COUPLE completed...       0.1109 seconds
                  HADV completed...       1.1010 seconds
                  ZADV completed...       0.2030 seconds
                 HDIFF completed...       0.1370 seconds
              DECOUPLE completed...       0.0338 seconds
                  PHOT completed...       0.1202 seconds
               CLDPROC completed...       1.2848 seconds
                  CHEM completed...       0.4679 seconds
                  AERO completed...       0.5647 seconds
            Master Time Step
            Processing completed...       5.9159 seconds

      =--> Data Output completed...       1.2715 seconds

     Processing Day/Time [YYYYDDD:HHMMSS]: 2017357:030000
       Which is Equivalent to (UTC): 3:00:00  Saturday,  Dec. 23, 2017
       Time-Step Length (HHMMSS): 000500
                 VDIFF completed...       4.8035 seconds
                COUPLE completed...       0.0848 seconds
                  HADV completed...       2.9743 seconds
                  ZADV completed...       0.2027 seconds
                 HDIFF completed...       0.1364 seconds
              DECOUPLE completed...       0.0319 seconds
                  PHOT completed...       1.0097 seconds
               CLDPROC completed...       0.1747 seconds
                  CHEM completed...       0.4632 seconds
                  AERO completed...       0.5494 seconds
            Master Time Step
            Processing completed...      10.4338 seconds

     Processing Day/Time [YYYYDDD:HHMMSS]: 2017357:030500
       Which is Equivalent to (UTC): 3:05:00  Saturday,  Dec. 23, 2017
       Time-Step Length (HHMMSS): 000500
                 VDIFF completed...       0.6431 seconds
                COUPLE completed...       0.0563 seconds
                  HADV completed...       1.4995 seconds
                  ZADV completed...       0.1996 seconds
                 HDIFF completed...       0.1404 seconds
              DECOUPLE completed...       0.0346 seconds
                  PHOT completed...       0.1197 seconds
               CLDPROC completed...       0.1637 seconds
                  CHEM completed...       0.4543 seconds
                  AERO completed...       0.5528 seconds
            Master Time Step
            Processing completed...       3.8688 seconds

     Processing Day/Time [YYYYDDD:HHMMSS]: 2017357:031000
       Which is Equivalent to (UTC): 3:10:00  Saturday,  Dec. 23, 2017
       Time-Step Length (HHMMSS): 000500
                 VDIFF completed...       0.6122 seconds
                COUPLE completed...       0.0570 seconds
                  HADV completed...       1.6273 seconds
                  ZADV completed...       0.1988 seconds
                 HDIFF completed...       0.1431 seconds
              DECOUPLE completed...       0.0360 seconds
                  PHOT completed...       0.1200 seconds
               CLDPROC completed...       0.1638 seconds
                  CHEM completed...       0.4546 seconds
                  AERO completed...       0.5554 seconds
            Master Time Step
            Processing completed...       3.9710 seconds

     Processing Day/Time [YYYYDDD:HHMMSS]: 2017357:031500
       Which is Equivalent to (UTC): 3:15:00  Saturday,  Dec. 23, 2017
       Time-Step Length (HHMMSS): 000500
                 VDIFF completed...       0.6082 seconds
                COUPLE completed...       0.0577 seconds
                  HADV completed...       1.6086 seconds
                  ZADV completed...       0.1993 seconds
                 HDIFF completed...       0.1413 seconds
              DECOUPLE completed...       0.0335 seconds
                  PHOT completed...       0.1212 seconds
               CLDPROC completed...       0.1669 seconds
                  CHEM completed...       0.4538 seconds
                  AERO completed...       0.5534 seconds
            Master Time Step
            Processing completed...       3.9474 seconds

     Processing Day/Time [YYYYDDD:HHMMSS]: 2017357:032000
       Which is Equivalent to (UTC): 3:20:00  Saturday,  Dec. 23, 2017
       Time-Step Length (HHMMSS): 000500
                 VDIFF completed...       0.6063 seconds
                COUPLE completed...       0.0548 seconds
                  HADV completed...       1.6199 seconds
                  ZADV completed...       0.1988 seconds
                 HDIFF completed...       0.1384 seconds
              DECOUPLE completed...       0.0337 seconds
                  PHOT completed...       0.1214 seconds
               CLDPROC completed...       0.1680 seconds
                  CHEM completed...       0.4520 seconds
                  AERO completed...       0.5454 seconds
            Master Time Step
            Processing completed...       3.9409 seconds

     Processing Day/Time [YYYYDDD:HHMMSS]: 2017357:032500
       Which is Equivalent to (UTC): 3:25:00  Saturday,  Dec. 23, 2017
       Time-Step Length (HHMMSS): 000500
                 VDIFF completed...       0.6182 seconds
                COUPLE completed...       0.0549 seconds
                  HADV completed...       1.6240 seconds
                  ZADV completed...       0.1958 seconds
                 HDIFF completed...       0.1434 seconds
              DECOUPLE completed...       0.0328 seconds
                  PHOT completed...       0.1217 seconds
               CLDPROC completed...       0.1685 seconds
                  CHEM completed...       0.4522 seconds
                  AERO completed...       0.5528 seconds
            Master Time Step
            Processing completed...       3.9651 seconds

     Processing Day/Time [YYYYDDD:HHMMSS]: 2017357:033000
       Which is Equivalent to (UTC): 3:30:00  Saturday,  Dec. 23, 2017
       Time-Step Length (HHMMSS): 000500
                 VDIFF completed...       0.6054 seconds
                COUPLE completed...       0.0524 seconds
                  HADV completed...       1.6275 seconds
                  ZADV completed...       0.1974 seconds
                 HDIFF completed...       0.1418 seconds
              DECOUPLE completed...       0.0332 seconds
                  PHOT completed...       0.1219 seconds
               CLDPROC completed...       0.1682 seconds
                  CHEM completed...       0.4529 seconds
                  AERO completed...       0.5521 seconds
            Master Time Step
            Processing completed...       3.9537 seconds

     Processing Day/Time [YYYYDDD:HHMMSS]: 2017357:033500
       Which is Equivalent to (UTC): 3:35:00  Saturday,  Dec. 23, 2017
       Time-Step Length (HHMMSS): 000500
                 VDIFF completed...       0.6096 seconds
                COUPLE completed...       0.0525 seconds
                  HADV completed...       1.6283 seconds
                  ZADV completed...       0.1984 seconds
                 HDIFF completed...       0.1407 seconds
              DECOUPLE completed...       0.0328 seconds
                  PHOT completed...       0.1219 seconds
               CLDPROC completed...       0.1686 seconds
                  CHEM completed...       0.4526 seconds
                  AERO completed...       0.5521 seconds
            Master Time Step
            Processing completed...       3.9584 seconds

     Processing Day/Time [YYYYDDD:HHMMSS]: 2017357:034000
       Which is Equivalent to (UTC): 3:40:00  Saturday,  Dec. 23, 2017
       Time-Step Length (HHMMSS): 000500
                 VDIFF completed...       0.6053 seconds
                COUPLE completed...       0.0553 seconds
                  HADV completed...       1.6182 seconds
                  ZADV completed...       0.1971 seconds
                 HDIFF completed...       0.1438 seconds
              DECOUPLE completed...       0.0332 seconds
                  PHOT completed...       0.1204 seconds
               CLDPROC completed...       0.1683 seconds
                  CHEM completed...       0.4529 seconds
                  AERO completed...       0.5523 seconds
            Master Time Step
            Processing completed...       3.9476 seconds

     Processing Day/Time [YYYYDDD:HHMMSS]: 2017357:034500
       Which is Equivalent to (UTC): 3:45:00  Saturday,  Dec. 23, 2017
       Time-Step Length (HHMMSS): 000500
                 VDIFF completed...       0.6091 seconds
                COUPLE completed...       0.0551 seconds
                  HADV completed...       1.6251 seconds
                  ZADV completed...       0.1981 seconds
                 HDIFF completed...       0.1413 seconds
              DECOUPLE completed...       0.0328 seconds
                  PHOT completed...       0.1211 seconds
               CLDPROC completed...       0.1658 seconds
                  CHEM completed...       0.4516 seconds
                  AERO completed...       0.5529 seconds
            Master Time Step
            Processing completed...       3.9569 seconds

     Processing Day/Time [YYYYDDD:HHMMSS]: 2017357:035000
       Which is Equivalent to (UTC): 3:50:00  Saturday,  Dec. 23, 2017
       Time-Step Length (HHMMSS): 000500
                 VDIFF completed...       0.6124 seconds
                COUPLE completed...       0.0549 seconds
                  HADV completed...       1.6223 seconds
                  ZADV completed...       0.1980 seconds
                 HDIFF completed...       0.1423 seconds
              DECOUPLE completed...       0.0335 seconds
                  PHOT completed...       0.1202 seconds
               CLDPROC completed...       0.1648 seconds
                  CHEM completed...       0.4506 seconds
                  AERO completed...       0.5562 seconds
            Master Time Step
            Processing completed...       3.9598 seconds

     Processing Day/Time [YYYYDDD:HHMMSS]: 2017357:035500
       Which is Equivalent to (UTC): 3:55:00  Saturday,  Dec. 23, 2017
       Time-Step Length (HHMMSS): 000500
                 VDIFF completed...       1.8946 seconds
                COUPLE completed...       0.1117 seconds
                  HADV completed...       1.1015 seconds
                  ZADV completed...       0.1982 seconds
                 HDIFF completed...       0.1420 seconds
              DECOUPLE completed...       0.0329 seconds
                  PHOT completed...       0.1206 seconds
               CLDPROC completed...       1.2507 seconds
                  CHEM completed...       0.4429 seconds
                  AERO completed...       0.5644 seconds
            Master Time Step
            Processing completed...       5.8638 seconds

      =--> Data Output completed...       1.2913 seconds

     Processing Day/Time [YYYYDDD:HHMMSS]: 2017357:040000
       Which is Equivalent to (UTC): 4:00:00  Saturday,  Dec. 23, 2017
       Time-Step Length (HHMMSS): 000400
                 VDIFF completed...       3.9601 seconds
                COUPLE completed...       0.1012 seconds
                  HADV completed...       3.3797 seconds
                  ZADV completed...       0.1980 seconds
                 HDIFF completed...       0.1411 seconds
              DECOUPLE completed...       0.0339 seconds
                  PHOT completed...       0.9328 seconds
               CLDPROC completed...       0.1740 seconds
                  CHEM completed...       0.4501 seconds
                  AERO completed...       0.5379 seconds
            Master Time Step
            Processing completed...       9.9136 seconds

     Processing Day/Time [YYYYDDD:HHMMSS]: 2017357:040400
       Which is Equivalent to (UTC): 4:04:00  Saturday,  Dec. 23, 2017
       Time-Step Length (HHMMSS): 000400
                 VDIFF completed...       0.6378 seconds
                COUPLE completed...       0.0553 seconds
                  HADV completed...       1.4265 seconds
                  ZADV completed...       0.2028 seconds
                 HDIFF completed...       0.1365 seconds
              DECOUPLE completed...       0.0342 seconds
                  PHOT completed...       0.1203 seconds
               CLDPROC completed...       0.1648 seconds
                  CHEM completed...       0.4446 seconds
                  AERO completed...       0.5353 seconds
            Master Time Step
            Processing completed...       3.7628 seconds

     Processing Day/Time [YYYYDDD:HHMMSS]: 2017357:040800
       Which is Equivalent to (UTC): 4:08:00  Saturday,  Dec. 23, 2017
       Time-Step Length (HHMMSS): 000400
                 VDIFF completed...       0.6219 seconds
                COUPLE completed...       0.0568 seconds
                  HADV completed...       1.3605 seconds
                  ZADV completed...       0.2021 seconds
                 HDIFF completed...       0.1375 seconds
              DECOUPLE completed...       0.0340 seconds
                  PHOT completed...       0.1210 seconds
               CLDPROC completed...       0.1659 seconds
                  CHEM completed...       0.4440 seconds
                  AERO completed...       0.5363 seconds
            Master Time Step
            Processing completed...       3.6825 seconds

     Processing Day/Time [YYYYDDD:HHMMSS]: 2017357:041200
       Which is Equivalent to (UTC): 4:12:00  Saturday,  Dec. 23, 2017
       Time-Step Length (HHMMSS): 000400
                 VDIFF completed...       0.6197 seconds
                COUPLE completed...       0.0574 seconds
                  HADV completed...       1.3761 seconds
                  ZADV completed...       0.2021 seconds
                 HDIFF completed...       0.1370 seconds
              DECOUPLE completed...       0.0342 seconds
                  PHOT completed...       0.1198 seconds
               CLDPROC completed...       0.1659 seconds
                  CHEM completed...       0.4428 seconds
                  AERO completed...       0.5350 seconds
            Master Time Step
            Processing completed...       3.6945 seconds

     Processing Day/Time [YYYYDDD:HHMMSS]: 2017357:041600
       Which is Equivalent to (UTC): 4:16:00  Saturday,  Dec. 23, 2017
       Time-Step Length (HHMMSS): 000400
                 VDIFF completed...       0.6253 seconds
                COUPLE completed...       0.0536 seconds
                  HADV completed...       1.3672 seconds
                  ZADV completed...       0.2026 seconds
                 HDIFF completed...       0.1371 seconds
              DECOUPLE completed...       0.0331 seconds
                  PHOT completed...       0.1206 seconds
               CLDPROC completed...       0.1670 seconds
                  CHEM completed...       0.4436 seconds
                  AERO completed...       0.5340 seconds
            Master Time Step
            Processing completed...       3.6888 seconds

     Processing Day/Time [YYYYDDD:HHMMSS]: 2017357:042000
       Which is Equivalent to (UTC): 4:20:00  Saturday,  Dec. 23, 2017
       Time-Step Length (HHMMSS): 000400
                 VDIFF completed...       0.6197 seconds
                COUPLE completed...       0.0533 seconds
                  HADV completed...       1.3743 seconds
                  ZADV completed...       0.2024 seconds
                 HDIFF completed...       0.1364 seconds
              DECOUPLE completed...       0.0333 seconds
                  PHOT completed...       0.1209 seconds
               CLDPROC completed...       0.1673 seconds
                  CHEM completed...       0.4422 seconds
                  AERO completed...       0.5355 seconds
            Master Time Step
            Processing completed...       3.6894 seconds

     Processing Day/Time [YYYYDDD:HHMMSS]: 2017357:042400
       Which is Equivalent to (UTC): 4:24:00  Saturday,  Dec. 23, 2017
       Time-Step Length (HHMMSS): 000400
                 VDIFF completed...       0.6204 seconds
                COUPLE completed...       0.0532 seconds
                  HADV completed...       1.3747 seconds
                  ZADV completed...       0.2014 seconds
                 HDIFF completed...       0.1377 seconds
              DECOUPLE completed...       0.0325 seconds
                  PHOT completed...       0.1218 seconds
               CLDPROC completed...       0.1694 seconds
                  CHEM completed...       0.4433 seconds
                  AERO completed...       0.5339 seconds
            Master Time Step
            Processing completed...       3.6890 seconds

     Processing Day/Time [YYYYDDD:HHMMSS]: 2017357:042800
       Which is Equivalent to (UTC): 4:28:00  Saturday,  Dec. 23, 2017
       Time-Step Length (HHMMSS): 000400
                 VDIFF completed...       0.6255 seconds
                COUPLE completed...       0.0511 seconds
                  HADV completed...       1.3954 seconds
                  ZADV completed...       0.2017 seconds
                 HDIFF completed...       0.1366 seconds
              DECOUPLE completed...       0.0332 seconds
                  PHOT completed...       0.1212 seconds
               CLDPROC completed...       0.1677 seconds
                  CHEM completed...       0.4415 seconds
                  AERO completed...       0.5345 seconds
            Master Time Step
            Processing completed...       3.7131 seconds

     Processing Day/Time [YYYYDDD:HHMMSS]: 2017357:043200
       Which is Equivalent to (UTC): 4:32:00  Saturday,  Dec. 23, 2017
       Time-Step Length (HHMMSS): 000400
                 VDIFF completed...       0.6188 seconds
                COUPLE completed...       0.0522 seconds
                  HADV completed...       1.3771 seconds
                  ZADV completed...       0.2026 seconds
                 HDIFF completed...       0.1374 seconds
              DECOUPLE completed...       0.0337 seconds
                  PHOT completed...       0.1204 seconds
               CLDPROC completed...       0.1676 seconds
                  CHEM completed...       0.4399 seconds
                  AERO completed...       0.5337 seconds
            Master Time Step
            Processing completed...       3.6880 seconds

     Processing Day/Time [YYYYDDD:HHMMSS]: 2017357:043600
       Which is Equivalent to (UTC): 4:36:00  Saturday,  Dec. 23, 2017
       Time-Step Length (HHMMSS): 000400
                 VDIFF completed...       0.6212 seconds
                COUPLE completed...       0.0532 seconds
                  HADV completed...       1.3889 seconds
                  ZADV completed...       0.2027 seconds
                 HDIFF completed...       0.1369 seconds
              DECOUPLE completed...       0.0336 seconds
                  PHOT completed...       0.1205 seconds
               CLDPROC completed...       0.1677 seconds
                  CHEM completed...       0.4397 seconds
                  AERO completed...       0.5367 seconds
            Master Time Step
            Processing completed...       3.7056 seconds

     Processing Day/Time [YYYYDDD:HHMMSS]: 2017357:044000
       Which is Equivalent to (UTC): 4:40:00  Saturday,  Dec. 23, 2017
       Time-Step Length (HHMMSS): 000400
                 VDIFF completed...       0.6268 seconds
                COUPLE completed...       0.0535 seconds
                  HADV completed...       1.3860 seconds
                  ZADV completed...       0.2023 seconds
                 HDIFF completed...       0.1371 seconds
              DECOUPLE completed...       0.0339 seconds
                  PHOT completed...       0.1199 seconds
               CLDPROC completed...       0.1676 seconds
                  CHEM completed...       0.4395 seconds
                  AERO completed...       0.5321 seconds
            Master Time Step
            Processing completed...       3.7032 seconds

     Processing Day/Time [YYYYDDD:HHMMSS]: 2017357:044400
       Which is Equivalent to (UTC): 4:44:00  Saturday,  Dec. 23, 2017
       Time-Step Length (HHMMSS): 000400
                 VDIFF completed...       0.6255 seconds
                COUPLE completed...       0.0521 seconds
                  HADV completed...       1.3749 seconds
                  ZADV completed...       0.2024 seconds
                 HDIFF completed...       0.1372 seconds
              DECOUPLE completed...       0.0339 seconds
                  PHOT completed...       0.1198 seconds
               CLDPROC completed...       0.1680 seconds
                  CHEM completed...       0.4418 seconds
                  AERO completed...       0.5531 seconds
            Master Time Step
            Processing completed...       3.7137 seconds

     Processing Day/Time [YYYYDDD:HHMMSS]: 2017357:044800
       Which is Equivalent to (UTC): 4:48:00  Saturday,  Dec. 23, 2017
       Time-Step Length (HHMMSS): 000400
                 VDIFF completed...       0.6033 seconds
                COUPLE completed...       0.0561 seconds
                  HADV completed...       1.3670 seconds
                  ZADV completed...       0.2027 seconds
                 HDIFF completed...       0.1367 seconds
              DECOUPLE completed...       0.0334 seconds
                  PHOT completed...       0.1204 seconds
               CLDPROC completed...       0.1665 seconds
                  CHEM completed...       0.4402 seconds
                  AERO completed...       0.5321 seconds
            Master Time Step
            Processing completed...       3.6633 seconds

     Processing Day/Time [YYYYDDD:HHMMSS]: 2017357:045200
       Which is Equivalent to (UTC): 4:52:00  Saturday,  Dec. 23, 2017
       Time-Step Length (HHMMSS): 000400
                 VDIFF completed...       0.6233 seconds
                COUPLE completed...       0.0546 seconds
                  HADV completed...       1.3692 seconds
                  ZADV completed...       0.1979 seconds
                 HDIFF completed...       0.1404 seconds
              DECOUPLE completed...       0.0330 seconds
                  PHOT completed...       0.1205 seconds
               CLDPROC completed...       0.1671 seconds
                  CHEM completed...       0.4404 seconds
                  AERO completed...       0.5324 seconds
            Master Time Step
            Processing completed...       3.6837 seconds

     Processing Day/Time [YYYYDDD:HHMMSS]: 2017357:045600
       Which is Equivalent to (UTC): 4:56:00  Saturday,  Dec. 23, 2017
       Time-Step Length (HHMMSS): 000400
                 VDIFF completed...       1.8865 seconds
                COUPLE completed...       0.1116 seconds
                  HADV completed...       0.8590 seconds
                  ZADV completed...       0.1954 seconds
                 HDIFF completed...       0.1427 seconds
              DECOUPLE completed...       0.0327 seconds
                  PHOT completed...       0.1203 seconds
               CLDPROC completed...       1.2265 seconds
                  CHEM completed...       0.4335 seconds
                  AERO completed...       0.5474 seconds
            Master Time Step
            Processing completed...       5.5592 seconds

      =--> Data Output completed...       1.2723 seconds

     Processing Day/Time [YYYYDDD:HHMMSS]: 2017357:050000
       Which is Equivalent to (UTC): 5:00:00  Saturday,  Dec. 23, 2017
       Time-Step Length (HHMMSS): 000400
                 VDIFF completed...       4.5996 seconds
                COUPLE completed...       0.1142 seconds
                  HADV completed...       2.3402 seconds
                  ZADV completed...       0.2030 seconds
                 HDIFF completed...       0.1353 seconds
              DECOUPLE completed...       0.0327 seconds
                  PHOT completed...       1.0212 seconds
               CLDPROC completed...       0.1757 seconds
                  CHEM completed...       0.4454 seconds
                  AERO completed...       0.5309 seconds
            Master Time Step
            Processing completed...       9.6034 seconds

     Processing Day/Time [YYYYDDD:HHMMSS]: 2017357:050400
       Which is Equivalent to (UTC): 5:04:00  Saturday,  Dec. 23, 2017
       Time-Step Length (HHMMSS): 000400
                 VDIFF completed...       0.6429 seconds
                COUPLE completed...       0.0575 seconds
                  HADV completed...       1.1690 seconds
                  ZADV completed...       0.2030 seconds
                 HDIFF completed...       0.1366 seconds
              DECOUPLE completed...       0.0331 seconds
                  PHOT completed...       0.1212 seconds
               CLDPROC completed...       0.1692 seconds
                  CHEM completed...       0.4407 seconds
                  AERO completed...       0.5301 seconds
            Master Time Step
            Processing completed...       3.5047 seconds

     Processing Day/Time [YYYYDDD:HHMMSS]: 2017357:050800
       Which is Equivalent to (UTC): 5:08:00  Saturday,  Dec. 23, 2017
       Time-Step Length (HHMMSS): 000400
                 VDIFF completed...       0.6209 seconds
                COUPLE completed...       0.0605 seconds
                  HADV completed...       1.3675 seconds
                  ZADV completed...       0.2022 seconds
                 HDIFF completed...       0.1357 seconds
              DECOUPLE completed...       0.0320 seconds
                  PHOT completed...       0.1221 seconds
               CLDPROC completed...       0.1701 seconds
                  CHEM completed...       0.4396 seconds
                  AERO completed...       0.5314 seconds
            Master Time Step
            Processing completed...       3.6863 seconds

     Processing Day/Time [YYYYDDD:HHMMSS]: 2017357:051200
       Which is Equivalent to (UTC): 5:12:00  Saturday,  Dec. 23, 2017
       Time-Step Length (HHMMSS): 000400
                 VDIFF completed...       0.6104 seconds
                COUPLE completed...       0.0556 seconds
                  HADV completed...       1.3823 seconds
                  ZADV completed...       0.2027 seconds
                 HDIFF completed...       0.1353 seconds
              DECOUPLE completed...       0.0331 seconds
                  PHOT completed...       0.1205 seconds
               CLDPROC completed...       0.1716 seconds
                  CHEM completed...       0.4394 seconds
                  AERO completed...       0.5267 seconds
            Master Time Step
            Processing completed...       3.6787 seconds

     Processing Day/Time [YYYYDDD:HHMMSS]: 2017357:051600
       Which is Equivalent to (UTC): 5:16:00  Saturday,  Dec. 23, 2017
       Time-Step Length (HHMMSS): 000400
                 VDIFF completed...       0.6236 seconds
                COUPLE completed...       0.0601 seconds
                  HADV completed...       1.3731 seconds
                  ZADV completed...       0.2025 seconds
                 HDIFF completed...       0.1370 seconds
              DECOUPLE completed...       0.0330 seconds
                  PHOT completed...       0.1201 seconds
               CLDPROC completed...       0.1708 seconds
                  CHEM completed...       0.4385 seconds
                  AERO completed...       0.5578 seconds
            Master Time Step
            Processing completed...       3.7205 seconds

     Processing Day/Time [YYYYDDD:HHMMSS]: 2017357:052000
       Which is Equivalent to (UTC): 5:20:00  Saturday,  Dec. 23, 2017
       Time-Step Length (HHMMSS): 000400
                 VDIFF completed...       0.5764 seconds
                COUPLE completed...       0.0559 seconds
                  HADV completed...       1.3958 seconds
                  ZADV completed...       0.2027 seconds
                 HDIFF completed...       0.1358 seconds
              DECOUPLE completed...       0.0328 seconds
                  PHOT completed...       0.1208 seconds
               CLDPROC completed...       0.1709 seconds
                  CHEM completed...       0.4397 seconds
                  AERO completed...       0.5304 seconds
            Master Time Step
            Processing completed...       3.6655 seconds

     Processing Day/Time [YYYYDDD:HHMMSS]: 2017357:052400
       Which is Equivalent to (UTC): 5:24:00  Saturday,  Dec. 23, 2017
       Time-Step Length (HHMMSS): 000400
                 VDIFF completed...       0.6114 seconds
                COUPLE completed...       0.0569 seconds
                  HADV completed...       1.3862 seconds
                  ZADV completed...       0.2024 seconds
                 HDIFF completed...       0.1362 seconds
              DECOUPLE completed...       0.0326 seconds
                  PHOT completed...       0.1210 seconds
               CLDPROC completed...       0.1720 seconds
                  CHEM completed...       0.4405 seconds
                  AERO completed...       0.5320 seconds
            Master Time Step
            Processing completed...       3.6958 seconds

     Processing Day/Time [YYYYDDD:HHMMSS]: 2017357:052800
       Which is Equivalent to (UTC): 5:28:00  Saturday,  Dec. 23, 2017
       Time-Step Length (HHMMSS): 000400
                 VDIFF completed...       0.6192 seconds
                COUPLE completed...       0.0566 seconds
                  HADV completed...       1.4014 seconds
                  ZADV completed...       0.2030 seconds
                 HDIFF completed...       0.1360 seconds
              DECOUPLE completed...       0.0332 seconds
                  PHOT completed...       0.1207 seconds
               CLDPROC completed...       0.1734 seconds
                  CHEM completed...       0.4384 seconds
                  AERO completed...       0.5324 seconds
            Master Time Step
            Processing completed...       3.7179 seconds

     Processing Day/Time [YYYYDDD:HHMMSS]: 2017357:053200
       Which is Equivalent to (UTC): 5:32:00  Saturday,  Dec. 23, 2017
       Time-Step Length (HHMMSS): 000400
                 VDIFF completed...       0.6041 seconds
                COUPLE completed...       0.0592 seconds
                  HADV completed...       1.3866 seconds
                  ZADV completed...       0.2031 seconds
                 HDIFF completed...       0.1369 seconds
              DECOUPLE completed...       0.0334 seconds
                  PHOT completed...       0.1202 seconds
               CLDPROC completed...       0.1719 seconds
                  CHEM completed...       0.4377 seconds
                  AERO completed...       0.5284 seconds
            Master Time Step
            Processing completed...       3.6854 seconds

     Processing Day/Time [YYYYDDD:HHMMSS]: 2017357:053600
       Which is Equivalent to (UTC): 5:36:00  Saturday,  Dec. 23, 2017
       Time-Step Length (HHMMSS): 000400
                 VDIFF completed...       0.6011 seconds
                COUPLE completed...       0.0589 seconds
                  HADV completed...       1.4010 seconds
                  ZADV completed...       0.2027 seconds
                 HDIFF completed...       0.1360 seconds
              DECOUPLE completed...       0.0330 seconds
                  PHOT completed...       0.1208 seconds
               CLDPROC completed...       0.1720 seconds
                  CHEM completed...       0.4384 seconds
                  AERO completed...       0.5309 seconds
            Master Time Step
            Processing completed...       3.6990 seconds

     Processing Day/Time [YYYYDDD:HHMMSS]: 2017357:054000
       Which is Equivalent to (UTC): 5:40:00  Saturday,  Dec. 23, 2017
       Time-Step Length (HHMMSS): 000400
                 VDIFF completed...       0.6004 seconds
                COUPLE completed...       0.0579 seconds
                  HADV completed...       1.3937 seconds
                  ZADV completed...       0.2026 seconds
                 HDIFF completed...       0.1361 seconds
              DECOUPLE completed...       0.0327 seconds
                  PHOT completed...       0.1205 seconds
               CLDPROC completed...       0.1730 seconds
                  CHEM completed...       0.4394 seconds
                  AERO completed...       0.5325 seconds
            Master Time Step
            Processing completed...       3.6932 seconds

     Processing Day/Time [YYYYDDD:HHMMSS]: 2017357:054400
       Which is Equivalent to (UTC): 5:44:00  Saturday,  Dec. 23, 2017
       Time-Step Length (HHMMSS): 000400
                 VDIFF completed...       0.5980 seconds
                COUPLE completed...       0.0562 seconds
                  HADV completed...       1.3889 seconds
                  ZADV completed...       0.2026 seconds
                 HDIFF completed...       0.1360 seconds
              DECOUPLE completed...       0.0328 seconds
                  PHOT completed...       0.1211 seconds
               CLDPROC completed...       0.1726 seconds
                  CHEM completed...       0.4380 seconds
                  AERO completed...       0.5244 seconds
            Master Time Step
            Processing completed...       3.6755 seconds

     Processing Day/Time [YYYYDDD:HHMMSS]: 2017357:054800
       Which is Equivalent to (UTC): 5:48:00  Saturday,  Dec. 23, 2017
       Time-Step Length (HHMMSS): 000400
                 VDIFF completed...       0.6092 seconds
                COUPLE completed...       0.0566 seconds
                  HADV completed...       1.3942 seconds
                  ZADV completed...       0.2027 seconds
                 HDIFF completed...       0.1362 seconds
              DECOUPLE completed...       0.0330 seconds
                  PHOT completed...       0.1206 seconds
               CLDPROC completed...       0.1716 seconds
                  CHEM completed...       0.4380 seconds
                  AERO completed...       0.5477 seconds
            Master Time Step
            Processing completed...       3.7147 seconds

     Processing Day/Time [YYYYDDD:HHMMSS]: 2017357:055200
       Which is Equivalent to (UTC): 5:52:00  Saturday,  Dec. 23, 2017
       Time-Step Length (HHMMSS): 000400
                 VDIFF completed...       0.5965 seconds
                COUPLE completed...       0.0613 seconds
                  HADV completed...       1.8316 seconds
                  ZADV completed...       0.2029 seconds
                 HDIFF completed...       0.1365 seconds
              DECOUPLE completed...       0.0330 seconds
                  PHOT completed...       0.1206 seconds
               CLDPROC completed...       0.1719 seconds
                  CHEM completed...       0.4361 seconds
                  AERO completed...       0.5298 seconds
            Master Time Step
            Processing completed...       4.1252 seconds

     Processing Day/Time [YYYYDDD:HHMMSS]: 2017357:055600
       Which is Equivalent to (UTC): 5:56:00  Saturday,  Dec. 23, 2017
       Time-Step Length (HHMMSS): 000400
                 VDIFF completed...       1.8906 seconds
                COUPLE completed...       0.1119 seconds
                  HADV completed...       0.8662 seconds
                  ZADV completed...       0.2031 seconds
                 HDIFF completed...       0.1365 seconds
              DECOUPLE completed...       0.0325 seconds
                  PHOT completed...       0.1210 seconds
               CLDPROC completed...       1.2403 seconds
                  CHEM completed...       0.4451 seconds
                  AERO completed...       0.5458 seconds
            Master Time Step
            Processing completed...       5.5970 seconds

      =--> Data Output completed...       1.2594 seconds

     Processing Day/Time [YYYYDDD:HHMMSS]: 2017357:060000
       Which is Equivalent to (UTC): 6:00:00  Saturday,  Dec. 23, 2017
       Time-Step Length (HHMMSS): 000400
                 VDIFF completed...       4.3471 seconds
                COUPLE completed...       0.1021 seconds
                  HADV completed...       2.7819 seconds
                  ZADV completed...       0.1999 seconds
                 HDIFF completed...       0.1400 seconds
              DECOUPLE completed...       0.0331 seconds
                  PHOT completed...       1.0042 seconds
               CLDPROC completed...       0.1796 seconds
                  CHEM completed...       0.4439 seconds
                  AERO completed...       0.5363 seconds
            Master Time Step
            Processing completed...       9.7719 seconds

     Processing Day/Time [YYYYDDD:HHMMSS]: 2017357:060400
       Which is Equivalent to (UTC): 6:04:00  Saturday,  Dec. 23, 2017
       Time-Step Length (HHMMSS): 000400
                 VDIFF completed...       0.6276 seconds
                COUPLE completed...       0.0552 seconds
                  HADV completed...       1.3076 seconds
                  ZADV completed...       0.2030 seconds
                 HDIFF completed...       0.1361 seconds
              DECOUPLE completed...       0.0334 seconds
                  PHOT completed...       0.1199 seconds
               CLDPROC completed...       0.1711 seconds
                  CHEM completed...       0.4383 seconds
                  AERO completed...       0.5373 seconds
            Master Time Step
            Processing completed...       3.6348 seconds

     Processing Day/Time [YYYYDDD:HHMMSS]: 2017357:060800
       Which is Equivalent to (UTC): 6:08:00  Saturday,  Dec. 23, 2017
       Time-Step Length (HHMMSS): 000400
                 VDIFF completed...       0.5988 seconds
                COUPLE completed...       0.0589 seconds
                  HADV completed...       1.3734 seconds
                  ZADV completed...       0.2032 seconds
                 HDIFF completed...       0.1362 seconds
              DECOUPLE completed...       0.0322 seconds
                  PHOT completed...       0.1209 seconds
               CLDPROC completed...       0.1728 seconds
                  CHEM completed...       0.4387 seconds
                  AERO completed...       0.5365 seconds
            Master Time Step
            Processing completed...       3.6759 seconds

     Processing Day/Time [YYYYDDD:HHMMSS]: 2017357:061200
       Which is Equivalent to (UTC): 6:12:00  Saturday,  Dec. 23, 2017
       Time-Step Length (HHMMSS): 000400
                 VDIFF completed...       0.5969 seconds
                COUPLE completed...       0.0582 seconds
                  HADV completed...       1.3960 seconds
                  ZADV completed...       0.2034 seconds
                 HDIFF completed...       0.1359 seconds
              DECOUPLE completed...       0.0333 seconds
                  PHOT completed...       0.1201 seconds
               CLDPROC completed...       0.1727 seconds
                  CHEM completed...       0.4361 seconds
                  AERO completed...       0.5324 seconds
            Master Time Step
            Processing completed...       3.6899 seconds

     Processing Day/Time [YYYYDDD:HHMMSS]: 2017357:061600
       Which is Equivalent to (UTC): 6:16:00  Saturday,  Dec. 23, 2017
       Time-Step Length (HHMMSS): 000400
                 VDIFF completed...       0.5942 seconds
                COUPLE completed...       0.0574 seconds
                  HADV completed...       1.3804 seconds
                  ZADV completed...       0.2028 seconds
                 HDIFF completed...       0.1362 seconds
              DECOUPLE completed...       0.0333 seconds
                  PHOT completed...       0.1205 seconds
               CLDPROC completed...       0.1721 seconds
                  CHEM completed...       0.4352 seconds
                  AERO completed...       0.5307 seconds
            Master Time Step
            Processing completed...       3.6676 seconds

     Processing Day/Time [YYYYDDD:HHMMSS]: 2017357:062000
       Which is Equivalent to (UTC): 6:20:00  Saturday,  Dec. 23, 2017
       Time-Step Length (HHMMSS): 000400
                 VDIFF completed...       0.5936 seconds
                COUPLE completed...       0.0555 seconds
                  HADV completed...       1.3981 seconds
                  ZADV completed...       0.2033 seconds
                 HDIFF completed...       0.1412 seconds
              DECOUPLE completed...       0.0337 seconds
                  PHOT completed...       0.1207 seconds
               CLDPROC completed...       0.1735 seconds
                  CHEM completed...       0.4348 seconds
                  AERO completed...       0.5347 seconds
            Master Time Step
            Processing completed...       3.6909 seconds

     Processing Day/Time [YYYYDDD:HHMMSS]: 2017357:062400
       Which is Equivalent to (UTC): 6:24:00  Saturday,  Dec. 23, 2017
       Time-Step Length (HHMMSS): 000400
                 VDIFF completed...       0.5958 seconds
                COUPLE completed...       0.0576 seconds
                  HADV completed...       1.3827 seconds
                  ZADV completed...       0.2038 seconds
                 HDIFF completed...       0.1360 seconds
              DECOUPLE completed...       0.0338 seconds
                  PHOT completed...       0.1203 seconds
               CLDPROC completed...       0.1723 seconds
                  CHEM completed...       0.4352 seconds
                  AERO completed...       0.5259 seconds
            Master Time Step
            Processing completed...       3.6675 seconds

     Processing Day/Time [YYYYDDD:HHMMSS]: 2017357:062800
       Which is Equivalent to (UTC): 6:28:00  Saturday,  Dec. 23, 2017
       Time-Step Length (HHMMSS): 000400
                 VDIFF completed...       0.5894 seconds
                COUPLE completed...       0.0517 seconds
                  HADV completed...       1.4003 seconds
                  ZADV completed...       0.2033 seconds
                 HDIFF completed...       0.1362 seconds
              DECOUPLE completed...       0.0338 seconds
                  PHOT completed...       0.1201 seconds
               CLDPROC completed...       0.1729 seconds
                  CHEM completed...       0.4343 seconds
                  AERO completed...       0.5332 seconds
            Master Time Step
            Processing completed...       3.6804 seconds

     Processing Day/Time [YYYYDDD:HHMMSS]: 2017357:063200
       Which is Equivalent to (UTC): 6:32:00  Saturday,  Dec. 23, 2017
       Time-Step Length (HHMMSS): 000400
                 VDIFF completed...       0.5901 seconds
                COUPLE completed...       0.0546 seconds
                  HADV completed...       1.3999 seconds
                  ZADV completed...       0.2034 seconds
                 HDIFF completed...       0.1363 seconds
              DECOUPLE completed...       0.0335 seconds
                  PHOT completed...       0.1200 seconds
               CLDPROC completed...       0.1725 seconds
                  CHEM completed...       0.4343 seconds
                  AERO completed...       0.5328 seconds
            Master Time Step
            Processing completed...       3.6824 seconds

     Processing Day/Time [YYYYDDD:HHMMSS]: 2017357:063600
       Which is Equivalent to (UTC): 6:36:00  Saturday,  Dec. 23, 2017
       Time-Step Length (HHMMSS): 000400
                 VDIFF completed...       0.6000 seconds
                COUPLE completed...       0.0540 seconds
                  HADV completed...       1.3783 seconds
                  ZADV completed...       0.2033 seconds
                 HDIFF completed...       0.1443 seconds
              DECOUPLE completed...       0.0348 seconds
                  PHOT completed...       0.1140 seconds
               CLDPROC completed...       0.1697 seconds
                  CHEM completed...       0.4331 seconds
                  AERO completed...       0.5320 seconds
            Master Time Step
            Processing completed...       3.6681 seconds

     Processing Day/Time [YYYYDDD:HHMMSS]: 2017357:064000
       Which is Equivalent to (UTC): 6:40:00  Saturday,  Dec. 23, 2017
       Time-Step Length (HHMMSS): 000400
                 VDIFF completed...       0.5918 seconds
                COUPLE completed...       0.0558 seconds
                  HADV completed...       1.3833 seconds
                  ZADV completed...       0.2036 seconds
                 HDIFF completed...       0.1364 seconds
              DECOUPLE completed...       0.0337 seconds
                  PHOT completed...       0.1199 seconds
               CLDPROC completed...       0.1717 seconds
                  CHEM completed...       0.4335 seconds
                  AERO completed...       0.5480 seconds
            Master Time Step
            Processing completed...       3.6829 seconds

     Processing Day/Time [YYYYDDD:HHMMSS]: 2017357:064400
       Which is Equivalent to (UTC): 6:44:00  Saturday,  Dec. 23, 2017
       Time-Step Length (HHMMSS): 000400
                 VDIFF completed...       0.5791 seconds
                COUPLE completed...       0.0575 seconds
                  HADV completed...       1.3781 seconds
                  ZADV completed...       0.2031 seconds
                 HDIFF completed...       0.1355 seconds
              DECOUPLE completed...       0.0325 seconds
                  PHOT completed...       0.1211 seconds
               CLDPROC completed...       0.1726 seconds
                  CHEM completed...       0.4353 seconds
                  AERO completed...       0.5367 seconds
            Master Time Step
            Processing completed...       3.6564 seconds

     Processing Day/Time [YYYYDDD:HHMMSS]: 2017357:064800
       Which is Equivalent to (UTC): 6:48:00  Saturday,  Dec. 23, 2017
       Time-Step Length (HHMMSS): 000400
                 VDIFF completed...       0.5936 seconds
                COUPLE completed...       0.0588 seconds
                  HADV completed...       1.3662 seconds
                  ZADV completed...       0.2036 seconds
                 HDIFF completed...       0.1365 seconds
              DECOUPLE completed...       0.0329 seconds
                  PHOT completed...       0.1202 seconds
               CLDPROC completed...       0.1717 seconds
                  CHEM completed...       0.4345 seconds
                  AERO completed...       0.5349 seconds
            Master Time Step
            Processing completed...       3.6577 seconds

     Processing Day/Time [YYYYDDD:HHMMSS]: 2017357:065200
       Which is Equivalent to (UTC): 6:52:00  Saturday,  Dec. 23, 2017
       Time-Step Length (HHMMSS): 000400
                 VDIFF completed...       0.5984 seconds
                COUPLE completed...       0.0563 seconds
                  HADV completed...       1.3659 seconds
                  ZADV completed...       0.2052 seconds
                 HDIFF completed...       0.1350 seconds
              DECOUPLE completed...       0.0332 seconds
                  PHOT completed...       0.1213 seconds
               CLDPROC completed...       0.1716 seconds
                  CHEM completed...       0.4348 seconds
                  AERO completed...       0.5342 seconds
            Master Time Step
            Processing completed...       3.6607 seconds

     Processing Day/Time [YYYYDDD:HHMMSS]: 2017357:065600
       Which is Equivalent to (UTC): 6:56:00  Saturday,  Dec. 23, 2017
       Time-Step Length (HHMMSS): 000400
                 VDIFF completed...       1.8553 seconds
                COUPLE completed...       0.1109 seconds
                  HADV completed...       0.8531 seconds
                  ZADV completed...       0.2038 seconds
                 HDIFF completed...       0.1353 seconds
              DECOUPLE completed...       0.0322 seconds
                  PHOT completed...       0.1212 seconds
               CLDPROC completed...       1.2111 seconds
                  CHEM completed...       0.4421 seconds
                  AERO completed...       0.5481 seconds
            Master Time Step
            Processing completed...       5.5183 seconds

      =--> Data Output completed...       1.2972 seconds

     Processing Day/Time [YYYYDDD:HHMMSS]: 2017357:070000
       Which is Equivalent to (UTC): 7:00:00  Saturday,  Dec. 23, 2017
       Time-Step Length (HHMMSS): 000500
                 VDIFF completed...       4.7050 seconds
                COUPLE completed...       0.0938 seconds
                  HADV completed...       2.6664 seconds
                  ZADV completed...       0.1988 seconds
                 HDIFF completed...       0.1415 seconds
              DECOUPLE completed...       0.0324 seconds
                  PHOT completed...       0.8911 seconds
               CLDPROC completed...       0.1788 seconds
                  CHEM completed...       0.4476 seconds
                  AERO completed...       0.5468 seconds
            Master Time Step
            Processing completed...       9.9064 seconds

     Processing Day/Time [YYYYDDD:HHMMSS]: 2017357:070500
       Which is Equivalent to (UTC): 7:05:00  Saturday,  Dec. 23, 2017
       Time-Step Length (HHMMSS): 000500
                 VDIFF completed...       0.5944 seconds
                COUPLE completed...       0.0594 seconds
                  HADV completed...       1.8284 seconds
                  ZADV completed...       0.2002 seconds
                 HDIFF completed...       0.1394 seconds
              DECOUPLE completed...       0.0329 seconds
                  PHOT completed...       0.1206 seconds
               CLDPROC completed...       0.1730 seconds
                  CHEM completed...       0.4422 seconds
                  AERO completed...       0.5519 seconds
            Master Time Step
            Processing completed...       4.1466 seconds

     Processing Day/Time [YYYYDDD:HHMMSS]: 2017357:071000
       Which is Equivalent to (UTC): 7:10:00  Saturday,  Dec. 23, 2017
       Time-Step Length (HHMMSS): 000500
                 VDIFF completed...       0.5820 seconds
                COUPLE completed...       0.0530 seconds
                  HADV completed...       1.8116 seconds
                  ZADV completed...       0.1998 seconds
                 HDIFF completed...       0.1396 seconds
              DECOUPLE completed...       0.0331 seconds
                  PHOT completed...       0.1206 seconds
               CLDPROC completed...       0.1741 seconds
                  CHEM completed...       0.4407 seconds
                  AERO completed...       0.5548 seconds
            Master Time Step
            Processing completed...       4.1143 seconds

     Processing Day/Time [YYYYDDD:HHMMSS]: 2017357:071500
       Which is Equivalent to (UTC): 7:15:00  Saturday,  Dec. 23, 2017
       Time-Step Length (HHMMSS): 000500
                 VDIFF completed...       0.5807 seconds
                COUPLE completed...       0.0579 seconds
                  HADV completed...       1.8114 seconds
                  ZADV completed...       0.1999 seconds
                 HDIFF completed...       0.1394 seconds
              DECOUPLE completed...       0.0324 seconds
                  PHOT completed...       0.1224 seconds
               CLDPROC completed...       0.1757 seconds
                  CHEM completed...       0.4412 seconds
                  AERO completed...       0.5489 seconds
            Master Time Step
            Processing completed...       4.1117 seconds

     Processing Day/Time [YYYYDDD:HHMMSS]: 2017357:072000
       Which is Equivalent to (UTC): 7:20:00  Saturday,  Dec. 23, 2017
       Time-Step Length (HHMMSS): 000500
                 VDIFF completed...       0.5829 seconds
                COUPLE completed...       0.0513 seconds
                  HADV completed...       1.8151 seconds
                  ZADV completed...       0.1998 seconds
                 HDIFF completed...       0.1403 seconds
              DECOUPLE completed...       0.0325 seconds
                  PHOT completed...       0.1204 seconds
               CLDPROC completed...       0.1768 seconds
                  CHEM completed...       0.4399 seconds
                  AERO completed...       0.5481 seconds
            Master Time Step
            Processing completed...       4.1085 seconds

     Processing Day/Time [YYYYDDD:HHMMSS]: 2017357:072500
       Which is Equivalent to (UTC): 7:25:00  Saturday,  Dec. 23, 2017
       Time-Step Length (HHMMSS): 000500
                 VDIFF completed...       0.5898 seconds
                COUPLE completed...       0.0504 seconds
                  HADV completed...       1.8042 seconds
                  ZADV completed...       0.1998 seconds
                 HDIFF completed...       0.1396 seconds
              DECOUPLE completed...       0.0330 seconds
                  PHOT completed...       0.1215 seconds
               CLDPROC completed...       0.1752 seconds
                  CHEM completed...       0.4398 seconds
                  AERO completed...       0.5480 seconds
            Master Time Step
            Processing completed...       4.1060 seconds

     Processing Day/Time [YYYYDDD:HHMMSS]: 2017357:073000
       Which is Equivalent to (UTC): 7:30:00  Saturday,  Dec. 23, 2017
       Time-Step Length (HHMMSS): 000500
                 VDIFF completed...       0.5829 seconds
                COUPLE completed...       0.0497 seconds
                  HADV completed...       1.8281 seconds
                  ZADV completed...       0.1997 seconds
                 HDIFF completed...       0.1400 seconds
              DECOUPLE completed...       0.0326 seconds
                  PHOT completed...       0.1213 seconds
               CLDPROC completed...       0.1751 seconds
                  CHEM completed...       0.4390 seconds
                  AERO completed...       0.5507 seconds
            Master Time Step
            Processing completed...       4.1238 seconds

     Processing Day/Time [YYYYDDD:HHMMSS]: 2017357:073500
       Which is Equivalent to (UTC): 7:35:00  Saturday,  Dec. 23, 2017
       Time-Step Length (HHMMSS): 000500
                 VDIFF completed...       0.5839 seconds
                COUPLE completed...       0.0550 seconds
                  HADV completed...       1.8085 seconds
                  ZADV completed...       0.1991 seconds
                 HDIFF completed...       0.1408 seconds
              DECOUPLE completed...       0.0339 seconds
                  PHOT completed...       0.1200 seconds
               CLDPROC completed...       0.1744 seconds
                  CHEM completed...       0.4394 seconds
                  AERO completed...       0.5424 seconds
            Master Time Step
            Processing completed...       4.1027 seconds

     Processing Day/Time [YYYYDDD:HHMMSS]: 2017357:074000
       Which is Equivalent to (UTC): 7:40:00  Saturday,  Dec. 23, 2017
       Time-Step Length (HHMMSS): 000500
                 VDIFF completed...       0.5821 seconds
                COUPLE completed...       0.0533 seconds
                  HADV completed...       1.8243 seconds
                  ZADV completed...       0.2008 seconds
                 HDIFF completed...       0.1387 seconds
              DECOUPLE completed...       0.0334 seconds
                  PHOT completed...       0.1211 seconds
               CLDPROC completed...       0.1742 seconds
                  CHEM completed...       0.4375 seconds
                  AERO completed...       0.5503 seconds
            Master Time Step
            Processing completed...       4.1202 seconds

     Processing Day/Time [YYYYDDD:HHMMSS]: 2017357:074500
       Which is Equivalent to (UTC): 7:45:00  Saturday,  Dec. 23, 2017
       Time-Step Length (HHMMSS): 000500
                 VDIFF completed...       0.5914 seconds
                COUPLE completed...       0.0502 seconds
                  HADV completed...       1.8055 seconds
                  ZADV completed...       0.2006 seconds
                 HDIFF completed...       0.1392 seconds
              DECOUPLE completed...       0.0326 seconds
                  PHOT completed...       0.1210 seconds
               CLDPROC completed...       0.1746 seconds
                  CHEM completed...       0.4455 seconds
                  AERO completed...       0.5507 seconds
            Master Time Step
            Processing completed...       4.1163 seconds

     Processing Day/Time [YYYYDDD:HHMMSS]: 2017357:075000
       Which is Equivalent to (UTC): 7:50:00  Saturday,  Dec. 23, 2017
       Time-Step Length (HHMMSS): 000500
                 VDIFF completed...       0.5817 seconds
                COUPLE completed...       0.0527 seconds
                  HADV completed...       1.8067 seconds
                  ZADV completed...       0.2000 seconds
                 HDIFF completed...       0.1398 seconds
              DECOUPLE completed...       0.0336 seconds
                  PHOT completed...       0.1199 seconds
               CLDPROC completed...       0.1748 seconds
                  CHEM completed...       0.4373 seconds
                  AERO completed...       0.5717 seconds
            Master Time Step
            Processing completed...       4.1235 seconds

     Processing Day/Time [YYYYDDD:HHMMSS]: 2017357:075500
       Which is Equivalent to (UTC): 7:55:00  Saturday,  Dec. 23, 2017
       Time-Step Length (HHMMSS): 000500
                 VDIFF completed...       1.8337 seconds
                COUPLE completed...       0.1110 seconds
                  HADV completed...       1.3032 seconds
                  ZADV completed...       0.1999 seconds
                 HDIFF completed...       0.1395 seconds
              DECOUPLE completed...       0.0332 seconds
                  PHOT completed...       0.1204 seconds
               CLDPROC completed...       1.1897 seconds
                  CHEM completed...       0.4433 seconds
                  AERO completed...       0.5734 seconds
            Master Time Step
            Processing completed...       5.9532 seconds

      =--> Data Output completed...       1.2423 seconds

     Processing Day/Time [YYYYDDD:HHMMSS]: 2017357:080000
       Which is Equivalent to (UTC): 8:00:00  Saturday,  Dec. 23, 2017
       Time-Step Length (HHMMSS): 000500
                 VDIFF completed...       4.6442 seconds
                COUPLE completed...       0.1094 seconds
                  HADV completed...       2.7793 seconds
                  ZADV completed...       0.2029 seconds
                 HDIFF completed...       0.1416 seconds
              DECOUPLE completed...       0.0330 seconds
                  PHOT completed...       0.7930 seconds
               CLDPROC completed...       0.1823 seconds
                  CHEM completed...       0.4404 seconds
                  AERO completed...       0.5537 seconds
            Master Time Step
            Processing completed...       9.8849 seconds

     Processing Day/Time [YYYYDDD:HHMMSS]: 2017357:080500
       Which is Equivalent to (UTC): 8:05:00  Saturday,  Dec. 23, 2017
       Time-Step Length (HHMMSS): 000500
                 VDIFF completed...       0.5680 seconds
                COUPLE completed...       0.0636 seconds
                  HADV completed...       2.0060 seconds
                  ZADV completed...       0.2036 seconds
                 HDIFF completed...       0.1365 seconds
              DECOUPLE completed...       0.0331 seconds
                  PHOT completed...       0.1208 seconds
               CLDPROC completed...       0.1745 seconds
                  CHEM completed...       0.4362 seconds
                  AERO completed...       0.5555 seconds
            Master Time Step
            Processing completed...       4.3023 seconds

     Processing Day/Time [YYYYDDD:HHMMSS]: 2017357:081000
       Which is Equivalent to (UTC): 8:10:00  Saturday,  Dec. 23, 2017
       Time-Step Length (HHMMSS): 000500
                 VDIFF completed...       0.5913 seconds
                COUPLE completed...       0.0625 seconds
                  HADV completed...       1.7866 seconds
                  ZADV completed...       0.2035 seconds
                 HDIFF completed...       0.1355 seconds
              DECOUPLE completed...       0.0329 seconds
                  PHOT completed...       0.1206 seconds
               CLDPROC completed...       0.1762 seconds
                  CHEM completed...       0.4360 seconds
                  AERO completed...       0.5567 seconds
            Master Time Step
            Processing completed...       4.1063 seconds

     Processing Day/Time [YYYYDDD:HHMMSS]: 2017357:081500
       Which is Equivalent to (UTC): 8:15:00  Saturday,  Dec. 23, 2017
       Time-Step Length (HHMMSS): 000500
                 VDIFF completed...       0.5824 seconds
                COUPLE completed...       0.0618 seconds
                  HADV completed...       2.6633 seconds
                  ZADV completed...       0.1828 seconds
                 HDIFF completed...       0.2366 seconds
              DECOUPLE completed...       0.0370 seconds
                  PHOT completed...       0.1193 seconds
               CLDPROC completed...       0.1815 seconds
                  CHEM completed...       0.4343 seconds
                  AERO completed...       0.5570 seconds
            Master Time Step
            Processing completed...       5.0597 seconds

     Processing Day/Time [YYYYDDD:HHMMSS]: 2017357:082000
       Which is Equivalent to (UTC): 8:20:00  Saturday,  Dec. 23, 2017
       Time-Step Length (HHMMSS): 000500
                 VDIFF completed...       0.5371 seconds
                COUPLE completed...       0.0652 seconds
                  HADV completed...       2.7706 seconds
                  ZADV completed...       0.1947 seconds
                 HDIFF completed...       0.3265 seconds
              DECOUPLE completed...       0.0335 seconds
                  PHOT completed...       0.1188 seconds
               CLDPROC completed...       0.1764 seconds
                  CHEM completed...       0.4323 seconds
                  AERO completed...       0.5544 seconds
            Master Time Step
            Processing completed...       5.2148 seconds

     Processing Day/Time [YYYYDDD:HHMMSS]: 2017357:082500
       Which is Equivalent to (UTC): 8:25:00  Saturday,  Dec. 23, 2017
       Time-Step Length (HHMMSS): 000500
                 VDIFF completed...       0.5153 seconds
                COUPLE completed...       0.0559 seconds
                  HADV completed...       3.3036 seconds
                  ZADV completed...       0.2005 seconds
                 HDIFF completed...       0.2893 seconds
              DECOUPLE completed...       0.0399 seconds
                  PHOT completed...       0.1105 seconds
               CLDPROC completed...       0.1733 seconds
                  CHEM completed...       0.4278 seconds
                  AERO completed...       0.5622 seconds
            Master Time Step
            Processing completed...       5.6831 seconds

     Processing Day/Time [YYYYDDD:HHMMSS]: 2017357:083000
       Which is Equivalent to (UTC): 8:30:00  Saturday,  Dec. 23, 2017
       Time-Step Length (HHMMSS): 000500
                 VDIFF completed...       0.5000 seconds
                COUPLE completed...       0.0373 seconds
                  HADV completed...       2.5380 seconds
                  ZADV completed...       0.2039 seconds
                 HDIFF completed...       0.1365 seconds
              DECOUPLE completed...       0.0335 seconds
                  PHOT completed...       0.1199 seconds
               CLDPROC completed...       0.1749 seconds
                  CHEM completed...       0.4351 seconds
                  AERO completed...       0.5535 seconds
            Master Time Step
            Processing completed...       4.7374 seconds

     Processing Day/Time [YYYYDDD:HHMMSS]: 2017357:083500
       Which is Equivalent to (UTC): 8:35:00  Saturday,  Dec. 23, 2017
       Time-Step Length (HHMMSS): 000500
                 VDIFF completed...       0.5965 seconds
                COUPLE completed...       0.0625 seconds
                  HADV completed...       1.7836 seconds
                  ZADV completed...       0.2036 seconds
                 HDIFF completed...       0.1364 seconds
              DECOUPLE completed...       0.0332 seconds
                  PHOT completed...       0.1204 seconds
               CLDPROC completed...       0.1743 seconds
                  CHEM completed...       0.4357 seconds
                  AERO completed...       0.5615 seconds
            Master Time Step
            Processing completed...       4.1125 seconds

     Processing Day/Time [YYYYDDD:HHMMSS]: 2017357:084000
       Which is Equivalent to (UTC): 8:40:00  Saturday,  Dec. 23, 2017
       Time-Step Length (HHMMSS): 000500
                 VDIFF completed...       0.5911 seconds
                COUPLE completed...       0.0583 seconds
                  HADV completed...       1.7832 seconds
                  ZADV completed...       0.2038 seconds
                 HDIFF completed...       0.1351 seconds
              DECOUPLE completed...       0.0346 seconds
                  PHOT completed...       0.1207 seconds
               CLDPROC completed...       0.1737 seconds
                  CHEM completed...       0.4372 seconds
                  AERO completed...       0.5558 seconds
            Master Time Step
            Processing completed...       4.0962 seconds

     Processing Day/Time [YYYYDDD:HHMMSS]: 2017357:084500
       Which is Equivalent to (UTC): 8:45:00  Saturday,  Dec. 23, 2017
       Time-Step Length (HHMMSS): 000500
                 VDIFF completed...       0.5865 seconds
                COUPLE completed...       0.0576 seconds
                  HADV completed...       1.8126 seconds
                  ZADV completed...       0.2040 seconds
                 HDIFF completed...       0.1366 seconds
              DECOUPLE completed...       0.0330 seconds
                  PHOT completed...       0.1210 seconds
               CLDPROC completed...       0.1747 seconds
                  CHEM completed...       0.4386 seconds
                  AERO completed...       0.5577 seconds
            Master Time Step
            Processing completed...       4.1239 seconds

     Processing Day/Time [YYYYDDD:HHMMSS]: 2017357:085000
       Which is Equivalent to (UTC): 8:50:00  Saturday,  Dec. 23, 2017
       Time-Step Length (HHMMSS): 000500
                 VDIFF completed...       0.5827 seconds
                COUPLE completed...       0.0591 seconds
                  HADV completed...       1.7939 seconds
                  ZADV completed...       0.2042 seconds
                 HDIFF completed...       0.1351 seconds
              DECOUPLE completed...       0.0330 seconds
                  PHOT completed...       0.1209 seconds
               CLDPROC completed...       0.1736 seconds
                  CHEM completed...       0.4371 seconds
                  AERO completed...       0.5595 seconds
            Master Time Step
            Processing completed...       4.1036 seconds

     Processing Day/Time [YYYYDDD:HHMMSS]: 2017357:085500
       Which is Equivalent to (UTC): 8:55:00  Saturday,  Dec. 23, 2017
       Time-Step Length (HHMMSS): 000500
                 VDIFF completed...       1.8584 seconds
                COUPLE completed...       0.1114 seconds
                  HADV completed...       1.2957 seconds
                  ZADV completed...       0.2036 seconds
                 HDIFF completed...       0.1356 seconds
              DECOUPLE completed...       0.0327 seconds
                  PHOT completed...       0.1213 seconds
               CLDPROC completed...       1.2382 seconds
                  CHEM completed...       0.4421 seconds
                  AERO completed...       0.5773 seconds
            Master Time Step
            Processing completed...       6.0211 seconds

      =--> Data Output completed...       1.2473 seconds

     Processing Day/Time [YYYYDDD:HHMMSS]: 2017357:090000
       Which is Equivalent to (UTC): 9:00:00  Saturday,  Dec. 23, 2017
       Time-Step Length (HHMMSS): 000400
                 VDIFF completed...       4.5275 seconds
                COUPLE completed...       0.1010 seconds
                  HADV completed...       2.5653 seconds
                  ZADV completed...       0.1987 seconds
                 HDIFF completed...       0.1409 seconds
              DECOUPLE completed...       0.0332 seconds
                  PHOT completed...       0.9062 seconds
               CLDPROC completed...       0.1830 seconds
                  CHEM completed...       0.4328 seconds
                  AERO completed...       0.5513 seconds
            Master Time Step
            Processing completed...       9.6440 seconds

     Processing Day/Time [YYYYDDD:HHMMSS]: 2017357:090400
       Which is Equivalent to (UTC): 9:04:00  Saturday,  Dec. 23, 2017
       Time-Step Length (HHMMSS): 000400
                 VDIFF completed...       0.6107 seconds
                COUPLE completed...       0.0670 seconds
                  HADV completed...       1.5308 seconds
                  ZADV completed...       0.1996 seconds
                 HDIFF completed...       0.1399 seconds
              DECOUPLE completed...       0.0329 seconds
                  PHOT completed...       0.1214 seconds
               CLDPROC completed...       0.1732 seconds
                  CHEM completed...       0.4287 seconds
                  AERO completed...       0.5416 seconds
            Master Time Step
            Processing completed...       3.8501 seconds

     Processing Day/Time [YYYYDDD:HHMMSS]: 2017357:090800
       Which is Equivalent to (UTC): 9:08:00  Saturday,  Dec. 23, 2017
       Time-Step Length (HHMMSS): 000400
                 VDIFF completed...       0.6001 seconds
                COUPLE completed...       0.0622 seconds
                  HADV completed...       1.4169 seconds
                  ZADV completed...       0.1999 seconds
                 HDIFF completed...       0.1404 seconds
              DECOUPLE completed...       0.0318 seconds
                  PHOT completed...       0.1214 seconds
               CLDPROC completed...       0.1741 seconds
                  CHEM completed...       0.4302 seconds
                  AERO completed...       0.5440 seconds
            Master Time Step
            Processing completed...       3.7227 seconds

     Processing Day/Time [YYYYDDD:HHMMSS]: 2017357:091200
       Which is Equivalent to (UTC): 9:12:00  Saturday,  Dec. 23, 2017
       Time-Step Length (HHMMSS): 000400
                 VDIFF completed...       0.5991 seconds
                COUPLE completed...       0.0616 seconds
                  HADV completed...       1.4201 seconds
                  ZADV completed...       0.1973 seconds
                 HDIFF completed...       0.1428 seconds
              DECOUPLE completed...       0.0337 seconds
                  PHOT completed...       0.1207 seconds
               CLDPROC completed...       0.1722 seconds
                  CHEM completed...       0.4281 seconds
                  AERO completed...       0.5418 seconds
            Master Time Step
            Processing completed...       3.7216 seconds

     Processing Day/Time [YYYYDDD:HHMMSS]: 2017357:091600
       Which is Equivalent to (UTC): 9:16:00  Saturday,  Dec. 23, 2017
       Time-Step Length (HHMMSS): 000400
                 VDIFF completed...       0.5993 seconds
                COUPLE completed...       0.0610 seconds
                  HADV completed...       1.4187 seconds
                  ZADV completed...       0.1989 seconds
                 HDIFF completed...       0.1412 seconds
              DECOUPLE completed...       0.0322 seconds
                  PHOT completed...       0.1211 seconds
               CLDPROC completed...       0.1725 seconds
                  CHEM completed...       0.4276 seconds
                  AERO completed...       0.5447 seconds
            Master Time Step
            Processing completed...       3.7218 seconds

     Processing Day/Time [YYYYDDD:HHMMSS]: 2017357:092000
       Which is Equivalent to (UTC): 9:20:00  Saturday,  Dec. 23, 2017
       Time-Step Length (HHMMSS): 000400
                 VDIFF completed...       0.6051 seconds
                COUPLE completed...       0.0593 seconds
                  HADV completed...       1.4053 seconds
                  ZADV completed...       0.1982 seconds
                 HDIFF completed...       0.1410 seconds
              DECOUPLE completed...       0.0336 seconds
                  PHOT completed...       0.1209 seconds
               CLDPROC completed...       0.1712 seconds
                  CHEM completed...       0.4276 seconds
                  AERO completed...       0.5462 seconds
            Master Time Step
            Processing completed...       3.7128 seconds

     Processing Day/Time [YYYYDDD:HHMMSS]: 2017357:092400
       Which is Equivalent to (UTC): 9:24:00  Saturday,  Dec. 23, 2017
       Time-Step Length (HHMMSS): 000400
                 VDIFF completed...       0.6044 seconds
                COUPLE completed...       0.0600 seconds
                  HADV completed...       1.4057 seconds
                  ZADV completed...       0.2003 seconds
                 HDIFF completed...       0.1396 seconds
              DECOUPLE completed...       0.0336 seconds
                  PHOT completed...       0.1205 seconds
               CLDPROC completed...       0.1711 seconds
                  CHEM completed...       0.4277 seconds
                  AERO completed...       0.5442 seconds
            Master Time Step
            Processing completed...       3.7119 seconds

     Processing Day/Time [YYYYDDD:HHMMSS]: 2017357:092800
       Which is Equivalent to (UTC): 9:28:00  Saturday,  Dec. 23, 2017
       Time-Step Length (HHMMSS): 000400
                 VDIFF completed...       0.5600 seconds
                COUPLE completed...       0.0616 seconds
                  HADV completed...       1.4531 seconds
                  ZADV completed...       0.1989 seconds
                 HDIFF completed...       0.1403 seconds
              DECOUPLE completed...       0.0337 seconds
                  PHOT completed...       0.1207 seconds
               CLDPROC completed...       0.1726 seconds
                  CHEM completed...       0.4273 seconds
                  AERO completed...       0.5443 seconds
            Master Time Step
            Processing completed...       3.7172 seconds

     Processing Day/Time [YYYYDDD:HHMMSS]: 2017357:093200
       Which is Equivalent to (UTC): 9:32:00  Saturday,  Dec. 23, 2017
       Time-Step Length (HHMMSS): 000400
                 VDIFF completed...       0.5967 seconds
                COUPLE completed...       0.0610 seconds
                  HADV completed...       1.4120 seconds
                  ZADV completed...       0.1995 seconds
                 HDIFF completed...       0.1399 seconds
              DECOUPLE completed...       0.0325 seconds
                  PHOT completed...       0.1212 seconds
               CLDPROC completed...       0.1720 seconds
                  CHEM completed...       0.4268 seconds
                  AERO completed...       0.5454 seconds
            Master Time Step
            Processing completed...       3.7119 seconds

     Processing Day/Time [YYYYDDD:HHMMSS]: 2017357:093600
       Which is Equivalent to (UTC): 9:36:00  Saturday,  Dec. 23, 2017
       Time-Step Length (HHMMSS): 000400
                 VDIFF completed...       0.6067 seconds
                COUPLE completed...       0.0637 seconds
                  HADV completed...       1.3962 seconds
                  ZADV completed...       0.2038 seconds
                 HDIFF completed...       0.1362 seconds
              DECOUPLE completed...       0.0332 seconds
                  PHOT completed...       0.1208 seconds
               CLDPROC completed...       0.1725 seconds
                  CHEM completed...       0.4275 seconds
                  AERO completed...       0.5458 seconds
            Master Time Step
            Processing completed...       3.7106 seconds

     Processing Day/Time [YYYYDDD:HHMMSS]: 2017357:094000
       Which is Equivalent to (UTC): 9:40:00  Saturday,  Dec. 23, 2017
       Time-Step Length (HHMMSS): 000400
                 VDIFF completed...       0.6075 seconds
                COUPLE completed...       0.0625 seconds
                  HADV completed...       1.4046 seconds
                  ZADV completed...       0.1995 seconds
                 HDIFF completed...       0.1396 seconds
              DECOUPLE completed...       0.0334 seconds
                  PHOT completed...       0.1211 seconds
               CLDPROC completed...       0.1719 seconds
                  CHEM completed...       0.4269 seconds
                  AERO completed...       0.5649 seconds
            Master Time Step
            Processing completed...       3.7365 seconds

     Processing Day/Time [YYYYDDD:HHMMSS]: 2017357:094400
       Which is Equivalent to (UTC): 9:44:00  Saturday,  Dec. 23, 2017
       Time-Step Length (HHMMSS): 000400
                 VDIFF completed...       0.5859 seconds
                COUPLE completed...       0.0676 seconds
                  HADV completed...       1.3876 seconds
                  ZADV completed...       0.1996 seconds
                 HDIFF completed...       0.1402 seconds
              DECOUPLE completed...       0.0335 seconds
                  PHOT completed...       0.1201 seconds
               CLDPROC completed...       0.1721 seconds
                  CHEM completed...       0.4276 seconds
                  AERO completed...       0.5477 seconds
            Master Time Step
            Processing completed...       3.6867 seconds

     Processing Day/Time [YYYYDDD:HHMMSS]: 2017357:094800
       Which is Equivalent to (UTC): 9:48:00  Saturday,  Dec. 23, 2017
       Time-Step Length (HHMMSS): 000400
                 VDIFF completed...       0.6004 seconds
                COUPLE completed...       0.0668 seconds
                  HADV completed...       1.3896 seconds
                  ZADV completed...       0.2003 seconds
                 HDIFF completed...       0.1392 seconds
              DECOUPLE completed...       0.0341 seconds
                  PHOT completed...       0.1202 seconds
               CLDPROC completed...       0.1711 seconds
                  CHEM completed...       0.4272 seconds
                  AERO completed...       0.5476 seconds
            Master Time Step
            Processing completed...       3.7014 seconds

     Processing Day/Time [YYYYDDD:HHMMSS]: 2017357:095200
       Which is Equivalent to (UTC): 9:52:00  Saturday,  Dec. 23, 2017
       Time-Step Length (HHMMSS): 000400
                 VDIFF completed...       0.6062 seconds
                COUPLE completed...       0.0680 seconds
                  HADV completed...       1.3910 seconds
                  ZADV completed...       0.1994 seconds
                 HDIFF completed...       0.1390 seconds
              DECOUPLE completed...       0.0325 seconds
                  PHOT completed...       0.1217 seconds
               CLDPROC completed...       0.1723 seconds
                  CHEM completed...       0.4275 seconds
                  AERO completed...       0.5490 seconds
            Master Time Step
            Processing completed...       3.7116 seconds

     Processing Day/Time [YYYYDDD:HHMMSS]: 2017357:095600
       Which is Equivalent to (UTC): 9:56:00  Saturday,  Dec. 23, 2017
       Time-Step Length (HHMMSS): 000400
                 VDIFF completed...       1.8771 seconds
                COUPLE completed...       0.1115 seconds
                  HADV completed...       0.9204 seconds
                  ZADV completed...       0.1996 seconds
                 HDIFF completed...       0.1403 seconds
              DECOUPLE completed...       0.0332 seconds
                  PHOT completed...       0.1211 seconds
               CLDPROC completed...       1.1823 seconds
                  CHEM completed...       0.4328 seconds
                  AERO completed...       0.5648 seconds
            Master Time Step
            Processing completed...       5.5882 seconds

      =--> Data Output completed...       1.2932 seconds

     Processing Day/Time [YYYYDDD:HHMMSS]: 2017357:100000
       Which is Equivalent to (UTC): 10:00:00 Saturday,  Dec. 23, 2017
       Time-Step Length (HHMMSS): 000400
                 VDIFF completed...       4.8663 seconds
                COUPLE completed...       0.1049 seconds
                  HADV completed...       2.4977 seconds
                  ZADV completed...       0.1975 seconds
                 HDIFF completed...       0.1413 seconds
              DECOUPLE completed...       0.0326 seconds
                  PHOT completed...       0.8907 seconds
               CLDPROC completed...       0.1815 seconds
                  CHEM completed...       0.4304 seconds
                  AERO completed...       0.5511 seconds
            Master Time Step
            Processing completed...       9.8978 seconds

     Processing Day/Time [YYYYDDD:HHMMSS]: 2017357:100400
       Which is Equivalent to (UTC): 10:04:00 Saturday,  Dec. 23, 2017
       Time-Step Length (HHMMSS): 000400
                 VDIFF completed...       0.6357 seconds
                COUPLE completed...       0.0720 seconds
                  HADV completed...       1.2822 seconds
                  ZADV completed...       0.1950 seconds
                 HDIFF completed...       0.1436 seconds
              DECOUPLE completed...       0.0324 seconds
                  PHOT completed...       0.1216 seconds
               CLDPROC completed...       0.1743 seconds
                  CHEM completed...       0.4255 seconds
                  AERO completed...       0.5514 seconds
            Master Time Step
            Processing completed...       3.6347 seconds

     Processing Day/Time [YYYYDDD:HHMMSS]: 2017357:100800
       Which is Equivalent to (UTC): 10:08:00 Saturday,  Dec. 23, 2017
       Time-Step Length (HHMMSS): 000400
                 VDIFF completed...       0.6167 seconds
                COUPLE completed...       0.0692 seconds
                  HADV completed...       1.3763 seconds
                  ZADV completed...       0.1987 seconds
                 HDIFF completed...       0.1390 seconds
              DECOUPLE completed...       0.0322 seconds
                  PHOT completed...       0.1215 seconds
               CLDPROC completed...       0.1760 seconds
                  CHEM completed...       0.4269 seconds
                  AERO completed...       0.5510 seconds
            Master Time Step
            Processing completed...       3.7084 seconds

     Processing Day/Time [YYYYDDD:HHMMSS]: 2017357:101200
       Which is Equivalent to (UTC): 10:12:00 Saturday,  Dec. 23, 2017
       Time-Step Length (HHMMSS): 000400
                 VDIFF completed...       0.6137 seconds
                COUPLE completed...       0.0681 seconds
                  HADV completed...       1.3832 seconds
                  ZADV completed...       0.1991 seconds
                 HDIFF completed...       0.1407 seconds
              DECOUPLE completed...       0.0325 seconds
                  PHOT completed...       0.1214 seconds
               CLDPROC completed...       0.1758 seconds
                  CHEM completed...       0.4248 seconds
                  AERO completed...       0.5440 seconds
            Master Time Step
            Processing completed...       3.7043 seconds

     Processing Day/Time [YYYYDDD:HHMMSS]: 2017357:101600
       Which is Equivalent to (UTC): 10:16:00 Saturday,  Dec. 23, 2017
       Time-Step Length (HHMMSS): 000400
                 VDIFF completed...       0.6164 seconds
                COUPLE completed...       0.0692 seconds
                  HADV completed...       1.3754 seconds
                  ZADV completed...       0.1981 seconds
                 HDIFF completed...       0.1407 seconds
              DECOUPLE completed...       0.0333 seconds
                  PHOT completed...       0.1200 seconds
               CLDPROC completed...       0.1732 seconds
                  CHEM completed...       0.4234 seconds
                  AERO completed...       0.5537 seconds
            Master Time Step
            Processing completed...       3.7075 seconds

     Processing Day/Time [YYYYDDD:HHMMSS]: 2017357:102000
       Which is Equivalent to (UTC): 10:20:00 Saturday,  Dec. 23, 2017
       Time-Step Length (HHMMSS): 000400
                 VDIFF completed...       0.5906 seconds
                COUPLE completed...       0.0577 seconds
                  HADV completed...       1.3894 seconds
                  ZADV completed...       0.1973 seconds
                 HDIFF completed...       0.1411 seconds
              DECOUPLE completed...       0.0327 seconds
                  PHOT completed...       0.1208 seconds
               CLDPROC completed...       0.1739 seconds
                  CHEM completed...       0.4251 seconds
                  AERO completed...       0.5506 seconds
            Master Time Step
            Processing completed...       3.6837 seconds

     Processing Day/Time [YYYYDDD:HHMMSS]: 2017357:102400
       Which is Equivalent to (UTC): 10:24:00 Saturday,  Dec. 23, 2017
       Time-Step Length (HHMMSS): 000400
                 VDIFF completed...       0.6017 seconds
                COUPLE completed...       0.0642 seconds
                  HADV completed...       1.4008 seconds
                  ZADV completed...       0.1981 seconds
                 HDIFF completed...       0.1405 seconds
              DECOUPLE completed...       0.0324 seconds
                  PHOT completed...       0.1210 seconds
               CLDPROC completed...       0.1731 seconds
                  CHEM completed...       0.4245 seconds
                  AERO completed...       0.5428 seconds
            Master Time Step
            Processing completed...       3.7042 seconds

     Processing Day/Time [YYYYDDD:HHMMSS]: 2017357:102800
       Which is Equivalent to (UTC): 10:28:00 Saturday,  Dec. 23, 2017
       Time-Step Length (HHMMSS): 000400
                 VDIFF completed...       0.6186 seconds
                COUPLE completed...       0.0637 seconds
                  HADV completed...       1.3893 seconds
                  ZADV completed...       0.1983 seconds
                 HDIFF completed...       0.1489 seconds
              DECOUPLE completed...       0.0347 seconds
                  PHOT completed...       0.1144 seconds
               CLDPROC completed...       0.1695 seconds
                  CHEM completed...       0.4240 seconds
                  AERO completed...       0.5483 seconds
            Master Time Step
            Processing completed...       3.7145 seconds

     Processing Day/Time [YYYYDDD:HHMMSS]: 2017357:103200
       Which is Equivalent to (UTC): 10:32:00 Saturday,  Dec. 23, 2017
       Time-Step Length (HHMMSS): 000400
                 VDIFF completed...       0.6146 seconds
                COUPLE completed...       0.0681 seconds
                  HADV completed...       1.3861 seconds
                  ZADV completed...       0.1984 seconds
                 HDIFF completed...       0.1405 seconds
              DECOUPLE completed...       0.0330 seconds
                  PHOT completed...       0.1201 seconds
               CLDPROC completed...       0.1732 seconds
                  CHEM completed...       0.4244 seconds
                  AERO completed...       0.5495 seconds
            Master Time Step
            Processing completed...       3.7123 seconds

     Processing Day/Time [YYYYDDD:HHMMSS]: 2017357:103600
       Which is Equivalent to (UTC): 10:36:00 Saturday,  Dec. 23, 2017
       Time-Step Length (HHMMSS): 000400
                 VDIFF completed...       0.6155 seconds
                COUPLE completed...       0.0683 seconds
                  HADV completed...       1.3804 seconds
                  ZADV completed...       0.1987 seconds
                 HDIFF completed...       0.1401 seconds
              DECOUPLE completed...       0.0327 seconds
                  PHOT completed...       0.1209 seconds
               CLDPROC completed...       0.1728 seconds
                  CHEM completed...       0.4240 seconds
                  AERO completed...       0.5501 seconds
            Master Time Step
            Processing completed...       3.7086 seconds

     Processing Day/Time [YYYYDDD:HHMMSS]: 2017357:104000
       Which is Equivalent to (UTC): 10:40:00 Saturday,  Dec. 23, 2017
       Time-Step Length (HHMMSS): 000400
                 VDIFF completed...       0.6132 seconds
                COUPLE completed...       0.0673 seconds
                  HADV completed...       1.3854 seconds
                  ZADV completed...       0.1983 seconds
                 HDIFF completed...       0.1404 seconds
              DECOUPLE completed...       0.0326 seconds
                  PHOT completed...       0.1206 seconds
               CLDPROC completed...       0.1736 seconds
                  CHEM completed...       0.4245 seconds
                  AERO completed...       0.5502 seconds
            Master Time Step
            Processing completed...       3.7115 seconds

     Processing Day/Time [YYYYDDD:HHMMSS]: 2017357:104400
       Which is Equivalent to (UTC): 10:44:00 Saturday,  Dec. 23, 2017
       Time-Step Length (HHMMSS): 000400
                 VDIFF completed...       0.6180 seconds
                COUPLE completed...       0.0668 seconds
                  HADV completed...       1.3746 seconds
                  ZADV completed...       0.1990 seconds
                 HDIFF completed...       0.1405 seconds
              DECOUPLE completed...       0.0324 seconds
                  PHOT completed...       0.1211 seconds
               CLDPROC completed...       0.1737 seconds
                  CHEM completed...       0.4245 seconds
                  AERO completed...       0.5531 seconds
            Master Time Step
            Processing completed...       3.7077 seconds

     Processing Day/Time [YYYYDDD:HHMMSS]: 2017357:104800
       Which is Equivalent to (UTC): 10:48:00 Saturday,  Dec. 23, 2017
       Time-Step Length (HHMMSS): 000400
                 VDIFF completed...       0.6122 seconds
                COUPLE completed...       0.0675 seconds
                  HADV completed...       1.3806 seconds
                  ZADV completed...       0.1985 seconds
                 HDIFF completed...       0.1400 seconds
              DECOUPLE completed...       0.0329 seconds
                  PHOT completed...       0.1205 seconds
               CLDPROC completed...       0.1731 seconds
                  CHEM completed...       0.4235 seconds
                  AERO completed...       0.5718 seconds
            Master Time Step
            Processing completed...       3.7252 seconds

     Processing Day/Time [YYYYDDD:HHMMSS]: 2017357:105200
       Which is Equivalent to (UTC): 10:52:00 Saturday,  Dec. 23, 2017
       Time-Step Length (HHMMSS): 000400
                 VDIFF completed...       0.5958 seconds
                COUPLE completed...       0.0673 seconds
                  HADV completed...       1.3797 seconds
                  ZADV completed...       0.1986 seconds
                 HDIFF completed...       0.1398 seconds
              DECOUPLE completed...       0.0336 seconds
                  PHOT completed...       0.1200 seconds
               CLDPROC completed...       0.1726 seconds
                  CHEM completed...       0.4235 seconds
                  AERO completed...       0.5563 seconds
            Master Time Step
            Processing completed...       3.6924 seconds

     Processing Day/Time [YYYYDDD:HHMMSS]: 2017357:105600
       Which is Equivalent to (UTC): 10:56:00 Saturday,  Dec. 23, 2017
       Time-Step Length (HHMMSS): 000400
                 VDIFF completed...       1.8226 seconds
                COUPLE completed...       0.1119 seconds
                  HADV completed...       0.9208 seconds
                  ZADV completed...       0.1991 seconds
                 HDIFF completed...       0.1394 seconds
              DECOUPLE completed...       0.0330 seconds
                  PHOT completed...       0.1206 seconds
               CLDPROC completed...       1.1153 seconds
                  CHEM completed...       0.4305 seconds
                  AERO completed...       0.5672 seconds
            Master Time Step
            Processing completed...       5.4640 seconds

      =--> Data Output completed...       1.2189 seconds

     Processing Day/Time [YYYYDDD:HHMMSS]: 2017357:110000
       Which is Equivalent to (UTC): 11:00:00 Saturday,  Dec. 23, 2017
       Time-Step Length (HHMMSS): 000400
                 VDIFF completed...       4.5660 seconds
                COUPLE completed...       0.1128 seconds
                  HADV completed...       2.6335 seconds
                  ZADV completed...       0.2010 seconds
                 HDIFF completed...       0.1382 seconds
              DECOUPLE completed...       0.0339 seconds
                  PHOT completed...       1.0100 seconds
               CLDPROC completed...       0.1824 seconds
                  CHEM completed...       0.4277 seconds
                  AERO completed...       0.5593 seconds
            Master Time Step
            Processing completed...       9.8691 seconds

     Processing Day/Time [YYYYDDD:HHMMSS]: 2017357:110400
       Which is Equivalent to (UTC): 11:04:00 Saturday,  Dec. 23, 2017
       Time-Step Length (HHMMSS): 000400
                 VDIFF completed...       0.6253 seconds
                COUPLE completed...       0.0736 seconds
                  HADV completed...       1.3690 seconds
                  ZADV completed...       0.2034 seconds
                 HDIFF completed...       0.1352 seconds
              DECOUPLE completed...       0.0329 seconds
                  PHOT completed...       0.1210 seconds
               CLDPROC completed...       0.1741 seconds
                  CHEM completed...       0.4246 seconds
                  AERO completed...       0.5446 seconds
            Master Time Step
            Processing completed...       3.7088 seconds

     Processing Day/Time [YYYYDDD:HHMMSS]: 2017357:110800
       Which is Equivalent to (UTC): 11:08:00 Saturday,  Dec. 23, 2017
       Time-Step Length (HHMMSS): 000400
                 VDIFF completed...       0.6360 seconds
                COUPLE completed...       0.0709 seconds
                  HADV completed...       1.7506 seconds
                  ZADV completed...       0.2033 seconds
                 HDIFF completed...       0.1363 seconds
              DECOUPLE completed...       0.0335 seconds
                  PHOT completed...       0.1202 seconds
               CLDPROC completed...       0.1720 seconds
                  CHEM completed...       0.4250 seconds
                  AERO completed...       0.5609 seconds
            Master Time Step
            Processing completed...       4.1128 seconds

     Processing Day/Time [YYYYDDD:HHMMSS]: 2017357:111200
       Which is Equivalent to (UTC): 11:12:00 Saturday,  Dec. 23, 2017
       Time-Step Length (HHMMSS): 000400
                 VDIFF completed...       0.6198 seconds
                COUPLE completed...       0.0722 seconds
                  HADV completed...       1.3547 seconds
                  ZADV completed...       0.2036 seconds
                 HDIFF completed...       0.1361 seconds
              DECOUPLE completed...       0.0333 seconds
                  PHOT completed...       0.1209 seconds
               CLDPROC completed...       0.1738 seconds
                  CHEM completed...       0.4246 seconds
                  AERO completed...       0.5531 seconds
            Master Time Step
            Processing completed...       3.6930 seconds

     Processing Day/Time [YYYYDDD:HHMMSS]: 2017357:111600
       Which is Equivalent to (UTC): 11:16:00 Saturday,  Dec. 23, 2017
       Time-Step Length (HHMMSS): 000400
                 VDIFF completed...       0.6212 seconds
                COUPLE completed...       0.0694 seconds
                  HADV completed...       1.3735 seconds
                  ZADV completed...       0.2033 seconds
                 HDIFF completed...       0.1362 seconds
              DECOUPLE completed...       0.0337 seconds
                  PHOT completed...       0.1207 seconds
               CLDPROC completed...       0.1733 seconds
                  CHEM completed...       0.4265 seconds
                  AERO completed...       0.5583 seconds
            Master Time Step
            Processing completed...       3.7169 seconds

     Processing Day/Time [YYYYDDD:HHMMSS]: 2017357:112000
       Which is Equivalent to (UTC): 11:20:00 Saturday,  Dec. 23, 2017
       Time-Step Length (HHMMSS): 000400
                 VDIFF completed...       0.6252 seconds
                COUPLE completed...       0.0728 seconds
                  HADV completed...       1.3546 seconds
                  ZADV completed...       0.2034 seconds
                 HDIFF completed...       0.1368 seconds
              DECOUPLE completed...       0.0332 seconds
                  PHOT completed...       0.1208 seconds
               CLDPROC completed...       0.1746 seconds
                  CHEM completed...       0.4252 seconds
                  AERO completed...       0.5617 seconds
            Master Time Step
            Processing completed...       3.7093 seconds

     Processing Day/Time [YYYYDDD:HHMMSS]: 2017357:112400
       Which is Equivalent to (UTC): 11:24:00 Saturday,  Dec. 23, 2017
       Time-Step Length (HHMMSS): 000400
                 VDIFF completed...       0.6238 seconds
                COUPLE completed...       0.0725 seconds
                  HADV completed...       1.3522 seconds
                  ZADV completed...       0.2031 seconds
                 HDIFF completed...       0.1366 seconds
              DECOUPLE completed...       0.0331 seconds
                  PHOT completed...       0.1205 seconds
               CLDPROC completed...       0.1698 seconds
                  CHEM completed...       0.4258 seconds
                  AERO completed...       0.5588 seconds
            Master Time Step
            Processing completed...       3.6971 seconds

     Processing Day/Time [YYYYDDD:HHMMSS]: 2017357:112800
       Which is Equivalent to (UTC): 11:28:00 Saturday,  Dec. 23, 2017
       Time-Step Length (HHMMSS): 000400
                 VDIFF completed...       0.6277 seconds
                COUPLE completed...       0.0697 seconds
                  HADV completed...       1.3612 seconds
                  ZADV completed...       0.2039 seconds
                 HDIFF completed...       0.1362 seconds
              DECOUPLE completed...       0.0325 seconds
                  PHOT completed...       0.1199 seconds
               CLDPROC completed...       0.1708 seconds
                  CHEM completed...       0.4251 seconds
                  AERO completed...       0.5597 seconds
            Master Time Step
            Processing completed...       3.7074 seconds

     Processing Day/Time [YYYYDDD:HHMMSS]: 2017357:113200
       Which is Equivalent to (UTC): 11:32:00 Saturday,  Dec. 23, 2017
       Time-Step Length (HHMMSS): 000400
                 VDIFF completed...       0.6348 seconds
                COUPLE completed...       0.0749 seconds
                  HADV completed...       1.3498 seconds
                  ZADV completed...       0.2037 seconds
                 HDIFF completed...       0.1367 seconds
              DECOUPLE completed...       0.0330 seconds
                  PHOT completed...       0.1197 seconds
               CLDPROC completed...       0.1685 seconds
                  CHEM completed...       0.4231 seconds
                  AERO completed...       0.5623 seconds
            Master Time Step
            Processing completed...       3.7074 seconds

     Processing Day/Time [YYYYDDD:HHMMSS]: 2017357:113600
       Which is Equivalent to (UTC): 11:36:00 Saturday,  Dec. 23, 2017
       Time-Step Length (HHMMSS): 000400
                 VDIFF completed...       0.6286 seconds
                COUPLE completed...       0.0756 seconds
                  HADV completed...       1.3573 seconds
                  ZADV completed...       0.2037 seconds
                 HDIFF completed...       0.1363 seconds
              DECOUPLE completed...       0.0336 seconds
                  PHOT completed...       0.1193 seconds
               CLDPROC completed...       0.1670 seconds
                  CHEM completed...       0.4196 seconds
                  AERO completed...       0.5617 seconds
            Master Time Step
            Processing completed...       3.7033 seconds

     Processing Day/Time [YYYYDDD:HHMMSS]: 2017357:114000
       Which is Equivalent to (UTC): 11:40:00 Saturday,  Dec. 23, 2017
       Time-Step Length (HHMMSS): 000400
                 VDIFF completed...       0.6258 seconds
                COUPLE completed...       0.0784 seconds
                  HADV completed...       1.3622 seconds
                  ZADV completed...       0.2037 seconds
                 HDIFF completed...       0.1366 seconds
              DECOUPLE completed...       0.0338 seconds
                  PHOT completed...       0.1184 seconds
               CLDPROC completed...       0.1673 seconds
                  CHEM completed...       0.4181 seconds
                  AERO completed...       0.5591 seconds
            Master Time Step
            Processing completed...       3.7042 seconds

     Processing Day/Time [YYYYDDD:HHMMSS]: 2017357:114400
       Which is Equivalent to (UTC): 11:44:00 Saturday,  Dec. 23, 2017
       Time-Step Length (HHMMSS): 000400
                 VDIFF completed...       0.6357 seconds
                COUPLE completed...       0.0762 seconds
                  HADV completed...       1.3645 seconds
                  ZADV completed...       0.2036 seconds
                 HDIFF completed...       0.1355 seconds
              DECOUPLE completed...       0.0331 seconds
                  PHOT completed...       0.1190 seconds
               CLDPROC completed...       0.1642 seconds
                  CHEM completed...       0.4156 seconds
                  AERO completed...       0.5674 seconds
            Master Time Step
            Processing completed...       3.7156 seconds

     Processing Day/Time [YYYYDDD:HHMMSS]: 2017357:114800
       Which is Equivalent to (UTC): 11:48:00 Saturday,  Dec. 23, 2017
       Time-Step Length (HHMMSS): 000400
                 VDIFF completed...       0.6477 seconds
                COUPLE completed...       0.0790 seconds
                  HADV completed...       1.3378 seconds
                  ZADV completed...       0.2039 seconds
                 HDIFF completed...       0.1354 seconds
              DECOUPLE completed...       0.0326 seconds
                  PHOT completed...       0.1191 seconds
               CLDPROC completed...       0.1626 seconds
                  CHEM completed...       0.4119 seconds
                  AERO completed...       0.5594 seconds
            Master Time Step
            Processing completed...       3.6903 seconds

     Processing Day/Time [YYYYDDD:HHMMSS]: 2017357:115200
       Which is Equivalent to (UTC): 11:52:00 Saturday,  Dec. 23, 2017
       Time-Step Length (HHMMSS): 000400
                 VDIFF completed...       0.6467 seconds
                COUPLE completed...       0.0854 seconds
                  HADV completed...       1.3425 seconds
                  ZADV completed...       0.2038 seconds
                 HDIFF completed...       0.1363 seconds
              DECOUPLE completed...       0.0331 seconds
                  PHOT completed...       0.1186 seconds
               CLDPROC completed...       0.1610 seconds
                  CHEM completed...       0.4087 seconds
                  AERO completed...       0.5601 seconds
            Master Time Step
            Processing completed...       3.6970 seconds

     Processing Day/Time [YYYYDDD:HHMMSS]: 2017357:115600
       Which is Equivalent to (UTC): 11:56:00 Saturday,  Dec. 23, 2017
       Time-Step Length (HHMMSS): 000400
                 VDIFF completed...       1.8673 seconds
                COUPLE completed...       0.1112 seconds
                  HADV completed...       0.9226 seconds
                  ZADV completed...       0.2032 seconds
                 HDIFF completed...       0.1360 seconds
              DECOUPLE completed...       0.0334 seconds
                  PHOT completed...       0.1166 seconds
               CLDPROC completed...       1.1704 seconds
                  CHEM completed...       0.4242 seconds
                  AERO completed...       0.5666 seconds
            Master Time Step
            Processing completed...       5.5565 seconds

      =--> Data Output completed...       1.2338 seconds

     Processing Day/Time [YYYYDDD:HHMMSS]: 2017357:120000
       Which is Equivalent to (UTC): 12:00:00 Saturday,  Dec. 23, 2017
       Time-Step Length (HHMMSS): 000400
                 VDIFF completed...       4.6787 seconds
                COUPLE completed...       0.1077 seconds
                  HADV completed...       2.8030 seconds
                  ZADV completed...       0.1994 seconds
                 HDIFF completed...       0.1390 seconds
              DECOUPLE completed...       0.0335 seconds
                  PHOT completed...       1.0116 seconds
               CLDPROC completed...       0.1645 seconds
                  CHEM completed...       0.4102 seconds
                  AERO completed...       0.5584 seconds
            Master Time Step
            Processing completed...      10.1106 seconds

     Processing Day/Time [YYYYDDD:HHMMSS]: 2017357:120400
       Which is Equivalent to (UTC): 12:04:00 Saturday,  Dec. 23, 2017
       Time-Step Length (HHMMSS): 000400
                 VDIFF completed...       0.6429 seconds
                COUPLE completed...       0.0880 seconds
                  HADV completed...       1.3320 seconds
                  ZADV completed...       0.2034 seconds
                 HDIFF completed...       0.1352 seconds
              DECOUPLE completed...       0.0338 seconds
                  PHOT completed...       0.1163 seconds
               CLDPROC completed...       0.1555 seconds
                  CHEM completed...       0.4032 seconds
                  AERO completed...       0.5432 seconds
            Master Time Step
            Processing completed...       3.6577 seconds

     Processing Day/Time [YYYYDDD:HHMMSS]: 2017357:120800
       Which is Equivalent to (UTC): 12:08:00 Saturday,  Dec. 23, 2017
       Time-Step Length (HHMMSS): 000400
                 VDIFF completed...       0.6628 seconds
                COUPLE completed...       0.0884 seconds
                  HADV completed...       1.3320 seconds
                  ZADV completed...       0.2036 seconds
                 HDIFF completed...       0.1362 seconds
              DECOUPLE completed...       0.0336 seconds
                  PHOT completed...       0.1147 seconds
               CLDPROC completed...       0.1585 seconds
                  CHEM completed...       0.4005 seconds
                  AERO completed...       0.5414 seconds
            Master Time Step
            Processing completed...       3.6755 seconds

     Processing Day/Time [YYYYDDD:HHMMSS]: 2017357:121200
       Which is Equivalent to (UTC): 12:12:00 Saturday,  Dec. 23, 2017
       Time-Step Length (HHMMSS): 000400
                 VDIFF completed...       0.6086 seconds
                COUPLE completed...       0.0889 seconds
                  HADV completed...       1.4077 seconds
                  ZADV completed...       0.2038 seconds
                 HDIFF completed...       0.1370 seconds
              DECOUPLE completed...       0.0333 seconds
                  PHOT completed...       0.1156 seconds
               CLDPROC completed...       0.1565 seconds
                  CHEM completed...       0.3991 seconds
                  AERO completed...       0.5419 seconds
            Master Time Step
            Processing completed...       3.6968 seconds

     Processing Day/Time [YYYYDDD:HHMMSS]: 2017357:121600
       Which is Equivalent to (UTC): 12:16:00 Saturday,  Dec. 23, 2017
       Time-Step Length (HHMMSS): 000400
                 VDIFF completed...       0.6016 seconds
                COUPLE completed...       0.0893 seconds
                  HADV completed...       1.3997 seconds
                  ZADV completed...       0.2034 seconds
                 HDIFF completed...       0.1363 seconds
              DECOUPLE completed...       0.0337 seconds
                  PHOT completed...       0.1149 seconds
               CLDPROC completed...       0.1558 seconds
                  CHEM completed...       0.3963 seconds
                  AERO completed...       0.5438 seconds
            Master Time Step
            Processing completed...       3.6793 seconds

     Processing Day/Time [YYYYDDD:HHMMSS]: 2017357:122000
       Which is Equivalent to (UTC): 12:20:00 Saturday,  Dec. 23, 2017
       Time-Step Length (HHMMSS): 000400
                 VDIFF completed...       0.5951 seconds
                COUPLE completed...       0.0857 seconds
                  HADV completed...       1.4243 seconds
                  ZADV completed...       0.2034 seconds
                 HDIFF completed...       0.1370 seconds
              DECOUPLE completed...       0.0323 seconds
                  PHOT completed...       0.1158 seconds
               CLDPROC completed...       0.1549 seconds
                  CHEM completed...       0.3928 seconds
                  AERO completed...       0.5353 seconds
            Master Time Step
            Processing completed...       3.6813 seconds

     Processing Day/Time [YYYYDDD:HHMMSS]: 2017357:122400
       Which is Equivalent to (UTC): 12:24:00 Saturday,  Dec. 23, 2017
       Time-Step Length (HHMMSS): 000400
                 VDIFF completed...       0.6105 seconds
                COUPLE completed...       0.0897 seconds
                  HADV completed...       1.4809 seconds
                  ZADV completed...       0.2035 seconds
                 HDIFF completed...       0.1366 seconds
              DECOUPLE completed...       0.0328 seconds
                  PHOT completed...       0.1135 seconds
               CLDPROC completed...       0.1565 seconds
                  CHEM completed...       0.3900 seconds
                  AERO completed...       0.5336 seconds
            Master Time Step
            Processing completed...       3.7513 seconds

     Processing Day/Time [YYYYDDD:HHMMSS]: 2017357:122800
       Which is Equivalent to (UTC): 12:28:00 Saturday,  Dec. 23, 2017
       Time-Step Length (HHMMSS): 000400
                 VDIFF completed...       0.6049 seconds
                COUPLE completed...       0.0935 seconds
                  HADV completed...       1.5197 seconds
                  ZADV completed...       0.2034 seconds
                 HDIFF completed...       0.1365 seconds
              DECOUPLE completed...       0.0334 seconds
                  PHOT completed...       0.1140 seconds
               CLDPROC completed...       0.1552 seconds
                  CHEM completed...       0.3905 seconds
                  AERO completed...       0.5342 seconds
            Master Time Step
            Processing completed...       3.7897 seconds

     Processing Day/Time [YYYYDDD:HHMMSS]: 2017357:123200
       Which is Equivalent to (UTC): 12:32:00 Saturday,  Dec. 23, 2017
       Time-Step Length (HHMMSS): 000400
                 VDIFF completed...       0.5624 seconds
                COUPLE completed...       0.0970 seconds
                  HADV completed...       1.5762 seconds
                  ZADV completed...       0.2037 seconds
                 HDIFF completed...       0.1371 seconds
              DECOUPLE completed...       0.0334 seconds
                  PHOT completed...       0.1129 seconds
               CLDPROC completed...       0.1553 seconds
                  CHEM completed...       0.3898 seconds
                  AERO completed...       0.5355 seconds
            Master Time Step
            Processing completed...       3.8076 seconds

     Processing Day/Time [YYYYDDD:HHMMSS]: 2017357:123600
       Which is Equivalent to (UTC): 12:36:00 Saturday,  Dec. 23, 2017
       Time-Step Length (HHMMSS): 000400
                 VDIFF completed...       0.5718 seconds
                COUPLE completed...       0.0949 seconds
                  HADV completed...       1.5479 seconds
                  ZADV completed...       0.2034 seconds
                 HDIFF completed...       0.1361 seconds
              DECOUPLE completed...       0.0329 seconds
                  PHOT completed...       0.1134 seconds
               CLDPROC completed...       0.1536 seconds
                  CHEM completed...       0.3898 seconds
                  AERO completed...       0.5361 seconds
            Master Time Step
            Processing completed...       3.7843 seconds

     Processing Day/Time [YYYYDDD:HHMMSS]: 2017357:124000
       Which is Equivalent to (UTC): 12:40:00 Saturday,  Dec. 23, 2017
       Time-Step Length (HHMMSS): 000400
                 VDIFF completed...       0.5661 seconds
                COUPLE completed...       0.0989 seconds
                  HADV completed...       1.5396 seconds
                  ZADV completed...       0.2032 seconds
                 HDIFF completed...       0.1360 seconds
              DECOUPLE completed...       0.0332 seconds
                  PHOT completed...       0.1129 seconds
               CLDPROC completed...       0.1536 seconds
                  CHEM completed...       0.3869 seconds
                  AERO completed...       0.5281 seconds
            Master Time Step
            Processing completed...       3.7633 seconds

     Processing Day/Time [YYYYDDD:HHMMSS]: 2017357:124400
       Which is Equivalent to (UTC): 12:44:00 Saturday,  Dec. 23, 2017
       Time-Step Length (HHMMSS): 000400
                 VDIFF completed...       0.5539 seconds
                COUPLE completed...       0.0988 seconds
                  HADV completed...       1.5650 seconds
                  ZADV completed...       0.2035 seconds
                 HDIFF completed...       0.1368 seconds
              DECOUPLE completed...       0.0322 seconds
                  PHOT completed...       0.1132 seconds
               CLDPROC completed...       0.1519 seconds
                  CHEM completed...       0.3871 seconds
                  AERO completed...       0.5318 seconds
            Master Time Step
            Processing completed...       3.7784 seconds

     Processing Day/Time [YYYYDDD:HHMMSS]: 2017357:124800
       Which is Equivalent to (UTC): 12:48:00 Saturday,  Dec. 23, 2017
       Time-Step Length (HHMMSS): 000400
                 VDIFF completed...       0.5618 seconds
                COUPLE completed...       0.0994 seconds
                  HADV completed...       1.5356 seconds
                  ZADV completed...       0.2036 seconds
                 HDIFF completed...       0.1361 seconds
              DECOUPLE completed...       0.0331 seconds
                  PHOT completed...       0.1124 seconds
               CLDPROC completed...       0.1501 seconds
                  CHEM completed...       0.3876 seconds
                  AERO completed...       0.5307 seconds
            Master Time Step
            Processing completed...       3.7549 seconds

     Processing Day/Time [YYYYDDD:HHMMSS]: 2017357:125200
       Which is Equivalent to (UTC): 12:52:00 Saturday,  Dec. 23, 2017
       Time-Step Length (HHMMSS): 000400
                 VDIFF completed...       0.5493 seconds
                COUPLE completed...       0.0952 seconds
                  HADV completed...       1.5616 seconds
                  ZADV completed...       0.2037 seconds
                 HDIFF completed...       0.1364 seconds
              DECOUPLE completed...       0.0326 seconds
                  PHOT completed...       0.1129 seconds
               CLDPROC completed...       0.1478 seconds
                  CHEM completed...       0.3871 seconds
                  AERO completed...       0.5277 seconds
            Master Time Step
            Processing completed...       3.7588 seconds

     Processing Day/Time [YYYYDDD:HHMMSS]: 2017357:125600
       Which is Equivalent to (UTC): 12:56:00 Saturday,  Dec. 23, 2017
       Time-Step Length (HHMMSS): 000400
                 VDIFF completed...       2.0030 seconds
                COUPLE completed...       0.1118 seconds
                  HADV completed...       0.9215 seconds
                  ZADV completed...       0.2034 seconds
                 HDIFF completed...       0.1365 seconds
              DECOUPLE completed...       0.0329 seconds
                  PHOT completed...       0.1112 seconds
               CLDPROC completed...       1.2698 seconds
                  CHEM completed...       0.3993 seconds
                  AERO completed...       0.5500 seconds
            Master Time Step
            Processing completed...       5.7423 seconds

      =--> Data Output completed...       1.2594 seconds

     Processing Day/Time [YYYYDDD:HHMMSS]: 2017357:130000
       Which is Equivalent to (UTC): 13:00:00 Saturday,  Dec. 23, 2017
       Time-Step Length (HHMMSS): 000400
                 VDIFF completed...       4.0426 seconds
                COUPLE completed...       0.1104 seconds
                  HADV completed...       3.0796 seconds
                  ZADV completed...       0.2029 seconds
                 HDIFF completed...       0.1367 seconds
              DECOUPLE completed...       0.0337 seconds
                  PHOT completed...       1.0186 seconds
               CLDPROC completed...       0.1509 seconds
                  CHEM completed...       0.3909 seconds
                  AERO completed...       0.5325 seconds
            Master Time Step
            Processing completed...       9.7016 seconds

     Processing Day/Time [YYYYDDD:HHMMSS]: 2017357:130400
       Which is Equivalent to (UTC): 13:04:00 Saturday,  Dec. 23, 2017
       Time-Step Length (HHMMSS): 000400
                 VDIFF completed...       0.5415 seconds
                COUPLE completed...       0.0930 seconds
                  HADV completed...       1.6386 seconds
                  ZADV completed...       0.2035 seconds
                 HDIFF completed...       0.1363 seconds
              DECOUPLE completed...       0.0325 seconds
                  PHOT completed...       0.1134 seconds
               CLDPROC completed...       0.1479 seconds
                  CHEM completed...       0.3868 seconds
                  AERO completed...       0.5301 seconds
            Master Time Step
            Processing completed...       3.8245 seconds

     Processing Day/Time [YYYYDDD:HHMMSS]: 2017357:130800
       Which is Equivalent to (UTC): 13:08:00 Saturday,  Dec. 23, 2017
       Time-Step Length (HHMMSS): 000400
                 VDIFF completed...       0.5576 seconds
                COUPLE completed...       0.0922 seconds
                  HADV completed...       1.7464 seconds
                  ZADV completed...       0.2031 seconds
                 HDIFF completed...       0.1365 seconds
              DECOUPLE completed...       0.0338 seconds
                  PHOT completed...       0.1110 seconds
               CLDPROC completed...       0.1478 seconds
                  CHEM completed...       0.3870 seconds
                  AERO completed...       0.5308 seconds
            Master Time Step
            Processing completed...       3.9474 seconds

     Processing Day/Time [YYYYDDD:HHMMSS]: 2017357:131200
       Which is Equivalent to (UTC): 13:12:00 Saturday,  Dec. 23, 2017
       Time-Step Length (HHMMSS): 000400
                 VDIFF completed...       0.5519 seconds
                COUPLE completed...       0.0899 seconds
                  HADV completed...       1.7926 seconds
                  ZADV completed...       0.2026 seconds
                 HDIFF completed...       0.1367 seconds
              DECOUPLE completed...       0.0324 seconds
                  PHOT completed...       0.1123 seconds
               CLDPROC completed...       0.1478 seconds
                  CHEM completed...       0.3870 seconds
                  AERO completed...       0.5296 seconds
            Master Time Step
            Processing completed...       3.9866 seconds

     Processing Day/Time [YYYYDDD:HHMMSS]: 2017357:131600
       Which is Equivalent to (UTC): 13:16:00 Saturday,  Dec. 23, 2017
       Time-Step Length (HHMMSS): 000400
                 VDIFF completed...       0.5591 seconds
                COUPLE completed...       0.0893 seconds
                  HADV completed...       1.8038 seconds
                  ZADV completed...       0.2032 seconds
                 HDIFF completed...       0.1360 seconds
              DECOUPLE completed...       0.0330 seconds
                  PHOT completed...       0.1108 seconds
               CLDPROC completed...       0.1486 seconds
                  CHEM completed...       0.3861 seconds
                  AERO completed...       0.5312 seconds
            Master Time Step
            Processing completed...       4.0055 seconds

     Processing Day/Time [YYYYDDD:HHMMSS]: 2017357:132000
       Which is Equivalent to (UTC): 13:20:00 Saturday,  Dec. 23, 2017
       Time-Step Length (HHMMSS): 000400
                 VDIFF completed...       0.5573 seconds
                COUPLE completed...       0.0844 seconds
                  HADV completed...       1.8302 seconds
                  ZADV completed...       0.2028 seconds
                 HDIFF completed...       0.1358 seconds
              DECOUPLE completed...       0.0329 seconds
                  PHOT completed...       0.1111 seconds
               CLDPROC completed...       0.1486 seconds
                  CHEM completed...       0.3841 seconds
                  AERO completed...       0.5302 seconds
            Master Time Step
            Processing completed...       4.0221 seconds

     Processing Day/Time [YYYYDDD:HHMMSS]: 2017357:132400
       Which is Equivalent to (UTC): 13:24:00 Saturday,  Dec. 23, 2017
       Time-Step Length (HHMMSS): 000400
                 VDIFF completed...       0.5588 seconds
                COUPLE completed...       0.0881 seconds
                  HADV completed...       1.8093 seconds
                  ZADV completed...       0.2027 seconds
                 HDIFF completed...       0.1368 seconds
              DECOUPLE completed...       0.0330 seconds
                  PHOT completed...       0.1101 seconds
               CLDPROC completed...       0.1484 seconds
                  CHEM completed...       0.3787 seconds
                  AERO completed...       0.5305 seconds
            Master Time Step
            Processing completed...       3.9990 seconds

     Processing Day/Time [YYYYDDD:HHMMSS]: 2017357:132800
       Which is Equivalent to (UTC): 13:28:00 Saturday,  Dec. 23, 2017
       Time-Step Length (HHMMSS): 000400
                 VDIFF completed...       0.5481 seconds
                COUPLE completed...       0.0924 seconds
                  HADV completed...       1.8155 seconds
                  ZADV completed...       0.2033 seconds
                 HDIFF completed...       0.1362 seconds
              DECOUPLE completed...       0.0328 seconds
                  PHOT completed...       0.1103 seconds
               CLDPROC completed...       0.1473 seconds
                  CHEM completed...       0.3789 seconds
                  AERO completed...       0.5440 seconds
            Master Time Step
            Processing completed...       4.0132 seconds

     Processing Day/Time [YYYYDDD:HHMMSS]: 2017357:133200
       Which is Equivalent to (UTC): 13:32:00 Saturday,  Dec. 23, 2017
       Time-Step Length (HHMMSS): 000400
                 VDIFF completed...       0.5077 seconds
                COUPLE completed...       0.0850 seconds
                  HADV completed...       1.8777 seconds
                  ZADV completed...       0.2026 seconds
                 HDIFF completed...       0.1370 seconds
              DECOUPLE completed...       0.0329 seconds
                  PHOT completed...       0.1097 seconds
               CLDPROC completed...       0.1477 seconds
                  CHEM completed...       0.3776 seconds
                  AERO completed...       0.5311 seconds
            Master Time Step
            Processing completed...       4.0136 seconds

     Processing Day/Time [YYYYDDD:HHMMSS]: 2017357:133600
       Which is Equivalent to (UTC): 13:36:00 Saturday,  Dec. 23, 2017
       Time-Step Length (HHMMSS): 000400
                 VDIFF completed...       0.5235 seconds
                COUPLE completed...       0.0826 seconds
                  HADV completed...       1.8541 seconds
                  ZADV completed...       0.2029 seconds
                 HDIFF completed...       0.1359 seconds
              DECOUPLE completed...       0.0328 seconds
                  PHOT completed...       0.1097 seconds
               CLDPROC completed...       0.1465 seconds
                  CHEM completed...       0.3763 seconds
                  AERO completed...       0.5305 seconds
            Master Time Step
            Processing completed...       3.9993 seconds

     Processing Day/Time [YYYYDDD:HHMMSS]: 2017357:134000
       Which is Equivalent to (UTC): 13:40:00 Saturday,  Dec. 23, 2017
       Time-Step Length (HHMMSS): 000400
                 VDIFF completed...       0.4998 seconds
                COUPLE completed...       0.0646 seconds
                  HADV completed...       1.8971 seconds
                  ZADV completed...       0.2029 seconds
                 HDIFF completed...       0.1357 seconds
              DECOUPLE completed...       0.0336 seconds
                  PHOT completed...       0.1094 seconds
               CLDPROC completed...       0.1443 seconds
                  CHEM completed...       0.3771 seconds
                  AERO completed...       0.5310 seconds
            Master Time Step
            Processing completed...       3.9999 seconds

     Processing Day/Time [YYYYDDD:HHMMSS]: 2017357:134400
       Which is Equivalent to (UTC): 13:44:00 Saturday,  Dec. 23, 2017
       Time-Step Length (HHMMSS): 000400
                 VDIFF completed...       0.4940 seconds
                COUPLE completed...       0.0616 seconds
                  HADV completed...       1.9062 seconds
                  ZADV completed...       0.2029 seconds
                 HDIFF completed...       0.1359 seconds
              DECOUPLE completed...       0.0324 seconds
                  PHOT completed...       0.1098 seconds
               CLDPROC completed...       0.1431 seconds
                  CHEM completed...       0.3765 seconds
                  AERO completed...       0.5304 seconds
            Master Time Step
            Processing completed...       3.9970 seconds

     Processing Day/Time [YYYYDDD:HHMMSS]: 2017357:134800
       Which is Equivalent to (UTC): 13:48:00 Saturday,  Dec. 23, 2017
       Time-Step Length (HHMMSS): 000400
                 VDIFF completed...       0.5005 seconds
                COUPLE completed...       0.0605 seconds
                  HADV completed...       1.9251 seconds
                  ZADV completed...       0.2028 seconds
                 HDIFF completed...       0.1358 seconds
              DECOUPLE completed...       0.0338 seconds
                  PHOT completed...       0.1091 seconds
               CLDPROC completed...       0.1409 seconds
                  CHEM completed...       0.3846 seconds
                  AERO completed...       0.5313 seconds
            Master Time Step
            Processing completed...       4.0282 seconds

     Processing Day/Time [YYYYDDD:HHMMSS]: 2017357:135200
       Which is Equivalent to (UTC): 13:52:00 Saturday,  Dec. 23, 2017
       Time-Step Length (HHMMSS): 000400
                 VDIFF completed...       0.4948 seconds
                COUPLE completed...       0.0651 seconds
                  HADV completed...       1.9132 seconds
                  ZADV completed...       0.2035 seconds
                 HDIFF completed...       0.1362 seconds
              DECOUPLE completed...       0.0327 seconds
                  PHOT completed...       0.1092 seconds
               CLDPROC completed...       0.1399 seconds
                  CHEM completed...       0.3768 seconds
                  AERO completed...       0.5320 seconds
            Master Time Step
            Processing completed...       4.0074 seconds

     Processing Day/Time [YYYYDDD:HHMMSS]: 2017357:135600
       Which is Equivalent to (UTC): 13:56:00 Saturday,  Dec. 23, 2017
       Time-Step Length (HHMMSS): 000400
                 VDIFF completed...       2.2434 seconds
                COUPLE completed...       0.1114 seconds
                  HADV completed...       0.9361 seconds
                  ZADV completed...       0.2031 seconds
                 HDIFF completed...       0.1364 seconds
              DECOUPLE completed...       0.0330 seconds
                  PHOT completed...       0.1088 seconds
               CLDPROC completed...       1.4083 seconds
                  CHEM completed...       0.3845 seconds
                  AERO completed...       0.5452 seconds
            Master Time Step
            Processing completed...       6.1146 seconds

      =--> Data Output completed...       1.3836 seconds

     Processing Day/Time [YYYYDDD:HHMMSS]: 2017357:140000
       Which is Equivalent to (UTC): 14:00:00 Saturday,  Dec. 23, 2017
       Time-Step Length (HHMMSS): 000400
                 VDIFF completed...       4.4362 seconds
                COUPLE completed...       0.1100 seconds
                  HADV completed...       2.8785 seconds
                  ZADV completed...       0.2034 seconds
                 HDIFF completed...       0.1363 seconds
              DECOUPLE completed...       0.0335 seconds
                  PHOT completed...       1.0086 seconds
               CLDPROC completed...       0.1374 seconds
                  CHEM completed...       0.3744 seconds
                  AERO completed...       0.5305 seconds
            Master Time Step
            Processing completed...       9.8516 seconds

     Processing Day/Time [YYYYDDD:HHMMSS]: 2017357:140400
       Which is Equivalent to (UTC): 14:04:00 Saturday,  Dec. 23, 2017
       Time-Step Length (HHMMSS): 000400
                 VDIFF completed...       0.4556 seconds
                COUPLE completed...       0.0480 seconds
                  HADV completed...       1.9954 seconds
                  ZADV completed...       0.2031 seconds
                 HDIFF completed...       0.1358 seconds
              DECOUPLE completed...       0.0326 seconds
                  PHOT completed...       0.1105 seconds
               CLDPROC completed...       0.1371 seconds
                  CHEM completed...       0.3738 seconds
                  AERO completed...       0.5313 seconds
            Master Time Step
            Processing completed...       4.0245 seconds

     Processing Day/Time [YYYYDDD:HHMMSS]: 2017357:140800
       Which is Equivalent to (UTC): 14:08:00 Saturday,  Dec. 23, 2017
       Time-Step Length (HHMMSS): 000400
                 VDIFF completed...       0.4797 seconds
                COUPLE completed...       0.0461 seconds
                  HADV completed...       2.0025 seconds
                  ZADV completed...       0.2030 seconds
                 HDIFF completed...       0.1354 seconds
              DECOUPLE completed...       0.0327 seconds
                  PHOT completed...       0.1089 seconds
               CLDPROC completed...       0.1379 seconds
                  CHEM completed...       0.3737 seconds
                  AERO completed...       0.5313 seconds
            Master Time Step
            Processing completed...       4.0548 seconds

     Processing Day/Time [YYYYDDD:HHMMSS]: 2017357:141200
       Which is Equivalent to (UTC): 14:12:00 Saturday,  Dec. 23, 2017
       Time-Step Length (HHMMSS): 000400
                 VDIFF completed...       0.4818 seconds
                COUPLE completed...       0.0403 seconds
                  HADV completed...       2.0254 seconds
                  ZADV completed...       0.2028 seconds
                 HDIFF completed...       0.1363 seconds
              DECOUPLE completed...       0.0334 seconds
                  PHOT completed...       0.1087 seconds
               CLDPROC completed...       0.1380 seconds
                  CHEM completed...       0.3737 seconds
                  AERO completed...       0.5317 seconds
            Master Time Step
            Processing completed...       4.0745 seconds

     Processing Day/Time [YYYYDDD:HHMMSS]: 2017357:141600
       Which is Equivalent to (UTC): 14:16:00 Saturday,  Dec. 23, 2017
       Time-Step Length (HHMMSS): 000400
                 VDIFF completed...       0.4748 seconds
                COUPLE completed...       0.0531 seconds
                  HADV completed...       2.0065 seconds
                  ZADV completed...       0.2030 seconds
                 HDIFF completed...       0.1354 seconds
              DECOUPLE completed...       0.0322 seconds
                  PHOT completed...       0.1094 seconds
               CLDPROC completed...       0.1373 seconds
                  CHEM completed...       0.3733 seconds
                  AERO completed...       0.5335 seconds
            Master Time Step
            Processing completed...       4.0625 seconds

     Processing Day/Time [YYYYDDD:HHMMSS]: 2017357:142000
       Which is Equivalent to (UTC): 14:20:00 Saturday,  Dec. 23, 2017
       Time-Step Length (HHMMSS): 000400
                 VDIFF completed...       0.4829 seconds
                COUPLE completed...       0.0486 seconds
                  HADV completed...       2.0155 seconds
                  ZADV completed...       0.2029 seconds
                 HDIFF completed...       0.1363 seconds
              DECOUPLE completed...       0.0328 seconds
                  PHOT completed...       0.1092 seconds
               CLDPROC completed...       0.1376 seconds
                  CHEM completed...       0.3741 seconds
                  AERO completed...       0.5337 seconds
            Master Time Step
            Processing completed...       4.0744 seconds

     Processing Day/Time [YYYYDDD:HHMMSS]: 2017357:142400
       Which is Equivalent to (UTC): 14:24:00 Saturday,  Dec. 23, 2017
       Time-Step Length (HHMMSS): 000400
                 VDIFF completed...       0.5313 seconds
                COUPLE completed...       0.0580 seconds
                  HADV completed...       1.9580 seconds
                  ZADV completed...       0.2032 seconds
                 HDIFF completed...       0.1359 seconds
              DECOUPLE completed...       0.0331 seconds
                  PHOT completed...       0.1079 seconds
               CLDPROC completed...       0.1364 seconds
                  CHEM completed...       0.3749 seconds
                  AERO completed...       0.5289 seconds
            Master Time Step
            Processing completed...       4.0715 seconds

     Processing Day/Time [YYYYDDD:HHMMSS]: 2017357:142800
       Which is Equivalent to (UTC): 14:28:00 Saturday,  Dec. 23, 2017
       Time-Step Length (HHMMSS): 000400
                 VDIFF completed...       0.5866 seconds
                COUPLE completed...       0.0645 seconds
                  HADV completed...       1.9109 seconds
                  ZADV completed...       0.2029 seconds
                 HDIFF completed...       0.1357 seconds
              DECOUPLE completed...       0.0326 seconds
                  PHOT completed...       0.1183 seconds
               CLDPROC completed...       0.1362 seconds
                  CHEM completed...       0.3758 seconds
                  AERO completed...       0.5331 seconds
            Master Time Step
            Processing completed...       4.1003 seconds

     Processing Day/Time [YYYYDDD:HHMMSS]: 2017357:143200
       Which is Equivalent to (UTC): 14:32:00 Saturday,  Dec. 23, 2017
       Time-Step Length (HHMMSS): 000400
                 VDIFF completed...       0.6261 seconds
                COUPLE completed...       0.0675 seconds
                  HADV completed...       1.8519 seconds
                  ZADV completed...       0.2025 seconds
                 HDIFF completed...       0.1357 seconds
              DECOUPLE completed...       0.0329 seconds
                  PHOT completed...       0.1431 seconds
               CLDPROC completed...       0.1365 seconds
                  CHEM completed...       0.3782 seconds
                  AERO completed...       0.5355 seconds
            Master Time Step
            Processing completed...       4.1141 seconds

     Processing Day/Time [YYYYDDD:HHMMSS]: 2017357:143600
       Which is Equivalent to (UTC): 14:36:00 Saturday,  Dec. 23, 2017
       Time-Step Length (HHMMSS): 000400
                 VDIFF completed...       0.5810 seconds
                COUPLE completed...       0.0626 seconds
                  HADV completed...       1.8621 seconds
                  ZADV completed...       0.2030 seconds
                 HDIFF completed...       0.1361 seconds
              DECOUPLE completed...       0.0332 seconds
                  PHOT completed...       0.1782 seconds
               CLDPROC completed...       0.1487 seconds
                  CHEM completed...       0.3808 seconds
                  AERO completed...       0.5359 seconds
            Master Time Step
            Processing completed...       4.1254 seconds

     Processing Day/Time [YYYYDDD:HHMMSS]: 2017357:144000
       Which is Equivalent to (UTC): 14:40:00 Saturday,  Dec. 23, 2017
       Time-Step Length (HHMMSS): 000400
                 VDIFF completed...       0.5233 seconds
                COUPLE completed...       0.0411 seconds
                  HADV completed...       1.8741 seconds
                  ZADV completed...       0.2024 seconds
                 HDIFF completed...       0.1368 seconds
              DECOUPLE completed...       0.0327 seconds
                  PHOT completed...       0.2142 seconds
               CLDPROC completed...       0.1578 seconds
                  CHEM completed...       0.3763 seconds
                  AERO completed...       0.5360 seconds
            Master Time Step
            Processing completed...       4.0989 seconds

     Processing Day/Time [YYYYDDD:HHMMSS]: 2017357:144400
       Which is Equivalent to (UTC): 14:44:00 Saturday,  Dec. 23, 2017
       Time-Step Length (HHMMSS): 000400
                 VDIFF completed...       0.5797 seconds
                COUPLE completed...       0.0970 seconds
                  HADV completed...       1.7230 seconds
                  ZADV completed...       0.2030 seconds
                 HDIFF completed...       0.1354 seconds
              DECOUPLE completed...       0.0328 seconds
                  PHOT completed...       0.2427 seconds
               CLDPROC completed...       0.1739 seconds
                  CHEM completed...       0.3668 seconds
                  AERO completed...       0.5375 seconds
            Master Time Step
            Processing completed...       4.0962 seconds

     Processing Day/Time [YYYYDDD:HHMMSS]: 2017357:144800
       Which is Equivalent to (UTC): 14:48:00 Saturday,  Dec. 23, 2017
       Time-Step Length (HHMMSS): 000400
                 VDIFF completed...       0.6743 seconds
                COUPLE completed...       0.0867 seconds
                  HADV completed...       1.5922 seconds
                  ZADV completed...       0.2030 seconds
                 HDIFF completed...       0.1352 seconds
              DECOUPLE completed...       0.0323 seconds
                  PHOT completed...       0.2500 seconds
               CLDPROC completed...       0.1737 seconds
                  CHEM completed...       0.3658 seconds
                  AERO completed...       0.5388 seconds
            Master Time Step
            Processing completed...       4.0564 seconds

     Processing Day/Time [YYYYDDD:HHMMSS]: 2017357:145200
       Which is Equivalent to (UTC): 14:52:00 Saturday,  Dec. 23, 2017
       Time-Step Length (HHMMSS): 000400
                 VDIFF completed...       0.7767 seconds
                COUPLE completed...       0.0635 seconds
                  HADV completed...       1.5147 seconds
                  ZADV completed...       0.2027 seconds
                 HDIFF completed...       0.1360 seconds
              DECOUPLE completed...       0.0330 seconds
                  PHOT completed...       0.2494 seconds
               CLDPROC completed...       0.1755 seconds
                  CHEM completed...       0.3710 seconds
                  AERO completed...       0.5333 seconds
            Master Time Step
            Processing completed...       4.0600 seconds

     Processing Day/Time [YYYYDDD:HHMMSS]: 2017357:145600
       Which is Equivalent to (UTC): 14:56:00 Saturday,  Dec. 23, 2017
       Time-Step Length (HHMMSS): 000400
                 VDIFF completed...       2.0735 seconds
                COUPLE completed...       0.1122 seconds
                  HADV completed...       0.9299 seconds
                  ZADV completed...       0.2031 seconds
                 HDIFF completed...       0.1360 seconds
              DECOUPLE completed...       0.0325 seconds
                  PHOT completed...       0.2589 seconds
               CLDPROC completed...       1.3194 seconds
                  CHEM completed...       0.4155 seconds
                  AERO completed...       0.5444 seconds
            Master Time Step
            Processing completed...       6.0281 seconds

      =--> Data Output completed...       1.3554 seconds

     Processing Day/Time [YYYYDDD:HHMMSS]: 2017357:150000
       Which is Equivalent to (UTC): 15:00:00 Saturday,  Dec. 23, 2017
       Time-Step Length (HHMMSS): 000500
                 VDIFF completed...       3.9163 seconds
                COUPLE completed...       0.0990 seconds
                  HADV completed...       3.6878 seconds
                  ZADV completed...       0.2037 seconds
                 HDIFF completed...       0.1377 seconds
              DECOUPLE completed...       0.0331 seconds
                  PHOT completed...       1.1124 seconds
               CLDPROC completed...       0.1679 seconds
                  CHEM completed...       0.5286 seconds
                  AERO completed...       0.5870 seconds
            Master Time Step
            Processing completed...      10.4758 seconds

     Processing Day/Time [YYYYDDD:HHMMSS]: 2017357:150500
       Which is Equivalent to (UTC): 15:05:00 Saturday,  Dec. 23, 2017
       Time-Step Length (HHMMSS): 000500
                 VDIFF completed...       0.7650 seconds
                COUPLE completed...       0.0445 seconds
                  HADV completed...       1.6181 seconds
                  ZADV completed...       0.2008 seconds
                 HDIFF completed...       0.1403 seconds
              DECOUPLE completed...       0.0327 seconds
                  PHOT completed...       0.3010 seconds
               CLDPROC completed...       0.1526 seconds
                  CHEM completed...       0.6102 seconds
                  AERO completed...       0.5740 seconds
            Master Time Step
            Processing completed...       4.4401 seconds

     Processing Day/Time [YYYYDDD:HHMMSS]: 2017357:151000
       Which is Equivalent to (UTC): 15:10:00 Saturday,  Dec. 23, 2017
       Time-Step Length (HHMMSS): 000500
                 VDIFF completed...       0.6661 seconds
                COUPLE completed...       0.0460 seconds
                  HADV completed...       1.7143 seconds
                  ZADV completed...       0.1999 seconds
                 HDIFF completed...       0.1404 seconds
              DECOUPLE completed...       0.0340 seconds
                  PHOT completed...       0.3082 seconds
               CLDPROC completed...       0.1515 seconds
                  CHEM completed...       0.6319 seconds
                  AERO completed...       0.5827 seconds
            Master Time Step
            Processing completed...       4.4756 seconds

     Processing Day/Time [YYYYDDD:HHMMSS]: 2017357:151500
       Which is Equivalent to (UTC): 15:15:00 Saturday,  Dec. 23, 2017
       Time-Step Length (HHMMSS): 000500
                 VDIFF completed...       0.6057 seconds
                COUPLE completed...       0.0589 seconds
                  HADV completed...       1.7433 seconds
                  ZADV completed...       0.2006 seconds
                 HDIFF completed...       0.1404 seconds
              DECOUPLE completed...       0.0338 seconds
                  PHOT completed...       0.3073 seconds
               CLDPROC completed...       0.1539 seconds
                  CHEM completed...       0.6141 seconds
                  AERO completed...       0.5816 seconds
            Master Time Step
            Processing completed...       4.4410 seconds

     Processing Day/Time [YYYYDDD:HHMMSS]: 2017357:152000
       Which is Equivalent to (UTC): 15:20:00 Saturday,  Dec. 23, 2017
       Time-Step Length (HHMMSS): 000500
                 VDIFF completed...       0.6020 seconds
                COUPLE completed...       0.0641 seconds
                  HADV completed...       1.7335 seconds
                  ZADV completed...       0.2002 seconds
                 HDIFF completed...       0.1403 seconds
              DECOUPLE completed...       0.0338 seconds
                  PHOT completed...       0.3080 seconds
               CLDPROC completed...       0.1548 seconds
                  CHEM completed...       0.6065 seconds
                  AERO completed...       0.5809 seconds
            Master Time Step
            Processing completed...       4.4265 seconds

     Processing Day/Time [YYYYDDD:HHMMSS]: 2017357:152500
       Which is Equivalent to (UTC): 15:25:00 Saturday,  Dec. 23, 2017
       Time-Step Length (HHMMSS): 000500
                 VDIFF completed...       0.6316 seconds
                COUPLE completed...       0.0571 seconds
                  HADV completed...       2.0769 seconds
                  ZADV completed...       0.1980 seconds
                 HDIFF completed...       0.1420 seconds
              DECOUPLE completed...       0.0337 seconds
                  PHOT completed...       0.3069 seconds
               CLDPROC completed...       0.1571 seconds
                  CHEM completed...       0.6045 seconds
                  AERO completed...       0.5773 seconds
            Master Time Step
            Processing completed...       4.7860 seconds

     Processing Day/Time [YYYYDDD:HHMMSS]: 2017357:153000
       Which is Equivalent to (UTC): 15:30:00 Saturday,  Dec. 23, 2017
       Time-Step Length (HHMMSS): 000500
                 VDIFF completed...       0.6385 seconds
                COUPLE completed...       0.0567 seconds
                  HADV completed...       1.7425 seconds
                  ZADV completed...       0.1994 seconds
                 HDIFF completed...       0.1384 seconds
              DECOUPLE completed...       0.0326 seconds
                  PHOT completed...       0.3084 seconds
               CLDPROC completed...       0.1560 seconds
                  CHEM completed...       0.6039 seconds
                  AERO completed...       0.5871 seconds
            Master Time Step
            Processing completed...       4.4676 seconds

     Processing Day/Time [YYYYDDD:HHMMSS]: 2017357:153500
       Which is Equivalent to (UTC): 15:35:00 Saturday,  Dec. 23, 2017
       Time-Step Length (HHMMSS): 000500
                 VDIFF completed...       0.6258 seconds
                COUPLE completed...       0.0544 seconds
                  HADV completed...       1.7321 seconds
                  ZADV completed...       0.1991 seconds
                 HDIFF completed...       0.1514 seconds
              DECOUPLE completed...       0.0421 seconds
                  PHOT completed...       0.2889 seconds
               CLDPROC completed...       0.1548 seconds
                  CHEM completed...       0.6061 seconds
                  AERO completed...       0.5808 seconds
            Master Time Step
            Processing completed...       4.4399 seconds

     Processing Day/Time [YYYYDDD:HHMMSS]: 2017357:154000
       Which is Equivalent to (UTC): 15:40:00 Saturday,  Dec. 23, 2017
       Time-Step Length (HHMMSS): 000500
                 VDIFF completed...       0.6271 seconds
                COUPLE completed...       0.0543 seconds
                  HADV completed...       1.7397 seconds
                  ZADV completed...       0.1990 seconds
                 HDIFF completed...       0.1407 seconds
              DECOUPLE completed...       0.0336 seconds
                  PHOT completed...       0.3073 seconds
               CLDPROC completed...       0.1572 seconds
                  CHEM completed...       0.6082 seconds
                  AERO completed...       0.5858 seconds
            Master Time Step
            Processing completed...       4.4550 seconds

     Processing Day/Time [YYYYDDD:HHMMSS]: 2017357:154500
       Which is Equivalent to (UTC): 15:45:00 Saturday,  Dec. 23, 2017
       Time-Step Length (HHMMSS): 000500
                 VDIFF completed...       0.6314 seconds
                COUPLE completed...       0.0554 seconds
                  HADV completed...       1.7341 seconds
                  ZADV completed...       0.1991 seconds
                 HDIFF completed...       0.1408 seconds
              DECOUPLE completed...       0.0326 seconds
                  PHOT completed...       0.3086 seconds
               CLDPROC completed...       0.1559 seconds
                  CHEM completed...       0.6155 seconds
                  AERO completed...       0.5852 seconds
            Master Time Step
            Processing completed...       4.4620 seconds

     Processing Day/Time [YYYYDDD:HHMMSS]: 2017357:155000
       Which is Equivalent to (UTC): 15:50:00 Saturday,  Dec. 23, 2017
       Time-Step Length (HHMMSS): 000500
                 VDIFF completed...       0.6199 seconds
                COUPLE completed...       0.0542 seconds
                  HADV completed...       1.7236 seconds
                  ZADV completed...       0.1988 seconds
                 HDIFF completed...       0.1403 seconds
              DECOUPLE completed...       0.0334 seconds
                  PHOT completed...       0.3064 seconds
               CLDPROC completed...       0.1563 seconds
                  CHEM completed...       0.6065 seconds
                  AERO completed...       0.5820 seconds
            Master Time Step
            Processing completed...       4.4258 seconds

     Processing Day/Time [YYYYDDD:HHMMSS]: 2017357:155500
       Which is Equivalent to (UTC): 15:55:00 Saturday,  Dec. 23, 2017
       Time-Step Length (HHMMSS): 000500
                 VDIFF completed...       1.8235 seconds
                COUPLE completed...       0.1115 seconds
                  HADV completed...       1.2884 seconds
                  ZADV completed...       0.1992 seconds
                 HDIFF completed...       0.1408 seconds
              DECOUPLE completed...       0.0333 seconds
                  PHOT completed...       0.3059 seconds
               CLDPROC completed...       1.2832 seconds
                  CHEM completed...       0.6280 seconds
                  AERO completed...       0.5860 seconds
            Master Time Step
            Processing completed...       6.4037 seconds

      =--> Data Output completed...       1.2330 seconds

     Processing Day/Time [YYYYDDD:HHMMSS]: 2017357:160000
       Which is Equivalent to (UTC): 16:00:00 Saturday,  Dec. 23, 2017
       Time-Step Length (HHMMSS): 000500
                 VDIFF completed...       4.4854 seconds
                COUPLE completed...       0.0929 seconds
                  HADV completed...       3.0182 seconds
                  ZADV completed...       0.1999 seconds
                 HDIFF completed...       0.1388 seconds
              DECOUPLE completed...       0.0334 seconds
                  PHOT completed...       1.2014 seconds
               CLDPROC completed...       0.1601 seconds
                  CHEM completed...       0.6039 seconds
                  AERO completed...       0.5898 seconds
            Master Time Step
            Processing completed...      10.5285 seconds

     Processing Day/Time [YYYYDDD:HHMMSS]: 2017357:160500
       Which is Equivalent to (UTC): 16:05:00 Saturday,  Dec. 23, 2017
       Time-Step Length (HHMMSS): 000500
                 VDIFF completed...       0.6531 seconds
                COUPLE completed...       0.0499 seconds
                  HADV completed...       1.6617 seconds
                  ZADV completed...       0.1993 seconds
                 HDIFF completed...       0.1407 seconds
              DECOUPLE completed...       0.0326 seconds
                  PHOT completed...       0.3074 seconds
               CLDPROC completed...       0.1562 seconds
                  CHEM completed...       0.5974 seconds
                  AERO completed...       0.5874 seconds
            Master Time Step
            Processing completed...       4.3900 seconds

     Processing Day/Time [YYYYDDD:HHMMSS]: 2017357:161000
       Which is Equivalent to (UTC): 16:10:00 Saturday,  Dec. 23, 2017
       Time-Step Length (HHMMSS): 000500
                 VDIFF completed...       0.6351 seconds
                COUPLE completed...       0.0577 seconds
                  HADV completed...       1.6695 seconds
                  ZADV completed...       0.2002 seconds
                 HDIFF completed...       0.1398 seconds
              DECOUPLE completed...       0.0323 seconds
                  PHOT completed...       0.3086 seconds
               CLDPROC completed...       0.1568 seconds
                  CHEM completed...       0.5953 seconds
                  AERO completed...       0.5902 seconds
            Master Time Step
            Processing completed...       4.3883 seconds

     Processing Day/Time [YYYYDDD:HHMMSS]: 2017357:161500
       Which is Equivalent to (UTC): 16:15:00 Saturday,  Dec. 23, 2017
       Time-Step Length (HHMMSS): 000500
                 VDIFF completed...       0.6318 seconds
                COUPLE completed...       0.0568 seconds
                  HADV completed...       1.6785 seconds
                  ZADV completed...       0.1996 seconds
                 HDIFF completed...       0.1404 seconds
              DECOUPLE completed...       0.0332 seconds
                  PHOT completed...       0.3066 seconds
               CLDPROC completed...       0.1567 seconds
                  CHEM completed...       0.5948 seconds
                  AERO completed...       0.5880 seconds
            Master Time Step
            Processing completed...       4.3906 seconds

     Processing Day/Time [YYYYDDD:HHMMSS]: 2017357:162000
       Which is Equivalent to (UTC): 16:20:00 Saturday,  Dec. 23, 2017
       Time-Step Length (HHMMSS): 000500
                 VDIFF completed...       0.6005 seconds
                COUPLE completed...       0.0548 seconds
                  HADV completed...       1.7308 seconds
                  ZADV completed...       0.1994 seconds
                 HDIFF completed...       0.1389 seconds
              DECOUPLE completed...       0.0336 seconds
                  PHOT completed...       0.3061 seconds
               CLDPROC completed...       0.1568 seconds
                  CHEM completed...       0.5929 seconds
                  AERO completed...       0.5881 seconds
            Master Time Step
            Processing completed...       4.4063 seconds

     Processing Day/Time [YYYYDDD:HHMMSS]: 2017357:162500
       Which is Equivalent to (UTC): 16:25:00 Saturday,  Dec. 23, 2017
       Time-Step Length (HHMMSS): 000500
                 VDIFF completed...       0.6159 seconds
                COUPLE completed...       0.0579 seconds
                  HADV completed...       1.6985 seconds
                  ZADV completed...       0.2049 seconds
                 HDIFF completed...       0.1368 seconds
              DECOUPLE completed...       0.0329 seconds
                  PHOT completed...       0.3065 seconds
               CLDPROC completed...       0.1561 seconds
                  CHEM completed...       0.5909 seconds
                  AERO completed...       0.5914 seconds
            Master Time Step
            Processing completed...       4.3963 seconds

     Processing Day/Time [YYYYDDD:HHMMSS]: 2017357:163000
       Which is Equivalent to (UTC): 16:30:00 Saturday,  Dec. 23, 2017
       Time-Step Length (HHMMSS): 000500
                 VDIFF completed...       0.6308 seconds
                COUPLE completed...       0.0561 seconds
                  HADV completed...       1.6774 seconds
                  ZADV completed...       0.2000 seconds
                 HDIFF completed...       0.1397 seconds
              DECOUPLE completed...       0.0339 seconds
                  PHOT completed...       0.3160 seconds
               CLDPROC completed...       0.1514 seconds
                  CHEM completed...       0.5876 seconds
                  AERO completed...       0.5897 seconds
            Master Time Step
            Processing completed...       4.3872 seconds

     Processing Day/Time [YYYYDDD:HHMMSS]: 2017357:163500
       Which is Equivalent to (UTC): 16:35:00 Saturday,  Dec. 23, 2017
       Time-Step Length (HHMMSS): 000500
                 VDIFF completed...       0.6263 seconds
                COUPLE completed...       0.0559 seconds
                  HADV completed...       1.6790 seconds
                  ZADV completed...       0.1995 seconds
                 HDIFF completed...       0.1408 seconds
              DECOUPLE completed...       0.0339 seconds
                  PHOT completed...       0.3061 seconds
               CLDPROC completed...       0.1566 seconds
                  CHEM completed...       0.5882 seconds
                  AERO completed...       0.5895 seconds
            Master Time Step
            Processing completed...       4.3782 seconds

     Processing Day/Time [YYYYDDD:HHMMSS]: 2017357:164000
       Which is Equivalent to (UTC): 16:40:00 Saturday,  Dec. 23, 2017
       Time-Step Length (HHMMSS): 000500
                 VDIFF completed...       0.6292 seconds
                COUPLE completed...       0.0559 seconds
                  HADV completed...       1.6915 seconds
                  ZADV completed...       0.2010 seconds
                 HDIFF completed...       0.1376 seconds
              DECOUPLE completed...       0.0332 seconds
                  PHOT completed...       0.3072 seconds
               CLDPROC completed...       0.1580 seconds
                  CHEM completed...       0.5858 seconds
                  AERO completed...       0.5995 seconds
            Master Time Step
            Processing completed...       4.4038 seconds

     Processing Day/Time [YYYYDDD:HHMMSS]: 2017357:164500
       Which is Equivalent to (UTC): 16:45:00 Saturday,  Dec. 23, 2017
       Time-Step Length (HHMMSS): 000500
                 VDIFF completed...       0.6193 seconds
                COUPLE completed...       0.0544 seconds
                  HADV completed...       1.6777 seconds
                  ZADV completed...       0.1998 seconds
                 HDIFF completed...       0.1400 seconds
              DECOUPLE completed...       0.0335 seconds
                  PHOT completed...       0.3080 seconds
               CLDPROC completed...       0.1567 seconds
                  CHEM completed...       0.5843 seconds
                  AERO completed...       0.5923 seconds
            Master Time Step
            Processing completed...       4.3684 seconds

     Processing Day/Time [YYYYDDD:HHMMSS]: 2017357:165000
       Which is Equivalent to (UTC): 16:50:00 Saturday,  Dec. 23, 2017
       Time-Step Length (HHMMSS): 000500
                 VDIFF completed...       0.6539 seconds
                COUPLE completed...       0.0450 seconds
                  HADV completed...       1.6928 seconds
                  ZADV completed...       0.2002 seconds
                 HDIFF completed...       0.1389 seconds
              DECOUPLE completed...       0.0340 seconds
                  PHOT completed...       0.3050 seconds
               CLDPROC completed...       0.1570 seconds
                  CHEM completed...       0.5829 seconds
                  AERO completed...       0.5889 seconds
            Master Time Step
            Processing completed...       4.4038 seconds

     Processing Day/Time [YYYYDDD:HHMMSS]: 2017357:165500
       Which is Equivalent to (UTC): 16:55:00 Saturday,  Dec. 23, 2017
       Time-Step Length (HHMMSS): 000500
                 VDIFF completed...       1.8325 seconds
                COUPLE completed...       0.1109 seconds
                  HADV completed...       1.2340 seconds
                  ZADV completed...       0.2000 seconds
                 HDIFF completed...       0.1401 seconds
              DECOUPLE completed...       0.0332 seconds
                  PHOT completed...       0.3074 seconds
               CLDPROC completed...       1.2189 seconds
                  CHEM completed...       0.6128 seconds
                  AERO completed...       0.5906 seconds
            Master Time Step
            Processing completed...       6.2827 seconds

      =--> Data Output completed...       1.2125 seconds

     Processing Day/Time [YYYYDDD:HHMMSS]: 2017357:170000
       Which is Equivalent to (UTC): 17:00:00 Saturday,  Dec. 23, 2017
       Time-Step Length (HHMMSS): 000500
                 VDIFF completed...       4.6772 seconds
                COUPLE completed...       0.1125 seconds
                  HADV completed...       3.0599 seconds
                  ZADV completed...       0.1968 seconds
                 HDIFF completed...       0.1417 seconds
              DECOUPLE completed...       0.0329 seconds
                  PHOT completed...       1.2269 seconds
               CLDPROC completed...       0.1611 seconds
                  CHEM completed...       0.5838 seconds
                  AERO completed...       0.5976 seconds
            Master Time Step
            Processing completed...      10.7950 seconds

     Processing Day/Time [YYYYDDD:HHMMSS]: 2017357:170500
       Which is Equivalent to (UTC): 17:05:00 Saturday,  Dec. 23, 2017
       Time-Step Length (HHMMSS): 000500
                 VDIFF completed...       0.6135 seconds
                COUPLE completed...       0.0531 seconds
                  HADV completed...       1.6531 seconds
                  ZADV completed...       0.2027 seconds
                 HDIFF completed...       0.1366 seconds
              DECOUPLE completed...       0.0327 seconds
                  PHOT completed...       0.3062 seconds
               CLDPROC completed...       0.1579 seconds
                  CHEM completed...       0.5795 seconds
                  AERO completed...       0.5892 seconds
            Master Time Step
            Processing completed...       4.3287 seconds

     Processing Day/Time [YYYYDDD:HHMMSS]: 2017357:171000
       Which is Equivalent to (UTC): 17:10:00 Saturday,  Dec. 23, 2017
       Time-Step Length (HHMMSS): 000500
                 VDIFF completed...       0.6152 seconds
                COUPLE completed...       0.0568 seconds
                  HADV completed...       1.6582 seconds
                  ZADV completed...       0.2024 seconds
                 HDIFF completed...       0.1358 seconds
              DECOUPLE completed...       0.0326 seconds
                  PHOT completed...       0.3069 seconds
               CLDPROC completed...       0.1577 seconds
                  CHEM completed...       0.5765 seconds
                  AERO completed...       0.5895 seconds
            Master Time Step
            Processing completed...       4.3358 seconds

     Processing Day/Time [YYYYDDD:HHMMSS]: 2017357:171500
       Which is Equivalent to (UTC): 17:15:00 Saturday,  Dec. 23, 2017
       Time-Step Length (HHMMSS): 000500
                 VDIFF completed...       0.6163 seconds
                COUPLE completed...       0.0550 seconds
                  HADV completed...       1.9778 seconds
                  ZADV completed...       0.1989 seconds
                 HDIFF completed...       0.2227 seconds
              DECOUPLE completed...       0.0392 seconds
                  PHOT completed...       0.2931 seconds
               CLDPROC completed...       0.1514 seconds
                  CHEM completed...       0.5755 seconds
                  AERO completed...       0.5945 seconds
            Master Time Step
            Processing completed...       4.7289 seconds

     Processing Day/Time [YYYYDDD:HHMMSS]: 2017357:172000
       Which is Equivalent to (UTC): 17:20:00 Saturday,  Dec. 23, 2017
       Time-Step Length (HHMMSS): 000500
                 VDIFF completed...       0.5989 seconds
                COUPLE completed...       0.0557 seconds
                  HADV completed...       1.6903 seconds
                  ZADV completed...       0.2025 seconds
                 HDIFF completed...       0.1437 seconds
              DECOUPLE completed...       0.0326 seconds
                  PHOT completed...       0.3080 seconds
               CLDPROC completed...       0.1581 seconds
                  CHEM completed...       0.5784 seconds
                  AERO completed...       0.5859 seconds
            Master Time Step
            Processing completed...       4.3589 seconds

     Processing Day/Time [YYYYDDD:HHMMSS]: 2017357:172500
       Which is Equivalent to (UTC): 17:25:00 Saturday,  Dec. 23, 2017
       Time-Step Length (HHMMSS): 000500
                 VDIFF completed...       0.6187 seconds
                COUPLE completed...       0.0542 seconds
                  HADV completed...       1.6750 seconds
                  ZADV completed...       0.2027 seconds
                 HDIFF completed...       0.1357 seconds
              DECOUPLE completed...       0.0327 seconds
                  PHOT completed...       0.3072 seconds
               CLDPROC completed...       0.1584 seconds
                  CHEM completed...       0.5842 seconds
                  AERO completed...       0.5879 seconds
            Master Time Step
            Processing completed...       4.3614 seconds

     Processing Day/Time [YYYYDDD:HHMMSS]: 2017357:173000
       Which is Equivalent to (UTC): 17:30:00 Saturday,  Dec. 23, 2017
       Time-Step Length (HHMMSS): 000500
                 VDIFF completed...       0.6086 seconds
                COUPLE completed...       0.0530 seconds
                  HADV completed...       1.6792 seconds
                  ZADV completed...       0.2024 seconds
                 HDIFF completed...       0.1355 seconds
              DECOUPLE completed...       0.0331 seconds
                  PHOT completed...       0.3070 seconds
               CLDPROC completed...       0.1579 seconds
                  CHEM completed...       0.5747 seconds
                  AERO completed...       0.7037 seconds
            Master Time Step
            Processing completed...       4.4600 seconds

     Processing Day/Time [YYYYDDD:HHMMSS]: 2017357:173500
       Which is Equivalent to (UTC): 17:35:00 Saturday,  Dec. 23, 2017
       Time-Step Length (HHMMSS): 000500
                 VDIFF completed...       0.5048 seconds
                COUPLE completed...       0.0554 seconds
                  HADV completed...       1.6662 seconds
                  ZADV completed...       0.1975 seconds
                 HDIFF completed...       0.1406 seconds
              DECOUPLE completed...       0.0327 seconds
                  PHOT completed...       0.3076 seconds
               CLDPROC completed...       0.1588 seconds
                  CHEM completed...       0.5768 seconds
                  AERO completed...       0.5922 seconds
            Master Time Step
            Processing completed...       4.2371 seconds

     Processing Day/Time [YYYYDDD:HHMMSS]: 2017357:174000
       Which is Equivalent to (UTC): 17:40:00 Saturday,  Dec. 23, 2017
       Time-Step Length (HHMMSS): 000500
                 VDIFF completed...       0.6073 seconds
                COUPLE completed...       0.0539 seconds
                  HADV completed...       1.6662 seconds
                  ZADV completed...       0.1976 seconds
                 HDIFF completed...       0.1402 seconds
              DECOUPLE completed...       0.0337 seconds
                  PHOT completed...       0.3062 seconds
               CLDPROC completed...       0.1569 seconds
                  CHEM completed...       0.5757 seconds
                  AERO completed...       0.5930 seconds
            Master Time Step
            Processing completed...       4.3348 seconds

     Processing Day/Time [YYYYDDD:HHMMSS]: 2017357:174500
       Which is Equivalent to (UTC): 17:45:00 Saturday,  Dec. 23, 2017
       Time-Step Length (HHMMSS): 000500
                 VDIFF completed...       0.6148 seconds
                COUPLE completed...       0.0506 seconds
                  HADV completed...       1.6689 seconds
                  ZADV completed...       0.1979 seconds
                 HDIFF completed...       0.1408 seconds
              DECOUPLE completed...       0.0332 seconds
                  PHOT completed...       0.3063 seconds
               CLDPROC completed...       0.1585 seconds
                  CHEM completed...       0.5772 seconds
                  AERO completed...       0.5916 seconds
            Master Time Step
            Processing completed...       4.3445 seconds

     Processing Day/Time [YYYYDDD:HHMMSS]: 2017357:175000
       Which is Equivalent to (UTC): 17:50:00 Saturday,  Dec. 23, 2017
       Time-Step Length (HHMMSS): 000500
                 VDIFF completed...       0.6004 seconds
                COUPLE completed...       0.0454 seconds
                  HADV completed...       1.6852 seconds
                  ZADV completed...       0.1977 seconds
                 HDIFF completed...       0.1413 seconds
              DECOUPLE completed...       0.0331 seconds
                  PHOT completed...       0.3062 seconds
               CLDPROC completed...       0.1575 seconds
                  CHEM completed...       0.5774 seconds
                  AERO completed...       0.5910 seconds
            Master Time Step
            Processing completed...       4.3395 seconds

     Processing Day/Time [YYYYDDD:HHMMSS]: 2017357:175500
       Which is Equivalent to (UTC): 17:55:00 Saturday,  Dec. 23, 2017
       Time-Step Length (HHMMSS): 000500
                 VDIFF completed...       1.8984 seconds
                COUPLE completed...       0.1117 seconds
                  HADV completed...       1.1853 seconds
                  ZADV completed...       0.1971 seconds
                 HDIFF completed...       0.1408 seconds
              DECOUPLE completed...       0.0326 seconds
                  PHOT completed...       0.3087 seconds
               CLDPROC completed...       1.2686 seconds
                  CHEM completed...       0.6136 seconds
                  AERO completed...       0.6000 seconds
            Master Time Step
            Processing completed...       6.3610 seconds

      =--> Data Output completed...       1.1999 seconds

     Processing Day/Time [YYYYDDD:HHMMSS]: 2017357:180000
       Which is Equivalent to (UTC): 18:00:00 Saturday,  Dec. 23, 2017
       Time-Step Length (HHMMSS): 000500
                 VDIFF completed...       4.5951 seconds
                COUPLE completed...       0.1180 seconds
                  HADV completed...       3.1959 seconds
                  ZADV completed...       0.2026 seconds
                 HDIFF completed...       0.1368 seconds
              DECOUPLE completed...       0.0333 seconds
                  PHOT completed...       1.1850 seconds
               CLDPROC completed...       0.1605 seconds
                  CHEM completed...       0.5824 seconds
                  AERO completed...       0.5976 seconds
            Master Time Step
            Processing completed...      10.8103 seconds

     Processing Day/Time [YYYYDDD:HHMMSS]: 2017357:180500
       Which is Equivalent to (UTC): 18:05:00 Saturday,  Dec. 23, 2017
       Time-Step Length (HHMMSS): 000500
                 VDIFF completed...       0.6161 seconds
                COUPLE completed...       0.0433 seconds
                  HADV completed...       2.0800 seconds
                  ZADV completed...       0.2013 seconds
                 HDIFF completed...       0.1396 seconds
              DECOUPLE completed...       0.0332 seconds
                  PHOT completed...       0.3072 seconds
               CLDPROC completed...       0.1570 seconds
                  CHEM completed...       0.5751 seconds
                  AERO completed...       0.5876 seconds
            Master Time Step
            Processing completed...       4.7447 seconds

     Processing Day/Time [YYYYDDD:HHMMSS]: 2017357:181000
       Which is Equivalent to (UTC): 18:10:00 Saturday,  Dec. 23, 2017
       Time-Step Length (HHMMSS): 000500
                 VDIFF completed...       0.6224 seconds
                COUPLE completed...       0.0443 seconds
                  HADV completed...       1.7351 seconds
                  ZADV completed...       0.2017 seconds
                 HDIFF completed...       0.1364 seconds
              DECOUPLE completed...       0.0331 seconds
                  PHOT completed...       0.3076 seconds
               CLDPROC completed...       0.1563 seconds
                  CHEM completed...       0.5750 seconds
                  AERO completed...       0.5970 seconds
            Master Time Step
            Processing completed...       4.4129 seconds

     Processing Day/Time [YYYYDDD:HHMMSS]: 2017357:181500
       Which is Equivalent to (UTC): 18:15:00 Saturday,  Dec. 23, 2017
       Time-Step Length (HHMMSS): 000500
                 VDIFF completed...       0.5951 seconds
                COUPLE completed...       0.0461 seconds
                  HADV completed...       1.7439 seconds
                  ZADV completed...       0.2026 seconds
                 HDIFF completed...       0.1358 seconds
              DECOUPLE completed...       0.0331 seconds
                  PHOT completed...       0.3086 seconds
               CLDPROC completed...       0.1569 seconds
                  CHEM completed...       0.5759 seconds
                  AERO completed...       0.5960 seconds
            Master Time Step
            Processing completed...       4.3959 seconds

     Processing Day/Time [YYYYDDD:HHMMSS]: 2017357:182000
       Which is Equivalent to (UTC): 18:20:00 Saturday,  Dec. 23, 2017
       Time-Step Length (HHMMSS): 000500
                 VDIFF completed...       0.6122 seconds
                COUPLE completed...       0.0452 seconds
                  HADV completed...       1.7437 seconds
                  ZADV completed...       0.2023 seconds
                 HDIFF completed...       0.1368 seconds
              DECOUPLE completed...       0.0336 seconds
                  PHOT completed...       0.3085 seconds
               CLDPROC completed...       0.1571 seconds
                  CHEM completed...       0.5765 seconds
                  AERO completed...       0.5969 seconds
            Master Time Step
            Processing completed...       4.4143 seconds

     Processing Day/Time [YYYYDDD:HHMMSS]: 2017357:182500
       Which is Equivalent to (UTC): 18:25:00 Saturday,  Dec. 23, 2017
       Time-Step Length (HHMMSS): 000500
                 VDIFF completed...       0.6084 seconds
                COUPLE completed...       0.0466 seconds
                  HADV completed...       1.7438 seconds
                  ZADV completed...       0.2021 seconds
                 HDIFF completed...       0.1365 seconds
              DECOUPLE completed...       0.0327 seconds
                  PHOT completed...       0.3096 seconds
               CLDPROC completed...       0.1578 seconds
                  CHEM completed...       0.5775 seconds
                  AERO completed...       0.5929 seconds
            Master Time Step
            Processing completed...       4.4087 seconds

     Processing Day/Time [YYYYDDD:HHMMSS]: 2017357:183000
       Which is Equivalent to (UTC): 18:30:00 Saturday,  Dec. 23, 2017
       Time-Step Length (HHMMSS): 000500
                 VDIFF completed...       0.6210 seconds
                COUPLE completed...       0.0432 seconds
                  HADV completed...       1.7386 seconds
                  ZADV completed...       0.2026 seconds
                 HDIFF completed...       0.1361 seconds
              DECOUPLE completed...       0.0336 seconds
                  PHOT completed...       0.3084 seconds
               CLDPROC completed...       0.1575 seconds
                  CHEM completed...       0.5770 seconds
                  AERO completed...       0.5981 seconds
            Master Time Step
            Processing completed...       4.4168 seconds

     Processing Day/Time [YYYYDDD:HHMMSS]: 2017357:183500
       Which is Equivalent to (UTC): 18:35:00 Saturday,  Dec. 23, 2017
       Time-Step Length (HHMMSS): 000500
                 VDIFF completed...       0.6174 seconds
                COUPLE completed...       0.0419 seconds
                  HADV completed...       1.7401 seconds
                  ZADV completed...       0.2021 seconds
                 HDIFF completed...       0.1361 seconds
              DECOUPLE completed...       0.0333 seconds
                  PHOT completed...       0.3079 seconds
               CLDPROC completed...       0.1568 seconds
                  CHEM completed...       0.5758 seconds
                  AERO completed...       0.6004 seconds
            Master Time Step
            Processing completed...       4.4162 seconds

     Processing Day/Time [YYYYDDD:HHMMSS]: 2017357:184000
       Which is Equivalent to (UTC): 18:40:00 Saturday,  Dec. 23, 2017
       Time-Step Length (HHMMSS): 000500
                 VDIFF completed...       0.6022 seconds
                COUPLE completed...       0.0441 seconds
                  HADV completed...       1.7459 seconds
                  ZADV completed...       0.2019 seconds
                 HDIFF completed...       0.1355 seconds
              DECOUPLE completed...       0.0324 seconds
                  PHOT completed...       0.3087 seconds
               CLDPROC completed...       0.1571 seconds
                  CHEM completed...       0.5759 seconds
                  AERO completed...       0.5981 seconds
            Master Time Step
            Processing completed...       4.4027 seconds

     Processing Day/Time [YYYYDDD:HHMMSS]: 2017357:184500
       Which is Equivalent to (UTC): 18:45:00 Saturday,  Dec. 23, 2017
       Time-Step Length (HHMMSS): 000500
                 VDIFF completed...       0.6122 seconds
                COUPLE completed...       0.0872 seconds
                  HADV completed...       1.7138 seconds
                  ZADV completed...       0.1988 seconds
                 HDIFF completed...       0.1394 seconds
              DECOUPLE completed...       0.0333 seconds
                  PHOT completed...       0.3084 seconds
               CLDPROC completed...       0.1554 seconds
                  CHEM completed...       0.5815 seconds
                  AERO completed...       0.6052 seconds
            Master Time Step
            Processing completed...       4.4390 seconds

     Processing Day/Time [YYYYDDD:HHMMSS]: 2017357:185000
       Which is Equivalent to (UTC): 18:50:00 Saturday,  Dec. 23, 2017
       Time-Step Length (HHMMSS): 000500
                 VDIFF completed...       0.6032 seconds
                COUPLE completed...       0.0419 seconds
                  HADV completed...       1.7390 seconds
                  ZADV completed...       0.1981 seconds
                 HDIFF completed...       0.1398 seconds
              DECOUPLE completed...       0.0334 seconds
                  PHOT completed...       0.3066 seconds
               CLDPROC completed...       0.1550 seconds
                  CHEM completed...       0.5803 seconds
                  AERO completed...       0.6011 seconds
            Master Time Step
            Processing completed...       4.4029 seconds

     Processing Day/Time [YYYYDDD:HHMMSS]: 2017357:185500
       Which is Equivalent to (UTC): 18:55:00 Saturday,  Dec. 23, 2017
       Time-Step Length (HHMMSS): 000500
                 VDIFF completed...       1.8714 seconds
                COUPLE completed...       0.1110 seconds
                  HADV completed...       1.2530 seconds
                  ZADV completed...       0.1987 seconds
                 HDIFF completed...       0.1392 seconds
              DECOUPLE completed...       0.0337 seconds
                  PHOT completed...       0.3062 seconds
               CLDPROC completed...       1.2931 seconds
                  CHEM completed...       0.6200 seconds
                  AERO completed...       0.6148 seconds
            Master Time Step
            Processing completed...       6.4462 seconds

      =--> Data Output completed...       1.1643 seconds

     Processing Day/Time [YYYYDDD:HHMMSS]: 2017357:190000
       Which is Equivalent to (UTC): 19:00:00 Saturday,  Dec. 23, 2017
       Time-Step Length (HHMMSS): 000500
                 VDIFF completed...       4.0318 seconds
                COUPLE completed...       0.1056 seconds
                  HADV completed...       4.1239 seconds
                  ZADV completed...       0.2020 seconds
                 HDIFF completed...       0.1360 seconds
              DECOUPLE completed...       0.0332 seconds
                  PHOT completed...       1.0063 seconds
               CLDPROC completed...       0.1590 seconds
                  CHEM completed...       0.5842 seconds
                  AERO completed...       0.6052 seconds
            Master Time Step
            Processing completed...      10.9920 seconds

     Processing Day/Time [YYYYDDD:HHMMSS]: 2017357:190500
       Which is Equivalent to (UTC): 19:05:00 Saturday,  Dec. 23, 2017
       Time-Step Length (HHMMSS): 000500
                 VDIFF completed...       0.6202 seconds
                COUPLE completed...       0.0450 seconds
                  HADV completed...       1.8944 seconds
                  ZADV completed...       0.2017 seconds
                 HDIFF completed...       0.1349 seconds
              DECOUPLE completed...       0.0323 seconds
                  PHOT completed...       0.3090 seconds
               CLDPROC completed...       0.1556 seconds
                  CHEM completed...       0.5795 seconds
                  AERO completed...       0.6000 seconds
            Master Time Step
            Processing completed...       4.5763 seconds

     Processing Day/Time [YYYYDDD:HHMMSS]: 2017357:191000
       Which is Equivalent to (UTC): 19:10:00 Saturday,  Dec. 23, 2017
       Time-Step Length (HHMMSS): 000500
                 VDIFF completed...       0.6300 seconds
                COUPLE completed...       0.0389 seconds
                  HADV completed...       1.7146 seconds
                  ZADV completed...       0.2015 seconds
                 HDIFF completed...       0.1361 seconds
              DECOUPLE completed...       0.0331 seconds
                  PHOT completed...       0.3067 seconds
               CLDPROC completed...       0.1555 seconds
                  CHEM completed...       0.5844 seconds
                  AERO completed...       0.5939 seconds
            Master Time Step
            Processing completed...       4.3989 seconds

     Processing Day/Time [YYYYDDD:HHMMSS]: 2017357:191500
       Which is Equivalent to (UTC): 19:15:00 Saturday,  Dec. 23, 2017
       Time-Step Length (HHMMSS): 000500
                 VDIFF completed...       0.6288 seconds
                COUPLE completed...       0.0380 seconds
                  HADV completed...       1.7228 seconds
                  ZADV completed...       0.2014 seconds
                 HDIFF completed...       0.1357 seconds
              DECOUPLE completed...       0.0336 seconds
                  PHOT completed...       0.3071 seconds
               CLDPROC completed...       0.1544 seconds
                  CHEM completed...       0.5823 seconds
                  AERO completed...       0.6190 seconds
            Master Time Step
            Processing completed...       4.4274 seconds

     Processing Day/Time [YYYYDDD:HHMMSS]: 2017357:192000
       Which is Equivalent to (UTC): 19:20:00 Saturday,  Dec. 23, 2017
       Time-Step Length (HHMMSS): 000500
                 VDIFF completed...       0.6088 seconds
                COUPLE completed...       0.0393 seconds
                  HADV completed...       1.7207 seconds
                  ZADV completed...       0.2013 seconds
                 HDIFF completed...       0.1357 seconds
              DECOUPLE completed...       0.0326 seconds
                  PHOT completed...       0.3081 seconds
               CLDPROC completed...       0.1550 seconds
                  CHEM completed...       0.5805 seconds
                  AERO completed...       0.6023 seconds
            Master Time Step
            Processing completed...       4.3884 seconds

     Processing Day/Time [YYYYDDD:HHMMSS]: 2017357:192500
       Which is Equivalent to (UTC): 19:25:00 Saturday,  Dec. 23, 2017
       Time-Step Length (HHMMSS): 000500
                 VDIFF completed...       0.5707 seconds
                COUPLE completed...       0.0392 seconds
                  HADV completed...       1.7224 seconds
                  ZADV completed...       0.2010 seconds
                 HDIFF completed...       0.1361 seconds
              DECOUPLE completed...       0.0326 seconds
                  PHOT completed...       0.3074 seconds
               CLDPROC completed...       0.1555 seconds
                  CHEM completed...       0.5818 seconds
                  AERO completed...       0.6062 seconds
            Master Time Step
            Processing completed...       4.3572 seconds

     Processing Day/Time [YYYYDDD:HHMMSS]: 2017357:193000
       Which is Equivalent to (UTC): 19:30:00 Saturday,  Dec. 23, 2017
       Time-Step Length (HHMMSS): 000500
                 VDIFF completed...       0.6347 seconds
                COUPLE completed...       0.0381 seconds
                  HADV completed...       1.7225 seconds
                  ZADV completed...       0.2014 seconds
                 HDIFF completed...       0.1358 seconds
              DECOUPLE completed...       0.0329 seconds
                  PHOT completed...       0.3070 seconds
               CLDPROC completed...       0.1548 seconds
                  CHEM completed...       0.5815 seconds
                  AERO completed...       0.6055 seconds
            Master Time Step
            Processing completed...       4.4183 seconds

     Processing Day/Time [YYYYDDD:HHMMSS]: 2017357:193500
       Which is Equivalent to (UTC): 19:35:00 Saturday,  Dec. 23, 2017
       Time-Step Length (HHMMSS): 000500
                 VDIFF completed...       0.6318 seconds
                COUPLE completed...       0.0382 seconds
                  HADV completed...       1.7177 seconds
                  ZADV completed...       0.2016 seconds
                 HDIFF completed...       0.1352 seconds
              DECOUPLE completed...       0.0323 seconds
                  PHOT completed...       0.3094 seconds
               CLDPROC completed...       0.1550 seconds
                  CHEM completed...       0.5845 seconds
                  AERO completed...       0.6079 seconds
            Master Time Step
            Processing completed...       4.4182 seconds

     Processing Day/Time [YYYYDDD:HHMMSS]: 2017357:194000
       Which is Equivalent to (UTC): 19:40:00 Saturday,  Dec. 23, 2017
       Time-Step Length (HHMMSS): 000500
                 VDIFF completed...       0.6282 seconds
                COUPLE completed...       0.0359 seconds
                  HADV completed...       1.7248 seconds
                  ZADV completed...       0.2009 seconds
                 HDIFF completed...       0.1366 seconds
              DECOUPLE completed...       0.0330 seconds
                  PHOT completed...       0.3073 seconds
               CLDPROC completed...       0.1540 seconds
                  CHEM completed...       0.5835 seconds
                  AERO completed...       0.6001 seconds
            Master Time Step
            Processing completed...       4.4085 seconds

     Processing Day/Time [YYYYDDD:HHMMSS]: 2017357:194500
       Which is Equivalent to (UTC): 19:45:00 Saturday,  Dec. 23, 2017
       Time-Step Length (HHMMSS): 000500
                 VDIFF completed...       0.6359 seconds
                COUPLE completed...       0.0376 seconds
                  HADV completed...       1.7266 seconds
                  ZADV completed...       0.2017 seconds
                 HDIFF completed...       0.1365 seconds
              DECOUPLE completed...       0.0338 seconds
                  PHOT completed...       0.3068 seconds
               CLDPROC completed...       0.1528 seconds
                  CHEM completed...       0.5839 seconds
                  AERO completed...       0.6076 seconds
            Master Time Step
            Processing completed...       4.4276 seconds

     Processing Day/Time [YYYYDDD:HHMMSS]: 2017357:195000
       Which is Equivalent to (UTC): 19:50:00 Saturday,  Dec. 23, 2017
       Time-Step Length (HHMMSS): 000500
                 VDIFF completed...       0.6315 seconds
                COUPLE completed...       0.0384 seconds
                  HADV completed...       1.7216 seconds
                  ZADV completed...       0.2015 seconds
                 HDIFF completed...       0.1373 seconds
              DECOUPLE completed...       0.0331 seconds
                  PHOT completed...       0.3071 seconds
               CLDPROC completed...       0.1532 seconds
                  CHEM completed...       0.5877 seconds
                  AERO completed...       0.6070 seconds
            Master Time Step
            Processing completed...       4.4218 seconds

     Processing Day/Time [YYYYDDD:HHMMSS]: 2017357:195500
       Which is Equivalent to (UTC): 19:55:00 Saturday,  Dec. 23, 2017
       Time-Step Length (HHMMSS): 000500
                 VDIFF completed...       1.8767 seconds
                COUPLE completed...       0.1115 seconds
                  HADV completed...       1.2540 seconds
                  ZADV completed...       0.2016 seconds
                 HDIFF completed...       0.1359 seconds
              DECOUPLE completed...       0.0328 seconds
                  PHOT completed...       0.3078 seconds
               CLDPROC completed...       1.2892 seconds
                  CHEM completed...       0.6103 seconds
                  AERO completed...       0.6434 seconds
            Master Time Step
            Processing completed...       6.4678 seconds

      =--> Data Output completed...       1.1499 seconds

     Processing Day/Time [YYYYDDD:HHMMSS]: 2017357:200000
       Which is Equivalent to (UTC): 20:00:00 Saturday,  Dec. 23, 2017
       Time-Step Length (HHMMSS): 000500
                 VDIFF completed...       4.7125 seconds
                COUPLE completed...       0.1052 seconds
                  HADV completed...       2.7397 seconds
                  ZADV completed...       0.1960 seconds
                 HDIFF completed...       0.1406 seconds
              DECOUPLE completed...       0.0326 seconds
                  PHOT completed...       1.1748 seconds
               CLDPROC completed...       0.1575 seconds
                  CHEM completed...       0.5939 seconds
                  AERO completed...       0.6305 seconds
            Master Time Step
            Processing completed...      10.4880 seconds

     Processing Day/Time [YYYYDDD:HHMMSS]: 2017357:200500
       Which is Equivalent to (UTC): 20:05:00 Saturday,  Dec. 23, 2017
       Time-Step Length (HHMMSS): 000500
                 VDIFF completed...       0.6253 seconds
                COUPLE completed...       0.0364 seconds
                  HADV completed...       1.6662 seconds
                  ZADV completed...       0.2019 seconds
                 HDIFF completed...       0.1364 seconds
              DECOUPLE completed...       0.0337 seconds
                  PHOT completed...       0.3084 seconds
               CLDPROC completed...       0.1525 seconds
                  CHEM completed...       0.5888 seconds
                  AERO completed...       0.6168 seconds
            Master Time Step
            Processing completed...       4.3678 seconds

     Processing Day/Time [YYYYDDD:HHMMSS]: 2017357:201000
       Which is Equivalent to (UTC): 20:10:00 Saturday,  Dec. 23, 2017
       Time-Step Length (HHMMSS): 000500
                 VDIFF completed...       0.6269 seconds
                COUPLE completed...       0.0377 seconds
                  HADV completed...       1.6576 seconds
                  ZADV completed...       0.2019 seconds
                 HDIFF completed...       0.1364 seconds
              DECOUPLE completed...       0.0328 seconds
                  PHOT completed...       0.3089 seconds
               CLDPROC completed...       0.1537 seconds
                  CHEM completed...       0.5898 seconds
                  AERO completed...       0.6122 seconds
            Master Time Step
            Processing completed...       4.3590 seconds

     Processing Day/Time [YYYYDDD:HHMMSS]: 2017357:201500
       Which is Equivalent to (UTC): 20:15:00 Saturday,  Dec. 23, 2017
       Time-Step Length (HHMMSS): 000500
                 VDIFF completed...       0.6248 seconds
                COUPLE completed...       0.0383 seconds
                  HADV completed...       1.6577 seconds
                  ZADV completed...       0.2017 seconds
                 HDIFF completed...       0.1366 seconds
              DECOUPLE completed...       0.0339 seconds
                  PHOT completed...       0.3057 seconds
               CLDPROC completed...       0.1540 seconds
                  CHEM completed...       0.5900 seconds
                  AERO completed...       0.6208 seconds
            Master Time Step
            Processing completed...       4.3671 seconds

     Processing Day/Time [YYYYDDD:HHMMSS]: 2017357:202000
       Which is Equivalent to (UTC): 20:20:00 Saturday,  Dec. 23, 2017
       Time-Step Length (HHMMSS): 000500
                 VDIFF completed...       0.6216 seconds
                COUPLE completed...       0.0366 seconds
                  HADV completed...       1.6560 seconds
                  ZADV completed...       0.2015 seconds
                 HDIFF completed...       0.1363 seconds
              DECOUPLE completed...       0.0342 seconds
                  PHOT completed...       0.3064 seconds
               CLDPROC completed...       0.1522 seconds
                  CHEM completed...       0.5897 seconds
                  AERO completed...       0.6222 seconds
            Master Time Step
            Processing completed...       4.3613 seconds

     Processing Day/Time [YYYYDDD:HHMMSS]: 2017357:202500
       Which is Equivalent to (UTC): 20:25:00 Saturday,  Dec. 23, 2017
       Time-Step Length (HHMMSS): 000500
                 VDIFF completed...       0.6203 seconds
                COUPLE completed...       0.0376 seconds
                  HADV completed...       1.6559 seconds
                  ZADV completed...       0.2018 seconds
                 HDIFF completed...       0.1374 seconds
              DECOUPLE completed...       0.0335 seconds
                  PHOT completed...       0.3068 seconds
               CLDPROC completed...       0.1521 seconds
                  CHEM completed...       0.5924 seconds
                  AERO completed...       0.6176 seconds
            Master Time Step
            Processing completed...       4.3599 seconds

     Processing Day/Time [YYYYDDD:HHMMSS]: 2017357:203000
       Which is Equivalent to (UTC): 20:30:00 Saturday,  Dec. 23, 2017
       Time-Step Length (HHMMSS): 000500
                 VDIFF completed...       0.6288 seconds
                COUPLE completed...       0.0377 seconds
                  HADV completed...       1.6613 seconds
                  ZADV completed...       0.2016 seconds
                 HDIFF completed...       0.1364 seconds
              DECOUPLE completed...       0.0337 seconds
                  PHOT completed...       0.3080 seconds
               CLDPROC completed...       0.1523 seconds
                  CHEM completed...       0.5922 seconds
                  AERO completed...       0.6192 seconds
            Master Time Step
            Processing completed...       4.3751 seconds

     Processing Day/Time [YYYYDDD:HHMMSS]: 2017357:203500
       Which is Equivalent to (UTC): 20:35:00 Saturday,  Dec. 23, 2017
       Time-Step Length (HHMMSS): 000500
                 VDIFF completed...       0.6255 seconds
                COUPLE completed...       0.0391 seconds
                  HADV completed...       1.6578 seconds
                  ZADV completed...       0.2019 seconds
                 HDIFF completed...       0.1364 seconds
              DECOUPLE completed...       0.0337 seconds
                  PHOT completed...       0.3170 seconds
               CLDPROC completed...       0.1451 seconds
                  CHEM completed...       0.5918 seconds
                  AERO completed...       0.6230 seconds
            Master Time Step
            Processing completed...       4.3755 seconds

     Processing Day/Time [YYYYDDD:HHMMSS]: 2017357:204000
       Which is Equivalent to (UTC): 20:40:00 Saturday,  Dec. 23, 2017
       Time-Step Length (HHMMSS): 000500
                 VDIFF completed...       0.6198 seconds
                COUPLE completed...       0.0387 seconds
                  HADV completed...       1.6583 seconds
                  ZADV completed...       0.2018 seconds
                 HDIFF completed...       0.1362 seconds
              DECOUPLE completed...       0.0337 seconds
                  PHOT completed...       0.3080 seconds
               CLDPROC completed...       0.1537 seconds
                  CHEM completed...       0.6057 seconds
                  AERO completed...       0.6251 seconds
            Master Time Step
            Processing completed...       4.3852 seconds

     Processing Day/Time [YYYYDDD:HHMMSS]: 2017357:204500
       Which is Equivalent to (UTC): 20:45:00 Saturday,  Dec. 23, 2017
       Time-Step Length (HHMMSS): 000500
                 VDIFF completed...       0.6174 seconds
                COUPLE completed...       0.0391 seconds
                  HADV completed...       1.6389 seconds
                  ZADV completed...       0.2017 seconds
                 HDIFF completed...       0.1364 seconds
              DECOUPLE completed...       0.0336 seconds
                  PHOT completed...       0.3080 seconds
               CLDPROC completed...       0.1520 seconds
                  CHEM completed...       0.5984 seconds
                  AERO completed...       0.6574 seconds
            Master Time Step
            Processing completed...       4.3875 seconds

     Processing Day/Time [YYYYDDD:HHMMSS]: 2017357:205000
       Which is Equivalent to (UTC): 20:50:00 Saturday,  Dec. 23, 2017
       Time-Step Length (HHMMSS): 000500
                 VDIFF completed...       0.5943 seconds
                COUPLE completed...       0.0395 seconds
                  HADV completed...       1.6290 seconds
                  ZADV completed...       0.2014 seconds
                 HDIFF completed...       0.1362 seconds
              DECOUPLE completed...       0.0337 seconds
                  PHOT completed...       0.3070 seconds
               CLDPROC completed...       0.1519 seconds
                  CHEM completed...       0.5998 seconds
                  AERO completed...       0.6339 seconds
            Master Time Step
            Processing completed...       4.3313 seconds

     Processing Day/Time [YYYYDDD:HHMMSS]: 2017357:205500
       Which is Equivalent to (UTC): 20:55:00 Saturday,  Dec. 23, 2017
       Time-Step Length (HHMMSS): 000500
                 VDIFF completed...       1.8412 seconds
                COUPLE completed...       0.1106 seconds
                  HADV completed...       1.1872 seconds
                  ZADV completed...       0.2019 seconds
                 HDIFF completed...       0.1357 seconds
              DECOUPLE completed...       0.0327 seconds
                  PHOT completed...       0.3088 seconds
               CLDPROC completed...       1.2335 seconds
                  CHEM completed...       0.5754 seconds
                  AERO completed...       0.6556 seconds
            Master Time Step
            Processing completed...       6.2872 seconds

      =--> Data Output completed...       1.2045 seconds

     Processing Day/Time [YYYYDDD:HHMMSS]: 2017357:210000
       Which is Equivalent to (UTC): 21:00:00 Saturday,  Dec. 23, 2017
       Time-Step Length (HHMMSS): 000500
                 VDIFF completed...       4.5809 seconds
                COUPLE completed...       0.1077 seconds
                  HADV completed...       3.3192 seconds
                  ZADV completed...       0.2001 seconds
                 HDIFF completed...       0.1389 seconds
              DECOUPLE completed...       0.0339 seconds
                  PHOT completed...       1.2185 seconds
               CLDPROC completed...       0.1550 seconds
                  CHEM completed...       0.5836 seconds
                  AERO completed...       0.6440 seconds
            Master Time Step
            Processing completed...      10.9844 seconds

     Processing Day/Time [YYYYDDD:HHMMSS]: 2017357:210500
       Which is Equivalent to (UTC): 21:05:00 Saturday,  Dec. 23, 2017
       Time-Step Length (HHMMSS): 000500
                 VDIFF completed...       0.6300 seconds
                COUPLE completed...       0.0523 seconds
                  HADV completed...       1.6007 seconds
                  ZADV completed...       0.2013 seconds
                 HDIFF completed...       0.1368 seconds
              DECOUPLE completed...       0.0333 seconds
                  PHOT completed...       0.3064 seconds
               CLDPROC completed...       0.1514 seconds
                  CHEM completed...       0.5799 seconds
                  AERO completed...       0.6427 seconds
            Master Time Step
            Processing completed...       4.3391 seconds

     Processing Day/Time [YYYYDDD:HHMMSS]: 2017357:211000
       Which is Equivalent to (UTC): 21:10:00 Saturday,  Dec. 23, 2017
       Time-Step Length (HHMMSS): 000500
                 VDIFF completed...       0.6391 seconds
                COUPLE completed...       0.0450 seconds
                  HADV completed...       1.5438 seconds
                  ZADV completed...       0.2005 seconds
                 HDIFF completed...       0.1370 seconds
              DECOUPLE completed...       0.0331 seconds
                  PHOT completed...       0.3072 seconds
               CLDPROC completed...       0.1496 seconds
                  CHEM completed...       0.5716 seconds
                  AERO completed...       0.6415 seconds
            Master Time Step
            Processing completed...       4.2730 seconds

     Processing Day/Time [YYYYDDD:HHMMSS]: 2017357:211500
       Which is Equivalent to (UTC): 21:15:00 Saturday,  Dec. 23, 2017
       Time-Step Length (HHMMSS): 000500
                 VDIFF completed...       0.6463 seconds
                COUPLE completed...       0.0433 seconds
                  HADV completed...       1.5208 seconds
                  ZADV completed...       0.2003 seconds
                 HDIFF completed...       0.1367 seconds
              DECOUPLE completed...       0.0326 seconds
                  PHOT completed...       0.3089 seconds
               CLDPROC completed...       0.1490 seconds
                  CHEM completed...       0.5673 seconds
                  AERO completed...       0.6428 seconds
            Master Time Step
            Processing completed...       4.2527 seconds

     Processing Day/Time [YYYYDDD:HHMMSS]: 2017357:212000
       Which is Equivalent to (UTC): 21:20:00 Saturday,  Dec. 23, 2017
       Time-Step Length (HHMMSS): 000500
                 VDIFF completed...       0.6492 seconds
                COUPLE completed...       0.0448 seconds
                  HADV completed...       1.5044 seconds
                  ZADV completed...       0.2010 seconds
                 HDIFF completed...       0.1366 seconds
              DECOUPLE completed...       0.0327 seconds
                  PHOT completed...       0.3097 seconds
               CLDPROC completed...       0.1487 seconds
                  CHEM completed...       0.5703 seconds
                  AERO completed...       0.6379 seconds
            Master Time Step
            Processing completed...       4.2395 seconds

     Processing Day/Time [YYYYDDD:HHMMSS]: 2017357:212500
       Which is Equivalent to (UTC): 21:25:00 Saturday,  Dec. 23, 2017
       Time-Step Length (HHMMSS): 000500
                 VDIFF completed...       0.6476 seconds
                COUPLE completed...       0.0450 seconds
                  HADV completed...       1.4858 seconds
                  ZADV completed...       0.2009 seconds
                 HDIFF completed...       0.1366 seconds
              DECOUPLE completed...       0.0331 seconds
                  PHOT completed...       0.3090 seconds
               CLDPROC completed...       0.1468 seconds
                  CHEM completed...       0.5608 seconds
                  AERO completed...       0.6346 seconds
            Master Time Step
            Processing completed...       4.2042 seconds

     Processing Day/Time [YYYYDDD:HHMMSS]: 2017357:213000
       Which is Equivalent to (UTC): 21:30:00 Saturday,  Dec. 23, 2017
       Time-Step Length (HHMMSS): 000500
                 VDIFF completed...       0.6530 seconds
                COUPLE completed...       0.0444 seconds
                  HADV completed...       1.4770 seconds
                  ZADV completed...       0.2006 seconds
                 HDIFF completed...       0.1358 seconds
              DECOUPLE completed...       0.0325 seconds
                  PHOT completed...       0.3096 seconds
               CLDPROC completed...       0.1455 seconds
                  CHEM completed...       0.5601 seconds
                  AERO completed...       0.6341 seconds
            Master Time Step
            Processing completed...       4.1964 seconds

     Processing Day/Time [YYYYDDD:HHMMSS]: 2017357:213500
       Which is Equivalent to (UTC): 21:35:00 Saturday,  Dec. 23, 2017
       Time-Step Length (HHMMSS): 000500
                 VDIFF completed...       0.6619 seconds
                COUPLE completed...       0.0441 seconds
                  HADV completed...       1.4592 seconds
                  ZADV completed...       0.2008 seconds
                 HDIFF completed...       0.1363 seconds
              DECOUPLE completed...       0.0327 seconds
                  PHOT completed...       0.3100 seconds
               CLDPROC completed...       0.1423 seconds
                  CHEM completed...       0.5555 seconds
                  AERO completed...       0.6379 seconds
            Master Time Step
            Processing completed...       4.1843 seconds

     Processing Day/Time [YYYYDDD:HHMMSS]: 2017357:214000
       Which is Equivalent to (UTC): 21:40:00 Saturday,  Dec. 23, 2017
       Time-Step Length (HHMMSS): 000500
                 VDIFF completed...       0.6686 seconds
                COUPLE completed...       0.0441 seconds
                  HADV completed...       1.4597 seconds
                  ZADV completed...       0.2007 seconds
                 HDIFF completed...       0.1361 seconds
              DECOUPLE completed...       0.0328 seconds
                  PHOT completed...       0.3131 seconds
               CLDPROC completed...       0.1391 seconds
                  CHEM completed...       0.5573 seconds
                  AERO completed...       0.6437 seconds
            Master Time Step
            Processing completed...       4.1997 seconds

     Processing Day/Time [YYYYDDD:HHMMSS]: 2017357:214500
       Which is Equivalent to (UTC): 21:45:00 Saturday,  Dec. 23, 2017
       Time-Step Length (HHMMSS): 000500
                 VDIFF completed...       0.6390 seconds
                COUPLE completed...       0.0466 seconds
                  HADV completed...       1.4669 seconds
                  ZADV completed...       0.2015 seconds
                 HDIFF completed...       0.1359 seconds
              DECOUPLE completed...       0.0328 seconds
                  PHOT completed...       0.3111 seconds
               CLDPROC completed...       0.1360 seconds
                  CHEM completed...       0.5445 seconds
                  AERO completed...       0.6382 seconds
            Master Time Step
            Processing completed...       4.1569 seconds

     Processing Day/Time [YYYYDDD:HHMMSS]: 2017357:215000
       Which is Equivalent to (UTC): 21:50:00 Saturday,  Dec. 23, 2017
       Time-Step Length (HHMMSS): 000500
                 VDIFF completed...       0.6455 seconds
                COUPLE completed...       0.0481 seconds
                  HADV completed...       1.4708 seconds
                  ZADV completed...       0.2010 seconds
                 HDIFF completed...       0.1363 seconds
              DECOUPLE completed...       0.0331 seconds
                  PHOT completed...       0.3105 seconds
               CLDPROC completed...       0.1347 seconds
                  CHEM completed...       0.5441 seconds
                  AERO completed...       0.6403 seconds
            Master Time Step
            Processing completed...       4.1689 seconds

     Processing Day/Time [YYYYDDD:HHMMSS]: 2017357:215500
       Which is Equivalent to (UTC): 21:55:00 Saturday,  Dec. 23, 2017
       Time-Step Length (HHMMSS): 000500
                 VDIFF completed...       1.7832 seconds
                COUPLE completed...       0.1117 seconds
                  HADV completed...       1.2515 seconds
                  ZADV completed...       0.2015 seconds
                 HDIFF completed...       0.1360 seconds
              DECOUPLE completed...       0.0333 seconds
                  PHOT completed...       0.3065 seconds
               CLDPROC completed...       1.0477 seconds
                  CHEM completed...       0.5267 seconds
                  AERO completed...       0.6262 seconds
            Master Time Step
            Processing completed...       6.0289 seconds

      =--> Data Output completed...       1.2725 seconds

     Processing Day/Time [YYYYDDD:HHMMSS]: 2017357:220000
       Which is Equivalent to (UTC): 22:00:00 Saturday,  Dec. 23, 2017
       Time-Step Length (HHMMSS): 000400
                 VDIFF completed...       4.5341 seconds
                COUPLE completed...       0.1175 seconds
                  HADV completed...       2.8078 seconds
                  ZADV completed...       0.1973 seconds
                 HDIFF completed...       0.1402 seconds
              DECOUPLE completed...       0.0327 seconds
                  PHOT completed...       1.2396 seconds
               CLDPROC completed...       0.1308 seconds
                  CHEM completed...       0.4986 seconds
                  AERO completed...       0.6038 seconds
            Master Time Step
            Processing completed...      10.3060 seconds

     Processing Day/Time [YYYYDDD:HHMMSS]: 2017357:220400
       Which is Equivalent to (UTC): 22:04:00 Saturday,  Dec. 23, 2017
       Time-Step Length (HHMMSS): 000400
                 VDIFF completed...       0.6553 seconds
                COUPLE completed...       0.0425 seconds
                  HADV completed...       1.4215 seconds
                  ZADV completed...       0.2016 seconds
                 HDIFF completed...       0.1367 seconds
              DECOUPLE completed...       0.0333 seconds
                  PHOT completed...       0.3108 seconds
               CLDPROC completed...       0.1283 seconds
                  CHEM completed...       0.4977 seconds
                  AERO completed...       0.6153 seconds
            Master Time Step
            Processing completed...       4.0443 seconds

     Processing Day/Time [YYYYDDD:HHMMSS]: 2017357:220800
       Which is Equivalent to (UTC): 22:08:00 Saturday,  Dec. 23, 2017
       Time-Step Length (HHMMSS): 000400
                 VDIFF completed...       0.6577 seconds
                COUPLE completed...       0.0493 seconds
                  HADV completed...       1.0859 seconds
                  ZADV completed...       0.2012 seconds
                 HDIFF completed...       0.1358 seconds
              DECOUPLE completed...       0.0326 seconds
                  PHOT completed...       0.3097 seconds
               CLDPROC completed...       0.1265 seconds
                  CHEM completed...       0.4975 seconds
                  AERO completed...       0.6104 seconds
            Master Time Step
            Processing completed...       3.7108 seconds

     Processing Day/Time [YYYYDDD:HHMMSS]: 2017357:221200
       Which is Equivalent to (UTC): 22:12:00 Saturday,  Dec. 23, 2017
       Time-Step Length (HHMMSS): 000400
                 VDIFF completed...       0.6577 seconds
                COUPLE completed...       0.0478 seconds
                  HADV completed...       1.0745 seconds
                  ZADV completed...       0.2014 seconds
                 HDIFF completed...       0.1367 seconds
              DECOUPLE completed...       0.0335 seconds
                  PHOT completed...       0.3085 seconds
               CLDPROC completed...       0.1243 seconds
                  CHEM completed...       0.4967 seconds
                  AERO completed...       0.6151 seconds
            Master Time Step
            Processing completed...       3.7010 seconds

     Processing Day/Time [YYYYDDD:HHMMSS]: 2017357:221600
       Which is Equivalent to (UTC): 22:16:00 Saturday,  Dec. 23, 2017
       Time-Step Length (HHMMSS): 000400
                 VDIFF completed...       0.6389 seconds
                COUPLE completed...       0.0515 seconds
                  HADV completed...       1.0854 seconds
                  ZADV completed...       0.2009 seconds
                 HDIFF completed...       0.1362 seconds
              DECOUPLE completed...       0.0327 seconds
                  PHOT completed...       0.3090 seconds
               CLDPROC completed...       0.1254 seconds
                  CHEM completed...       0.4979 seconds
                  AERO completed...       0.6159 seconds
            Master Time Step
            Processing completed...       3.6988 seconds

     Processing Day/Time [YYYYDDD:HHMMSS]: 2017357:222000
       Which is Equivalent to (UTC): 22:20:00 Saturday,  Dec. 23, 2017
       Time-Step Length (HHMMSS): 000400
                 VDIFF completed...       0.6457 seconds
                COUPLE completed...       0.0480 seconds
                  HADV completed...       1.0768 seconds
                  ZADV completed...       0.2016 seconds
                 HDIFF completed...       0.1371 seconds
              DECOUPLE completed...       0.0333 seconds
                  PHOT completed...       0.3092 seconds
               CLDPROC completed...       0.1251 seconds
                  CHEM completed...       0.4991 seconds
                  AERO completed...       0.6139 seconds
            Master Time Step
            Processing completed...       3.6938 seconds

     Processing Day/Time [YYYYDDD:HHMMSS]: 2017357:222400
       Which is Equivalent to (UTC): 22:24:00 Saturday,  Dec. 23, 2017
       Time-Step Length (HHMMSS): 000400
                 VDIFF completed...       0.6533 seconds
                COUPLE completed...       0.0484 seconds
                  HADV completed...       1.0554 seconds
                  ZADV completed...       0.2012 seconds
                 HDIFF completed...       0.1362 seconds
              DECOUPLE completed...       0.0332 seconds
                  PHOT completed...       0.3090 seconds
               CLDPROC completed...       0.1248 seconds
                  CHEM completed...       0.5002 seconds
                  AERO completed...       0.6122 seconds
            Master Time Step
            Processing completed...       3.6790 seconds

     Processing Day/Time [YYYYDDD:HHMMSS]: 2017357:222800
       Which is Equivalent to (UTC): 22:28:00 Saturday,  Dec. 23, 2017
       Time-Step Length (HHMMSS): 000400
                 VDIFF completed...       0.6445 seconds
                COUPLE completed...       0.0453 seconds
                  HADV completed...       1.0537 seconds
                  ZADV completed...       0.2014 seconds
                 HDIFF completed...       0.1356 seconds
              DECOUPLE completed...       0.0323 seconds
                  PHOT completed...       0.3107 seconds
               CLDPROC completed...       0.1241 seconds
                  CHEM completed...       0.5018 seconds
                  AERO completed...       0.6168 seconds
            Master Time Step
            Processing completed...       3.6709 seconds

     Processing Day/Time [YYYYDDD:HHMMSS]: 2017357:223200
       Which is Equivalent to (UTC): 22:32:00 Saturday,  Dec. 23, 2017
       Time-Step Length (HHMMSS): 000400
                 VDIFF completed...       0.6211 seconds
                COUPLE completed...       0.0459 seconds
                  HADV completed...       1.0571 seconds
                  ZADV completed...       0.2012 seconds
                 HDIFF completed...       0.1364 seconds
              DECOUPLE completed...       0.0334 seconds
                  PHOT completed...       0.3090 seconds
               CLDPROC completed...       0.1213 seconds
                  CHEM completed...       0.5035 seconds
                  AERO completed...       0.6229 seconds
            Master Time Step
            Processing completed...       3.6568 seconds

     Processing Day/Time [YYYYDDD:HHMMSS]: 2017357:223600
       Which is Equivalent to (UTC): 22:36:00 Saturday,  Dec. 23, 2017
       Time-Step Length (HHMMSS): 000400
                 VDIFF completed...       0.6169 seconds
                COUPLE completed...       0.0461 seconds
                  HADV completed...       1.0421 seconds
                  ZADV completed...       0.2016 seconds
                 HDIFF completed...       0.1365 seconds
              DECOUPLE completed...       0.0328 seconds
                  PHOT completed...       0.3094 seconds
               CLDPROC completed...       0.1207 seconds
                  CHEM completed...       0.5045 seconds
                  AERO completed...       0.6236 seconds
            Master Time Step
            Processing completed...       3.6385 seconds

     Processing Day/Time [YYYYDDD:HHMMSS]: 2017357:224000
       Which is Equivalent to (UTC): 22:40:00 Saturday,  Dec. 23, 2017
       Time-Step Length (HHMMSS): 000400
                 VDIFF completed...       0.6062 seconds
                COUPLE completed...       0.0471 seconds
                  HADV completed...       1.0357 seconds
                  ZADV completed...       0.2015 seconds
                 HDIFF completed...       0.1369 seconds
              DECOUPLE completed...       0.0336 seconds
                  PHOT completed...       0.3094 seconds
               CLDPROC completed...       0.1208 seconds
                  CHEM completed...       0.5059 seconds
                  AERO completed...       0.6252 seconds
            Master Time Step
            Processing completed...       3.6265 seconds

     Processing Day/Time [YYYYDDD:HHMMSS]: 2017357:224400
       Which is Equivalent to (UTC): 22:44:00 Saturday,  Dec. 23, 2017
       Time-Step Length (HHMMSS): 000400
                 VDIFF completed...       0.6140 seconds
                COUPLE completed...       0.0471 seconds
                  HADV completed...       1.2852 seconds
                  ZADV completed...       0.2008 seconds
                 HDIFF completed...       0.2852 seconds
              DECOUPLE completed...       0.0371 seconds
                  PHOT completed...       0.3045 seconds
               CLDPROC completed...       0.1170 seconds
                  CHEM completed...       0.5067 seconds
                  AERO completed...       0.6314 seconds
            Master Time Step
            Processing completed...       4.0333 seconds

     Processing Day/Time [YYYYDDD:HHMMSS]: 2017357:224800
       Which is Equivalent to (UTC): 22:48:00 Saturday,  Dec. 23, 2017
       Time-Step Length (HHMMSS): 000400
                 VDIFF completed...       0.6175 seconds
                COUPLE completed...       0.0485 seconds
                  HADV completed...       1.0025 seconds
                  ZADV completed...       0.2012 seconds
                 HDIFF completed...       0.1367 seconds
              DECOUPLE completed...       0.0334 seconds
                  PHOT completed...       0.3105 seconds
               CLDPROC completed...       0.1197 seconds
                  CHEM completed...       0.5077 seconds
                  AERO completed...       0.6277 seconds
            Master Time Step
            Processing completed...       3.6098 seconds

     Processing Day/Time [YYYYDDD:HHMMSS]: 2017357:225200
       Which is Equivalent to (UTC): 22:52:00 Saturday,  Dec. 23, 2017
       Time-Step Length (HHMMSS): 000400
                 VDIFF completed...       0.6229 seconds
                COUPLE completed...       0.0418 seconds
                  HADV completed...       1.0048 seconds
                  ZADV completed...       0.2021 seconds
                 HDIFF completed...       0.1364 seconds
              DECOUPLE completed...       0.0328 seconds
                  PHOT completed...       0.3120 seconds
               CLDPROC completed...       0.1156 seconds
                  CHEM completed...       0.5113 seconds
                  AERO completed...       0.6529 seconds
            Master Time Step
            Processing completed...       3.6377 seconds

     Processing Day/Time [YYYYDDD:HHMMSS]: 2017357:225600
       Which is Equivalent to (UTC): 22:56:00 Saturday,  Dec. 23, 2017
       Time-Step Length (HHMMSS): 000400
                 VDIFF completed...       1.5876 seconds
                COUPLE completed...       0.1113 seconds
                  HADV completed...       0.8532 seconds
                  ZADV completed...       0.2008 seconds
                 HDIFF completed...       0.1364 seconds
              DECOUPLE completed...       0.0340 seconds
                  PHOT completed...       0.3064 seconds
               CLDPROC completed...       1.0473 seconds
                  CHEM completed...       0.5083 seconds
                  AERO completed...       0.6065 seconds
            Master Time Step
            Processing completed...       5.3965 seconds

      =--> Data Output completed...       1.2262 seconds

     Processing Day/Time [YYYYDDD:HHMMSS]: 2017357:230000
       Which is Equivalent to (UTC): 23:00:00 Saturday,  Dec. 23, 2017
       Time-Step Length (HHMMSS): 000400
                 VDIFF completed...       4.4235 seconds
                COUPLE completed...       0.1065 seconds
                  HADV completed...       3.1972 seconds
                  ZADV completed...       0.2023 seconds
                 HDIFF completed...       0.1366 seconds
              DECOUPLE completed...       0.0331 seconds
                  PHOT completed...       1.1505 seconds
               CLDPROC completed...       0.1177 seconds
                  CHEM completed...       0.5130 seconds
                  AERO completed...       0.6332 seconds
            Master Time Step
            Processing completed...      10.5175 seconds

     Processing Day/Time [YYYYDDD:HHMMSS]: 2017357:230400
       Which is Equivalent to (UTC): 23:04:00 Saturday,  Dec. 23, 2017
       Time-Step Length (HHMMSS): 000400
                 VDIFF completed...       0.6021 seconds
                COUPLE completed...       0.0398 seconds
                  HADV completed...       1.0146 seconds
                  ZADV completed...       0.2014 seconds
                 HDIFF completed...       0.1369 seconds
              DECOUPLE completed...       0.0326 seconds
                  PHOT completed...       0.3168 seconds
               CLDPROC completed...       0.1106 seconds
                  CHEM completed...       0.5165 seconds
                  AERO completed...       0.6373 seconds
            Master Time Step
            Processing completed...       3.6131 seconds

     Processing Day/Time [YYYYDDD:HHMMSS]: 2017357:230800
       Which is Equivalent to (UTC): 23:08:00 Saturday,  Dec. 23, 2017
       Time-Step Length (HHMMSS): 000400
                 VDIFF completed...       0.5851 seconds
                COUPLE completed...       0.0418 seconds
                  HADV completed...       1.0589 seconds
                  ZADV completed...       0.2013 seconds
                 HDIFF completed...       0.1373 seconds
              DECOUPLE completed...       0.0340 seconds
                  PHOT completed...       0.3162 seconds
               CLDPROC completed...       0.1121 seconds
                  CHEM completed...       0.5178 seconds
                  AERO completed...       0.6384 seconds
            Master Time Step
            Processing completed...       3.6474 seconds

     Processing Day/Time [YYYYDDD:HHMMSS]: 2017357:231200
       Which is Equivalent to (UTC): 23:12:00 Saturday,  Dec. 23, 2017
       Time-Step Length (HHMMSS): 000400
                 VDIFF completed...       0.5721 seconds
                COUPLE completed...       0.0434 seconds
                  HADV completed...       1.0612 seconds
                  ZADV completed...       0.2008 seconds
                 HDIFF completed...       0.1401 seconds
              DECOUPLE completed...       0.0337 seconds
                  PHOT completed...       0.3154 seconds
               CLDPROC completed...       0.1086 seconds
                  CHEM completed...       0.5177 seconds
                  AERO completed...       0.6377 seconds
            Master Time Step
            Processing completed...       3.6343 seconds

     Processing Day/Time [YYYYDDD:HHMMSS]: 2017357:231600
       Which is Equivalent to (UTC): 23:16:00 Saturday,  Dec. 23, 2017
       Time-Step Length (HHMMSS): 000400
                 VDIFF completed...       0.5747 seconds
                COUPLE completed...       0.0387 seconds
                  HADV completed...       1.0652 seconds
                  ZADV completed...       0.2018 seconds
                 HDIFF completed...       0.1374 seconds
              DECOUPLE completed...       0.0329 seconds
                  PHOT completed...       0.3146 seconds
               CLDPROC completed...       0.1074 seconds
                  CHEM completed...       0.5204 seconds
                  AERO completed...       0.6429 seconds
            Master Time Step
            Processing completed...       3.6403 seconds

     Processing Day/Time [YYYYDDD:HHMMSS]: 2017357:232000
       Which is Equivalent to (UTC): 23:20:00 Saturday,  Dec. 23, 2017
       Time-Step Length (HHMMSS): 000400
                 VDIFF completed...       0.5605 seconds
                COUPLE completed...       0.0377 seconds
                  HADV completed...       1.0629 seconds
                  ZADV completed...       0.2012 seconds
                 HDIFF completed...       0.1371 seconds
              DECOUPLE completed...       0.0333 seconds
                  PHOT completed...       0.3152 seconds
               CLDPROC completed...       0.1058 seconds
                  CHEM completed...       0.5228 seconds
                  AERO completed...       0.6420 seconds
            Master Time Step
            Processing completed...       3.6225 seconds

     Processing Day/Time [YYYYDDD:HHMMSS]: 2017357:232400
       Which is Equivalent to (UTC): 23:24:00 Saturday,  Dec. 23, 2017
       Time-Step Length (HHMMSS): 000400
                 VDIFF completed...       0.5578 seconds
                COUPLE completed...       0.0354 seconds
                  HADV completed...       1.0552 seconds
                  ZADV completed...       0.2012 seconds
                 HDIFF completed...       0.1363 seconds
              DECOUPLE completed...       0.0329 seconds
                  PHOT completed...       0.3158 seconds
               CLDPROC completed...       0.1041 seconds
                  CHEM completed...       0.5236 seconds
                  AERO completed...       0.6417 seconds
            Master Time Step
            Processing completed...       3.6084 seconds

     Processing Day/Time [YYYYDDD:HHMMSS]: 2017357:232800
       Which is Equivalent to (UTC): 23:28:00 Saturday,  Dec. 23, 2017
       Time-Step Length (HHMMSS): 000400
                 VDIFF completed...       0.5502 seconds
                COUPLE completed...       0.0331 seconds
                  HADV completed...       1.0751 seconds
                  ZADV completed...       0.2017 seconds
                 HDIFF completed...       0.1364 seconds
              DECOUPLE completed...       0.0338 seconds
                  PHOT completed...       0.3147 seconds
               CLDPROC completed...       0.1042 seconds
                  CHEM completed...       0.5247 seconds
                  AERO completed...       0.6428 seconds
            Master Time Step
            Processing completed...       3.6215 seconds

     Processing Day/Time [YYYYDDD:HHMMSS]: 2017357:233200
       Which is Equivalent to (UTC): 23:32:00 Saturday,  Dec. 23, 2017
       Time-Step Length (HHMMSS): 000400
                 VDIFF completed...       0.5403 seconds
                COUPLE completed...       0.0311 seconds
                  HADV completed...       1.0987 seconds
                  ZADV completed...       0.2021 seconds
                 HDIFF completed...       0.1367 seconds
              DECOUPLE completed...       0.0340 seconds
                  PHOT completed...       0.3149 seconds
               CLDPROC completed...       0.1022 seconds
                  CHEM completed...       0.5249 seconds
                  AERO completed...       0.6421 seconds
            Master Time Step
            Processing completed...       3.6315 seconds

     Processing Day/Time [YYYYDDD:HHMMSS]: 2017357:233600
       Which is Equivalent to (UTC): 23:36:00 Saturday,  Dec. 23, 2017
       Time-Step Length (HHMMSS): 000400
                 VDIFF completed...       0.5321 seconds
                COUPLE completed...       0.0312 seconds
                  HADV completed...       1.1202 seconds
                  ZADV completed...       0.2017 seconds
                 HDIFF completed...       0.1380 seconds
              DECOUPLE completed...       0.0328 seconds
                  PHOT completed...       0.3162 seconds
               CLDPROC completed...       0.1025 seconds
                  CHEM completed...       0.5266 seconds
                  AERO completed...       0.6461 seconds
            Master Time Step
            Processing completed...       3.6520 seconds

     Processing Day/Time [YYYYDDD:HHMMSS]: 2017357:234000
       Which is Equivalent to (UTC): 23:40:00 Saturday,  Dec. 23, 2017
       Time-Step Length (HHMMSS): 000400
                 VDIFF completed...       0.5187 seconds
                COUPLE completed...       0.0318 seconds
                  HADV completed...       1.0807 seconds
                  ZADV completed...       0.2024 seconds
                 HDIFF completed...       0.1364 seconds
              DECOUPLE completed...       0.0340 seconds
                  PHOT completed...       0.3152 seconds
               CLDPROC completed...       0.1005 seconds
                  CHEM completed...       0.5272 seconds
                  AERO completed...       0.6415 seconds
            Master Time Step
            Processing completed...       3.5931 seconds

     Processing Day/Time [YYYYDDD:HHMMSS]: 2017357:234400
       Which is Equivalent to (UTC): 23:44:00 Saturday,  Dec. 23, 2017
       Time-Step Length (HHMMSS): 000400
                 VDIFF completed...       0.5247 seconds
                COUPLE completed...       0.0310 seconds
                  HADV completed...       1.0998 seconds
                  ZADV completed...       0.2022 seconds
                 HDIFF completed...       0.1369 seconds
              DECOUPLE completed...       0.0339 seconds
                  PHOT completed...       0.3159 seconds
               CLDPROC completed...       0.0975 seconds
                  CHEM completed...       0.5285 seconds
                  AERO completed...       0.6412 seconds
            Master Time Step
            Processing completed...       3.6162 seconds

     Processing Day/Time [YYYYDDD:HHMMSS]: 2017357:234800
       Which is Equivalent to (UTC): 23:48:00 Saturday,  Dec. 23, 2017
       Time-Step Length (HHMMSS): 000400
                 VDIFF completed...       0.5281 seconds
                COUPLE completed...       0.0304 seconds
                  HADV completed...       1.1094 seconds
                  ZADV completed...       0.2021 seconds
                 HDIFF completed...       0.1369 seconds
              DECOUPLE completed...       0.0331 seconds
                  PHOT completed...       0.3166 seconds
               CLDPROC completed...       0.0968 seconds
                  CHEM completed...       0.5322 seconds
                  AERO completed...       0.6367 seconds
            Master Time Step
            Processing completed...       3.6267 seconds

     Processing Day/Time [YYYYDDD:HHMMSS]: 2017357:235200
       Which is Equivalent to (UTC): 23:52:00 Saturday,  Dec. 23, 2017
       Time-Step Length (HHMMSS): 000400
                 VDIFF completed...       0.5269 seconds
                COUPLE completed...       0.0307 seconds
                  HADV completed...       1.0968 seconds
                  ZADV completed...       0.2026 seconds
                 HDIFF completed...       0.1365 seconds
              DECOUPLE completed...       0.0333 seconds
                  PHOT completed...       0.3171 seconds
               CLDPROC completed...       0.0963 seconds
                  CHEM completed...       0.5347 seconds
                  AERO completed...       0.6561 seconds
            Master Time Step
            Processing completed...       3.6354 seconds

     Processing Day/Time [YYYYDDD:HHMMSS]: 2017357:235600
       Which is Equivalent to (UTC): 23:56:00 Saturday,  Dec. 23, 2017
       Time-Step Length (HHMMSS): 000400
                 VDIFF completed...       1.6163 seconds
                COUPLE completed...       0.1117 seconds
                  HADV completed...       0.9204 seconds
                  ZADV completed...       0.2019 seconds
                 HDIFF completed...       0.1376 seconds
              DECOUPLE completed...       0.0331 seconds
                  PHOT completed...       0.3083 seconds
               CLDPROC completed...       0.9953 seconds
                  CHEM completed...       0.5355 seconds
                  AERO completed...       0.6145 seconds
            Master Time Step
            Processing completed...       5.4780 seconds

      =--> Data Output completed...       1.2069 seconds


     ==============================================
     |>---   PROGRAM COMPLETED SUCCESSFULLY   ---<|
     ==============================================
     Date and time 0:00:00   Dec. 24, 2017  (2017358:000000)

     The elapsed time for this simulation was    1716.6 seconds.

95243.670u 3083.532s 28:40.23 5715.9%	0+0k 45100088+52922824io 136379pf+0w

CMAQ Processing of Day 20171223 Finished at Mon Mar 10 20:50:55 UTC 2025

\\\\\=====\\\\\=====\\\\\=====\\\\\=====/////=====/////=====/////=====/////


==================================
  ***** CMAQ TIMING REPORT *****
==================================
Start Day: 2017-12-22
End Day:   2017-12-23
Number of Simulation Days: 2
Domain Name:               12US1
Number of Grid Cells:      4803435  (ROW x COL x LAY)
Number of Layers:          35
Number of Processes:       192
   All times are in seconds.

Num  Day        Wall Time
01   2017-12-22   1580.5
02   2017-12-23   1716.6
     Total Time = 3297.10
      Avg. Time = 1648.55
