Start Model Run At  Mon Mar 10 18:34:05 UTC 2025
information about processor including whether using hyperthreading
Architecture:                       aarch64
CPU op-mode(s):                     32-bit, 64-bit
Byte Order:                         Little Endian
CPU(s):                             64
On-line CPU(s) list:                0-63
Thread(s) per core:                 1
Core(s) per socket:                 64
Socket(s):                          1
NUMA node(s):                       1
Vendor ID:                          ARM
Model:                              1
Stepping:                           r1p1
BogoMIPS:                           2100.00
L1d cache:                          4 MiB
L1i cache:                          4 MiB
L2 cache:                           64 MiB
L3 cache:                           32 MiB
NUMA node0 CPU(s):                  0-63
Vulnerability Gather data sampling: Not affected
Vulnerability Itlb multihit:        Not affected
Vulnerability L1tf:                 Not affected
Vulnerability Mds:                  Not affected
Vulnerability Meltdown:             Not affected
Vulnerability Mmio stale data:      Not affected
Vulnerability Retbleed:             Not affected
Vulnerability Spec rstack overflow: Not affected
Vulnerability Spec store bypass:    Mitigation; Speculative Store Bypass disabled via prctl
Vulnerability Spectre v1:           Mitigation; __user pointer sanitization
Vulnerability Spectre v2:           Mitigation; CSV2, BHB
Vulnerability Srbds:                Not affected
Vulnerability Tsx async abort:      Not affected
Flags:                              fp asimd evtstrm aes pmull sha1 sha2 crc32 atomics fphp asimdhp cpuid asimdrdm jscvt fcma lrcpc dcpop sha3 sm3 sm4 asimddp sha512 sve asimdfhm dit uscat ilrcpc flagm ssbs paca pacg dcpodp svei8mm svebf16 i8mm bf16 dgh rng
information about cluster
PARTITION AVAIL  TIMELIMIT  NODES  STATE NODELIST
queue1*      up   infinite     16  idle~ queue1-dy-compute-resource-1-[4-12],queue1-dy-compute-resource-2-[1-7]
queue1*      up   infinite      3  alloc queue1-dy-compute-resource-1-[1-3]
information about filesystem
Filesystem                              Size  Used Avail Use% Mounted on
/dev/root                                39G   22G   17G  57% /
devtmpfs                                 62G     0   62G   0% /dev
tmpfs                                    62G     0   62G   0% /dev/shm
tmpfs                                    13G  1.0M   13G   1% /run
tmpfs                                   5.0M     0  5.0M   0% /run/lock
tmpfs                                    62G     0   62G   0% /sys/fs/cgroup
/dev/loop0                               22M   22M     0 100% /snap/amazon-ssm-agent/7994
/dev/nvme0n1p15                          98M  6.3M   92M   7% /boot/efi
/dev/loop1                               60M   60M     0 100% /snap/core20/2321
/dev/loop4                               34M   34M     0 100% /snap/snapd/21467
/dev/loop2                               50M   50M     0 100% /snap/core18/2826
/dev/loop3                               92M   92M     0 100% /snap/lxd/24065
10.0.15.80:/opt/parallelcluster/shared   39G   25G   15G  64% /opt/parallelcluster/shared
10.0.15.80:/home                         39G   25G   15G  64% /home
10.0.15.80:/shared                      246G  142G   95G  60% /shared
10.0.4.244@tcp:/7oiolb4v                1.1T  283G  833G  26% /fsx
10.0.15.80:/opt/slurm                    39G   25G   15G  64% /opt/slurm
list the mounted volumes
clnt_create: RPC: Program not registered
Compiler is set to gcc

Working Directory is /home/ubuntu/build-nc4/openmpi_gcc/CCTM/scripts
Build Directory is /home/ubuntu/build-nc4/openmpi_gcc/CCTM/scripts/BLD_CCTM_v54+_gcc
Output Directory is //shared/build-nc4/openmpi_gcc/data/output/output_v54+_cb6r5_ae7_aq_WR413_MYR_gcc_2018_12US1_3x64_nc4
Log Directory is //shared/build-nc4/openmpi_gcc/data/output/output_v54+_cb6r5_ae7_aq_WR413_MYR_gcc_2018_12US1_3x64_nc4/LOGS
Executable Name is CCTM_v54+.exe

---CMAQ EXECUTION ID: CMAQ_CCTMv54+_ubuntu_20250310_183405_748948634 ---

Set up input and output files for Day 2017-12-22.
cp: cannot stat '/home/ubuntu/build-nc4/openmpi_gcc/CCTM/scripts/BLD_CCTM_v54+_gcc/CCTM_v54+.cfg': No such file or directory

Existing Logs and Output Files for Day 2017-12-22 Will Be Deleted
rm: No match.

CMAQ Processing of Day 20171222 Began at Mon Mar 10 18:34:05 UTC 2025

        CTM_APPL  |  v54+_cb6r5_ae7_aq_WR413_MYR_gcc_2018_12US1_3x64_nc4_20171222
#================================================================================#        
#|                                                                              |#        
#|               The Community Multiscale Air Quality (CMAQ) Model              |#        
#|                                   Version 5.4                                |#        
#|                                                                              |#        
#|                          Built and Maintained by the                         |#        
#|                        Office of Research and Development                    |#        
#|                   United States Environmental Protection Agency              |#        
#|                                                                              |#        
#|                            https://www.epa.gov/cmaq                          |#        
#|                                                                              |#        
#|       Source Code:   https://www.github.com/USEPA/cmaq/tree/master           |#        
#|       Documentation: https://www.github.com/USEPA/cmaq/tree/master/DOCS      |#        
#|                                                                              |#        
#|         The CMAQ Model is tested and released with cooperation from          |#        
#|         the Community Modeling and Analysis System (CMAS) Center via         |#        
#|         contract support. CMAS is managed by the Institute for the           |#        
#|         Environment, University of North Carolina at Chapel Hill.            |#        
#|         CMAS URL: (https://www.cmascenter.org)                               |#        
#|                                                                              |#        
#================================================================================#        
                                                                     
     This program uses the EPA-AREAL/MCNC-EnvPgms/BAMS/ UNC IE       
     Models-3 I/O Applications Programming Interface, [I/O API]      
     which is built on top of the netCDF I/O library (Copyright      
     993, 1996 University Corporation for Atmospheric Research       
     Unidata Program) and the PVM parallel-programming library       
     (from Oak Ridge National Laboratory).                           
     Copyright (C) 1992-2002 MCNC,                                   
     (C) 1992-2018 Carlie J. Coats, Jr.,                             
     (C) 2003-2012 Baron Advanced Meteorological Systems, LLC, and   
     (C) 2014-2023 UNC Institute for the Environment.                
     Released under the GNU LGPL  License, version 2.1.  See URL     
                                                                     
         https://www.gnu.org/licenses/old-licenses/lgpl-2.1.html     
                                                                     
     for conditions of use.                                          
                                                                     
     ioapi-3.2: $Id: init3.F90 247 2023-03-22 15:59:19Z coats $
     netCDF version 4.8.1 of Mar  6 2025 20:29:13 $
      

     ===========================================
     |>---   ENVIRONMENT VARIABLE REPORT   ---<|
     ===========================================

     |> Grid and High-Level Model Parameters:
     +=========================================
      --Env Variable-- | --Value--
      --------------------------------------------------------------------------------
             BLD  |             (default)
          OUTDIR  |  //shared/build-nc4/openmpi_gcc/data/output/output_v54+_cb6r5_ae7_aq_WR413_MYR_gcc_2018_12US1_3x64_nc4
       NEW_START  |          T
  IGNORE_SOILINP  |          F (default)
    EXECUTION_ID  |  CMAQ_CCTMv54+_ubuntu_20250310_183405_748948634
       GRID_NAME  |  12US1
       CTM_TSTEP  |       10000
      CTM_RUNLEN  |      240000
    CTM_PROGNAME  |  DRIVER (default)
      CTM_STDATE  |     2017356
      CTM_STTIME  |           0
     NPCOL_NPROW  |  12 16
     CTM_MAXSYNC  |         300
     CTM_MINSYNC  |          60

     |> Multiprocess control, output and error checking:
     +====================================================
      --Env Variable-- | --Value--
      --------------------------------------------------------------------------------
 PRINT_PROC_TIME  |          T
     FL_ERR_STOP  |          F
       CTM_CKSUM  |          T
AVG_FILE_ENDTIME  |          F
   AVG_CONC_SPCS  |  ALL
       CONC_SPCS  |  O3 NO ANO3I ANO3J NO2 FORM ISOP NH3 ANH4I ANH4J ASO4I ASO4J
 ACONC_BLEV_ELEV  |   1 1
  CONC_BLEV_ELEV  |   1 1
 IOAPI_LOG_WRITE  |          F
         VERTEXT  |          F
VERTEXT_COORD_PA  |  /home/ubuntu/build-nc4/openmpi_gcc/CCTM/scripts/lonlat.csv
   gc_matrix_nml  |  /home/ubuntu/build-nc4/openmpi_gcc/CCTM/scripts/BLD_CCTM_v54+_gcc/GC_cb6r5_ae7_aq.nml
   ae_matrix_nml  |  /home/ubuntu/build-nc4/openmpi_gcc/CCTM/scripts/BLD_CCTM_v54+_gcc/AE_cb6r5_ae7_aq.nml
   nr_matrix_nml  |  /home/ubuntu/build-nc4/openmpi_gcc/CCTM/scripts/BLD_CCTM_v54+_gcc/NR_cb6r5_ae7_aq.nml
   tr_matrix_nml  |  /home/ubuntu/build-nc4/openmpi_gcc/CCTM/scripts/BLD_CCTM_v54+_gcc/Species_Table_TR_0.nml

     |> Chemistry and Photolysis:
     +=============================
      --Env Variable-- | --Value--
      --------------------------------------------------------------------------------
    CTM_PHOTDIAG  |          F
CORE_SHELL_OPTIC  |          F (default)
 OPTICS_MIE_CALC  |          F (default)
       GEAR_ATOL  |   0.100E-08 (default)
       GEAR_RTOL  |   0.100E-02 (default)
         RB_RTOL  |   0.100E-02 (default)
         RB_ATOL  |   0.100E-06 (default)

     |> Aerosols:
     +=============
      --Env Variable-- | --Value--
      --------------------------------------------------------------------------------
   IC_AERO_M2WET  |          F
   BC_AERO_M2WET  |          F
   IC_AERO_M2USE  |          F
   BC_AERO_M2USE  |          F
    STM_SO4TRACK  |          F

     |> Cloud Processes:
     +====================
      --Env Variable-- | --Value--
      --------------------------------------------------------------------------------
        CLD_DIAG  |          F

     |> Air-Surface Exchange Processes:
     +===================================
      --Env Variable-- | --Value--
      --------------------------------------------------------------------------------
      PX_VERSION  |          T
      CTM_ABFLUX  |          T
      CTM_MOSAIC  |          F
    CTM_SFC_HONO  |          T
     CLM_VERSION  |          F
    NOAH_VERSION  |          F
   CTM_DEPV_FILE  |          F
      CTM_HGBIDI  |          F
CTM_BIDI_FERT_NH  |          T
 CTM_WBDUST_BELD  |  UNKNOWN (default)
   STAGECTRL_NML  |  /home/ubuntu/build-nc4/openmpi_gcc/CCTM/scripts/BLD_CCTM_v54+_gcc/CMAQ_Control_STAGE.nml
   CTM_STAGE_P22  |          F
   CTM_STAGE_E20  |          T
   CTM_STAGE_S22  |          F

     |> Transport Processes:
     +========================
      --Env Variable-- | --Value--
      --------------------------------------------------------------------------------
CTM_VDIFF_DIAG_F  |          F (default)
  SIGMA_SYNC_TOP  |   0.700E+00
    ADV_HDIV_LIM  |   0.900E+00 (default)
     CTM_ADV_CFL  |   0.950E+00
           KZMIN  |          T
        CTM_WVEL  |          T
   CTM_GRAV_SETL  |          T

     |> Emissions Parameters:
     +=========================
      --Env Variable-- | --Value--
      --------------------------------------------------------------------------------
      CTM_EMLAYS  |           0 (default)
   MISC_CTRL_NML  |  /home/ubuntu/build-nc4/openmpi_gcc/CCTM/scripts/BLD_CCTM_v54+_gcc/CMAQ_Control_Misc.nml
  DESID_CTRL_NML  |  /home/ubuntu/build-nc4/openmpi_gcc/CCTM/scripts/BLD_CCTM_v54+_gcc/CMAQ_Control_DESID.nml
DESID_CHEM_CTRL_  |  /home/ubuntu/build-nc4/openmpi_gcc/CCTM/scripts/BLD_CCTM_v54+_gcc/CMAQ_Control_DESID_cb6r5_ae7_aq.nml
       N_EMIS_GR  |           2
       N_EMIS_TR  |           0 (default)
     CTM_EMISCHK  |          F
 CTM_BIOGEMIS_BE  |          T
 CTM_BIOGEMIS_MG  |          F
   USE_MEGAN_LAI  |          F (default)
    MGN_ONLN_DEP  |          F (default)
     BDSNP_MEGAN  |          F
       BIOG_SPRO  |  DEFAULT (default)
      B3GTS_DIAG  |          F
    CTM_MGEMDIAG  |          F (default)
  CTM_OCEAN_CHEM  |          T
     CTM_WB_DUST  |          F
 CTM_DUSTEM_DIAG  |          F
    CTM_SSEMDIAG  |          F
     CTM_LTNG_NO  |          F
   LTNG_ASSIM_DT  |           0 (default)
          LTNGNO  |  InLine (default)
        USE_NLDN  |          F (default)
        LTNGDIAG  |          F
         MOLSNCG  |   0.350E+03 (default)
         MOLSNIC  |   0.350E+03 (default)
       N_EMIS_PT  |          10
          IPVERT  |           0 (default)
   EMIS_SYM_DATE  |          F (default)

     |> Process Analysis Parameters:
     +================================
      --Env Variable-- | --Value--
      --------------------------------------------------------------------------------
      CTM_PROCAN  |          F
    PA_BCOL_ECOL  |             (default)
    PA_BROW_EROW  |             (default)
    PA_BLEV_ELEV  |             (default)
       MET_TSTEP  |       10000 (default)

     MET data determined based on WRF ARW version 4.3.3


          -=-  MPP Processor-to-Subdomain Map  -=-
                 Number of Processors = 192
    ____________________________________________________
    |                                                  |
    |  PE    #Cols    Col_Range     #Rows    Row_Range |
    |__________________________________________________|
    |                                                  |
    |  0       39      1:  39         19      1:  19   |
    |  1       39     40:  78         19      1:  19   |
    |  2       39     79: 117         19      1:  19   |
    |  3       38    118: 155         19      1:  19   |
    |  4       38    156: 193         19      1:  19   |
    |  5       38    194: 231         19      1:  19   |
    |  6       38    232: 269         19      1:  19   |
    |  7       38    270: 307         19      1:  19   |
    |  8       38    308: 345         19      1:  19   |
    |  9       38    346: 383         19      1:  19   |
    | 10       38    384: 421         19      1:  19   |
    | 11       38    422: 459         19      1:  19   |
    | 12       39      1:  39         19     20:  38   |
    | 13       39     40:  78         19     20:  38   |
    | 14       39     79: 117         19     20:  38   |
    | 15       38    118: 155         19     20:  38   |
    | 16       38    156: 193         19     20:  38   |
    | 17       38    194: 231         19     20:  38   |
    | 18       38    232: 269         19     20:  38   |
    | 19       38    270: 307         19     20:  38   |
    | 20       38    308: 345         19     20:  38   |
    | 21       38    346: 383         19     20:  38   |
    | 22       38    384: 421         19     20:  38   |
    | 23       38    422: 459         19     20:  38   |
    | 24       39      1:  39         19     39:  57   |
    | 25       39     40:  78         19     39:  57   |
    | 26       39     79: 117         19     39:  57   |
    | 27       38    118: 155         19     39:  57   |
    | 28       38    156: 193         19     39:  57   |
    | 29       38    194: 231         19     39:  57   |
    | 30       38    232: 269         19     39:  57   |
    | 31       38    270: 307         19     39:  57   |
    | 32       38    308: 345         19     39:  57   |
    | 33       38    346: 383         19     39:  57   |
    | 34       38    384: 421         19     39:  57   |
    | 35       38    422: 459         19     39:  57   |
    | 36       39      1:  39         19     58:  76   |
    | 37       39     40:  78         19     58:  76   |
    | 38       39     79: 117         19     58:  76   |
    | 39       38    118: 155         19     58:  76   |
    | 40       38    156: 193         19     58:  76   |
    | 41       38    194: 231         19     58:  76   |
    | 42       38    232: 269         19     58:  76   |
    | 43       38    270: 307         19     58:  76   |
    | 44       38    308: 345         19     58:  76   |
    | 45       38    346: 383         19     58:  76   |
    | 46       38    384: 421         19     58:  76   |
    | 47       38    422: 459         19     58:  76   |
    | 48       39      1:  39         19     77:  95   |
    | 49       39     40:  78         19     77:  95   |
    | 50       39     79: 117         19     77:  95   |
    | 51       38    118: 155         19     77:  95   |
    | 52       38    156: 193         19     77:  95   |
    | 53       38    194: 231         19     77:  95   |
    | 54       38    232: 269         19     77:  95   |
    | 55       38    270: 307         19     77:  95   |
    | 56       38    308: 345         19     77:  95   |
    | 57       38    346: 383         19     77:  95   |
    | 58       38    384: 421         19     77:  95   |
    | 59       38    422: 459         19     77:  95   |
    | 60       39      1:  39         19     96: 114   |
    | 61       39     40:  78         19     96: 114   |
    | 62       39     79: 117         19     96: 114   |
    | 63       38    118: 155         19     96: 114   |
    | 64       38    156: 193         19     96: 114   |
    | 65       38    194: 231         19     96: 114   |
    | 66       38    232: 269         19     96: 114   |
    | 67       38    270: 307         19     96: 114   |
    | 68       38    308: 345         19     96: 114   |
    | 69       38    346: 383         19     96: 114   |
    | 70       38    384: 421         19     96: 114   |
    | 71       38    422: 459         19     96: 114   |
    | 72       39      1:  39         19    115: 133   |
    | 73       39     40:  78         19    115: 133   |
    | 74       39     79: 117         19    115: 133   |
    | 75       38    118: 155         19    115: 133   |
    | 76       38    156: 193         19    115: 133   |
    | 77       38    194: 231         19    115: 133   |
    | 78       38    232: 269         19    115: 133   |
    | 79       38    270: 307         19    115: 133   |
    | 80       38    308: 345         19    115: 133   |
    | 81       38    346: 383         19    115: 133   |
    | 82       38    384: 421         19    115: 133   |
    | 83       38    422: 459         19    115: 133   |
    | 84       39      1:  39         19    134: 152   |
    | 85       39     40:  78         19    134: 152   |
    | 86       39     79: 117         19    134: 152   |
    | 87       38    118: 155         19    134: 152   |
    | 88       38    156: 193         19    134: 152   |
    | 89       38    194: 231         19    134: 152   |
    | 90       38    232: 269         19    134: 152   |
    | 91       38    270: 307         19    134: 152   |
    | 92       38    308: 345         19    134: 152   |
    | 93       38    346: 383         19    134: 152   |
    | 94       38    384: 421         19    134: 152   |
    | 95       38    422: 459         19    134: 152   |
    | 96       39      1:  39         19    153: 171   |
    | 97       39     40:  78         19    153: 171   |
    | 98       39     79: 117         19    153: 171   |
    | 99       38    118: 155         19    153: 171   |
    |100       38    156: 193         19    153: 171   |
    |101       38    194: 231         19    153: 171   |
    |102       38    232: 269         19    153: 171   |
    |103       38    270: 307         19    153: 171   |
    |104       38    308: 345         19    153: 171   |
    |105       38    346: 383         19    153: 171   |
    |106       38    384: 421         19    153: 171   |
    |107       38    422: 459         19    153: 171   |
    |108       39      1:  39         19    172: 190   |
    |109       39     40:  78         19    172: 190   |
    |110       39     79: 117         19    172: 190   |
    |111       38    118: 155         19    172: 190   |
    |112       38    156: 193         19    172: 190   |
    |113       38    194: 231         19    172: 190   |
    |114       38    232: 269         19    172: 190   |
    |115       38    270: 307         19    172: 190   |
    |116       38    308: 345         19    172: 190   |
    |117       38    346: 383         19    172: 190   |
    |118       38    384: 421         19    172: 190   |
    |119       38    422: 459         19    172: 190   |
    |120       39      1:  39         19    191: 209   |
    |121       39     40:  78         19    191: 209   |
    |122       39     79: 117         19    191: 209   |
    |123       38    118: 155         19    191: 209   |
    |124       38    156: 193         19    191: 209   |
    |125       38    194: 231         19    191: 209   |
    |126       38    232: 269         19    191: 209   |
    |127       38    270: 307         19    191: 209   |
    |128       38    308: 345         19    191: 209   |
    |129       38    346: 383         19    191: 209   |
    |130       38    384: 421         19    191: 209   |
    |131       38    422: 459         19    191: 209   |
    |132       39      1:  39         18    210: 227   |
    |133       39     40:  78         18    210: 227   |
    |134       39     79: 117         18    210: 227   |
    |135       38    118: 155         18    210: 227   |
    |136       38    156: 193         18    210: 227   |
    |137       38    194: 231         18    210: 227   |
    |138       38    232: 269         18    210: 227   |
    |139       38    270: 307         18    210: 227   |
    |140       38    308: 345         18    210: 227   |
    |141       38    346: 383         18    210: 227   |
    |142       38    384: 421         18    210: 227   |
    |143       38    422: 459         18    210: 227   |
    |144       39      1:  39         18    228: 245   |
    |145       39     40:  78         18    228: 245   |
    |146       39     79: 117         18    228: 245   |
    |147       38    118: 155         18    228: 245   |
    |148       38    156: 193         18    228: 245   |
    |149       38    194: 231         18    228: 245   |
    |150       38    232: 269         18    228: 245   |
    |151       38    270: 307         18    228: 245   |
    |152       38    308: 345         18    228: 245   |
    |153       38    346: 383         18    228: 245   |
    |154       38    384: 421         18    228: 245   |
    |155       38    422: 459         18    228: 245   |
    |156       39      1:  39         18    246: 263   |
    |157       39     40:  78         18    246: 263   |
    |158       39     79: 117         18    246: 263   |
    |159       38    118: 155         18    246: 263   |
    |160       38    156: 193         18    246: 263   |
    |161       38    194: 231         18    246: 263   |
    |162       38    232: 269         18    246: 263   |
    |163       38    270: 307         18    246: 263   |
    |164       38    308: 345         18    246: 263   |
    |165       38    346: 383         18    246: 263   |
    |166       38    384: 421         18    246: 263   |
    |167       38    422: 459         18    246: 263   |
    |168       39      1:  39         18    264: 281   |
    |169       39     40:  78         18    264: 281   |
    |170       39     79: 117         18    264: 281   |
    |171       38    118: 155         18    264: 281   |
    |172       38    156: 193         18    264: 281   |
    |173       38    194: 231         18    264: 281   |
    |174       38    232: 269         18    264: 281   |
    |175       38    270: 307         18    264: 281   |
    |176       38    308: 345         18    264: 281   |
    |177       38    346: 383         18    264: 281   |
    |178       38    384: 421         18    264: 281   |
    |179       38    422: 459         18    264: 281   |
    |180       39      1:  39         18    282: 299   |
    |181       39     40:  78         18    282: 299   |
    |182       39     79: 117         18    282: 299   |
    |183       38    118: 155         18    282: 299   |
    |184       38    156: 193         18    282: 299   |
    |185       38    194: 231         18    282: 299   |
    |186       38    232: 269         18    282: 299   |
    |187       38    270: 307         18    282: 299   |
    |188       38    308: 345         18    282: 299   |
    |189       38    346: 383         18    282: 299   |
    |190       38    384: 421         18    282: 299   |
    |191       38    422: 459         18    282: 299   |
    |__________________________________________________|



     ================================
     |>---   TIME INTEGRATION   ---<|
     ================================

     Processing Day/Time [YYYYDDD:HHMMSS]: 2017356:000000
       Which is Equivalent to (UTC): 0:00:00  Friday,  Dec. 22, 2017
       Time-Step Length (HHMMSS): 000500
                 VDIFF completed...       1.1724 seconds
                COUPLE completed...       0.0610 seconds
                  HADV completed...       1.6621 seconds
                  ZADV completed...       0.1979 seconds
                 HDIFF completed...       0.1440 seconds
              DECOUPLE completed...       0.0339 seconds
                  PHOT completed...       0.5026 seconds
               CLDPROC completed...       0.1214 seconds
                  CHEM completed...       0.5560 seconds
                  AERO completed...       0.7370 seconds
            Master Time Step
            Processing completed...       5.1918 seconds

     Processing Day/Time [YYYYDDD:HHMMSS]: 2017356:000500
       Which is Equivalent to (UTC): 0:05:00  Friday,  Dec. 22, 2017
       Time-Step Length (HHMMSS): 000500
                 VDIFF completed...       0.4276 seconds
                COUPLE completed...       0.0302 seconds
                  HADV completed...       1.3308 seconds
                  ZADV completed...       0.2033 seconds
                 HDIFF completed...       0.1418 seconds
              DECOUPLE completed...       0.0347 seconds
                  PHOT completed...       0.3156 seconds
               CLDPROC completed...       0.1220 seconds
                  CHEM completed...       0.5314 seconds
                  AERO completed...       0.7269 seconds
            Master Time Step
            Processing completed...       3.8678 seconds

     Processing Day/Time [YYYYDDD:HHMMSS]: 2017356:001000
       Which is Equivalent to (UTC): 0:10:00  Friday,  Dec. 22, 2017
       Time-Step Length (HHMMSS): 000500
                 VDIFF completed...       0.4274 seconds
                COUPLE completed...       0.0298 seconds
                  HADV completed...       1.3395 seconds
                  ZADV completed...       0.2032 seconds
                 HDIFF completed...       0.1377 seconds
              DECOUPLE completed...       0.0333 seconds
                  PHOT completed...       0.3185 seconds
               CLDPROC completed...       0.1251 seconds
                  CHEM completed...       0.5352 seconds
                  AERO completed...       0.7236 seconds
            Master Time Step
            Processing completed...       3.8741 seconds

     Processing Day/Time [YYYYDDD:HHMMSS]: 2017356:001500
       Which is Equivalent to (UTC): 0:15:00  Friday,  Dec. 22, 2017
       Time-Step Length (HHMMSS): 000500
                 VDIFF completed...       0.4283 seconds
                COUPLE completed...       0.0298 seconds
                  HADV completed...       1.3146 seconds
                  ZADV completed...       0.2031 seconds
                 HDIFF completed...       0.1375 seconds
              DECOUPLE completed...       0.0328 seconds
                  PHOT completed...       0.3196 seconds
               CLDPROC completed...       0.1283 seconds
                  CHEM completed...       0.5388 seconds
                  AERO completed...       0.7179 seconds
            Master Time Step
            Processing completed...       3.8516 seconds

     Processing Day/Time [YYYYDDD:HHMMSS]: 2017356:002000
       Which is Equivalent to (UTC): 0:20:00  Friday,  Dec. 22, 2017
       Time-Step Length (HHMMSS): 000500
                 VDIFF completed...       0.4277 seconds
                COUPLE completed...       0.0298 seconds
                  HADV completed...       1.2887 seconds
                  ZADV completed...       0.2029 seconds
                 HDIFF completed...       0.1365 seconds
              DECOUPLE completed...       0.0338 seconds
                  PHOT completed...       0.3204 seconds
               CLDPROC completed...       0.1306 seconds
                  CHEM completed...       0.5435 seconds
                  AERO completed...       0.7091 seconds
            Master Time Step
            Processing completed...       3.8239 seconds

     Processing Day/Time [YYYYDDD:HHMMSS]: 2017356:002500
       Which is Equivalent to (UTC): 0:25:00  Friday,  Dec. 22, 2017
       Time-Step Length (HHMMSS): 000500
                 VDIFF completed...       0.4264 seconds
                COUPLE completed...       0.0296 seconds
                  HADV completed...       1.2821 seconds
                  ZADV completed...       0.2032 seconds
                 HDIFF completed...       0.1371 seconds
              DECOUPLE completed...       0.0333 seconds
                  PHOT completed...       0.3209 seconds
               CLDPROC completed...       0.1307 seconds
                  CHEM completed...       0.5462 seconds
                  AERO completed...       0.7093 seconds
            Master Time Step
            Processing completed...       3.8197 seconds

     Processing Day/Time [YYYYDDD:HHMMSS]: 2017356:003000
       Which is Equivalent to (UTC): 0:30:00  Friday,  Dec. 22, 2017
       Time-Step Length (HHMMSS): 000500
                 VDIFF completed...       0.4342 seconds
                COUPLE completed...       0.0292 seconds
                  HADV completed...       1.2471 seconds
                  ZADV completed...       0.2031 seconds
                 HDIFF completed...       0.1373 seconds
              DECOUPLE completed...       0.0332 seconds
                  PHOT completed...       0.3216 seconds
               CLDPROC completed...       0.1300 seconds
                  CHEM completed...       0.5500 seconds
                  AERO completed...       0.7040 seconds
            Master Time Step
            Processing completed...       3.7905 seconds

     Processing Day/Time [YYYYDDD:HHMMSS]: 2017356:003500
       Which is Equivalent to (UTC): 0:35:00  Friday,  Dec. 22, 2017
       Time-Step Length (HHMMSS): 000500
                 VDIFF completed...       0.4347 seconds
                COUPLE completed...       0.0292 seconds
                  HADV completed...       1.2238 seconds
                  ZADV completed...       0.2034 seconds
                 HDIFF completed...       0.1370 seconds
              DECOUPLE completed...       0.0339 seconds
                  PHOT completed...       0.3210 seconds
               CLDPROC completed...       0.1288 seconds
                  CHEM completed...       0.5534 seconds
                  AERO completed...       0.7016 seconds
            Master Time Step
            Processing completed...       3.7698 seconds

     Processing Day/Time [YYYYDDD:HHMMSS]: 2017356:004000
       Which is Equivalent to (UTC): 0:40:00  Friday,  Dec. 22, 2017
       Time-Step Length (HHMMSS): 000500
                 VDIFF completed...       0.4335 seconds
                COUPLE completed...       0.0293 seconds
                  HADV completed...       1.2084 seconds
                  ZADV completed...       0.2033 seconds
                 HDIFF completed...       0.1372 seconds
              DECOUPLE completed...       0.0338 seconds
                  PHOT completed...       0.3124 seconds
               CLDPROC completed...       0.1272 seconds
                  CHEM completed...       0.5662 seconds
                  AERO completed...       0.7067 seconds
            Master Time Step
            Processing completed...       3.7617 seconds

     Processing Day/Time [YYYYDDD:HHMMSS]: 2017356:004500
       Which is Equivalent to (UTC): 0:45:00  Friday,  Dec. 22, 2017
       Time-Step Length (HHMMSS): 000500
                 VDIFF completed...       0.4287 seconds
                COUPLE completed...       0.0292 seconds
                  HADV completed...       1.1879 seconds
                  ZADV completed...       0.2035 seconds
                 HDIFF completed...       0.1382 seconds
              DECOUPLE completed...       0.0335 seconds
                  PHOT completed...       0.2999 seconds
               CLDPROC completed...       0.1259 seconds
                  CHEM completed...       0.5675 seconds
                  AERO completed...       0.7055 seconds
            Master Time Step
            Processing completed...       3.7221 seconds

     Processing Day/Time [YYYYDDD:HHMMSS]: 2017356:005000
       Which is Equivalent to (UTC): 0:50:00  Friday,  Dec. 22, 2017
       Time-Step Length (HHMMSS): 000500
                 VDIFF completed...       0.4385 seconds
                COUPLE completed...       0.0291 seconds
                  HADV completed...       1.8996 seconds
                  ZADV completed...       0.1917 seconds
                 HDIFF completed...       0.1387 seconds
              DECOUPLE completed...       0.0336 seconds
                  PHOT completed...       0.2872 seconds
               CLDPROC completed...       0.1246 seconds
                  CHEM completed...       0.5583 seconds
                  AERO completed...       0.7214 seconds
            Master Time Step
            Processing completed...       4.4266 seconds

     Processing Day/Time [YYYYDDD:HHMMSS]: 2017356:005500
       Which is Equivalent to (UTC): 0:55:00  Friday,  Dec. 22, 2017
       Time-Step Length (HHMMSS): 000500
                 VDIFF completed...       1.3529 seconds
                COUPLE completed...       0.1113 seconds
                  HADV completed...       1.6528 seconds
                  ZADV completed...       0.2031 seconds
                 HDIFF completed...       0.1591 seconds
              DECOUPLE completed...       0.0335 seconds
                  PHOT completed...       0.2590 seconds
               CLDPROC completed...       1.0278 seconds
                  CHEM completed...       0.5540 seconds
                  AERO completed...       0.6726 seconds
            Master Time Step
            Processing completed...       6.0280 seconds

      =--> Data Output completed...       1.4270 seconds

     Processing Day/Time [YYYYDDD:HHMMSS]: 2017356:010000
       Which is Equivalent to (UTC): 1:00:00  Friday,  Dec. 22, 2017
       Time-Step Length (HHMMSS): 000500
                 VDIFF completed...       5.1561 seconds
                COUPLE completed...       0.0467 seconds
                  HADV completed...       2.0152 seconds
                  ZADV completed...       0.1977 seconds
                 HDIFF completed...       0.1441 seconds
              DECOUPLE completed...       0.0337 seconds
                  PHOT completed...       1.4772 seconds
               CLDPROC completed...       0.1243 seconds
                  CHEM completed...       0.5075 seconds
                  AERO completed...       0.6878 seconds
            Master Time Step
            Processing completed...      10.3916 seconds

     Processing Day/Time [YYYYDDD:HHMMSS]: 2017356:010500
       Which is Equivalent to (UTC): 1:05:00  Friday,  Dec. 22, 2017
       Time-Step Length (HHMMSS): 000500
                 VDIFF completed...       0.4885 seconds
                COUPLE completed...       0.0297 seconds
                  HADV completed...       1.2253 seconds
                  ZADV completed...       0.2034 seconds
                 HDIFF completed...       0.1387 seconds
              DECOUPLE completed...       0.0342 seconds
                  PHOT completed...       0.2559 seconds
               CLDPROC completed...       0.1280 seconds
                  CHEM completed...       0.4888 seconds
                  AERO completed...       0.6860 seconds
            Master Time Step
            Processing completed...       3.6793 seconds

     Processing Day/Time [YYYYDDD:HHMMSS]: 2017356:011000
       Which is Equivalent to (UTC): 1:10:00  Friday,  Dec. 22, 2017
       Time-Step Length (HHMMSS): 000500
                 VDIFF completed...       0.5017 seconds
                COUPLE completed...       0.0300 seconds
                  HADV completed...       1.3246 seconds
                  ZADV completed...       0.2032 seconds
                 HDIFF completed...       0.1381 seconds
              DECOUPLE completed...       0.0334 seconds
                  PHOT completed...       0.2184 seconds
               CLDPROC completed...       0.1424 seconds
                  CHEM completed...       0.4780 seconds
                  AERO completed...       0.6922 seconds
            Master Time Step
            Processing completed...       3.7632 seconds

     Processing Day/Time [YYYYDDD:HHMMSS]: 2017356:011500
       Which is Equivalent to (UTC): 1:15:00  Friday,  Dec. 22, 2017
       Time-Step Length (HHMMSS): 000500
                 VDIFF completed...       0.5171 seconds
                COUPLE completed...       0.0306 seconds
                  HADV completed...       1.3671 seconds
                  ZADV completed...       0.2026 seconds
                 HDIFF completed...       0.1409 seconds
              DECOUPLE completed...       0.0349 seconds
                  PHOT completed...       0.1588 seconds
               CLDPROC completed...       0.1470 seconds
                  CHEM completed...       0.4822 seconds
                  AERO completed...       0.6869 seconds
            Master Time Step
            Processing completed...       3.7688 seconds

     Processing Day/Time [YYYYDDD:HHMMSS]: 2017356:012000
       Which is Equivalent to (UTC): 1:20:00  Friday,  Dec. 22, 2017
       Time-Step Length (HHMMSS): 000500
                 VDIFF completed...       0.4620 seconds
                COUPLE completed...       0.0303 seconds
                  HADV completed...       1.5462 seconds
                  ZADV completed...       0.2024 seconds
                 HDIFF completed...       0.1406 seconds
              DECOUPLE completed...       0.0348 seconds
                  PHOT completed...       0.1263 seconds
               CLDPROC completed...       0.1642 seconds
                  CHEM completed...       0.4910 seconds
                  AERO completed...       0.6908 seconds
            Master Time Step
            Processing completed...       3.8909 seconds

     Processing Day/Time [YYYYDDD:HHMMSS]: 2017356:012500
       Which is Equivalent to (UTC): 1:25:00  Friday,  Dec. 22, 2017
       Time-Step Length (HHMMSS): 000500
                 VDIFF completed...       0.5564 seconds
                COUPLE completed...       0.0390 seconds
                  HADV completed...       1.5824 seconds
                  ZADV completed...       0.1920 seconds
                 HDIFF completed...       0.1614 seconds
              DECOUPLE completed...       0.0356 seconds
                  PHOT completed...       0.1205 seconds
               CLDPROC completed...       0.1739 seconds
                  CHEM completed...       0.4875 seconds
                  AERO completed...       0.6812 seconds
            Master Time Step
            Processing completed...       4.0316 seconds

     Processing Day/Time [YYYYDDD:HHMMSS]: 2017356:013000
       Which is Equivalent to (UTC): 1:30:00  Friday,  Dec. 22, 2017
       Time-Step Length (HHMMSS): 000500
                 VDIFF completed...       0.5764 seconds
                COUPLE completed...       0.0578 seconds
                  HADV completed...       1.4631 seconds
                  ZADV completed...       0.2029 seconds
                 HDIFF completed...       0.1411 seconds
              DECOUPLE completed...       0.0368 seconds
                  PHOT completed...       0.1191 seconds
               CLDPROC completed...       0.1743 seconds
                  CHEM completed...       0.4890 seconds
                  AERO completed...       0.6860 seconds
            Master Time Step
            Processing completed...       3.9493 seconds

     Processing Day/Time [YYYYDDD:HHMMSS]: 2017356:013500
       Which is Equivalent to (UTC): 1:35:00  Friday,  Dec. 22, 2017
       Time-Step Length (HHMMSS): 000500
                 VDIFF completed...       0.5064 seconds
                COUPLE completed...       0.0437 seconds
                  HADV completed...       1.4791 seconds
                  ZADV completed...       0.2164 seconds
                 HDIFF completed...       0.1405 seconds
              DECOUPLE completed...       0.0370 seconds
                  PHOT completed...       0.1169 seconds
               CLDPROC completed...       0.1708 seconds
                  CHEM completed...       0.4801 seconds
                  AERO completed...       0.6971 seconds
            Master Time Step
            Processing completed...       3.8910 seconds

     Processing Day/Time [YYYYDDD:HHMMSS]: 2017356:014000
       Which is Equivalent to (UTC): 1:40:00  Friday,  Dec. 22, 2017
       Time-Step Length (HHMMSS): 000500
                 VDIFF completed...       0.5460 seconds
                COUPLE completed...       0.0366 seconds
                  HADV completed...       1.3741 seconds
                  ZADV completed...       0.2032 seconds
                 HDIFF completed...       0.1378 seconds
              DECOUPLE completed...       0.0331 seconds
                  PHOT completed...       0.1213 seconds
               CLDPROC completed...       0.1710 seconds
                  CHEM completed...       0.4834 seconds
                  AERO completed...       0.6951 seconds
            Master Time Step
            Processing completed...       3.8047 seconds

     Processing Day/Time [YYYYDDD:HHMMSS]: 2017356:014500
       Which is Equivalent to (UTC): 1:45:00  Friday,  Dec. 22, 2017
       Time-Step Length (HHMMSS): 000500
                 VDIFF completed...       0.5463 seconds
                COUPLE completed...       0.0411 seconds
                  HADV completed...       1.3416 seconds
                  ZADV completed...       0.2033 seconds
                 HDIFF completed...       0.1390 seconds
              DECOUPLE completed...       0.0339 seconds
                  PHOT completed...       0.1214 seconds
               CLDPROC completed...       0.1709 seconds
                  CHEM completed...       0.4809 seconds
                  AERO completed...       0.6954 seconds
            Master Time Step
            Processing completed...       3.7747 seconds

     Processing Day/Time [YYYYDDD:HHMMSS]: 2017356:015000
       Which is Equivalent to (UTC): 1:50:00  Friday,  Dec. 22, 2017
       Time-Step Length (HHMMSS): 000500
                 VDIFF completed...       0.5457 seconds
                COUPLE completed...       0.0428 seconds
                  HADV completed...       1.3505 seconds
                  ZADV completed...       0.2033 seconds
                 HDIFF completed...       0.1384 seconds
              DECOUPLE completed...       0.0334 seconds
                  PHOT completed...       0.1221 seconds
               CLDPROC completed...       0.1707 seconds
                  CHEM completed...       0.4814 seconds
                  AERO completed...       0.6964 seconds
            Master Time Step
            Processing completed...       3.7856 seconds

     Processing Day/Time [YYYYDDD:HHMMSS]: 2017356:015500
       Which is Equivalent to (UTC): 1:55:00  Friday,  Dec. 22, 2017
       Time-Step Length (HHMMSS): 000500
                 VDIFF completed...       1.4440 seconds
                COUPLE completed...       0.1116 seconds
                  HADV completed...       1.1176 seconds
                  ZADV completed...       0.2034 seconds
                 HDIFF completed...       0.1388 seconds
              DECOUPLE completed...       0.0334 seconds
                  PHOT completed...       0.1218 seconds
               CLDPROC completed...       0.5720 seconds
                  CHEM completed...       0.5092 seconds
                  AERO completed...       0.6955 seconds
            Master Time Step
            Processing completed...       4.9482 seconds

      =--> Data Output completed...       0.7881 seconds

     Processing Day/Time [YYYYDDD:HHMMSS]: 2017356:020000
       Which is Equivalent to (UTC): 2:00:00  Friday,  Dec. 22, 2017
       Time-Step Length (HHMMSS): 000500
                 VDIFF completed...       5.2615 seconds
                COUPLE completed...       0.0517 seconds
                  HADV completed...       2.0357 seconds
                  ZADV completed...       0.1951 seconds
                 HDIFF completed...       0.1476 seconds
              DECOUPLE completed...       0.0333 seconds
                  PHOT completed...       1.2094 seconds
               CLDPROC completed...       0.1806 seconds
                  CHEM completed...       0.4770 seconds
                  AERO completed...       0.7020 seconds
            Master Time Step
            Processing completed...      10.2967 seconds

     Processing Day/Time [YYYYDDD:HHMMSS]: 2017356:020500
       Which is Equivalent to (UTC): 2:05:00  Friday,  Dec. 22, 2017
       Time-Step Length (HHMMSS): 000500
                 VDIFF completed...       0.5502 seconds
                COUPLE completed...       0.0467 seconds
                  HADV completed...       1.3691 seconds
                  ZADV completed...       0.1970 seconds
                 HDIFF completed...       0.1435 seconds
              DECOUPLE completed...       0.0333 seconds
                  PHOT completed...       0.1214 seconds
               CLDPROC completed...       0.1705 seconds
                  CHEM completed...       0.4685 seconds
                  AERO completed...       0.7002 seconds
            Master Time Step
            Processing completed...       3.8043 seconds

     Processing Day/Time [YYYYDDD:HHMMSS]: 2017356:021000
       Which is Equivalent to (UTC): 2:10:00  Friday,  Dec. 22, 2017
       Time-Step Length (HHMMSS): 000500
                 VDIFF completed...       0.5466 seconds
                COUPLE completed...       0.0468 seconds
                  HADV completed...       1.3453 seconds
                  ZADV completed...       0.1964 seconds
                 HDIFF completed...       0.1442 seconds
              DECOUPLE completed...       0.0336 seconds
                  PHOT completed...       0.1209 seconds
               CLDPROC completed...       0.1704 seconds
                  CHEM completed...       0.4649 seconds
                  AERO completed...       0.6994 seconds
            Master Time Step
            Processing completed...       3.7728 seconds

     Processing Day/Time [YYYYDDD:HHMMSS]: 2017356:021500
       Which is Equivalent to (UTC): 2:15:00  Friday,  Dec. 22, 2017
       Time-Step Length (HHMMSS): 000500
                 VDIFF completed...       0.5468 seconds
                COUPLE completed...       0.0496 seconds
                  HADV completed...       1.3392 seconds
                  ZADV completed...       0.1968 seconds
                 HDIFF completed...       0.1441 seconds
              DECOUPLE completed...       0.0331 seconds
                  PHOT completed...       0.1210 seconds
               CLDPROC completed...       0.1703 seconds
                  CHEM completed...       0.4608 seconds
                  AERO completed...       0.7023 seconds
            Master Time Step
            Processing completed...       3.7684 seconds

     Processing Day/Time [YYYYDDD:HHMMSS]: 2017356:022000
       Which is Equivalent to (UTC): 2:20:00  Friday,  Dec. 22, 2017
       Time-Step Length (HHMMSS): 000500
                 VDIFF completed...       0.5915 seconds
                COUPLE completed...       0.0308 seconds
                  HADV completed...       1.3159 seconds
                  ZADV completed...       0.1974 seconds
                 HDIFF completed...       0.1430 seconds
              DECOUPLE completed...       0.0329 seconds
                  PHOT completed...       0.1217 seconds
               CLDPROC completed...       0.1713 seconds
                  CHEM completed...       0.4615 seconds
                  AERO completed...       0.7031 seconds
            Master Time Step
            Processing completed...       3.7708 seconds

     Processing Day/Time [YYYYDDD:HHMMSS]: 2017356:022500
       Which is Equivalent to (UTC): 2:25:00  Friday,  Dec. 22, 2017
       Time-Step Length (HHMMSS): 000500
                 VDIFF completed...       0.5464 seconds
                COUPLE completed...       0.0489 seconds
                  HADV completed...       1.3400 seconds
                  ZADV completed...       0.1962 seconds
                 HDIFF completed...       0.1441 seconds
              DECOUPLE completed...       0.0335 seconds
                  PHOT completed...       0.1204 seconds
               CLDPROC completed...       0.1712 seconds
                  CHEM completed...       0.4618 seconds
                  AERO completed...       0.7006 seconds
            Master Time Step
            Processing completed...       3.7674 seconds

     Processing Day/Time [YYYYDDD:HHMMSS]: 2017356:023000
       Which is Equivalent to (UTC): 2:30:00  Friday,  Dec. 22, 2017
       Time-Step Length (HHMMSS): 000500
                 VDIFF completed...       0.5517 seconds
                COUPLE completed...       0.0466 seconds
                  HADV completed...       1.3349 seconds
                  ZADV completed...       0.1967 seconds
                 HDIFF completed...       0.1427 seconds
              DECOUPLE completed...       0.0330 seconds
                  PHOT completed...       0.1220 seconds
               CLDPROC completed...       0.1702 seconds
                  CHEM completed...       0.4584 seconds
                  AERO completed...       0.7007 seconds
            Master Time Step
            Processing completed...       3.7610 seconds

     Processing Day/Time [YYYYDDD:HHMMSS]: 2017356:023500
       Which is Equivalent to (UTC): 2:35:00  Friday,  Dec. 22, 2017
       Time-Step Length (HHMMSS): 000500
                 VDIFF completed...       0.5583 seconds
                COUPLE completed...       0.0476 seconds
                  HADV completed...       1.3340 seconds
                  ZADV completed...       0.1965 seconds
                 HDIFF completed...       0.1438 seconds
              DECOUPLE completed...       0.0338 seconds
                  PHOT completed...       0.1206 seconds
               CLDPROC completed...       0.1699 seconds
                  CHEM completed...       0.4598 seconds
                  AERO completed...       0.7014 seconds
            Master Time Step
            Processing completed...       3.7703 seconds

     Processing Day/Time [YYYYDDD:HHMMSS]: 2017356:024000
       Which is Equivalent to (UTC): 2:40:00  Friday,  Dec. 22, 2017
       Time-Step Length (HHMMSS): 000500
                 VDIFF completed...       0.5544 seconds
                COUPLE completed...       0.0494 seconds
                  HADV completed...       1.3413 seconds
                  ZADV completed...       0.1966 seconds
                 HDIFF completed...       0.1440 seconds
              DECOUPLE completed...       0.0329 seconds
                  PHOT completed...       0.1212 seconds
               CLDPROC completed...       0.1693 seconds
                  CHEM completed...       0.4586 seconds
                  AERO completed...       0.7003 seconds
            Master Time Step
            Processing completed...       3.7722 seconds

     Processing Day/Time [YYYYDDD:HHMMSS]: 2017356:024500
       Which is Equivalent to (UTC): 2:45:00  Friday,  Dec. 22, 2017
       Time-Step Length (HHMMSS): 000500
                 VDIFF completed...       0.5548 seconds
                COUPLE completed...       0.0489 seconds
                  HADV completed...       1.3410 seconds
                  ZADV completed...       0.1960 seconds
                 HDIFF completed...       0.1452 seconds
              DECOUPLE completed...       0.0337 seconds
                  PHOT completed...       0.1205 seconds
               CLDPROC completed...       0.1695 seconds
                  CHEM completed...       0.4560 seconds
                  AERO completed...       0.6994 seconds
            Master Time Step
            Processing completed...       3.7701 seconds

     Processing Day/Time [YYYYDDD:HHMMSS]: 2017356:025000
       Which is Equivalent to (UTC): 2:50:00  Friday,  Dec. 22, 2017
       Time-Step Length (HHMMSS): 000500
                 VDIFF completed...       0.5513 seconds
                COUPLE completed...       0.0517 seconds
                  HADV completed...       1.3422 seconds
                  ZADV completed...       0.1973 seconds
                 HDIFF completed...       0.1436 seconds
              DECOUPLE completed...       0.0333 seconds
                  PHOT completed...       0.1212 seconds
               CLDPROC completed...       0.1684 seconds
                  CHEM completed...       0.4542 seconds
                  AERO completed...       0.6983 seconds
            Master Time Step
            Processing completed...       3.7655 seconds

     Processing Day/Time [YYYYDDD:HHMMSS]: 2017356:025500
       Which is Equivalent to (UTC): 2:55:00  Friday,  Dec. 22, 2017
       Time-Step Length (HHMMSS): 000500
                 VDIFF completed...       1.4563 seconds
                COUPLE completed...       0.1114 seconds
                  HADV completed...       1.1177 seconds
                  ZADV completed...       0.1966 seconds
                 HDIFF completed...       0.1576 seconds
              DECOUPLE completed...       0.0700 seconds
                  PHOT completed...       0.0839 seconds
               CLDPROC completed...       0.6117 seconds
                  CHEM completed...       0.4554 seconds
                  AERO completed...       0.6876 seconds
            Master Time Step
            Processing completed...       4.9532 seconds

      =--> Data Output completed...       0.8425 seconds

     Processing Day/Time [YYYYDDD:HHMMSS]: 2017356:030000
       Which is Equivalent to (UTC): 3:00:00  Friday,  Dec. 22, 2017
       Time-Step Length (HHMMSS): 000500
                 VDIFF completed...       5.2180 seconds
                COUPLE completed...       0.0646 seconds
                  HADV completed...       2.2372 seconds
                  ZADV completed...       0.2029 seconds
                 HDIFF completed...       0.1379 seconds
              DECOUPLE completed...       0.0331 seconds
                  PHOT completed...       1.2586 seconds
               CLDPROC completed...       0.1782 seconds
                  CHEM completed...       0.4555 seconds
                  AERO completed...       0.7038 seconds
            Master Time Step
            Processing completed...      10.4927 seconds

     Processing Day/Time [YYYYDDD:HHMMSS]: 2017356:030500
       Which is Equivalent to (UTC): 3:05:00  Friday,  Dec. 22, 2017
       Time-Step Length (HHMMSS): 000500
                 VDIFF completed...       0.5452 seconds
                COUPLE completed...       0.0545 seconds
                  HADV completed...       1.3935 seconds
                  ZADV completed...       0.1959 seconds
                 HDIFF completed...       0.1465 seconds
              DECOUPLE completed...       0.0337 seconds
                  PHOT completed...       0.1201 seconds
               CLDPROC completed...       0.1685 seconds
                  CHEM completed...       0.4482 seconds
                  AERO completed...       0.7008 seconds
            Master Time Step
            Processing completed...       3.8116 seconds

     Processing Day/Time [YYYYDDD:HHMMSS]: 2017356:031000
       Which is Equivalent to (UTC): 3:10:00  Friday,  Dec. 22, 2017
       Time-Step Length (HHMMSS): 000500
                 VDIFF completed...       0.5514 seconds
                COUPLE completed...       0.0511 seconds
                  HADV completed...       1.4048 seconds
                  ZADV completed...       0.1963 seconds
                 HDIFF completed...       0.1458 seconds
              DECOUPLE completed...       0.0341 seconds
                  PHOT completed...       0.1202 seconds
               CLDPROC completed...       0.1679 seconds
                  CHEM completed...       0.4473 seconds
                  AERO completed...       0.7060 seconds
            Master Time Step
            Processing completed...       3.8290 seconds

     Processing Day/Time [YYYYDDD:HHMMSS]: 2017356:031500
       Which is Equivalent to (UTC): 3:15:00  Friday,  Dec. 22, 2017
       Time-Step Length (HHMMSS): 000500
                 VDIFF completed...       0.5530 seconds
                COUPLE completed...       0.0514 seconds
                  HADV completed...       1.3873 seconds
                  ZADV completed...       0.1961 seconds
                 HDIFF completed...       0.1449 seconds
              DECOUPLE completed...       0.0337 seconds
                  PHOT completed...       0.1210 seconds
               CLDPROC completed...       0.1683 seconds
                  CHEM completed...       0.4459 seconds
                  AERO completed...       0.7038 seconds
            Master Time Step
            Processing completed...       3.8100 seconds

     Processing Day/Time [YYYYDDD:HHMMSS]: 2017356:032000
       Which is Equivalent to (UTC): 3:20:00  Friday,  Dec. 22, 2017
       Time-Step Length (HHMMSS): 000500
                 VDIFF completed...       0.5666 seconds
                COUPLE completed...       0.0488 seconds
                  HADV completed...       1.3834 seconds
                  ZADV completed...       0.1969 seconds
                 HDIFF completed...       0.1446 seconds
              DECOUPLE completed...       0.0335 seconds
                  PHOT completed...       0.1204 seconds
               CLDPROC completed...       0.1681 seconds
                  CHEM completed...       0.4441 seconds
                  AERO completed...       0.7021 seconds
            Master Time Step
            Processing completed...       3.8133 seconds

     Processing Day/Time [YYYYDDD:HHMMSS]: 2017356:032500
       Which is Equivalent to (UTC): 3:25:00  Friday,  Dec. 22, 2017
       Time-Step Length (HHMMSS): 000500
                 VDIFF completed...       0.5666 seconds
                COUPLE completed...       0.0500 seconds
                  HADV completed...       1.3885 seconds
                  ZADV completed...       0.1960 seconds
                 HDIFF completed...       0.1469 seconds
              DECOUPLE completed...       0.0340 seconds
                  PHOT completed...       0.1213 seconds
               CLDPROC completed...       0.1687 seconds
                  CHEM completed...       0.4434 seconds
                  AERO completed...       0.6989 seconds
            Master Time Step
            Processing completed...       3.8165 seconds

     Processing Day/Time [YYYYDDD:HHMMSS]: 2017356:033000
       Which is Equivalent to (UTC): 3:30:00  Friday,  Dec. 22, 2017
       Time-Step Length (HHMMSS): 000500
                 VDIFF completed...       0.5738 seconds
                COUPLE completed...       0.0485 seconds
                  HADV completed...       1.3870 seconds
                  ZADV completed...       0.1966 seconds
                 HDIFF completed...       0.1444 seconds
              DECOUPLE completed...       0.0338 seconds
                  PHOT completed...       0.1207 seconds
               CLDPROC completed...       0.1674 seconds
                  CHEM completed...       0.4423 seconds
                  AERO completed...       0.7004 seconds
            Master Time Step
            Processing completed...       3.8190 seconds

     Processing Day/Time [YYYYDDD:HHMMSS]: 2017356:033500
       Which is Equivalent to (UTC): 3:35:00  Friday,  Dec. 22, 2017
       Time-Step Length (HHMMSS): 000500
                 VDIFF completed...       0.5681 seconds
                COUPLE completed...       0.0474 seconds
                  HADV completed...       1.3951 seconds
                  ZADV completed...       0.1965 seconds
                 HDIFF completed...       0.1460 seconds
              DECOUPLE completed...       0.0337 seconds
                  PHOT completed...       0.1204 seconds
               CLDPROC completed...       0.1668 seconds
                  CHEM completed...       0.4395 seconds
                  AERO completed...       0.6941 seconds
            Master Time Step
            Processing completed...       3.8118 seconds

     Processing Day/Time [YYYYDDD:HHMMSS]: 2017356:034000
       Which is Equivalent to (UTC): 3:40:00  Friday,  Dec. 22, 2017
       Time-Step Length (HHMMSS): 000500
                 VDIFF completed...       0.5751 seconds
                COUPLE completed...       0.0497 seconds
                  HADV completed...       1.3908 seconds
                  ZADV completed...       0.1959 seconds
                 HDIFF completed...       0.1451 seconds
              DECOUPLE completed...       0.0337 seconds
                  PHOT completed...       0.1209 seconds
               CLDPROC completed...       0.1669 seconds
                  CHEM completed...       0.4395 seconds
                  AERO completed...       0.6998 seconds
            Master Time Step
            Processing completed...       3.8212 seconds

     Processing Day/Time [YYYYDDD:HHMMSS]: 2017356:034500
       Which is Equivalent to (UTC): 3:45:00  Friday,  Dec. 22, 2017
       Time-Step Length (HHMMSS): 000500
                 VDIFF completed...       0.5634 seconds
                COUPLE completed...       0.0544 seconds
                  HADV completed...       1.3905 seconds
                  ZADV completed...       0.1966 seconds
                 HDIFF completed...       0.1451 seconds
              DECOUPLE completed...       0.0341 seconds
                  PHOT completed...       0.1205 seconds
               CLDPROC completed...       0.1670 seconds
                  CHEM completed...       0.4409 seconds
                  AERO completed...       0.6950 seconds
            Master Time Step
            Processing completed...       3.8116 seconds

     Processing Day/Time [YYYYDDD:HHMMSS]: 2017356:035000
       Which is Equivalent to (UTC): 3:50:00  Friday,  Dec. 22, 2017
       Time-Step Length (HHMMSS): 000500
                 VDIFF completed...       0.5489 seconds
                COUPLE completed...       0.0559 seconds
                  HADV completed...       1.4040 seconds
                  ZADV completed...       0.1967 seconds
                 HDIFF completed...       0.1447 seconds
              DECOUPLE completed...       0.0343 seconds
                  PHOT completed...       0.1201 seconds
               CLDPROC completed...       0.1661 seconds
                  CHEM completed...       0.4380 seconds
                  AERO completed...       0.6939 seconds
            Master Time Step
            Processing completed...       3.8072 seconds

     Processing Day/Time [YYYYDDD:HHMMSS]: 2017356:035500
       Which is Equivalent to (UTC): 3:55:00  Friday,  Dec. 22, 2017
       Time-Step Length (HHMMSS): 000500
                 VDIFF completed...       1.4520 seconds
                COUPLE completed...       0.1114 seconds
                  HADV completed...       1.1568 seconds
                  ZADV completed...       0.1946 seconds
                 HDIFF completed...       0.1475 seconds
              DECOUPLE completed...       0.0340 seconds
                  PHOT completed...       0.1205 seconds
               CLDPROC completed...       0.6537 seconds
                  CHEM completed...       0.4306 seconds
                  AERO completed...       0.6852 seconds
            Master Time Step
            Processing completed...       4.9911 seconds

      =--> Data Output completed...       0.8793 seconds

     Processing Day/Time [YYYYDDD:HHMMSS]: 2017356:040000
       Which is Equivalent to (UTC): 4:00:00  Friday,  Dec. 22, 2017
       Time-Step Length (HHMMSS): 000500
                 VDIFF completed...       6.1383 seconds
                COUPLE completed...       0.0503 seconds
                  HADV completed...       2.0240 seconds
                  ZADV completed...       0.1963 seconds
                 HDIFF completed...       0.2783 seconds
              DECOUPLE completed...       0.0338 seconds
                  PHOT completed...       1.1843 seconds
               CLDPROC completed...       0.1760 seconds
                  CHEM completed...       0.4457 seconds
                  AERO completed...       0.7045 seconds
            Master Time Step
            Processing completed...      11.2352 seconds

     Processing Day/Time [YYYYDDD:HHMMSS]: 2017356:040500
       Which is Equivalent to (UTC): 4:05:00  Friday,  Dec. 22, 2017
       Time-Step Length (HHMMSS): 000500
                 VDIFF completed...       0.5586 seconds
                COUPLE completed...       0.0498 seconds
                  HADV completed...       1.4158 seconds
                  ZADV completed...       0.2028 seconds
                 HDIFF completed...       0.1387 seconds
              DECOUPLE completed...       0.0333 seconds
                  PHOT completed...       0.1216 seconds
               CLDPROC completed...       0.1670 seconds
                  CHEM completed...       0.4358 seconds
                  AERO completed...       0.6931 seconds
            Master Time Step
            Processing completed...       3.8189 seconds

     Processing Day/Time [YYYYDDD:HHMMSS]: 2017356:041000
       Which is Equivalent to (UTC): 4:10:00  Friday,  Dec. 22, 2017
       Time-Step Length (HHMMSS): 000500
                 VDIFF completed...       0.5677 seconds
                COUPLE completed...       0.0523 seconds
                  HADV completed...       1.4101 seconds
                  ZADV completed...       0.2026 seconds
                 HDIFF completed...       0.1390 seconds
              DECOUPLE completed...       0.0332 seconds
                  PHOT completed...       0.1214 seconds
               CLDPROC completed...       0.1669 seconds
                  CHEM completed...       0.4366 seconds
                  AERO completed...       0.6900 seconds
            Master Time Step
            Processing completed...       3.8207 seconds

     Processing Day/Time [YYYYDDD:HHMMSS]: 2017356:041500
       Which is Equivalent to (UTC): 4:15:00  Friday,  Dec. 22, 2017
       Time-Step Length (HHMMSS): 000500
                 VDIFF completed...       0.5732 seconds
                COUPLE completed...       0.0528 seconds
                  HADV completed...       1.4156 seconds
                  ZADV completed...       0.2026 seconds
                 HDIFF completed...       0.1389 seconds
              DECOUPLE completed...       0.0331 seconds
                  PHOT completed...       0.1221 seconds
               CLDPROC completed...       0.1674 seconds
                  CHEM completed...       0.4352 seconds
                  AERO completed...       0.6835 seconds
            Master Time Step
            Processing completed...       3.8252 seconds

     Processing Day/Time [YYYYDDD:HHMMSS]: 2017356:042000
       Which is Equivalent to (UTC): 4:20:00  Friday,  Dec. 22, 2017
       Time-Step Length (HHMMSS): 000500
                 VDIFF completed...       0.5752 seconds
                COUPLE completed...       0.0548 seconds
                  HADV completed...       1.4257 seconds
                  ZADV completed...       0.2026 seconds
                 HDIFF completed...       0.1386 seconds
              DECOUPLE completed...       0.0334 seconds
                  PHOT completed...       0.1215 seconds
               CLDPROC completed...       0.1670 seconds
                  CHEM completed...       0.4331 seconds
                  AERO completed...       0.6867 seconds
            Master Time Step
            Processing completed...       3.8394 seconds

     Processing Day/Time [YYYYDDD:HHMMSS]: 2017356:042500
       Which is Equivalent to (UTC): 4:25:00  Friday,  Dec. 22, 2017
       Time-Step Length (HHMMSS): 000500
                 VDIFF completed...       0.5807 seconds
                COUPLE completed...       0.0523 seconds
                  HADV completed...       1.4362 seconds
                  ZADV completed...       0.2029 seconds
                 HDIFF completed...       0.1391 seconds
              DECOUPLE completed...       0.0336 seconds
                  PHOT completed...       0.1212 seconds
               CLDPROC completed...       0.1668 seconds
                  CHEM completed...       0.4322 seconds
                  AERO completed...       0.6844 seconds
            Master Time Step
            Processing completed...       3.8503 seconds

     Processing Day/Time [YYYYDDD:HHMMSS]: 2017356:043000
       Which is Equivalent to (UTC): 4:30:00  Friday,  Dec. 22, 2017
       Time-Step Length (HHMMSS): 000500
                 VDIFF completed...       0.5776 seconds
                COUPLE completed...       0.0542 seconds
                  HADV completed...       1.4437 seconds
                  ZADV completed...       0.2026 seconds
                 HDIFF completed...       0.1388 seconds
              DECOUPLE completed...       0.0339 seconds
                  PHOT completed...       0.1208 seconds
               CLDPROC completed...       0.1668 seconds
                  CHEM completed...       0.4308 seconds
                  AERO completed...       0.6802 seconds
            Master Time Step
            Processing completed...       3.8503 seconds

     Processing Day/Time [YYYYDDD:HHMMSS]: 2017356:043500
       Which is Equivalent to (UTC): 4:35:00  Friday,  Dec. 22, 2017
       Time-Step Length (HHMMSS): 000500
                 VDIFF completed...       0.5840 seconds
                COUPLE completed...       0.0555 seconds
                  HADV completed...       1.4479 seconds
                  ZADV completed...       0.2027 seconds
                 HDIFF completed...       0.1386 seconds
              DECOUPLE completed...       0.0335 seconds
                  PHOT completed...       0.1203 seconds
               CLDPROC completed...       0.1665 seconds
                  CHEM completed...       0.4316 seconds
                  AERO completed...       0.6789 seconds
            Master Time Step
            Processing completed...       3.8638 seconds

     Processing Day/Time [YYYYDDD:HHMMSS]: 2017356:044000
       Which is Equivalent to (UTC): 4:40:00  Friday,  Dec. 22, 2017
       Time-Step Length (HHMMSS): 000500
                 VDIFF completed...       0.5807 seconds
                COUPLE completed...       0.0548 seconds
                  HADV completed...       1.4471 seconds
                  ZADV completed...       0.2021 seconds
                 HDIFF completed...       0.1387 seconds
              DECOUPLE completed...       0.0331 seconds
                  PHOT completed...       0.1213 seconds
               CLDPROC completed...       0.1666 seconds
                  CHEM completed...       0.4284 seconds
                  AERO completed...       0.6768 seconds
            Master Time Step
            Processing completed...       3.8507 seconds

     Processing Day/Time [YYYYDDD:HHMMSS]: 2017356:044500
       Which is Equivalent to (UTC): 4:45:00  Friday,  Dec. 22, 2017
       Time-Step Length (HHMMSS): 000500
                 VDIFF completed...       0.5856 seconds
                COUPLE completed...       0.0574 seconds
                  HADV completed...       1.4576 seconds
                  ZADV completed...       0.2017 seconds
                 HDIFF completed...       0.1390 seconds
              DECOUPLE completed...       0.0339 seconds
                  PHOT completed...       0.1211 seconds
               CLDPROC completed...       0.1659 seconds
                  CHEM completed...       0.4274 seconds
                  AERO completed...       0.6789 seconds
            Master Time Step
            Processing completed...       3.8694 seconds

     Processing Day/Time [YYYYDDD:HHMMSS]: 2017356:045000
       Which is Equivalent to (UTC): 4:50:00  Friday,  Dec. 22, 2017
       Time-Step Length (HHMMSS): 000500
                 VDIFF completed...       0.5859 seconds
                COUPLE completed...       0.0551 seconds
                  HADV completed...       1.4563 seconds
                  ZADV completed...       0.2026 seconds
                 HDIFF completed...       0.1382 seconds
              DECOUPLE completed...       0.0331 seconds
                  PHOT completed...       0.1216 seconds
               CLDPROC completed...       0.1661 seconds
                  CHEM completed...       0.4258 seconds
                  AERO completed...       0.6773 seconds
            Master Time Step
            Processing completed...       3.8629 seconds

     Processing Day/Time [YYYYDDD:HHMMSS]: 2017356:045500
       Which is Equivalent to (UTC): 4:55:00  Friday,  Dec. 22, 2017
       Time-Step Length (HHMMSS): 000500
                 VDIFF completed...       1.5238 seconds
                COUPLE completed...       0.1115 seconds
                  HADV completed...       1.1535 seconds
                  ZADV completed...       0.2005 seconds
                 HDIFF completed...       0.1435 seconds
              DECOUPLE completed...       0.0334 seconds
                  PHOT completed...       0.1216 seconds
               CLDPROC completed...       0.7371 seconds
                  CHEM completed...       0.4140 seconds
                  AERO completed...       0.6723 seconds
            Master Time Step
            Processing completed...       5.1121 seconds

      =--> Data Output completed...       0.9287 seconds

     Processing Day/Time [YYYYDDD:HHMMSS]: 2017356:050000
       Which is Equivalent to (UTC): 5:00:00  Friday,  Dec. 22, 2017
       Time-Step Length (HHMMSS): 000500
                 VDIFF completed...       5.2672 seconds
                COUPLE completed...       0.0504 seconds
                  HADV completed...       1.9138 seconds
                  ZADV completed...       0.2028 seconds
                 HDIFF completed...       0.1390 seconds
              DECOUPLE completed...       0.0338 seconds
                  PHOT completed...       1.1919 seconds
               CLDPROC completed...       0.1730 seconds
                  CHEM completed...       0.4313 seconds
                  AERO completed...       0.6903 seconds
            Master Time Step
            Processing completed...      10.0963 seconds

     Processing Day/Time [YYYYDDD:HHMMSS]: 2017356:050500
       Which is Equivalent to (UTC): 5:05:00  Friday,  Dec. 22, 2017
       Time-Step Length (HHMMSS): 000500
                 VDIFF completed...       0.5759 seconds
                COUPLE completed...       0.0464 seconds
                  HADV completed...       1.9650 seconds
                  ZADV completed...       0.2035 seconds
                 HDIFF completed...       0.1389 seconds
              DECOUPLE completed...       0.0331 seconds
                  PHOT completed...       0.1214 seconds
               CLDPROC completed...       0.1646 seconds
                  CHEM completed...       0.4280 seconds
                  AERO completed...       0.6730 seconds
            Master Time Step
            Processing completed...       4.3536 seconds

     Processing Day/Time [YYYYDDD:HHMMSS]: 2017356:051000
       Which is Equivalent to (UTC): 5:10:00  Friday,  Dec. 22, 2017
       Time-Step Length (HHMMSS): 000500
                 VDIFF completed...       0.5502 seconds
                COUPLE completed...       0.0583 seconds
                  HADV completed...       1.5084 seconds
                  ZADV completed...       0.2026 seconds
                 HDIFF completed...       0.1376 seconds
              DECOUPLE completed...       0.0339 seconds
                  PHOT completed...       0.1208 seconds
               CLDPROC completed...       0.1653 seconds
                  CHEM completed...       0.4304 seconds
                  AERO completed...       0.6701 seconds
            Master Time Step
            Processing completed...       3.8822 seconds

     Processing Day/Time [YYYYDDD:HHMMSS]: 2017356:051500
       Which is Equivalent to (UTC): 5:15:00  Friday,  Dec. 22, 2017
       Time-Step Length (HHMMSS): 000500
                 VDIFF completed...       0.5488 seconds
                COUPLE completed...       0.0563 seconds
                  HADV completed...       1.5448 seconds
                  ZADV completed...       0.1933 seconds
                 HDIFF completed...       0.1448 seconds
              DECOUPLE completed...       0.0355 seconds
                  PHOT completed...       0.1178 seconds
               CLDPROC completed...       0.1647 seconds
                  CHEM completed...       0.4264 seconds
                  AERO completed...       0.6655 seconds
            Master Time Step
            Processing completed...       3.9019 seconds

     Processing Day/Time [YYYYDDD:HHMMSS]: 2017356:052000
       Which is Equivalent to (UTC): 5:20:00  Friday,  Dec. 22, 2017
       Time-Step Length (HHMMSS): 000500
                 VDIFF completed...       0.5574 seconds
                COUPLE completed...       0.0545 seconds
                  HADV completed...       1.4988 seconds
                  ZADV completed...       0.2032 seconds
                 HDIFF completed...       0.1381 seconds
              DECOUPLE completed...       0.0341 seconds
                  PHOT completed...       0.1199 seconds
               CLDPROC completed...       0.1648 seconds
                  CHEM completed...       0.4240 seconds
                  AERO completed...       0.6631 seconds
            Master Time Step
            Processing completed...       3.8625 seconds

     Processing Day/Time [YYYYDDD:HHMMSS]: 2017356:052500
       Which is Equivalent to (UTC): 5:25:00  Friday,  Dec. 22, 2017
       Time-Step Length (HHMMSS): 000500
                 VDIFF completed...       0.5928 seconds
                COUPLE completed...       0.0622 seconds
                  HADV completed...       1.4445 seconds
                  ZADV completed...       0.2031 seconds
                 HDIFF completed...       0.1383 seconds
              DECOUPLE completed...       0.0335 seconds
                  PHOT completed...       0.1207 seconds
               CLDPROC completed...       0.1651 seconds
                  CHEM completed...       0.4258 seconds
                  AERO completed...       0.6638 seconds
            Master Time Step
            Processing completed...       3.8544 seconds

     Processing Day/Time [YYYYDDD:HHMMSS]: 2017356:053000
       Which is Equivalent to (UTC): 5:30:00  Friday,  Dec. 22, 2017
       Time-Step Length (HHMMSS): 000500
                 VDIFF completed...       0.5614 seconds
                COUPLE completed...       0.0525 seconds
                  HADV completed...       1.4991 seconds
                  ZADV completed...       0.2033 seconds
                 HDIFF completed...       0.1387 seconds
              DECOUPLE completed...       0.0335 seconds
                  PHOT completed...       0.1200 seconds
               CLDPROC completed...       0.1652 seconds
                  CHEM completed...       0.4281 seconds
                  AERO completed...       0.6591 seconds
            Master Time Step
            Processing completed...       3.8654 seconds

     Processing Day/Time [YYYYDDD:HHMMSS]: 2017356:053500
       Which is Equivalent to (UTC): 5:35:00  Friday,  Dec. 22, 2017
       Time-Step Length (HHMMSS): 000500
                 VDIFF completed...       0.5725 seconds
                COUPLE completed...       0.0536 seconds
                  HADV completed...       1.7516 seconds
                  ZADV completed...       0.1992 seconds
                 HDIFF completed...       0.1453 seconds
              DECOUPLE completed...       0.0336 seconds
                  PHOT completed...       0.1206 seconds
               CLDPROC completed...       0.1647 seconds
                  CHEM completed...       0.4273 seconds
                  AERO completed...       0.6628 seconds
            Master Time Step
            Processing completed...       4.1359 seconds

     Processing Day/Time [YYYYDDD:HHMMSS]: 2017356:054000
       Which is Equivalent to (UTC): 5:40:00  Friday,  Dec. 22, 2017
       Time-Step Length (HHMMSS): 000500
                 VDIFF completed...       0.5544 seconds
                COUPLE completed...       0.0576 seconds
                  HADV completed...       1.4929 seconds
                  ZADV completed...       0.2016 seconds
                 HDIFF completed...       0.1495 seconds
              DECOUPLE completed...       0.0338 seconds
                  PHOT completed...       0.1208 seconds
               CLDPROC completed...       0.1648 seconds
                  CHEM completed...       0.4271 seconds
                  AERO completed...       0.6640 seconds
            Master Time Step
            Processing completed...       3.8693 seconds

     Processing Day/Time [YYYYDDD:HHMMSS]: 2017356:054500
       Which is Equivalent to (UTC): 5:45:00  Friday,  Dec. 22, 2017
       Time-Step Length (HHMMSS): 000500
                 VDIFF completed...       0.5434 seconds
                COUPLE completed...       0.0610 seconds
                  HADV completed...       1.5050 seconds
                  ZADV completed...       0.2030 seconds
                 HDIFF completed...       0.1389 seconds
              DECOUPLE completed...       0.0334 seconds
                  PHOT completed...       0.1207 seconds
               CLDPROC completed...       0.1635 seconds
                  CHEM completed...       0.4265 seconds
                  AERO completed...       0.6620 seconds
            Master Time Step
            Processing completed...       3.8620 seconds

     Processing Day/Time [YYYYDDD:HHMMSS]: 2017356:055000
       Which is Equivalent to (UTC): 5:50:00  Friday,  Dec. 22, 2017
       Time-Step Length (HHMMSS): 000500
                 VDIFF completed...       0.5486 seconds
                COUPLE completed...       0.0622 seconds
                  HADV completed...       1.5034 seconds
                  ZADV completed...       0.2028 seconds
                 HDIFF completed...       0.1395 seconds
              DECOUPLE completed...       0.0348 seconds
                  PHOT completed...       0.1196 seconds
               CLDPROC completed...       0.1635 seconds
                  CHEM completed...       0.4246 seconds
                  AERO completed...       0.6672 seconds
            Master Time Step
            Processing completed...       3.8707 seconds

     Processing Day/Time [YYYYDDD:HHMMSS]: 2017356:055500
       Which is Equivalent to (UTC): 5:55:00  Friday,  Dec. 22, 2017
       Time-Step Length (HHMMSS): 000500
                 VDIFF completed...       1.5989 seconds
                COUPLE completed...       0.1102 seconds
                  HADV completed...       1.1373 seconds
                  ZADV completed...       0.2040 seconds
                 HDIFF completed...       0.1390 seconds
              DECOUPLE completed...       0.0342 seconds
                  PHOT completed...       0.1204 seconds
               CLDPROC completed...       0.8092 seconds
                  CHEM completed...       0.4240 seconds
                  AERO completed...       0.6669 seconds
            Master Time Step
            Processing completed...       5.2464 seconds

      =--> Data Output completed...       0.9460 seconds

     Processing Day/Time [YYYYDDD:HHMMSS]: 2017356:060000
       Which is Equivalent to (UTC): 6:00:00  Friday,  Dec. 22, 2017
       Time-Step Length (HHMMSS): 000500
                 VDIFF completed...       5.2597 seconds
                COUPLE completed...       0.0670 seconds
                  HADV completed...       1.9629 seconds
                  ZADV completed...       0.1953 seconds
                 HDIFF completed...       0.1468 seconds
              DECOUPLE completed...       0.0331 seconds
                  PHOT completed...       1.2308 seconds
               CLDPROC completed...       0.1651 seconds
                  CHEM completed...       0.4327 seconds
                  AERO completed...       0.6675 seconds
            Master Time Step
            Processing completed...      10.1639 seconds

     Processing Day/Time [YYYYDDD:HHMMSS]: 2017356:060500
       Which is Equivalent to (UTC): 6:05:00  Friday,  Dec. 22, 2017
       Time-Step Length (HHMMSS): 000500
                 VDIFF completed...       0.5652 seconds
                COUPLE completed...       0.0578 seconds
                  HADV completed...       1.4876 seconds
                  ZADV completed...       0.2033 seconds
                 HDIFF completed...       0.1386 seconds
              DECOUPLE completed...       0.0338 seconds
                  PHOT completed...       0.1204 seconds
               CLDPROC completed...       0.1662 seconds
                  CHEM completed...       0.4274 seconds
                  AERO completed...       0.6627 seconds
            Master Time Step
            Processing completed...       3.8667 seconds

     Processing Day/Time [YYYYDDD:HHMMSS]: 2017356:061000
       Which is Equivalent to (UTC): 6:10:00  Friday,  Dec. 22, 2017
       Time-Step Length (HHMMSS): 000500
                 VDIFF completed...       0.5226 seconds
                COUPLE completed...       0.0626 seconds
                  HADV completed...       1.5340 seconds
                  ZADV completed...       0.2028 seconds
                 HDIFF completed...       0.1381 seconds
              DECOUPLE completed...       0.0331 seconds
                  PHOT completed...       0.1209 seconds
               CLDPROC completed...       0.1686 seconds
                  CHEM completed...       0.4265 seconds
                  AERO completed...       0.6538 seconds
            Master Time Step
            Processing completed...       3.8675 seconds

     Processing Day/Time [YYYYDDD:HHMMSS]: 2017356:061500
       Which is Equivalent to (UTC): 6:15:00  Friday,  Dec. 22, 2017
       Time-Step Length (HHMMSS): 000500
                 VDIFF completed...       0.5507 seconds
                COUPLE completed...       0.0574 seconds
                  HADV completed...       1.5026 seconds
                  ZADV completed...       0.2026 seconds
                 HDIFF completed...       0.1528 seconds
              DECOUPLE completed...       0.0333 seconds
                  PHOT completed...       0.1214 seconds
               CLDPROC completed...       0.1696 seconds
                  CHEM completed...       0.4272 seconds
                  AERO completed...       0.6532 seconds
            Master Time Step
            Processing completed...       3.8753 seconds

     Processing Day/Time [YYYYDDD:HHMMSS]: 2017356:062000
       Which is Equivalent to (UTC): 6:20:00  Friday,  Dec. 22, 2017
       Time-Step Length (HHMMSS): 000500
                 VDIFF completed...       0.5666 seconds
                COUPLE completed...       0.0481 seconds
                  HADV completed...       1.5093 seconds
                  ZADV completed...       0.2034 seconds
                 HDIFF completed...       0.1376 seconds
              DECOUPLE completed...       0.0341 seconds
                  PHOT completed...       0.1210 seconds
               CLDPROC completed...       0.1689 seconds
                  CHEM completed...       0.4291 seconds
                  AERO completed...       0.6541 seconds
            Master Time Step
            Processing completed...       3.8760 seconds

     Processing Day/Time [YYYYDDD:HHMMSS]: 2017356:062500
       Which is Equivalent to (UTC): 6:25:00  Friday,  Dec. 22, 2017
       Time-Step Length (HHMMSS): 000500
                 VDIFF completed...       0.5453 seconds
                COUPLE completed...       0.0579 seconds
                  HADV completed...       1.5277 seconds
                  ZADV completed...       0.2037 seconds
                 HDIFF completed...       0.1387 seconds
              DECOUPLE completed...       0.0338 seconds
                  PHOT completed...       0.1208 seconds
               CLDPROC completed...       0.1687 seconds
                  CHEM completed...       0.4288 seconds
                  AERO completed...       0.6516 seconds
            Master Time Step
            Processing completed...       3.8807 seconds

     Processing Day/Time [YYYYDDD:HHMMSS]: 2017356:063000
       Which is Equivalent to (UTC): 6:30:00  Friday,  Dec. 22, 2017
       Time-Step Length (HHMMSS): 000500
                 VDIFF completed...       0.5359 seconds
                COUPLE completed...       0.0606 seconds
                  HADV completed...       1.5128 seconds
                  ZADV completed...       0.2041 seconds
                 HDIFF completed...       0.1562 seconds
              DECOUPLE completed...       0.0362 seconds
                  PHOT completed...       0.1173 seconds
               CLDPROC completed...       0.1646 seconds
                  CHEM completed...       0.4237 seconds
                  AERO completed...       0.6384 seconds
            Master Time Step
            Processing completed...       3.8538 seconds

     Processing Day/Time [YYYYDDD:HHMMSS]: 2017356:063500
       Which is Equivalent to (UTC): 6:35:00  Friday,  Dec. 22, 2017
       Time-Step Length (HHMMSS): 000500
                 VDIFF completed...       0.5367 seconds
                COUPLE completed...       0.0657 seconds
                  HADV completed...       1.5307 seconds
                  ZADV completed...       0.2029 seconds
                 HDIFF completed...       0.1396 seconds
              DECOUPLE completed...       0.0326 seconds
                  PHOT completed...       0.1211 seconds
               CLDPROC completed...       0.1692 seconds
                  CHEM completed...       0.4290 seconds
                  AERO completed...       0.6481 seconds
            Master Time Step
            Processing completed...       3.8804 seconds

     Processing Day/Time [YYYYDDD:HHMMSS]: 2017356:064000
       Which is Equivalent to (UTC): 6:40:00  Friday,  Dec. 22, 2017
       Time-Step Length (HHMMSS): 000500
                 VDIFF completed...       0.5523 seconds
                COUPLE completed...       0.0560 seconds
                  HADV completed...       1.5162 seconds
                  ZADV completed...       0.2039 seconds
                 HDIFF completed...       0.1381 seconds
              DECOUPLE completed...       0.0338 seconds
                  PHOT completed...       0.1203 seconds
               CLDPROC completed...       0.1694 seconds
                  CHEM completed...       0.4283 seconds
                  AERO completed...       0.6529 seconds
            Master Time Step
            Processing completed...       3.8759 seconds

     Processing Day/Time [YYYYDDD:HHMMSS]: 2017356:064500
       Which is Equivalent to (UTC): 6:45:00  Friday,  Dec. 22, 2017
       Time-Step Length (HHMMSS): 000500
                 VDIFF completed...       0.5372 seconds
                COUPLE completed...       0.0592 seconds
                  HADV completed...       1.5138 seconds
                  ZADV completed...       0.2038 seconds
                 HDIFF completed...       0.1381 seconds
              DECOUPLE completed...       0.0359 seconds
                  PHOT completed...       0.1202 seconds
               CLDPROC completed...       0.1690 seconds
                  CHEM completed...       0.4301 seconds
                  AERO completed...       0.6507 seconds
            Master Time Step
            Processing completed...       3.8599 seconds

     Processing Day/Time [YYYYDDD:HHMMSS]: 2017356:065000
       Which is Equivalent to (UTC): 6:50:00  Friday,  Dec. 22, 2017
       Time-Step Length (HHMMSS): 000500
                 VDIFF completed...       0.5413 seconds
                COUPLE completed...       0.0576 seconds
                  HADV completed...       1.5342 seconds
                  ZADV completed...       0.2036 seconds
                 HDIFF completed...       0.1386 seconds
              DECOUPLE completed...       0.0335 seconds
                  PHOT completed...       0.1209 seconds
               CLDPROC completed...       0.1685 seconds
                  CHEM completed...       0.4291 seconds
                  AERO completed...       0.6500 seconds
            Master Time Step
            Processing completed...       3.8814 seconds

     Processing Day/Time [YYYYDDD:HHMMSS]: 2017356:065500
       Which is Equivalent to (UTC): 6:55:00  Friday,  Dec. 22, 2017
       Time-Step Length (HHMMSS): 000500
                 VDIFF completed...       1.6105 seconds
                COUPLE completed...       0.1115 seconds
                  HADV completed...       1.1545 seconds
                  ZADV completed...       0.2041 seconds
                 HDIFF completed...       0.1389 seconds
              DECOUPLE completed...       0.0341 seconds
                  PHOT completed...       0.1207 seconds
               CLDPROC completed...       0.8421 seconds
                  CHEM completed...       0.4283 seconds
                  AERO completed...       0.6665 seconds
            Master Time Step
            Processing completed...       5.3155 seconds

      =--> Data Output completed...       0.9818 seconds

     Processing Day/Time [YYYYDDD:HHMMSS]: 2017356:070000
       Which is Equivalent to (UTC): 7:00:00  Friday,  Dec. 22, 2017
       Time-Step Length (HHMMSS): 000500
                 VDIFF completed...       5.0995 seconds
                COUPLE completed...       0.0606 seconds
                  HADV completed...       1.9244 seconds
                  ZADV completed...       0.2036 seconds
                 HDIFF completed...       0.1382 seconds
              DECOUPLE completed...       0.0335 seconds
                  PHOT completed...       1.2035 seconds
               CLDPROC completed...       0.1761 seconds
                  CHEM completed...       0.4325 seconds
                  AERO completed...       0.6536 seconds
            Master Time Step
            Processing completed...       9.9272 seconds

     Processing Day/Time [YYYYDDD:HHMMSS]: 2017356:070500
       Which is Equivalent to (UTC): 7:05:00  Friday,  Dec. 22, 2017
       Time-Step Length (HHMMSS): 000500
                 VDIFF completed...       0.7794 seconds
                COUPLE completed...       0.0307 seconds
                  HADV completed...       1.5497 seconds
                  ZADV completed...       0.1948 seconds
                 HDIFF completed...       0.1502 seconds
              DECOUPLE completed...       0.0342 seconds
                  PHOT completed...       0.1206 seconds
               CLDPROC completed...       0.1687 seconds
                  CHEM completed...       0.4285 seconds
                  AERO completed...       0.6441 seconds
            Master Time Step
            Processing completed...       4.1045 seconds

     Processing Day/Time [YYYYDDD:HHMMSS]: 2017356:071000
       Which is Equivalent to (UTC): 7:10:00  Friday,  Dec. 22, 2017
       Time-Step Length (HHMMSS): 000500
                 VDIFF completed...       0.5124 seconds
                COUPLE completed...       0.0606 seconds
                  HADV completed...       1.5707 seconds
                  ZADV completed...       0.1951 seconds
                 HDIFF completed...       0.1468 seconds
              DECOUPLE completed...       0.0337 seconds
                  PHOT completed...       0.1205 seconds
               CLDPROC completed...       0.1697 seconds
                  CHEM completed...       0.4283 seconds
                  AERO completed...       0.6409 seconds
            Master Time Step
            Processing completed...       3.8823 seconds

     Processing Day/Time [YYYYDDD:HHMMSS]: 2017356:071500
       Which is Equivalent to (UTC): 7:15:00  Friday,  Dec. 22, 2017
       Time-Step Length (HHMMSS): 000500
                 VDIFF completed...       0.5030 seconds
                COUPLE completed...       0.0582 seconds
                  HADV completed...       1.5825 seconds
                  ZADV completed...       0.1949 seconds
                 HDIFF completed...       0.1477 seconds
              DECOUPLE completed...       0.0338 seconds
                  PHOT completed...       0.1203 seconds
               CLDPROC completed...       0.1693 seconds
                  CHEM completed...       0.4274 seconds
                  AERO completed...       0.6404 seconds
            Master Time Step
            Processing completed...       3.8818 seconds

     Processing Day/Time [YYYYDDD:HHMMSS]: 2017356:072000
       Which is Equivalent to (UTC): 7:20:00  Friday,  Dec. 22, 2017
       Time-Step Length (HHMMSS): 000500
                 VDIFF completed...       0.5111 seconds
                COUPLE completed...       0.0568 seconds
                  HADV completed...       1.5568 seconds
                  ZADV completed...       0.1956 seconds
                 HDIFF completed...       0.1479 seconds
              DECOUPLE completed...       0.0333 seconds
                  PHOT completed...       0.1211 seconds
               CLDPROC completed...       0.1708 seconds
                  CHEM completed...       0.4288 seconds
                  AERO completed...       0.6393 seconds
            Master Time Step
            Processing completed...       3.8657 seconds

     Processing Day/Time [YYYYDDD:HHMMSS]: 2017356:072500
       Which is Equivalent to (UTC): 7:25:00  Friday,  Dec. 22, 2017
       Time-Step Length (HHMMSS): 000500
                 VDIFF completed...       0.5149 seconds
                COUPLE completed...       0.0623 seconds
                  HADV completed...       1.5672 seconds
                  ZADV completed...       0.1959 seconds
                 HDIFF completed...       0.1460 seconds
              DECOUPLE completed...       0.0334 seconds
                  PHOT completed...       0.1212 seconds
               CLDPROC completed...       0.1703 seconds
                  CHEM completed...       0.4277 seconds
                  AERO completed...       0.6390 seconds
            Master Time Step
            Processing completed...       3.8816 seconds

     Processing Day/Time [YYYYDDD:HHMMSS]: 2017356:073000
       Which is Equivalent to (UTC): 7:30:00  Friday,  Dec. 22, 2017
       Time-Step Length (HHMMSS): 000500
                 VDIFF completed...       0.5195 seconds
                COUPLE completed...       0.0611 seconds
                  HADV completed...       1.5578 seconds
                  ZADV completed...       0.1959 seconds
                 HDIFF completed...       0.1456 seconds
              DECOUPLE completed...       0.0342 seconds
                  PHOT completed...       0.1202 seconds
               CLDPROC completed...       0.1698 seconds
                  CHEM completed...       0.4282 seconds
                  AERO completed...       0.6318 seconds
            Master Time Step
            Processing completed...       3.8679 seconds

     Processing Day/Time [YYYYDDD:HHMMSS]: 2017356:073500
       Which is Equivalent to (UTC): 7:35:00  Friday,  Dec. 22, 2017
       Time-Step Length (HHMMSS): 000500
                 VDIFF completed...       0.5163 seconds
                COUPLE completed...       0.0569 seconds
                  HADV completed...       1.5650 seconds
                  ZADV completed...       0.1961 seconds
                 HDIFF completed...       0.1484 seconds
              DECOUPLE completed...       0.0333 seconds
                  PHOT completed...       0.1205 seconds
               CLDPROC completed...       0.1706 seconds
                  CHEM completed...       0.4293 seconds
                  AERO completed...       0.6378 seconds
            Master Time Step
            Processing completed...       3.8787 seconds

     Processing Day/Time [YYYYDDD:HHMMSS]: 2017356:074000
       Which is Equivalent to (UTC): 7:40:00  Friday,  Dec. 22, 2017
       Time-Step Length (HHMMSS): 000500
                 VDIFF completed...       0.5130 seconds
                COUPLE completed...       0.0638 seconds
                  HADV completed...       1.5753 seconds
                  ZADV completed...       0.1960 seconds
                 HDIFF completed...       0.1457 seconds
              DECOUPLE completed...       0.0339 seconds
                  PHOT completed...       0.1199 seconds
               CLDPROC completed...       0.1707 seconds
                  CHEM completed...       0.4278 seconds
                  AERO completed...       0.6366 seconds
            Master Time Step
            Processing completed...       3.8868 seconds

     Processing Day/Time [YYYYDDD:HHMMSS]: 2017356:074500
       Which is Equivalent to (UTC): 7:45:00  Friday,  Dec. 22, 2017
       Time-Step Length (HHMMSS): 000500
                 VDIFF completed...       0.5146 seconds
                COUPLE completed...       0.0585 seconds
                  HADV completed...       1.5757 seconds
                  ZADV completed...       0.1955 seconds
                 HDIFF completed...       0.1468 seconds
              DECOUPLE completed...       0.0340 seconds
                  PHOT completed...       0.1205 seconds
               CLDPROC completed...       0.1695 seconds
                  CHEM completed...       0.4299 seconds
                  AERO completed...       0.6366 seconds
            Master Time Step
            Processing completed...       3.8858 seconds

     Processing Day/Time [YYYYDDD:HHMMSS]: 2017356:075000
       Which is Equivalent to (UTC): 7:50:00  Friday,  Dec. 22, 2017
       Time-Step Length (HHMMSS): 000500
                 VDIFF completed...       0.5122 seconds
                COUPLE completed...       0.0598 seconds
                  HADV completed...       1.5579 seconds
                  ZADV completed...       0.1965 seconds
                 HDIFF completed...       0.1472 seconds
              DECOUPLE completed...       0.0336 seconds
                  PHOT completed...       0.1207 seconds
               CLDPROC completed...       0.1693 seconds
                  CHEM completed...       0.4292 seconds
                  AERO completed...       0.6368 seconds
            Master Time Step
            Processing completed...       3.8679 seconds

     Processing Day/Time [YYYYDDD:HHMMSS]: 2017356:075500
       Which is Equivalent to (UTC): 7:55:00  Friday,  Dec. 22, 2017
       Time-Step Length (HHMMSS): 000500
                 VDIFF completed...       1.6264 seconds
                COUPLE completed...       0.1110 seconds
                  HADV completed...       1.1397 seconds
                  ZADV completed...       0.1970 seconds
                 HDIFF completed...       0.1454 seconds
              DECOUPLE completed...       0.0342 seconds
                  PHOT completed...       0.1204 seconds
               CLDPROC completed...       0.8481 seconds
                  CHEM completed...       0.4345 seconds
                  AERO completed...       0.6925 seconds
            Master Time Step
            Processing completed...       5.3536 seconds

      =--> Data Output completed...       0.9244 seconds

     Processing Day/Time [YYYYDDD:HHMMSS]: 2017356:080000
       Which is Equivalent to (UTC): 8:00:00  Friday,  Dec. 22, 2017
       Time-Step Length (HHMMSS): 000500
                 VDIFF completed...       5.1962 seconds
                COUPLE completed...       0.0617 seconds
                  HADV completed...       1.9361 seconds
                  ZADV completed...       0.2022 seconds
                 HDIFF completed...       0.1427 seconds
              DECOUPLE completed...       0.0336 seconds
                  PHOT completed...       1.2513 seconds
               CLDPROC completed...       0.1797 seconds
                  CHEM completed...       0.4329 seconds
                  AERO completed...       0.6452 seconds
            Master Time Step
            Processing completed...      10.0846 seconds

     Processing Day/Time [YYYYDDD:HHMMSS]: 2017356:080500
       Which is Equivalent to (UTC): 8:05:00  Friday,  Dec. 22, 2017
       Time-Step Length (HHMMSS): 000500
                 VDIFF completed...       0.5332 seconds
                COUPLE completed...       0.0689 seconds
                  HADV completed...       1.5555 seconds
                  ZADV completed...       0.2012 seconds
                 HDIFF completed...       0.1401 seconds
              DECOUPLE completed...       0.0327 seconds
                  PHOT completed...       0.1215 seconds
               CLDPROC completed...       0.1717 seconds
                  CHEM completed...       0.4287 seconds
                  AERO completed...       0.6272 seconds
            Master Time Step
            Processing completed...       3.8841 seconds

     Processing Day/Time [YYYYDDD:HHMMSS]: 2017356:081000
       Which is Equivalent to (UTC): 8:10:00  Friday,  Dec. 22, 2017
       Time-Step Length (HHMMSS): 000500
                 VDIFF completed...       0.5433 seconds
                COUPLE completed...       0.0705 seconds
                  HADV completed...       1.6754 seconds
                  ZADV completed...       0.2013 seconds
                 HDIFF completed...       0.1458 seconds
              DECOUPLE completed...       0.0329 seconds
                  PHOT completed...       0.1211 seconds
               CLDPROC completed...       0.1732 seconds
                  CHEM completed...       0.4278 seconds
                  AERO completed...       0.6340 seconds
            Master Time Step
            Processing completed...       4.0294 seconds

     Processing Day/Time [YYYYDDD:HHMMSS]: 2017356:081500
       Which is Equivalent to (UTC): 8:15:00  Friday,  Dec. 22, 2017
       Time-Step Length (HHMMSS): 000500
                 VDIFF completed...       0.5225 seconds
                COUPLE completed...       0.0689 seconds
                  HADV completed...       1.5432 seconds
                  ZADV completed...       0.2007 seconds
                 HDIFF completed...       0.1396 seconds
              DECOUPLE completed...       0.0349 seconds
                  PHOT completed...       0.1200 seconds
               CLDPROC completed...       0.1739 seconds
                  CHEM completed...       0.4271 seconds
                  AERO completed...       0.6343 seconds
            Master Time Step
            Processing completed...       3.8695 seconds

     Processing Day/Time [YYYYDDD:HHMMSS]: 2017356:082000
       Which is Equivalent to (UTC): 8:20:00  Friday,  Dec. 22, 2017
       Time-Step Length (HHMMSS): 000500
                 VDIFF completed...       0.5196 seconds
                COUPLE completed...       0.0674 seconds
                  HADV completed...       1.5593 seconds
                  ZADV completed...       0.2023 seconds
                 HDIFF completed...       0.1391 seconds
              DECOUPLE completed...       0.0330 seconds
                  PHOT completed...       0.1210 seconds
               CLDPROC completed...       0.1746 seconds
                  CHEM completed...       0.4278 seconds
                  AERO completed...       0.6328 seconds
            Master Time Step
            Processing completed...       3.8807 seconds

     Processing Day/Time [YYYYDDD:HHMMSS]: 2017356:082500
       Which is Equivalent to (UTC): 8:25:00  Friday,  Dec. 22, 2017
       Time-Step Length (HHMMSS): 000500
                 VDIFF completed...       0.5122 seconds
                COUPLE completed...       0.0643 seconds
                  HADV completed...       1.5701 seconds
                  ZADV completed...       0.2023 seconds
                 HDIFF completed...       0.1390 seconds
              DECOUPLE completed...       0.0331 seconds
                  PHOT completed...       0.1217 seconds
               CLDPROC completed...       0.1729 seconds
                  CHEM completed...       0.4269 seconds
                  AERO completed...       0.6322 seconds
            Master Time Step
            Processing completed...       3.8790 seconds

     Processing Day/Time [YYYYDDD:HHMMSS]: 2017356:083000
       Which is Equivalent to (UTC): 8:30:00  Friday,  Dec. 22, 2017
       Time-Step Length (HHMMSS): 000500
                 VDIFF completed...       0.5156 seconds
                COUPLE completed...       0.0681 seconds
                  HADV completed...       1.5524 seconds
                  ZADV completed...       0.2023 seconds
                 HDIFF completed...       0.1387 seconds
              DECOUPLE completed...       0.0328 seconds
                  PHOT completed...       0.1215 seconds
               CLDPROC completed...       0.1724 seconds
                  CHEM completed...       0.4259 seconds
                  AERO completed...       0.6312 seconds
            Master Time Step
            Processing completed...       3.8647 seconds

     Processing Day/Time [YYYYDDD:HHMMSS]: 2017356:083500
       Which is Equivalent to (UTC): 8:35:00  Friday,  Dec. 22, 2017
       Time-Step Length (HHMMSS): 000500
                 VDIFF completed...       0.5076 seconds
                COUPLE completed...       0.0656 seconds
                  HADV completed...       1.5800 seconds
                  ZADV completed...       0.2024 seconds
                 HDIFF completed...       0.1392 seconds
              DECOUPLE completed...       0.0335 seconds
                  PHOT completed...       0.1208 seconds
               CLDPROC completed...       0.1737 seconds
                  CHEM completed...       0.4256 seconds
                  AERO completed...       0.6313 seconds
            Master Time Step
            Processing completed...       3.8843 seconds

     Processing Day/Time [YYYYDDD:HHMMSS]: 2017356:084000
       Which is Equivalent to (UTC): 8:40:00  Friday,  Dec. 22, 2017
       Time-Step Length (HHMMSS): 000500
                 VDIFF completed...       0.5023 seconds
                COUPLE completed...       0.0670 seconds
                  HADV completed...       1.5830 seconds
                  ZADV completed...       0.2016 seconds
                 HDIFF completed...       0.1389 seconds
              DECOUPLE completed...       0.0324 seconds
                  PHOT completed...       0.1214 seconds
               CLDPROC completed...       0.1728 seconds
                  CHEM completed...       0.4269 seconds
                  AERO completed...       0.6312 seconds
            Master Time Step
            Processing completed...       3.8821 seconds

     Processing Day/Time [YYYYDDD:HHMMSS]: 2017356:084500
       Which is Equivalent to (UTC): 8:45:00  Friday,  Dec. 22, 2017
       Time-Step Length (HHMMSS): 000500
                 VDIFF completed...       0.5075 seconds
                COUPLE completed...       0.0668 seconds
                  HADV completed...       1.5555 seconds
                  ZADV completed...       0.2019 seconds
                 HDIFF completed...       0.1401 seconds
              DECOUPLE completed...       0.0331 seconds
                  PHOT completed...       0.1212 seconds
               CLDPROC completed...       0.1709 seconds
                  CHEM completed...       0.4247 seconds
                  AERO completed...       0.6239 seconds
            Master Time Step
            Processing completed...       3.8499 seconds

     Processing Day/Time [YYYYDDD:HHMMSS]: 2017356:085000
       Which is Equivalent to (UTC): 8:50:00  Friday,  Dec. 22, 2017
       Time-Step Length (HHMMSS): 000500
                 VDIFF completed...       0.5172 seconds
                COUPLE completed...       0.0640 seconds
                  HADV completed...       1.5713 seconds
                  ZADV completed...       0.2018 seconds
                 HDIFF completed...       0.1393 seconds
              DECOUPLE completed...       0.0329 seconds
                  PHOT completed...       0.1212 seconds
               CLDPROC completed...       0.1718 seconds
                  CHEM completed...       0.4254 seconds
                  AERO completed...       0.6296 seconds
            Master Time Step
            Processing completed...       3.8790 seconds

     Processing Day/Time [YYYYDDD:HHMMSS]: 2017356:085500
       Which is Equivalent to (UTC): 8:55:00  Friday,  Dec. 22, 2017
       Time-Step Length (HHMMSS): 000500
                 VDIFF completed...       1.6283 seconds
                COUPLE completed...       0.1118 seconds
                  HADV completed...       1.1537 seconds
                  ZADV completed...       0.2028 seconds
                 HDIFF completed...       0.1384 seconds
              DECOUPLE completed...       0.0328 seconds
                  PHOT completed...       0.1214 seconds
               CLDPROC completed...       0.8286 seconds
                  CHEM completed...       0.4235 seconds
                  AERO completed...       0.6503 seconds
            Master Time Step
            Processing completed...       5.2965 seconds

      =--> Data Output completed...       0.9509 seconds

     Processing Day/Time [YYYYDDD:HHMMSS]: 2017356:090000
       Which is Equivalent to (UTC): 9:00:00  Friday,  Dec. 22, 2017
       Time-Step Length (HHMMSS): 000500
                 VDIFF completed...       5.2235 seconds
                COUPLE completed...       0.0729 seconds
                  HADV completed...       1.9332 seconds
                  ZADV completed...       0.2034 seconds
                 HDIFF completed...       0.1397 seconds
              DECOUPLE completed...       0.0332 seconds
                  PHOT completed...       1.2496 seconds
               CLDPROC completed...       0.1803 seconds
                  CHEM completed...       0.4294 seconds
                  AERO completed...       0.6399 seconds
            Master Time Step
            Processing completed...      10.1063 seconds

     Processing Day/Time [YYYYDDD:HHMMSS]: 2017356:090500
       Which is Equivalent to (UTC): 9:05:00  Friday,  Dec. 22, 2017
       Time-Step Length (HHMMSS): 000500
                 VDIFF completed...       0.7753 seconds
                COUPLE completed...       0.0321 seconds
                  HADV completed...       1.3545 seconds
                  ZADV completed...       0.2034 seconds
                 HDIFF completed...       0.1383 seconds
              DECOUPLE completed...       0.0335 seconds
                  PHOT completed...       0.1205 seconds
               CLDPROC completed...       0.1700 seconds
                  CHEM completed...       0.4249 seconds
                  AERO completed...       0.6287 seconds
            Master Time Step
            Processing completed...       3.8848 seconds

     Processing Day/Time [YYYYDDD:HHMMSS]: 2017356:091000
       Which is Equivalent to (UTC): 9:10:00  Friday,  Dec. 22, 2017
       Time-Step Length (HHMMSS): 000500
                 VDIFF completed...       0.5004 seconds
                COUPLE completed...       0.0687 seconds
                  HADV completed...       1.5921 seconds
                  ZADV completed...       0.2019 seconds
                 HDIFF completed...       0.1389 seconds
              DECOUPLE completed...       0.0336 seconds
                  PHOT completed...       0.1207 seconds
               CLDPROC completed...       0.1709 seconds
                  CHEM completed...       0.4245 seconds
                  AERO completed...       0.6233 seconds
            Master Time Step
            Processing completed...       3.8783 seconds

     Processing Day/Time [YYYYDDD:HHMMSS]: 2017356:091500
       Which is Equivalent to (UTC): 9:15:00  Friday,  Dec. 22, 2017
       Time-Step Length (HHMMSS): 000500
                 VDIFF completed...       0.5018 seconds
                COUPLE completed...       0.0684 seconds
                  HADV completed...       1.5821 seconds
                  ZADV completed...       0.2019 seconds
                 HDIFF completed...       0.1534 seconds
              DECOUPLE completed...       0.0336 seconds
                  PHOT completed...       0.1208 seconds
               CLDPROC completed...       0.1711 seconds
                  CHEM completed...       0.4230 seconds
                  AERO completed...       0.6202 seconds
            Master Time Step
            Processing completed...       3.8801 seconds

     Processing Day/Time [YYYYDDD:HHMMSS]: 2017356:092000
       Which is Equivalent to (UTC): 9:20:00  Friday,  Dec. 22, 2017
       Time-Step Length (HHMMSS): 000500
                 VDIFF completed...       0.5074 seconds
                COUPLE completed...       0.0673 seconds
                  HADV completed...       1.5876 seconds
                  ZADV completed...       0.2016 seconds
                 HDIFF completed...       0.1385 seconds
              DECOUPLE completed...       0.0331 seconds
                  PHOT completed...       0.1214 seconds
               CLDPROC completed...       0.1722 seconds
                  CHEM completed...       0.4233 seconds
                  AERO completed...       0.6279 seconds
            Master Time Step
            Processing completed...       3.8847 seconds

     Processing Day/Time [YYYYDDD:HHMMSS]: 2017356:092500
       Which is Equivalent to (UTC): 9:25:00  Friday,  Dec. 22, 2017
       Time-Step Length (HHMMSS): 000500
                 VDIFF completed...       0.4935 seconds
                COUPLE completed...       0.0663 seconds
                  HADV completed...       1.6227 seconds
                  ZADV completed...       0.2023 seconds
                 HDIFF completed...       0.1393 seconds
              DECOUPLE completed...       0.0331 seconds
                  PHOT completed...       0.1219 seconds
               CLDPROC completed...       0.1734 seconds
                  CHEM completed...       0.4247 seconds
                  AERO completed...       0.6282 seconds
            Master Time Step
            Processing completed...       3.9075 seconds

     Processing Day/Time [YYYYDDD:HHMMSS]: 2017356:093000
       Which is Equivalent to (UTC): 9:30:00  Friday,  Dec. 22, 2017
       Time-Step Length (HHMMSS): 000500
                 VDIFF completed...       0.4966 seconds
                COUPLE completed...       0.0662 seconds
                  HADV completed...       1.5850 seconds
                  ZADV completed...       0.2013 seconds
                 HDIFF completed...       0.1587 seconds
              DECOUPLE completed...       0.0337 seconds
                  PHOT completed...       0.1212 seconds
               CLDPROC completed...       0.1714 seconds
                  CHEM completed...       0.4232 seconds
                  AERO completed...       0.6187 seconds
            Master Time Step
            Processing completed...       3.8796 seconds

     Processing Day/Time [YYYYDDD:HHMMSS]: 2017356:093500
       Which is Equivalent to (UTC): 9:35:00  Friday,  Dec. 22, 2017
       Time-Step Length (HHMMSS): 000500
                 VDIFF completed...       0.5111 seconds
                COUPLE completed...       0.0640 seconds
                  HADV completed...       1.5965 seconds
                  ZADV completed...       0.2026 seconds
                 HDIFF completed...       0.1392 seconds
              DECOUPLE completed...       0.0339 seconds
                  PHOT completed...       0.1207 seconds
               CLDPROC completed...       0.1724 seconds
                  CHEM completed...       0.4246 seconds
                  AERO completed...       0.6252 seconds
            Master Time Step
            Processing completed...       3.8947 seconds

     Processing Day/Time [YYYYDDD:HHMMSS]: 2017356:094000
       Which is Equivalent to (UTC): 9:40:00  Friday,  Dec. 22, 2017
       Time-Step Length (HHMMSS): 000500
                 VDIFF completed...       0.4995 seconds
                COUPLE completed...       0.0626 seconds
                  HADV completed...       1.6055 seconds
                  ZADV completed...       0.2026 seconds
                 HDIFF completed...       0.1392 seconds
              DECOUPLE completed...       0.0333 seconds
                  PHOT completed...       0.1206 seconds
               CLDPROC completed...       0.1712 seconds
                  CHEM completed...       0.4228 seconds
                  AERO completed...       0.6204 seconds
            Master Time Step
            Processing completed...       3.8820 seconds

     Processing Day/Time [YYYYDDD:HHMMSS]: 2017356:094500
       Which is Equivalent to (UTC): 9:45:00  Friday,  Dec. 22, 2017
       Time-Step Length (HHMMSS): 000500
                 VDIFF completed...       0.4988 seconds
                COUPLE completed...       0.0662 seconds
                  HADV completed...       1.5914 seconds
                  ZADV completed...       0.2029 seconds
                 HDIFF completed...       0.1361 seconds
              DECOUPLE completed...       0.0351 seconds
                  PHOT completed...       0.1212 seconds
               CLDPROC completed...       0.1726 seconds
                  CHEM completed...       0.4240 seconds
                  AERO completed...       0.6215 seconds
            Master Time Step
            Processing completed...       3.8724 seconds

     Processing Day/Time [YYYYDDD:HHMMSS]: 2017356:095000
       Which is Equivalent to (UTC): 9:50:00  Friday,  Dec. 22, 2017
       Time-Step Length (HHMMSS): 000500
                 VDIFF completed...       0.5082 seconds
                COUPLE completed...       0.0605 seconds
                  HADV completed...       1.6060 seconds
                  ZADV completed...       0.2025 seconds
                 HDIFF completed...       0.1386 seconds
              DECOUPLE completed...       0.0339 seconds
                  PHOT completed...       0.1206 seconds
               CLDPROC completed...       0.1705 seconds
                  CHEM completed...       0.4254 seconds
                  AERO completed...       0.6239 seconds
            Master Time Step
            Processing completed...       3.8946 seconds

     Processing Day/Time [YYYYDDD:HHMMSS]: 2017356:095500
       Which is Equivalent to (UTC): 9:55:00  Friday,  Dec. 22, 2017
       Time-Step Length (HHMMSS): 000500
                 VDIFF completed...       1.6549 seconds
                COUPLE completed...       0.1114 seconds
                  HADV completed...       1.1385 seconds
                  ZADV completed...       0.2037 seconds
                 HDIFF completed...       0.1385 seconds
              DECOUPLE completed...       0.0331 seconds
                  PHOT completed...       0.1206 seconds
               CLDPROC completed...       0.8241 seconds
                  CHEM completed...       0.4242 seconds
                  AERO completed...       0.6389 seconds
            Master Time Step
            Processing completed...       5.2928 seconds

      =--> Data Output completed...       0.9887 seconds

     Processing Day/Time [YYYYDDD:HHMMSS]: 2017356:100000
       Which is Equivalent to (UTC): 10:00:00 Friday,  Dec. 22, 2017
       Time-Step Length (HHMMSS): 000500
                 VDIFF completed...       5.2072 seconds
                COUPLE completed...       0.0822 seconds
                  HADV completed...       1.9762 seconds
                  ZADV completed...       0.1949 seconds
                 HDIFF completed...       0.1470 seconds
              DECOUPLE completed...       0.0340 seconds
                  PHOT completed...       1.2532 seconds
               CLDPROC completed...       0.1796 seconds
                  CHEM completed...       0.4301 seconds
                  AERO completed...       0.6257 seconds
            Master Time Step
            Processing completed...      10.1318 seconds

     Processing Day/Time [YYYYDDD:HHMMSS]: 2017356:100500
       Which is Equivalent to (UTC): 10:05:00 Friday,  Dec. 22, 2017
       Time-Step Length (HHMMSS): 000500
                 VDIFF completed...       0.5287 seconds
                COUPLE completed...       0.0652 seconds
                  HADV completed...       1.5671 seconds
                  ZADV completed...       0.2033 seconds
                 HDIFF completed...       0.1409 seconds
              DECOUPLE completed...       0.0338 seconds
                  PHOT completed...       0.1210 seconds
               CLDPROC completed...       0.1701 seconds
                  CHEM completed...       0.4246 seconds
                  AERO completed...       0.6243 seconds
            Master Time Step
            Processing completed...       3.8833 seconds

     Processing Day/Time [YYYYDDD:HHMMSS]: 2017356:101000
       Which is Equivalent to (UTC): 10:10:00 Friday,  Dec. 22, 2017
       Time-Step Length (HHMMSS): 000500
                 VDIFF completed...       0.5026 seconds
                COUPLE completed...       0.0640 seconds
                  HADV completed...       1.6820 seconds
                  ZADV completed...       0.1957 seconds
                 HDIFF completed...       0.1660 seconds
              DECOUPLE completed...       0.0332 seconds
                  PHOT completed...       0.1210 seconds
               CLDPROC completed...       0.1718 seconds
                  CHEM completed...       0.4268 seconds
                  AERO completed...       0.6272 seconds
            Master Time Step
            Processing completed...       3.9947 seconds

     Processing Day/Time [YYYYDDD:HHMMSS]: 2017356:101500
       Which is Equivalent to (UTC): 10:15:00 Friday,  Dec. 22, 2017
       Time-Step Length (HHMMSS): 000500
                 VDIFF completed...       0.5134 seconds
                COUPLE completed...       0.0712 seconds
                  HADV completed...       1.6046 seconds
                  ZADV completed...       0.2039 seconds
                 HDIFF completed...       0.1386 seconds
              DECOUPLE completed...       0.0338 seconds
                  PHOT completed...       0.1202 seconds
               CLDPROC completed...       0.1705 seconds
                  CHEM completed...       0.4253 seconds
                  AERO completed...       0.6218 seconds
            Master Time Step
            Processing completed...       3.9075 seconds

     Processing Day/Time [YYYYDDD:HHMMSS]: 2017356:102000
       Which is Equivalent to (UTC): 10:20:00 Friday,  Dec. 22, 2017
       Time-Step Length (HHMMSS): 000500
                 VDIFF completed...       0.5120 seconds
                COUPLE completed...       0.0611 seconds
                  HADV completed...       1.5839 seconds
                  ZADV completed...       0.2030 seconds
                 HDIFF completed...       0.1387 seconds
              DECOUPLE completed...       0.0335 seconds
                  PHOT completed...       0.1210 seconds
               CLDPROC completed...       0.1726 seconds
                  CHEM completed...       0.4258 seconds
                  AERO completed...       0.6228 seconds
            Master Time Step
            Processing completed...       3.8788 seconds

     Processing Day/Time [YYYYDDD:HHMMSS]: 2017356:102500
       Which is Equivalent to (UTC): 10:25:00 Friday,  Dec. 22, 2017
       Time-Step Length (HHMMSS): 000500
                 VDIFF completed...       0.5061 seconds
                COUPLE completed...       0.0633 seconds
                  HADV completed...       1.6069 seconds
                  ZADV completed...       0.2038 seconds
                 HDIFF completed...       0.1379 seconds
              DECOUPLE completed...       0.0339 seconds
                  PHOT completed...       0.1205 seconds
               CLDPROC completed...       0.1722 seconds
                  CHEM completed...       0.4265 seconds
                  AERO completed...       0.6189 seconds
            Master Time Step
            Processing completed...       3.8949 seconds

     Processing Day/Time [YYYYDDD:HHMMSS]: 2017356:103000
       Which is Equivalent to (UTC): 10:30:00 Friday,  Dec. 22, 2017
       Time-Step Length (HHMMSS): 000500
                 VDIFF completed...       0.5060 seconds
                COUPLE completed...       0.0585 seconds
                  HADV completed...       1.6096 seconds
                  ZADV completed...       0.2028 seconds
                 HDIFF completed...       0.1385 seconds
              DECOUPLE completed...       0.0339 seconds
                  PHOT completed...       0.1207 seconds
               CLDPROC completed...       0.1712 seconds
                  CHEM completed...       0.4250 seconds
                  AERO completed...       0.6193 seconds
            Master Time Step
            Processing completed...       3.8891 seconds

     Processing Day/Time [YYYYDDD:HHMMSS]: 2017356:103500
       Which is Equivalent to (UTC): 10:35:00 Friday,  Dec. 22, 2017
       Time-Step Length (HHMMSS): 000500
                 VDIFF completed...       0.5095 seconds
                COUPLE completed...       0.0622 seconds
                  HADV completed...       1.5917 seconds
                  ZADV completed...       0.2032 seconds
                 HDIFF completed...       0.1411 seconds
              DECOUPLE completed...       0.0337 seconds
                  PHOT completed...       0.1204 seconds
               CLDPROC completed...       0.1709 seconds
                  CHEM completed...       0.4256 seconds
                  AERO completed...       0.6195 seconds
            Master Time Step
            Processing completed...       3.8812 seconds

     Processing Day/Time [YYYYDDD:HHMMSS]: 2017356:104000
       Which is Equivalent to (UTC): 10:40:00 Friday,  Dec. 22, 2017
       Time-Step Length (HHMMSS): 000500
                 VDIFF completed...       0.5061 seconds
                COUPLE completed...       0.0570 seconds
                  HADV completed...       1.6212 seconds
                  ZADV completed...       0.2030 seconds
                 HDIFF completed...       0.1383 seconds
              DECOUPLE completed...       0.0338 seconds
                  PHOT completed...       0.1207 seconds
               CLDPROC completed...       0.1697 seconds
                  CHEM completed...       0.4281 seconds
                  AERO completed...       0.6226 seconds
            Master Time Step
            Processing completed...       3.9047 seconds

     Processing Day/Time [YYYYDDD:HHMMSS]: 2017356:104500
       Which is Equivalent to (UTC): 10:45:00 Friday,  Dec. 22, 2017
       Time-Step Length (HHMMSS): 000500
                 VDIFF completed...       0.5099 seconds
                COUPLE completed...       0.0619 seconds
                  HADV completed...       1.5986 seconds
                  ZADV completed...       0.2039 seconds
                 HDIFF completed...       0.1390 seconds
              DECOUPLE completed...       0.0326 seconds
                  PHOT completed...       0.1215 seconds
               CLDPROC completed...       0.1704 seconds
                  CHEM completed...       0.4251 seconds
                  AERO completed...       0.6150 seconds
            Master Time Step
            Processing completed...       3.8795 seconds

     Processing Day/Time [YYYYDDD:HHMMSS]: 2017356:105000
       Which is Equivalent to (UTC): 10:50:00 Friday,  Dec. 22, 2017
       Time-Step Length (HHMMSS): 000500
                 VDIFF completed...       0.5179 seconds
                COUPLE completed...       0.0582 seconds
                  HADV completed...       1.5899 seconds
                  ZADV completed...       0.2029 seconds
                 HDIFF completed...       0.1405 seconds
              DECOUPLE completed...       0.0335 seconds
                  PHOT completed...       0.1214 seconds
               CLDPROC completed...       0.1667 seconds
                  CHEM completed...       0.4257 seconds
                  AERO completed...       0.6136 seconds
            Master Time Step
            Processing completed...       3.8740 seconds

     Processing Day/Time [YYYYDDD:HHMMSS]: 2017356:105500
       Which is Equivalent to (UTC): 10:55:00 Friday,  Dec. 22, 2017
       Time-Step Length (HHMMSS): 000500
                 VDIFF completed...       1.6875 seconds
                COUPLE completed...       0.1110 seconds
                  HADV completed...       1.1457 seconds
                  ZADV completed...       0.2059 seconds
                 HDIFF completed...       0.1364 seconds
              DECOUPLE completed...       0.0333 seconds
                  PHOT completed...       0.1210 seconds
               CLDPROC completed...       0.8194 seconds
                  CHEM completed...       0.4252 seconds
                  AERO completed...       0.6369 seconds
            Master Time Step
            Processing completed...       5.3273 seconds

      =--> Data Output completed...       1.0059 seconds

     Processing Day/Time [YYYYDDD:HHMMSS]: 2017356:110000
       Which is Equivalent to (UTC): 11:00:00 Friday,  Dec. 22, 2017
       Time-Step Length (HHMMSS): 000500
                 VDIFF completed...       5.0919 seconds
                COUPLE completed...       0.0596 seconds
                  HADV completed...       1.9311 seconds
                  ZADV completed...       0.1969 seconds
                 HDIFF completed...       0.1492 seconds
              DECOUPLE completed...       0.0343 seconds
                  PHOT completed...       1.2430 seconds
               CLDPROC completed...       0.1736 seconds
                  CHEM completed...       0.4318 seconds
                  AERO completed...       0.6271 seconds
            Master Time Step
            Processing completed...       9.9414 seconds

     Processing Day/Time [YYYYDDD:HHMMSS]: 2017356:110500
       Which is Equivalent to (UTC): 11:05:00 Friday,  Dec. 22, 2017
       Time-Step Length (HHMMSS): 000500
                 VDIFF completed...       0.5042 seconds
                COUPLE completed...       0.0524 seconds
                  HADV completed...       1.6152 seconds
                  ZADV completed...       0.2041 seconds
                 HDIFF completed...       0.1389 seconds
              DECOUPLE completed...       0.0338 seconds
                  PHOT completed...       0.1211 seconds
               CLDPROC completed...       0.1649 seconds
                  CHEM completed...       0.4278 seconds
                  AERO completed...       0.6191 seconds
            Master Time Step
            Processing completed...       3.8851 seconds

     Processing Day/Time [YYYYDDD:HHMMSS]: 2017356:111000
       Which is Equivalent to (UTC): 11:10:00 Friday,  Dec. 22, 2017
       Time-Step Length (HHMMSS): 000500
                 VDIFF completed...       0.4984 seconds
                COUPLE completed...       0.0456 seconds
                  HADV completed...       1.6295 seconds
                  ZADV completed...       0.2032 seconds
                 HDIFF completed...       0.1421 seconds
              DECOUPLE completed...       0.0341 seconds
                  PHOT completed...       0.1215 seconds
               CLDPROC completed...       0.1663 seconds
                  CHEM completed...       0.4276 seconds
                  AERO completed...       0.6231 seconds
            Master Time Step
            Processing completed...       3.8935 seconds

     Processing Day/Time [YYYYDDD:HHMMSS]: 2017356:111500
       Which is Equivalent to (UTC): 11:15:00 Friday,  Dec. 22, 2017
       Time-Step Length (HHMMSS): 000500
                 VDIFF completed...       0.4966 seconds
                COUPLE completed...       0.0434 seconds
                  HADV completed...       1.6710 seconds
                  ZADV completed...       0.2032 seconds
                 HDIFF completed...       0.2754 seconds
              DECOUPLE completed...       0.0422 seconds
                  PHOT completed...       0.1070 seconds
               CLDPROC completed...       0.1675 seconds
                  CHEM completed...       0.4236 seconds
                  AERO completed...       0.6213 seconds
            Master Time Step
            Processing completed...       4.0545 seconds

     Processing Day/Time [YYYYDDD:HHMMSS]: 2017356:112000
       Which is Equivalent to (UTC): 11:20:00 Friday,  Dec. 22, 2017
       Time-Step Length (HHMMSS): 000500
                 VDIFF completed...       0.4946 seconds
                COUPLE completed...       0.0533 seconds
                  HADV completed...       1.6593 seconds
                  ZADV completed...       0.2035 seconds
                 HDIFF completed...       0.1395 seconds
              DECOUPLE completed...       0.0346 seconds
                  PHOT completed...       0.1179 seconds
               CLDPROC completed...       0.1685 seconds
                  CHEM completed...       0.4276 seconds
                  AERO completed...       0.6199 seconds
            Master Time Step
            Processing completed...       3.9233 seconds

     Processing Day/Time [YYYYDDD:HHMMSS]: 2017356:112500
       Which is Equivalent to (UTC): 11:25:00 Friday,  Dec. 22, 2017
       Time-Step Length (HHMMSS): 000500
                 VDIFF completed...       0.5047 seconds
                COUPLE completed...       0.0521 seconds
                  HADV completed...       1.6244 seconds
                  ZADV completed...       0.2039 seconds
                 HDIFF completed...       0.1395 seconds
              DECOUPLE completed...       0.0335 seconds
                  PHOT completed...       0.1201 seconds
               CLDPROC completed...       0.1663 seconds
                  CHEM completed...       0.4294 seconds
                  AERO completed...       0.6261 seconds
            Master Time Step
            Processing completed...       3.9025 seconds

     Processing Day/Time [YYYYDDD:HHMMSS]: 2017356:113000
       Which is Equivalent to (UTC): 11:30:00 Friday,  Dec. 22, 2017
       Time-Step Length (HHMMSS): 000500
                 VDIFF completed...       0.4975 seconds
                COUPLE completed...       0.0465 seconds
                  HADV completed...       1.6250 seconds
                  ZADV completed...       0.2038 seconds
                 HDIFF completed...       0.1387 seconds
              DECOUPLE completed...       0.0338 seconds
                  PHOT completed...       0.1193 seconds
               CLDPROC completed...       0.1609 seconds
                  CHEM completed...       0.4289 seconds
                  AERO completed...       0.6247 seconds
            Master Time Step
            Processing completed...       3.8822 seconds

     Processing Day/Time [YYYYDDD:HHMMSS]: 2017356:113500
       Which is Equivalent to (UTC): 11:35:00 Friday,  Dec. 22, 2017
       Time-Step Length (HHMMSS): 000500
                 VDIFF completed...       0.5076 seconds
                COUPLE completed...       0.0527 seconds
                  HADV completed...       1.6268 seconds
                  ZADV completed...       0.2039 seconds
                 HDIFF completed...       0.1379 seconds
              DECOUPLE completed...       0.0347 seconds
                  PHOT completed...       0.1188 seconds
               CLDPROC completed...       0.1632 seconds
                  CHEM completed...       0.4278 seconds
                  AERO completed...       0.6186 seconds
            Master Time Step
            Processing completed...       3.8941 seconds

     Processing Day/Time [YYYYDDD:HHMMSS]: 2017356:114000
       Which is Equivalent to (UTC): 11:40:00 Friday,  Dec. 22, 2017
       Time-Step Length (HHMMSS): 000500
                 VDIFF completed...       0.5222 seconds
                COUPLE completed...       0.0558 seconds
                  HADV completed...       1.6129 seconds
                  ZADV completed...       0.2036 seconds
                 HDIFF completed...       0.1390 seconds
              DECOUPLE completed...       0.0344 seconds
                  PHOT completed...       0.1170 seconds
               CLDPROC completed...       0.1637 seconds
                  CHEM completed...       0.4249 seconds
                  AERO completed...       0.6205 seconds
            Master Time Step
            Processing completed...       3.8975 seconds

     Processing Day/Time [YYYYDDD:HHMMSS]: 2017356:114500
       Which is Equivalent to (UTC): 11:45:00 Friday,  Dec. 22, 2017
       Time-Step Length (HHMMSS): 000500
                 VDIFF completed...       0.5149 seconds
                COUPLE completed...       0.0602 seconds
                  HADV completed...       1.6195 seconds
                  ZADV completed...       0.2048 seconds
                 HDIFF completed...       0.1377 seconds
              DECOUPLE completed...       0.0336 seconds
                  PHOT completed...       0.1175 seconds
               CLDPROC completed...       0.1606 seconds
                  CHEM completed...       0.4228 seconds
                  AERO completed...       0.6266 seconds
            Master Time Step
            Processing completed...       3.9028 seconds

     Processing Day/Time [YYYYDDD:HHMMSS]: 2017356:115000
       Which is Equivalent to (UTC): 11:50:00 Friday,  Dec. 22, 2017
       Time-Step Length (HHMMSS): 000500
                 VDIFF completed...       0.5357 seconds
                COUPLE completed...       0.0700 seconds
                  HADV completed...       1.5941 seconds
                  ZADV completed...       0.2043 seconds
                 HDIFF completed...       0.1389 seconds
              DECOUPLE completed...       0.0337 seconds
                  PHOT completed...       0.1167 seconds
               CLDPROC completed...       0.1526 seconds
                  CHEM completed...       0.4225 seconds
                  AERO completed...       0.6209 seconds
            Master Time Step
            Processing completed...       3.8940 seconds

     Processing Day/Time [YYYYDDD:HHMMSS]: 2017356:115500
       Which is Equivalent to (UTC): 11:55:00 Friday,  Dec. 22, 2017
       Time-Step Length (HHMMSS): 000500
                 VDIFF completed...       1.7401 seconds
                COUPLE completed...       0.1107 seconds
                  HADV completed...       1.1315 seconds
                  ZADV completed...       0.2047 seconds
                 HDIFF completed...       0.1385 seconds
              DECOUPLE completed...       0.0339 seconds
                  PHOT completed...       0.1162 seconds
               CLDPROC completed...       0.8078 seconds
                  CHEM completed...       0.4197 seconds
                  AERO completed...       0.6365 seconds
            Master Time Step
            Processing completed...       5.3444 seconds

      =--> Data Output completed...       0.9966 seconds

     Processing Day/Time [YYYYDDD:HHMMSS]: 2017356:120000
       Which is Equivalent to (UTC): 12:00:00 Friday,  Dec. 22, 2017
       Time-Step Length (HHMMSS): 000500
                 VDIFF completed...       5.1937 seconds
                COUPLE completed...       0.0626 seconds
                  HADV completed...       1.9977 seconds
                  ZADV completed...       0.2028 seconds
                 HDIFF completed...       0.1372 seconds
              DECOUPLE completed...       0.0331 seconds
                  PHOT completed...       1.2520 seconds
               CLDPROC completed...       0.1575 seconds
                  CHEM completed...       0.4168 seconds
                  AERO completed...       0.6247 seconds
            Master Time Step
            Processing completed...      10.0813 seconds

     Processing Day/Time [YYYYDDD:HHMMSS]: 2017356:120500
       Which is Equivalent to (UTC): 12:05:00 Friday,  Dec. 22, 2017
       Time-Step Length (HHMMSS): 000500
                 VDIFF completed...       0.5281 seconds
                COUPLE completed...       0.0862 seconds
                  HADV completed...       1.5899 seconds
                  ZADV completed...       0.2036 seconds
                 HDIFF completed...       0.1239 seconds
              DECOUPLE completed...       0.0443 seconds
                  PHOT completed...       0.1135 seconds
               CLDPROC completed...       0.1505 seconds
                  CHEM completed...       0.4016 seconds
                  AERO completed...       0.6174 seconds
            Master Time Step
            Processing completed...       3.8617 seconds

     Processing Day/Time [YYYYDDD:HHMMSS]: 2017356:121000
       Which is Equivalent to (UTC): 12:10:00 Friday,  Dec. 22, 2017
       Time-Step Length (HHMMSS): 000500
                 VDIFF completed...       0.4864 seconds
                COUPLE completed...       0.0941 seconds
                  HADV completed...       1.6664 seconds
                  ZADV completed...       0.2030 seconds
                 HDIFF completed...       0.1377 seconds
              DECOUPLE completed...       0.0338 seconds
                  PHOT completed...       0.1143 seconds
               CLDPROC completed...       0.1457 seconds
                  CHEM completed...       0.4053 seconds
                  AERO completed...       0.6086 seconds
            Master Time Step
            Processing completed...       3.8996 seconds

     Processing Day/Time [YYYYDDD:HHMMSS]: 2017356:121500
       Which is Equivalent to (UTC): 12:15:00 Friday,  Dec. 22, 2017
       Time-Step Length (HHMMSS): 000500
                 VDIFF completed...       0.4938 seconds
                COUPLE completed...       0.0833 seconds
                  HADV completed...       1.6805 seconds
                  ZADV completed...       0.2035 seconds
                 HDIFF completed...       0.1383 seconds
              DECOUPLE completed...       0.0339 seconds
                  PHOT completed...       0.1141 seconds
               CLDPROC completed...       0.1451 seconds
                  CHEM completed...       0.4037 seconds
                  AERO completed...       0.7881 seconds
            Master Time Step
            Processing completed...       4.0870 seconds

     Processing Day/Time [YYYYDDD:HHMMSS]: 2017356:122000
       Which is Equivalent to (UTC): 12:20:00 Friday,  Dec. 22, 2017
       Time-Step Length (HHMMSS): 000500
                 VDIFF completed...       0.5506 seconds
                COUPLE completed...       0.0560 seconds
                  HADV completed...       1.4708 seconds
                  ZADV completed...       0.2018 seconds
                 HDIFF completed...       0.1510 seconds
              DECOUPLE completed...       0.0336 seconds
                  PHOT completed...       0.1145 seconds
               CLDPROC completed...       0.1438 seconds
                  CHEM completed...       0.4021 seconds
                  AERO completed...       0.5930 seconds
            Master Time Step
            Processing completed...       3.7190 seconds

     Processing Day/Time [YYYYDDD:HHMMSS]: 2017356:122500
       Which is Equivalent to (UTC): 12:25:00 Friday,  Dec. 22, 2017
       Time-Step Length (HHMMSS): 000500
                 VDIFF completed...       0.5070 seconds
                COUPLE completed...       0.0804 seconds
                  HADV completed...       1.6913 seconds
                  ZADV completed...       0.2036 seconds
                 HDIFF completed...       0.1387 seconds
              DECOUPLE completed...       0.0342 seconds
                  PHOT completed...       0.1133 seconds
               CLDPROC completed...       0.1438 seconds
                  CHEM completed...       0.4006 seconds
                  AERO completed...       0.5938 seconds
            Master Time Step
            Processing completed...       3.9076 seconds

     Processing Day/Time [YYYYDDD:HHMMSS]: 2017356:123000
       Which is Equivalent to (UTC): 12:30:00 Friday,  Dec. 22, 2017
       Time-Step Length (HHMMSS): 000500
                 VDIFF completed...       0.4955 seconds
                COUPLE completed...       0.0852 seconds
                  HADV completed...       1.6844 seconds
                  ZADV completed...       0.2029 seconds
                 HDIFF completed...       0.1382 seconds
              DECOUPLE completed...       0.0337 seconds
                  PHOT completed...       0.1139 seconds
               CLDPROC completed...       0.1429 seconds
                  CHEM completed...       0.4008 seconds
                  AERO completed...       0.5860 seconds
            Master Time Step
            Processing completed...       3.8842 seconds

     Processing Day/Time [YYYYDDD:HHMMSS]: 2017356:123500
       Which is Equivalent to (UTC): 12:35:00 Friday,  Dec. 22, 2017
       Time-Step Length (HHMMSS): 000500
                 VDIFF completed...       0.5159 seconds
                COUPLE completed...       0.0860 seconds
                  HADV completed...       1.6751 seconds
                  ZADV completed...       0.2024 seconds
                 HDIFF completed...       0.1497 seconds
              DECOUPLE completed...       0.0341 seconds
                  PHOT completed...       0.1132 seconds
               CLDPROC completed...       0.1423 seconds
                  CHEM completed...       0.4000 seconds
                  AERO completed...       0.5928 seconds
            Master Time Step
            Processing completed...       3.9123 seconds

     Processing Day/Time [YYYYDDD:HHMMSS]: 2017356:124000
       Which is Equivalent to (UTC): 12:40:00 Friday,  Dec. 22, 2017
       Time-Step Length (HHMMSS): 000500
                 VDIFF completed...       0.4747 seconds
                COUPLE completed...       0.0912 seconds
                  HADV completed...       1.7187 seconds
                  ZADV completed...       0.2026 seconds
                 HDIFF completed...       0.1376 seconds
              DECOUPLE completed...       0.0329 seconds
                  PHOT completed...       0.1135 seconds
               CLDPROC completed...       0.1391 seconds
                  CHEM completed...       0.3968 seconds
                  AERO completed...       0.5912 seconds
            Master Time Step
            Processing completed...       3.8992 seconds

     Processing Day/Time [YYYYDDD:HHMMSS]: 2017356:124500
       Which is Equivalent to (UTC): 12:45:00 Friday,  Dec. 22, 2017
       Time-Step Length (HHMMSS): 000500
                 VDIFF completed...       0.4589 seconds
                COUPLE completed...       0.0539 seconds
                  HADV completed...       1.7796 seconds
                  ZADV completed...       0.2041 seconds
                 HDIFF completed...       0.1376 seconds
              DECOUPLE completed...       0.0332 seconds
                  PHOT completed...       0.1138 seconds
               CLDPROC completed...       0.1367 seconds
                  CHEM completed...       0.3980 seconds
                  AERO completed...       0.5895 seconds
            Master Time Step
            Processing completed...       3.9059 seconds

     Processing Day/Time [YYYYDDD:HHMMSS]: 2017356:125000
       Which is Equivalent to (UTC): 12:50:00 Friday,  Dec. 22, 2017
       Time-Step Length (HHMMSS): 000500
                 VDIFF completed...       0.4719 seconds
                COUPLE completed...       0.0510 seconds
                  HADV completed...       1.7647 seconds
                  ZADV completed...       0.2024 seconds
                 HDIFF completed...       0.1757 seconds
              DECOUPLE completed...       0.0335 seconds
                  PHOT completed...       0.1124 seconds
               CLDPROC completed...       0.1342 seconds
                  CHEM completed...       0.3977 seconds
                  AERO completed...       0.5877 seconds
            Master Time Step
            Processing completed...       3.9320 seconds

     Processing Day/Time [YYYYDDD:HHMMSS]: 2017356:125500
       Which is Equivalent to (UTC): 12:55:00 Friday,  Dec. 22, 2017
       Time-Step Length (HHMMSS): 000500
                 VDIFF completed...       1.8354 seconds
                COUPLE completed...       0.1115 seconds
                  HADV completed...       1.1601 seconds
                  ZADV completed...       0.2039 seconds
                 HDIFF completed...       0.1387 seconds
              DECOUPLE completed...       0.0349 seconds
                  PHOT completed...       0.1105 seconds
               CLDPROC completed...       0.8366 seconds
                  CHEM completed...       0.3807 seconds
                  AERO completed...       0.6025 seconds
            Master Time Step
            Processing completed...       5.4157 seconds

      =--> Data Output completed...       1.0327 seconds

     Processing Day/Time [YYYYDDD:HHMMSS]: 2017356:130000
       Which is Equivalent to (UTC): 13:00:00 Friday,  Dec. 22, 2017
       Time-Step Length (HHMMSS): 000500
                 VDIFF completed...       5.1743 seconds
                COUPLE completed...       0.0703 seconds
                  HADV completed...       1.9331 seconds
                  ZADV completed...       0.2027 seconds
                 HDIFF completed...       0.1510 seconds
              DECOUPLE completed...       0.0341 seconds
                  PHOT completed...       1.2219 seconds
               CLDPROC completed...       0.1296 seconds
                  CHEM completed...       0.3951 seconds
                  AERO completed...       0.5839 seconds
            Master Time Step
            Processing completed...       9.8996 seconds

     Processing Day/Time [YYYYDDD:HHMMSS]: 2017356:130500
       Which is Equivalent to (UTC): 13:05:00 Friday,  Dec. 22, 2017
       Time-Step Length (HHMMSS): 000500
                 VDIFF completed...       0.4606 seconds
                COUPLE completed...       0.0506 seconds
                  HADV completed...       1.8481 seconds
                  ZADV completed...       0.1982 seconds
                 HDIFF completed...       0.1431 seconds
              DECOUPLE completed...       0.0341 seconds
                  PHOT completed...       0.1094 seconds
               CLDPROC completed...       0.1250 seconds
                  CHEM completed...       0.3931 seconds
                  AERO completed...       0.5854 seconds
            Master Time Step
            Processing completed...       3.9511 seconds

     Processing Day/Time [YYYYDDD:HHMMSS]: 2017356:131000
       Which is Equivalent to (UTC): 13:10:00 Friday,  Dec. 22, 2017
       Time-Step Length (HHMMSS): 000500
                 VDIFF completed...       0.4662 seconds
                COUPLE completed...       0.0462 seconds
                  HADV completed...       1.8249 seconds
                  ZADV completed...       0.1970 seconds
                 HDIFF completed...       0.1478 seconds
              DECOUPLE completed...       0.0335 seconds
                  PHOT completed...       0.1101 seconds
               CLDPROC completed...       0.1265 seconds
                  CHEM completed...       0.3935 seconds
                  AERO completed...       0.5782 seconds
            Master Time Step
            Processing completed...       3.9279 seconds

     Processing Day/Time [YYYYDDD:HHMMSS]: 2017356:131500
       Which is Equivalent to (UTC): 13:15:00 Friday,  Dec. 22, 2017
       Time-Step Length (HHMMSS): 000500
                 VDIFF completed...       0.4844 seconds
                COUPLE completed...       0.0448 seconds
                  HADV completed...       2.1297 seconds
                  ZADV completed...       0.1978 seconds
                 HDIFF completed...       0.1561 seconds
              DECOUPLE completed...       0.0335 seconds
                  PHOT completed...       0.1104 seconds
               CLDPROC completed...       0.1274 seconds
                  CHEM completed...       0.3930 seconds
                  AERO completed...       0.5831 seconds
            Master Time Step
            Processing completed...       4.2611 seconds

     Processing Day/Time [YYYYDDD:HHMMSS]: 2017356:132000
       Which is Equivalent to (UTC): 13:20:00 Friday,  Dec. 22, 2017
       Time-Step Length (HHMMSS): 000500
                 VDIFF completed...       0.4747 seconds
                COUPLE completed...       0.0508 seconds
                  HADV completed...       1.8982 seconds
                  ZADV completed...       0.1979 seconds
                 HDIFF completed...       0.1424 seconds
              DECOUPLE completed...       0.0336 seconds
                  PHOT completed...       0.1096 seconds
               CLDPROC completed...       0.1284 seconds
                  CHEM completed...       0.3912 seconds
                  AERO completed...       0.5820 seconds
            Master Time Step
            Processing completed...       4.0118 seconds

     Processing Day/Time [YYYYDDD:HHMMSS]: 2017356:132500
       Which is Equivalent to (UTC): 13:25:00 Friday,  Dec. 22, 2017
       Time-Step Length (HHMMSS): 000500
                 VDIFF completed...       0.4639 seconds
                COUPLE completed...       0.0512 seconds
                  HADV completed...       1.9227 seconds
                  ZADV completed...       0.1979 seconds
                 HDIFF completed...       0.1441 seconds
              DECOUPLE completed...       0.0350 seconds
                  PHOT completed...       0.1068 seconds
               CLDPROC completed...       0.1283 seconds
                  CHEM completed...       0.3895 seconds
                  AERO completed...       0.5821 seconds
            Master Time Step
            Processing completed...       4.0247 seconds

     Processing Day/Time [YYYYDDD:HHMMSS]: 2017356:133000
       Which is Equivalent to (UTC): 13:30:00 Friday,  Dec. 22, 2017
       Time-Step Length (HHMMSS): 000500
                 VDIFF completed...       0.4595 seconds
                COUPLE completed...       0.0534 seconds
                  HADV completed...       1.9674 seconds
                  ZADV completed...       0.1979 seconds
                 HDIFF completed...       0.1417 seconds
              DECOUPLE completed...       0.0341 seconds
                  PHOT completed...       0.1083 seconds
               CLDPROC completed...       0.1287 seconds
                  CHEM completed...       0.3874 seconds
                  AERO completed...       0.5801 seconds
            Master Time Step
            Processing completed...       4.0627 seconds

     Processing Day/Time [YYYYDDD:HHMMSS]: 2017356:133500
       Which is Equivalent to (UTC): 13:35:00 Friday,  Dec. 22, 2017
       Time-Step Length (HHMMSS): 000500
                 VDIFF completed...       0.4707 seconds
                COUPLE completed...       0.0458 seconds
                  HADV completed...       1.9719 seconds
                  ZADV completed...       0.1975 seconds
                 HDIFF completed...       0.1530 seconds
              DECOUPLE completed...       0.0340 seconds
                  PHOT completed...       0.1086 seconds
               CLDPROC completed...       0.1269 seconds
                  CHEM completed...       0.3881 seconds
                  AERO completed...       0.5732 seconds
            Master Time Step
            Processing completed...       4.0707 seconds

     Processing Day/Time [YYYYDDD:HHMMSS]: 2017356:134000
       Which is Equivalent to (UTC): 13:40:00 Friday,  Dec. 22, 2017
       Time-Step Length (HHMMSS): 000500
                 VDIFF completed...       0.4871 seconds
                COUPLE completed...       0.0508 seconds
                  HADV completed...       1.9978 seconds
                  ZADV completed...       0.1981 seconds
                 HDIFF completed...       0.1422 seconds
              DECOUPLE completed...       0.0337 seconds
                  PHOT completed...       0.1075 seconds
               CLDPROC completed...       0.1253 seconds
                  CHEM completed...       0.3902 seconds
                  AERO completed...       0.5781 seconds
            Master Time Step
            Processing completed...       4.1145 seconds

     Processing Day/Time [YYYYDDD:HHMMSS]: 2017356:134500
       Which is Equivalent to (UTC): 13:45:00 Friday,  Dec. 22, 2017
       Time-Step Length (HHMMSS): 000500
                 VDIFF completed...       0.4744 seconds
                COUPLE completed...       0.0570 seconds
                  HADV completed...       1.9964 seconds
                  ZADV completed...       0.1990 seconds
                 HDIFF completed...       0.1428 seconds
              DECOUPLE completed...       0.0337 seconds
                  PHOT completed...       0.1071 seconds
               CLDPROC completed...       0.1224 seconds
                  CHEM completed...       0.3888 seconds
                  AERO completed...       0.5776 seconds
            Master Time Step
            Processing completed...       4.1038 seconds

     Processing Day/Time [YYYYDDD:HHMMSS]: 2017356:135000
       Which is Equivalent to (UTC): 13:50:00 Friday,  Dec. 22, 2017
       Time-Step Length (HHMMSS): 000500
                 VDIFF completed...       0.4543 seconds
                COUPLE completed...       0.0528 seconds
                  HADV completed...       2.0241 seconds
                  ZADV completed...       0.1994 seconds
                 HDIFF completed...       0.1440 seconds
              DECOUPLE completed...       0.0343 seconds
                  PHOT completed...       0.1058 seconds
               CLDPROC completed...       0.1195 seconds
                  CHEM completed...       0.3930 seconds
                  AERO completed...       0.5702 seconds
            Master Time Step
            Processing completed...       4.1002 seconds

     Processing Day/Time [YYYYDDD:HHMMSS]: 2017356:135500
       Which is Equivalent to (UTC): 13:55:00 Friday,  Dec. 22, 2017
       Time-Step Length (HHMMSS): 000500
                 VDIFF completed...       2.0093 seconds
                COUPLE completed...       0.1117 seconds
                  HADV completed...       1.1311 seconds
                  ZADV completed...       0.1988 seconds
                 HDIFF completed...       0.1426 seconds
              DECOUPLE completed...       0.0331 seconds
                  PHOT completed...       0.1151 seconds
               CLDPROC completed...       0.9683 seconds
                  CHEM completed...       0.3756 seconds
                  AERO completed...       0.5924 seconds
            Master Time Step
            Processing completed...       5.6812 seconds

      =--> Data Output completed...       1.0233 seconds

     Processing Day/Time [YYYYDDD:HHMMSS]: 2017356:140000
       Which is Equivalent to (UTC): 14:00:00 Friday,  Dec. 22, 2017
       Time-Step Length (HHMMSS): 000500
                 VDIFF completed...       5.0400 seconds
                COUPLE completed...       0.0796 seconds
                  HADV completed...       1.9077 seconds
                  ZADV completed...       0.1988 seconds
                 HDIFF completed...       0.1427 seconds
              DECOUPLE completed...       0.0329 seconds
                  PHOT completed...       1.2119 seconds
               CLDPROC completed...       0.1187 seconds
                  CHEM completed...       0.3918 seconds
                  AERO completed...       0.5689 seconds
            Master Time Step
            Processing completed...       9.6955 seconds

     Processing Day/Time [YYYYDDD:HHMMSS]: 2017356:140500
       Which is Equivalent to (UTC): 14:05:00 Friday,  Dec. 22, 2017
       Time-Step Length (HHMMSS): 000500
                 VDIFF completed...       0.4609 seconds
                COUPLE completed...       0.0477 seconds
                  HADV completed...       1.9984 seconds
                  ZADV completed...       0.2041 seconds
                 HDIFF completed...       0.1373 seconds
              DECOUPLE completed...       0.0335 seconds
                  PHOT completed...       0.1077 seconds
               CLDPROC completed...       0.1197 seconds
                  CHEM completed...       0.3856 seconds
                  AERO completed...       0.5690 seconds
            Master Time Step
            Processing completed...       4.0648 seconds

     Processing Day/Time [YYYYDDD:HHMMSS]: 2017356:141000
       Which is Equivalent to (UTC): 14:10:00 Friday,  Dec. 22, 2017
       Time-Step Length (HHMMSS): 000500
                 VDIFF completed...       0.4571 seconds
                COUPLE completed...       0.0418 seconds
                  HADV completed...       2.0103 seconds
                  ZADV completed...       0.2028 seconds
                 HDIFF completed...       0.1378 seconds
              DECOUPLE completed...       0.0335 seconds
                  PHOT completed...       0.1085 seconds
               CLDPROC completed...       0.1210 seconds
                  CHEM completed...       0.3814 seconds
                  AERO completed...       0.5675 seconds
            Master Time Step
            Processing completed...       4.0626 seconds

     Processing Day/Time [YYYYDDD:HHMMSS]: 2017356:141500
       Which is Equivalent to (UTC): 14:15:00 Friday,  Dec. 22, 2017
       Time-Step Length (HHMMSS): 000500
                 VDIFF completed...       0.4695 seconds
                COUPLE completed...       0.0403 seconds
                  HADV completed...       2.2226 seconds
                  ZADV completed...       0.2030 seconds
                 HDIFF completed...       0.1379 seconds
              DECOUPLE completed...       0.0332 seconds
                  PHOT completed...       0.1082 seconds
               CLDPROC completed...       0.1259 seconds
                  CHEM completed...       0.3806 seconds
                  AERO completed...       0.5730 seconds
            Master Time Step
            Processing completed...       4.2953 seconds

     Processing Day/Time [YYYYDDD:HHMMSS]: 2017356:142000
       Which is Equivalent to (UTC): 14:20:00 Friday,  Dec. 22, 2017
       Time-Step Length (HHMMSS): 000500
                 VDIFF completed...       0.4881 seconds
                COUPLE completed...       0.0436 seconds
                  HADV completed...       1.9859 seconds
                  ZADV completed...       0.2027 seconds
                 HDIFF completed...       0.1380 seconds
              DECOUPLE completed...       0.0329 seconds
                  PHOT completed...       0.1075 seconds
               CLDPROC completed...       0.1271 seconds
                  CHEM completed...       0.3797 seconds
                  AERO completed...       0.5707 seconds
            Master Time Step
            Processing completed...       4.0789 seconds

     Processing Day/Time [YYYYDDD:HHMMSS]: 2017356:142500
       Which is Equivalent to (UTC): 14:25:00 Friday,  Dec. 22, 2017
       Time-Step Length (HHMMSS): 000500
                 VDIFF completed...       0.5579 seconds
                COUPLE completed...       0.0783 seconds
                  HADV completed...       1.8693 seconds
                  ZADV completed...       0.2031 seconds
                 HDIFF completed...       0.1402 seconds
              DECOUPLE completed...       0.0341 seconds
                  PHOT completed...       0.1079 seconds
               CLDPROC completed...       0.1283 seconds
                  CHEM completed...       0.3801 seconds
                  AERO completed...       0.5724 seconds
            Master Time Step
            Processing completed...       4.0739 seconds

     Processing Day/Time [YYYYDDD:HHMMSS]: 2017356:143000
       Which is Equivalent to (UTC): 14:30:00 Friday,  Dec. 22, 2017
       Time-Step Length (HHMMSS): 000500
                 VDIFF completed...       0.6464 seconds
                COUPLE completed...       0.0627 seconds
                  HADV completed...       1.7855 seconds
                  ZADV completed...       0.2029 seconds
                 HDIFF completed...       0.1373 seconds
              DECOUPLE completed...       0.0334 seconds
                  PHOT completed...       0.1327 seconds
               CLDPROC completed...       0.1286 seconds
                  CHEM completed...       0.3811 seconds
                  AERO completed...       0.5711 seconds
            Master Time Step
            Processing completed...       4.0853 seconds

     Processing Day/Time [YYYYDDD:HHMMSS]: 2017356:143500
       Which is Equivalent to (UTC): 14:35:00 Friday,  Dec. 22, 2017
       Time-Step Length (HHMMSS): 000500
                 VDIFF completed...       0.6400 seconds
                COUPLE completed...       0.0581 seconds
                  HADV completed...       1.7930 seconds
                  ZADV completed...       0.2037 seconds
                 HDIFF completed...       0.1375 seconds
              DECOUPLE completed...       0.0342 seconds
                  PHOT completed...       0.1762 seconds
               CLDPROC completed...       0.1392 seconds
                  CHEM completed...       0.3848 seconds
                  AERO completed...       0.5713 seconds
            Master Time Step
            Processing completed...       4.1416 seconds

     Processing Day/Time [YYYYDDD:HHMMSS]: 2017356:144000
       Which is Equivalent to (UTC): 14:40:00 Friday,  Dec. 22, 2017
       Time-Step Length (HHMMSS): 000500
                 VDIFF completed...       0.5815 seconds
                COUPLE completed...       0.0667 seconds
                  HADV completed...       1.7836 seconds
                  ZADV completed...       0.2025 seconds
                 HDIFF completed...       0.1379 seconds
              DECOUPLE completed...       0.0338 seconds
                  PHOT completed...       0.2213 seconds
               CLDPROC completed...       0.1416 seconds
                  CHEM completed...       0.3849 seconds
                  AERO completed...       0.5707 seconds
            Master Time Step
            Processing completed...       4.1285 seconds

     Processing Day/Time [YYYYDDD:HHMMSS]: 2017356:144500
       Which is Equivalent to (UTC): 14:45:00 Friday,  Dec. 22, 2017
       Time-Step Length (HHMMSS): 000500
                 VDIFF completed...       0.5974 seconds
                COUPLE completed...       0.0800 seconds
                  HADV completed...       1.7174 seconds
                  ZADV completed...       0.1976 seconds
                 HDIFF completed...       0.1475 seconds
              DECOUPLE completed...       0.0342 seconds
                  PHOT completed...       0.2439 seconds
               CLDPROC completed...       0.1614 seconds
                  CHEM completed...       0.3753 seconds
                  AERO completed...       0.5721 seconds
            Master Time Step
            Processing completed...       4.1309 seconds

     Processing Day/Time [YYYYDDD:HHMMSS]: 2017356:145000
       Which is Equivalent to (UTC): 14:50:00 Friday,  Dec. 22, 2017
       Time-Step Length (HHMMSS): 000500
                 VDIFF completed...       0.7082 seconds
                COUPLE completed...       0.0542 seconds
                  HADV completed...       1.5671 seconds
                  ZADV completed...       0.2030 seconds
                 HDIFF completed...       0.1361 seconds
              DECOUPLE completed...       0.0351 seconds
                  PHOT completed...       0.2489 seconds
               CLDPROC completed...       0.1616 seconds
                  CHEM completed...       0.3776 seconds
                  AERO completed...       0.5697 seconds
            Master Time Step
            Processing completed...       4.0639 seconds

     Processing Day/Time [YYYYDDD:HHMMSS]: 2017356:145500
       Which is Equivalent to (UTC): 14:55:00 Friday,  Dec. 22, 2017
       Time-Step Length (HHMMSS): 000500
                 VDIFF completed...       1.8929 seconds
                COUPLE completed...       0.1116 seconds
                  HADV completed...       1.0654 seconds
                  ZADV completed...       0.2033 seconds
                 HDIFF completed...       0.1385 seconds
              DECOUPLE completed...       0.0331 seconds
                  PHOT completed...       0.2578 seconds
               CLDPROC completed...       0.8436 seconds
                  CHEM completed...       0.4347 seconds
                  AERO completed...       0.5665 seconds
            Master Time Step
            Processing completed...       5.5504 seconds

      =--> Data Output completed...       1.2009 seconds

     Processing Day/Time [YYYYDDD:HHMMSS]: 2017356:150000
       Which is Equivalent to (UTC): 15:00:00 Friday,  Dec. 22, 2017
       Time-Step Length (HHMMSS): 000500
                 VDIFF completed...       5.1726 seconds
                COUPLE completed...       0.0658 seconds
                  HADV completed...       1.8006 seconds
                  ZADV completed...       0.1987 seconds
                 HDIFF completed...       0.1437 seconds
              DECOUPLE completed...       0.0327 seconds
                  PHOT completed...       1.4112 seconds
               CLDPROC completed...       0.1564 seconds
                  CHEM completed...       0.5349 seconds
                  AERO completed...       0.5908 seconds
            Master Time Step
            Processing completed...      10.1104 seconds

     Processing Day/Time [YYYYDDD:HHMMSS]: 2017356:150500
       Which is Equivalent to (UTC): 15:05:00 Friday,  Dec. 22, 2017
       Time-Step Length (HHMMSS): 000500
                 VDIFF completed...       0.5732 seconds
                COUPLE completed...       0.0358 seconds
                  HADV completed...       1.5707 seconds
                  ZADV completed...       0.1999 seconds
                 HDIFF completed...       0.1416 seconds
              DECOUPLE completed...       0.0338 seconds
                  PHOT completed...       0.2988 seconds
               CLDPROC completed...       0.1454 seconds
                  CHEM completed...       0.6076 seconds
                  AERO completed...       0.5869 seconds
            Master Time Step
            Processing completed...       4.1946 seconds

     Processing Day/Time [YYYYDDD:HHMMSS]: 2017356:151000
       Which is Equivalent to (UTC): 15:10:00 Friday,  Dec. 22, 2017
       Time-Step Length (HHMMSS): 000500
                 VDIFF completed...       0.4505 seconds
                COUPLE completed...       0.0373 seconds
                  HADV completed...       1.6045 seconds
                  ZADV completed...       0.1938 seconds
                 HDIFF completed...       0.1573 seconds
              DECOUPLE completed...       0.0346 seconds
                  PHOT completed...       0.3066 seconds
               CLDPROC completed...       0.1431 seconds
                  CHEM completed...       0.6252 seconds
                  AERO completed...       0.5826 seconds
            Master Time Step
            Processing completed...       4.1364 seconds

     Processing Day/Time [YYYYDDD:HHMMSS]: 2017356:151500
       Which is Equivalent to (UTC): 15:15:00 Friday,  Dec. 22, 2017
       Time-Step Length (HHMMSS): 000500
                 VDIFF completed...       0.4255 seconds
                COUPLE completed...       0.0350 seconds
                  HADV completed...       1.6520 seconds
                  ZADV completed...       0.2014 seconds
                 HDIFF completed...       0.1387 seconds
              DECOUPLE completed...       0.0319 seconds
                  PHOT completed...       0.3092 seconds
               CLDPROC completed...       0.1482 seconds
                  CHEM completed...       0.5988 seconds
                  AERO completed...       0.5884 seconds
            Master Time Step
            Processing completed...       4.1305 seconds

     Processing Day/Time [YYYYDDD:HHMMSS]: 2017356:152000
       Which is Equivalent to (UTC): 15:20:00 Friday,  Dec. 22, 2017
       Time-Step Length (HHMMSS): 000500
                 VDIFF completed...       0.4562 seconds
                COUPLE completed...       0.0336 seconds
                  HADV completed...       1.5873 seconds
                  ZADV completed...       0.1997 seconds
                 HDIFF completed...       0.1453 seconds
              DECOUPLE completed...       0.0333 seconds
                  PHOT completed...       0.3073 seconds
               CLDPROC completed...       0.1482 seconds
                  CHEM completed...       0.5905 seconds
                  AERO completed...       0.5908 seconds
            Master Time Step
            Processing completed...       4.0931 seconds

     Processing Day/Time [YYYYDDD:HHMMSS]: 2017356:152500
       Which is Equivalent to (UTC): 15:25:00 Friday,  Dec. 22, 2017
       Time-Step Length (HHMMSS): 000500
                 VDIFF completed...       0.4705 seconds
                COUPLE completed...       0.0353 seconds
                  HADV completed...       1.5940 seconds
                  ZADV completed...       0.1994 seconds
                 HDIFF completed...       0.1410 seconds
              DECOUPLE completed...       0.0344 seconds
                  PHOT completed...       0.3047 seconds
               CLDPROC completed...       0.1490 seconds
                  CHEM completed...       0.5893 seconds
                  AERO completed...       0.5908 seconds
            Master Time Step
            Processing completed...       4.1092 seconds

     Processing Day/Time [YYYYDDD:HHMMSS]: 2017356:153000
       Which is Equivalent to (UTC): 15:30:00 Friday,  Dec. 22, 2017
       Time-Step Length (HHMMSS): 000500
                 VDIFF completed...       0.4735 seconds
                COUPLE completed...       0.0347 seconds
                  HADV completed...       1.6242 seconds
                  ZADV completed...       0.2001 seconds
                 HDIFF completed...       0.1408 seconds
              DECOUPLE completed...       0.0337 seconds
                  PHOT completed...       0.3066 seconds
               CLDPROC completed...       0.1507 seconds
                  CHEM completed...       0.5938 seconds
                  AERO completed...       0.5841 seconds
            Master Time Step
            Processing completed...       4.1431 seconds

     Processing Day/Time [YYYYDDD:HHMMSS]: 2017356:153500
       Which is Equivalent to (UTC): 15:35:00 Friday,  Dec. 22, 2017
       Time-Step Length (HHMMSS): 000500
                 VDIFF completed...       0.4786 seconds
                COUPLE completed...       0.0339 seconds
                  HADV completed...       1.6238 seconds
                  ZADV completed...       0.1991 seconds
                 HDIFF completed...       0.1423 seconds
              DECOUPLE completed...       0.0335 seconds
                  PHOT completed...       0.3064 seconds
               CLDPROC completed...       0.1507 seconds
                  CHEM completed...       0.6007 seconds
                  AERO completed...       0.5862 seconds
            Master Time Step
            Processing completed...       4.1560 seconds

     Processing Day/Time [YYYYDDD:HHMMSS]: 2017356:154000
       Which is Equivalent to (UTC): 15:40:00 Friday,  Dec. 22, 2017
       Time-Step Length (HHMMSS): 000500
                 VDIFF completed...       0.4830 seconds
                COUPLE completed...       0.0325 seconds
                  HADV completed...       1.6269 seconds
                  ZADV completed...       0.1993 seconds
                 HDIFF completed...       0.1416 seconds
              DECOUPLE completed...       0.0340 seconds
                  PHOT completed...       0.3062 seconds
               CLDPROC completed...       0.1522 seconds
                  CHEM completed...       0.6051 seconds
                  AERO completed...       0.5806 seconds
            Master Time Step
            Processing completed...       4.1622 seconds

     Processing Day/Time [YYYYDDD:HHMMSS]: 2017356:154500
       Which is Equivalent to (UTC): 15:45:00 Friday,  Dec. 22, 2017
       Time-Step Length (HHMMSS): 000500
                 VDIFF completed...       0.4801 seconds
                COUPLE completed...       0.0331 seconds
                  HADV completed...       1.6227 seconds
                  ZADV completed...       0.1992 seconds
                 HDIFF completed...       0.1406 seconds
              DECOUPLE completed...       0.0344 seconds
                  PHOT completed...       0.3074 seconds
               CLDPROC completed...       0.1507 seconds
                  CHEM completed...       0.6083 seconds
                  AERO completed...       0.5780 seconds
            Master Time Step
            Processing completed...       4.1552 seconds

     Processing Day/Time [YYYYDDD:HHMMSS]: 2017356:155000
       Which is Equivalent to (UTC): 15:50:00 Friday,  Dec. 22, 2017
       Time-Step Length (HHMMSS): 000500
                 VDIFF completed...       0.4606 seconds
                COUPLE completed...       0.0347 seconds
                  HADV completed...       1.6198 seconds
                  ZADV completed...       0.1991 seconds
                 HDIFF completed...       0.1440 seconds
              DECOUPLE completed...       0.0342 seconds
                  PHOT completed...       0.3071 seconds
               CLDPROC completed...       0.1513 seconds
                  CHEM completed...       0.6076 seconds
                  AERO completed...       0.5707 seconds
            Master Time Step
            Processing completed...       4.1295 seconds

     Processing Day/Time [YYYYDDD:HHMMSS]: 2017356:155500
       Which is Equivalent to (UTC): 15:55:00 Friday,  Dec. 22, 2017
       Time-Step Length (HHMMSS): 000500
                 VDIFF completed...       1.6860 seconds
                COUPLE completed...       0.1119 seconds
                  HADV completed...       1.0673 seconds
                  ZADV completed...       0.2000 seconds
                 HDIFF completed...       0.1412 seconds
              DECOUPLE completed...       0.0338 seconds
                  PHOT completed...       0.3068 seconds
               CLDPROC completed...       0.8352 seconds
                  CHEM completed...       0.6021 seconds
                  AERO completed...       0.6085 seconds
            Master Time Step
            Processing completed...       5.5939 seconds

      =--> Data Output completed...       1.0055 seconds

     Processing Day/Time [YYYYDDD:HHMMSS]: 2017356:160000
       Which is Equivalent to (UTC): 16:00:00 Friday,  Dec. 22, 2017
       Time-Step Length (HHMMSS): 000500
                 VDIFF completed...       5.2133 seconds
                COUPLE completed...       0.0784 seconds
                  HADV completed...       1.8611 seconds
                  ZADV completed...       0.2039 seconds
                 HDIFF completed...       0.1362 seconds
              DECOUPLE completed...       0.0332 seconds
                  PHOT completed...       1.4629 seconds
               CLDPROC completed...       0.1553 seconds
                  CHEM completed...       0.6004 seconds
                  AERO completed...       0.5775 seconds
            Master Time Step
            Processing completed...      10.3250 seconds

     Processing Day/Time [YYYYDDD:HHMMSS]: 2017356:160500
       Which is Equivalent to (UTC): 16:05:00 Friday,  Dec. 22, 2017
       Time-Step Length (HHMMSS): 000500
                 VDIFF completed...       0.4883 seconds
                COUPLE completed...       0.0351 seconds
                  HADV completed...       1.6520 seconds
                  ZADV completed...       0.2033 seconds
                 HDIFF completed...       0.1403 seconds
              DECOUPLE completed...       0.0335 seconds
                  PHOT completed...       0.3075 seconds
               CLDPROC completed...       0.1531 seconds
                  CHEM completed...       0.5966 seconds
                  AERO completed...       0.5755 seconds
            Master Time Step
            Processing completed...       4.1879 seconds

     Processing Day/Time [YYYYDDD:HHMMSS]: 2017356:161000
       Which is Equivalent to (UTC): 16:10:00 Friday,  Dec. 22, 2017
       Time-Step Length (HHMMSS): 000500
                 VDIFF completed...       0.4803 seconds
                COUPLE completed...       0.0349 seconds
                  HADV completed...       1.6500 seconds
                  ZADV completed...       0.2034 seconds
                 HDIFF completed...       0.1363 seconds
              DECOUPLE completed...       0.0348 seconds
                  PHOT completed...       0.3064 seconds
               CLDPROC completed...       0.1548 seconds
                  CHEM completed...       0.5937 seconds
                  AERO completed...       0.5781 seconds
            Master Time Step
            Processing completed...       4.1746 seconds

     Processing Day/Time [YYYYDDD:HHMMSS]: 2017356:161500
       Which is Equivalent to (UTC): 16:15:00 Friday,  Dec. 22, 2017
       Time-Step Length (HHMMSS): 000500
                 VDIFF completed...       0.4809 seconds
                COUPLE completed...       0.0375 seconds
                  HADV completed...       1.6773 seconds
                  ZADV completed...       0.2024 seconds
                 HDIFF completed...       0.2631 seconds
              DECOUPLE completed...       0.0323 seconds
                  PHOT completed...       0.3060 seconds
               CLDPROC completed...       0.1559 seconds
                  CHEM completed...       0.5922 seconds
                  AERO completed...       0.5750 seconds
            Master Time Step
            Processing completed...       4.3254 seconds

     Processing Day/Time [YYYYDDD:HHMMSS]: 2017356:162000
       Which is Equivalent to (UTC): 16:20:00 Friday,  Dec. 22, 2017
       Time-Step Length (HHMMSS): 000500
                 VDIFF completed...       0.4867 seconds
                COUPLE completed...       0.0370 seconds
                  HADV completed...       1.6939 seconds
                  ZADV completed...       0.2034 seconds
                 HDIFF completed...       0.1375 seconds
              DECOUPLE completed...       0.0334 seconds
                  PHOT completed...       0.3076 seconds
               CLDPROC completed...       0.1568 seconds
                  CHEM completed...       0.5886 seconds
                  AERO completed...       0.5701 seconds
            Master Time Step
            Processing completed...       4.2163 seconds

     Processing Day/Time [YYYYDDD:HHMMSS]: 2017356:162500
       Which is Equivalent to (UTC): 16:25:00 Friday,  Dec. 22, 2017
       Time-Step Length (HHMMSS): 000500
                 VDIFF completed...       0.4860 seconds
                COUPLE completed...       0.0350 seconds
                  HADV completed...       1.7046 seconds
                  ZADV completed...       0.2036 seconds
                 HDIFF completed...       0.1370 seconds
              DECOUPLE completed...       0.0326 seconds
                  PHOT completed...       0.3077 seconds
               CLDPROC completed...       0.1572 seconds
                  CHEM completed...       0.5890 seconds
                  AERO completed...       0.5691 seconds
            Master Time Step
            Processing completed...       4.2253 seconds

     Processing Day/Time [YYYYDDD:HHMMSS]: 2017356:163000
       Which is Equivalent to (UTC): 16:30:00 Friday,  Dec. 22, 2017
       Time-Step Length (HHMMSS): 000500
                 VDIFF completed...       0.4891 seconds
                COUPLE completed...       0.0358 seconds
                  HADV completed...       1.7074 seconds
                  ZADV completed...       0.2030 seconds
                 HDIFF completed...       0.1370 seconds
              DECOUPLE completed...       0.0326 seconds
                  PHOT completed...       0.3071 seconds
               CLDPROC completed...       0.1581 seconds
                  CHEM completed...       0.5863 seconds
                  AERO completed...       0.5747 seconds
            Master Time Step
            Processing completed...       4.2348 seconds

     Processing Day/Time [YYYYDDD:HHMMSS]: 2017356:163500
       Which is Equivalent to (UTC): 16:35:00 Friday,  Dec. 22, 2017
       Time-Step Length (HHMMSS): 000500
                 VDIFF completed...       0.4835 seconds
                COUPLE completed...       0.0340 seconds
                  HADV completed...       1.7322 seconds
                  ZADV completed...       0.2034 seconds
                 HDIFF completed...       0.1380 seconds
              DECOUPLE completed...       0.0337 seconds
                  PHOT completed...       0.3053 seconds
               CLDPROC completed...       0.1565 seconds
                  CHEM completed...       0.5845 seconds
                  AERO completed...       0.5696 seconds
            Master Time Step
            Processing completed...       4.2448 seconds

     Processing Day/Time [YYYYDDD:HHMMSS]: 2017356:164000
       Which is Equivalent to (UTC): 16:40:00 Friday,  Dec. 22, 2017
       Time-Step Length (HHMMSS): 000500
                 VDIFF completed...       0.4910 seconds
                COUPLE completed...       0.0347 seconds
                  HADV completed...       1.7273 seconds
                  ZADV completed...       0.2030 seconds
                 HDIFF completed...       0.1379 seconds
              DECOUPLE completed...       0.0342 seconds
                  PHOT completed...       0.3056 seconds
               CLDPROC completed...       0.1554 seconds
                  CHEM completed...       0.5850 seconds
                  AERO completed...       0.5768 seconds
            Master Time Step
            Processing completed...       4.2553 seconds

     Processing Day/Time [YYYYDDD:HHMMSS]: 2017356:164500
       Which is Equivalent to (UTC): 16:45:00 Friday,  Dec. 22, 2017
       Time-Step Length (HHMMSS): 000500
                 VDIFF completed...       0.4777 seconds
                COUPLE completed...       0.0369 seconds
                  HADV completed...       1.7417 seconds
                  ZADV completed...       0.2032 seconds
                 HDIFF completed...       0.1371 seconds
              DECOUPLE completed...       0.0333 seconds
                  PHOT completed...       0.3087 seconds
               CLDPROC completed...       0.1549 seconds
                  CHEM completed...       0.5854 seconds
                  AERO completed...       0.5669 seconds
            Master Time Step
            Processing completed...       4.2480 seconds

     Processing Day/Time [YYYYDDD:HHMMSS]: 2017356:165000
       Which is Equivalent to (UTC): 16:50:00 Friday,  Dec. 22, 2017
       Time-Step Length (HHMMSS): 000500
                 VDIFF completed...       0.4988 seconds
                COUPLE completed...       0.0389 seconds
                  HADV completed...       1.7362 seconds
                  ZADV completed...       0.2026 seconds
                 HDIFF completed...       0.1376 seconds
              DECOUPLE completed...       0.0336 seconds
                  PHOT completed...       0.3050 seconds
               CLDPROC completed...       0.1554 seconds
                  CHEM completed...       0.5833 seconds
                  AERO completed...       0.5699 seconds
            Master Time Step
            Processing completed...       4.2652 seconds

     Processing Day/Time [YYYYDDD:HHMMSS]: 2017356:165500
       Which is Equivalent to (UTC): 16:55:00 Friday,  Dec. 22, 2017
       Time-Step Length (HHMMSS): 000500
                 VDIFF completed...       1.7769 seconds
                COUPLE completed...       0.1111 seconds
                  HADV completed...       1.0848 seconds
                  ZADV completed...       0.2034 seconds
                 HDIFF completed...       0.1373 seconds
              DECOUPLE completed...       0.0331 seconds
                  PHOT completed...       0.3069 seconds
               CLDPROC completed...       0.9365 seconds
                  CHEM completed...       0.5929 seconds
                  AERO completed...       0.5982 seconds
            Master Time Step
            Processing completed...       5.7852 seconds

      =--> Data Output completed...       1.0191 seconds

     Processing Day/Time [YYYYDDD:HHMMSS]: 2017356:170000
       Which is Equivalent to (UTC): 17:00:00 Friday,  Dec. 22, 2017
       Time-Step Length (HHMMSS): 000500
                 VDIFF completed...       5.2362 seconds
                COUPLE completed...       0.0824 seconds
                  HADV completed...       1.9486 seconds
                  ZADV completed...       0.2024 seconds
                 HDIFF completed...       0.1366 seconds
              DECOUPLE completed...       0.0328 seconds
                  PHOT completed...       1.4016 seconds
               CLDPROC completed...       0.1577 seconds
                  CHEM completed...       0.5847 seconds
                  AERO completed...       0.5729 seconds
            Master Time Step
            Processing completed...      10.3588 seconds

     Processing Day/Time [YYYYDDD:HHMMSS]: 2017356:170500
       Which is Equivalent to (UTC): 17:05:00 Friday,  Dec. 22, 2017
       Time-Step Length (HHMMSS): 000500
                 VDIFF completed...       0.4841 seconds
                COUPLE completed...       0.0347 seconds
                  HADV completed...       1.8175 seconds
                  ZADV completed...       0.2029 seconds
                 HDIFF completed...       0.1374 seconds
              DECOUPLE completed...       0.0333 seconds
                  PHOT completed...       0.3066 seconds
               CLDPROC completed...       0.1540 seconds
                  CHEM completed...       0.5808 seconds
                  AERO completed...       0.5774 seconds
            Master Time Step
            Processing completed...       4.3299 seconds

     Processing Day/Time [YYYYDDD:HHMMSS]: 2017356:171000
       Which is Equivalent to (UTC): 17:10:00 Friday,  Dec. 22, 2017
       Time-Step Length (HHMMSS): 000500
                 VDIFF completed...       0.4734 seconds
                COUPLE completed...       0.0348 seconds
                  HADV completed...       1.8553 seconds
                  ZADV completed...       0.2023 seconds
                 HDIFF completed...       0.1361 seconds
              DECOUPLE completed...       0.0329 seconds
                  PHOT completed...       0.3075 seconds
               CLDPROC completed...       0.1539 seconds
                  CHEM completed...       0.5807 seconds
                  AERO completed...       0.6074 seconds
            Master Time Step
            Processing completed...       4.3874 seconds

     Processing Day/Time [YYYYDDD:HHMMSS]: 2017356:171500
       Which is Equivalent to (UTC): 17:15:00 Friday,  Dec. 22, 2017
       Time-Step Length (HHMMSS): 000500
                 VDIFF completed...       0.4497 seconds
                COUPLE completed...       0.0343 seconds
                  HADV completed...       1.7975 seconds
                  ZADV completed...       0.2027 seconds
                 HDIFF completed...       0.1370 seconds
              DECOUPLE completed...       0.0327 seconds
                  PHOT completed...       0.3061 seconds
               CLDPROC completed...       0.1558 seconds
                  CHEM completed...       0.5810 seconds
                  AERO completed...       0.5734 seconds
            Master Time Step
            Processing completed...       4.2736 seconds

     Processing Day/Time [YYYYDDD:HHMMSS]: 2017356:172000
       Which is Equivalent to (UTC): 17:20:00 Friday,  Dec. 22, 2017
       Time-Step Length (HHMMSS): 000500
                 VDIFF completed...       0.4788 seconds
                COUPLE completed...       0.0348 seconds
                  HADV completed...       1.8079 seconds
                  ZADV completed...       0.2022 seconds
                 HDIFF completed...       0.1372 seconds
              DECOUPLE completed...       0.0333 seconds
                  PHOT completed...       0.3076 seconds
               CLDPROC completed...       0.1560 seconds
                  CHEM completed...       0.5785 seconds
                  AERO completed...       0.5755 seconds
            Master Time Step
            Processing completed...       4.3131 seconds

     Processing Day/Time [YYYYDDD:HHMMSS]: 2017356:172500
       Which is Equivalent to (UTC): 17:25:00 Friday,  Dec. 22, 2017
       Time-Step Length (HHMMSS): 000500
                 VDIFF completed...       0.4762 seconds
                COUPLE completed...       0.0342 seconds
                  HADV completed...       1.8070 seconds
                  ZADV completed...       0.2030 seconds
                 HDIFF completed...       0.1367 seconds
              DECOUPLE completed...       0.0334 seconds
                  PHOT completed...       0.3078 seconds
               CLDPROC completed...       0.1556 seconds
                  CHEM completed...       0.5796 seconds
                  AERO completed...       0.5790 seconds
            Master Time Step
            Processing completed...       4.3134 seconds

     Processing Day/Time [YYYYDDD:HHMMSS]: 2017356:173000
       Which is Equivalent to (UTC): 17:30:00 Friday,  Dec. 22, 2017
       Time-Step Length (HHMMSS): 000500
                 VDIFF completed...       0.4669 seconds
                COUPLE completed...       0.0348 seconds
                  HADV completed...       1.8106 seconds
                  ZADV completed...       0.2018 seconds
                 HDIFF completed...       0.1386 seconds
              DECOUPLE completed...       0.0336 seconds
                  PHOT completed...       0.3069 seconds
               CLDPROC completed...       0.1560 seconds
                  CHEM completed...       0.5789 seconds
                  AERO completed...       0.5707 seconds
            Master Time Step
            Processing completed...       4.2994 seconds

     Processing Day/Time [YYYYDDD:HHMMSS]: 2017356:173500
       Which is Equivalent to (UTC): 17:35:00 Friday,  Dec. 22, 2017
       Time-Step Length (HHMMSS): 000500
                 VDIFF completed...       0.4771 seconds
                COUPLE completed...       0.0362 seconds
                  HADV completed...       1.8152 seconds
                  ZADV completed...       0.2027 seconds
                 HDIFF completed...       0.1383 seconds
              DECOUPLE completed...       0.0334 seconds
                  PHOT completed...       0.3071 seconds
               CLDPROC completed...       0.1565 seconds
                  CHEM completed...       0.5782 seconds
                  AERO completed...       0.5690 seconds
            Master Time Step
            Processing completed...       4.3144 seconds

     Processing Day/Time [YYYYDDD:HHMMSS]: 2017356:174000
       Which is Equivalent to (UTC): 17:40:00 Friday,  Dec. 22, 2017
       Time-Step Length (HHMMSS): 000500
                 VDIFF completed...       0.4849 seconds
                COUPLE completed...       0.0351 seconds
                  HADV completed...       1.8130 seconds
                  ZADV completed...       0.2015 seconds
                 HDIFF completed...       0.1384 seconds
              DECOUPLE completed...       0.0336 seconds
                  PHOT completed...       0.3073 seconds
               CLDPROC completed...       0.1567 seconds
                  CHEM completed...       0.5779 seconds
                  AERO completed...       0.5727 seconds
            Master Time Step
            Processing completed...       4.3224 seconds

     Processing Day/Time [YYYYDDD:HHMMSS]: 2017356:174500
       Which is Equivalent to (UTC): 17:45:00 Friday,  Dec. 22, 2017
       Time-Step Length (HHMMSS): 000500
                 VDIFF completed...       0.4794 seconds
                COUPLE completed...       0.0345 seconds
                  HADV completed...       1.8119 seconds
                  ZADV completed...       0.2022 seconds
                 HDIFF completed...       0.1363 seconds
              DECOUPLE completed...       0.0344 seconds
                  PHOT completed...       0.3044 seconds
               CLDPROC completed...       0.1557 seconds
                  CHEM completed...       0.5791 seconds
                  AERO completed...       0.5700 seconds
            Master Time Step
            Processing completed...       4.3115 seconds

     Processing Day/Time [YYYYDDD:HHMMSS]: 2017356:175000
       Which is Equivalent to (UTC): 17:50:00 Friday,  Dec. 22, 2017
       Time-Step Length (HHMMSS): 000500
                 VDIFF completed...       0.4784 seconds
                COUPLE completed...       0.0343 seconds
                  HADV completed...       1.8223 seconds
                  ZADV completed...       0.2021 seconds
                 HDIFF completed...       0.1371 seconds
              DECOUPLE completed...       0.0347 seconds
                  PHOT completed...       0.3038 seconds
               CLDPROC completed...       0.1566 seconds
                  CHEM completed...       0.5797 seconds
                  AERO completed...       0.5732 seconds
            Master Time Step
            Processing completed...       4.3259 seconds

     Processing Day/Time [YYYYDDD:HHMMSS]: 2017356:175500
       Which is Equivalent to (UTC): 17:55:00 Friday,  Dec. 22, 2017
       Time-Step Length (HHMMSS): 000500
                 VDIFF completed...       1.8276 seconds
                COUPLE completed...       0.1113 seconds
                  HADV completed...       1.0966 seconds
                  ZADV completed...       0.2023 seconds
                 HDIFF completed...       0.1364 seconds
              DECOUPLE completed...       0.0334 seconds
                  PHOT completed...       0.3070 seconds
               CLDPROC completed...       0.9821 seconds
                  CHEM completed...       0.6251 seconds
                  AERO completed...       0.5802 seconds
            Master Time Step
            Processing completed...       5.9054 seconds

      =--> Data Output completed...       0.9812 seconds

     Processing Day/Time [YYYYDDD:HHMMSS]: 2017356:180000
       Which is Equivalent to (UTC): 18:00:00 Friday,  Dec. 22, 2017
       Time-Step Length (HHMMSS): 000500
                 VDIFF completed...       5.2449 seconds
                COUPLE completed...       0.0697 seconds
                  HADV completed...       1.9276 seconds
                  ZADV completed...       0.2026 seconds
                 HDIFF completed...       0.1364 seconds
              DECOUPLE completed...       0.0342 seconds
                  PHOT completed...       1.4342 seconds
               CLDPROC completed...       0.1626 seconds
                  CHEM completed...       0.5826 seconds
                  AERO completed...       0.5818 seconds
            Master Time Step
            Processing completed...      10.3791 seconds

     Processing Day/Time [YYYYDDD:HHMMSS]: 2017356:180500
       Which is Equivalent to (UTC): 18:05:00 Friday,  Dec. 22, 2017
       Time-Step Length (HHMMSS): 000500
                 VDIFF completed...       0.4895 seconds
                COUPLE completed...       0.0410 seconds
                  HADV completed...       2.0536 seconds
                  ZADV completed...       0.2023 seconds
                 HDIFF completed...       0.1366 seconds
              DECOUPLE completed...       0.0325 seconds
                  PHOT completed...       0.3086 seconds
               CLDPROC completed...       0.1593 seconds
                  CHEM completed...       0.5810 seconds
                  AERO completed...       0.5684 seconds
            Master Time Step
            Processing completed...       4.5737 seconds

     Processing Day/Time [YYYYDDD:HHMMSS]: 2017356:181000
       Which is Equivalent to (UTC): 18:10:00 Friday,  Dec. 22, 2017
       Time-Step Length (HHMMSS): 000500
                 VDIFF completed...       0.4972 seconds
                COUPLE completed...       0.0448 seconds
                  HADV completed...       1.8552 seconds
                  ZADV completed...       0.2019 seconds
                 HDIFF completed...       0.1372 seconds
              DECOUPLE completed...       0.0332 seconds
                  PHOT completed...       0.3069 seconds
               CLDPROC completed...       0.1600 seconds
                  CHEM completed...       0.5810 seconds
                  AERO completed...       0.5676 seconds
            Master Time Step
            Processing completed...       4.3862 seconds

     Processing Day/Time [YYYYDDD:HHMMSS]: 2017356:181500
       Which is Equivalent to (UTC): 18:15:00 Friday,  Dec. 22, 2017
       Time-Step Length (HHMMSS): 000500
                 VDIFF completed...       0.5113 seconds
                COUPLE completed...       0.0430 seconds
                  HADV completed...       1.7948 seconds
                  ZADV completed...       0.2018 seconds
                 HDIFF completed...       0.1369 seconds
              DECOUPLE completed...       0.0332 seconds
                  PHOT completed...       0.3061 seconds
               CLDPROC completed...       0.1624 seconds
                  CHEM completed...       0.5818 seconds
                  AERO completed...       0.5657 seconds
            Master Time Step
            Processing completed...       4.3401 seconds

     Processing Day/Time [YYYYDDD:HHMMSS]: 2017356:182000
       Which is Equivalent to (UTC): 18:20:00 Friday,  Dec. 22, 2017
       Time-Step Length (HHMMSS): 000500
                 VDIFF completed...       0.4970 seconds
                COUPLE completed...       0.0395 seconds
                  HADV completed...       1.8002 seconds
                  ZADV completed...       0.2021 seconds
                 HDIFF completed...       0.1373 seconds
              DECOUPLE completed...       0.0334 seconds
                  PHOT completed...       0.3053 seconds
               CLDPROC completed...       0.1621 seconds
                  CHEM completed...       0.5792 seconds
                  AERO completed...       0.5680 seconds
            Master Time Step
            Processing completed...       4.3278 seconds

     Processing Day/Time [YYYYDDD:HHMMSS]: 2017356:182500
       Which is Equivalent to (UTC): 18:25:00 Friday,  Dec. 22, 2017
       Time-Step Length (HHMMSS): 000500
                 VDIFF completed...       0.4954 seconds
                COUPLE completed...       0.0386 seconds
                  HADV completed...       1.7939 seconds
                  ZADV completed...       0.2023 seconds
                 HDIFF completed...       0.1370 seconds
              DECOUPLE completed...       0.0333 seconds
                  PHOT completed...       0.3080 seconds
               CLDPROC completed...       0.1622 seconds
                  CHEM completed...       0.5795 seconds
                  AERO completed...       0.5692 seconds
            Master Time Step
            Processing completed...       4.3207 seconds

     Processing Day/Time [YYYYDDD:HHMMSS]: 2017356:183000
       Which is Equivalent to (UTC): 18:30:00 Friday,  Dec. 22, 2017
       Time-Step Length (HHMMSS): 000500
                 VDIFF completed...       0.4818 seconds
                COUPLE completed...       0.0362 seconds
                  HADV completed...       1.8098 seconds
                  ZADV completed...       0.2012 seconds
                 HDIFF completed...       0.1380 seconds
              DECOUPLE completed...       0.0336 seconds
                  PHOT completed...       0.3064 seconds
               CLDPROC completed...       0.1625 seconds
                  CHEM completed...       0.5793 seconds
                  AERO completed...       0.5747 seconds
            Master Time Step
            Processing completed...       4.3274 seconds

     Processing Day/Time [YYYYDDD:HHMMSS]: 2017356:183500
       Which is Equivalent to (UTC): 18:35:00 Friday,  Dec. 22, 2017
       Time-Step Length (HHMMSS): 000500
                 VDIFF completed...       0.4884 seconds
                COUPLE completed...       0.0415 seconds
                  HADV completed...       1.7958 seconds
                  ZADV completed...       0.2015 seconds
                 HDIFF completed...       0.1389 seconds
              DECOUPLE completed...       0.0339 seconds
                  PHOT completed...       0.3057 seconds
               CLDPROC completed...       0.1631 seconds
                  CHEM completed...       0.5797 seconds
                  AERO completed...       0.5674 seconds
            Master Time Step
            Processing completed...       4.3198 seconds

     Processing Day/Time [YYYYDDD:HHMMSS]: 2017356:184000
       Which is Equivalent to (UTC): 18:40:00 Friday,  Dec. 22, 2017
       Time-Step Length (HHMMSS): 000500
                 VDIFF completed...       0.5054 seconds
                COUPLE completed...       0.0420 seconds
                  HADV completed...       1.7872 seconds
                  ZADV completed...       0.2012 seconds
                 HDIFF completed...       0.1400 seconds
              DECOUPLE completed...       0.0334 seconds
                  PHOT completed...       0.3077 seconds
               CLDPROC completed...       0.1632 seconds
                  CHEM completed...       0.5807 seconds
                  AERO completed...       0.5753 seconds
            Master Time Step
            Processing completed...       4.3388 seconds

     Processing Day/Time [YYYYDDD:HHMMSS]: 2017356:184500
       Which is Equivalent to (UTC): 18:45:00 Friday,  Dec. 22, 2017
       Time-Step Length (HHMMSS): 000500
                 VDIFF completed...       0.4873 seconds
                COUPLE completed...       0.0395 seconds
                  HADV completed...       1.7966 seconds
                  ZADV completed...       0.2018 seconds
                 HDIFF completed...       0.1444 seconds
              DECOUPLE completed...       0.0335 seconds
                  PHOT completed...       0.3066 seconds
               CLDPROC completed...       0.1628 seconds
                  CHEM completed...       0.5812 seconds
                  AERO completed...       0.5686 seconds
            Master Time Step
            Processing completed...       4.3256 seconds

     Processing Day/Time [YYYYDDD:HHMMSS]: 2017356:185000
       Which is Equivalent to (UTC): 18:50:00 Friday,  Dec. 22, 2017
       Time-Step Length (HHMMSS): 000500
                 VDIFF completed...       0.5009 seconds
                COUPLE completed...       0.0396 seconds
                  HADV completed...       1.7976 seconds
                  ZADV completed...       0.2017 seconds
                 HDIFF completed...       0.1357 seconds
              DECOUPLE completed...       0.0342 seconds
                  PHOT completed...       0.3069 seconds
               CLDPROC completed...       0.1615 seconds
                  CHEM completed...       0.5816 seconds
                  AERO completed...       0.5684 seconds
            Master Time Step
            Processing completed...       4.3297 seconds

     Processing Day/Time [YYYYDDD:HHMMSS]: 2017356:185500
       Which is Equivalent to (UTC): 18:55:00 Friday,  Dec. 22, 2017
       Time-Step Length (HHMMSS): 000500
                 VDIFF completed...       1.8566 seconds
                COUPLE completed...       0.1110 seconds
                  HADV completed...       1.1194 seconds
                  ZADV completed...       0.2024 seconds
                 HDIFF completed...       0.1370 seconds
              DECOUPLE completed...       0.0328 seconds
                  PHOT completed...       0.3069 seconds
               CLDPROC completed...       1.0011 seconds
                  CHEM completed...       0.6190 seconds
                  AERO completed...       0.5913 seconds
            Master Time Step
            Processing completed...       5.9819 seconds

      =--> Data Output completed...       0.9622 seconds

     Processing Day/Time [YYYYDDD:HHMMSS]: 2017356:190000
       Which is Equivalent to (UTC): 19:00:00 Friday,  Dec. 22, 2017
       Time-Step Length (HHMMSS): 000500
                 VDIFF completed...       5.1944 seconds
                COUPLE completed...       0.0804 seconds
                  HADV completed...       1.9743 seconds
                  ZADV completed...       0.1968 seconds
                 HDIFF completed...       0.1417 seconds
              DECOUPLE completed...       0.0331 seconds
                  PHOT completed...       1.4373 seconds
               CLDPROC completed...       0.1665 seconds
                  CHEM completed...       0.5880 seconds
                  AERO completed...       0.5619 seconds
            Master Time Step
            Processing completed...      10.3753 seconds

     Processing Day/Time [YYYYDDD:HHMMSS]: 2017356:190500
       Which is Equivalent to (UTC): 19:05:00 Friday,  Dec. 22, 2017
       Time-Step Length (HHMMSS): 000500
                 VDIFF completed...       0.5737 seconds
                COUPLE completed...       0.0757 seconds
                  HADV completed...       1.4465 seconds
                  ZADV completed...       0.1989 seconds
                 HDIFF completed...       0.1411 seconds
              DECOUPLE completed...       0.0341 seconds
                  PHOT completed...       0.3059 seconds
               CLDPROC completed...       0.1634 seconds
                  CHEM completed...       0.5812 seconds
                  AERO completed...       0.5771 seconds
            Master Time Step
            Processing completed...       4.0990 seconds

     Processing Day/Time [YYYYDDD:HHMMSS]: 2017356:191000
       Which is Equivalent to (UTC): 19:10:00 Friday,  Dec. 22, 2017
       Time-Step Length (HHMMSS): 000500
                 VDIFF completed...       0.4798 seconds
                COUPLE completed...       0.0411 seconds
                  HADV completed...       1.8149 seconds
                  ZADV completed...       0.1996 seconds
                 HDIFF completed...       0.1397 seconds
              DECOUPLE completed...       0.0337 seconds
                  PHOT completed...       0.3049 seconds
               CLDPROC completed...       0.1629 seconds
                  CHEM completed...       0.5814 seconds
                  AERO completed...       0.5777 seconds
            Master Time Step
            Processing completed...       4.3389 seconds

     Processing Day/Time [YYYYDDD:HHMMSS]: 2017356:191500
       Which is Equivalent to (UTC): 19:15:00 Friday,  Dec. 22, 2017
       Time-Step Length (HHMMSS): 000500
                 VDIFF completed...       0.4771 seconds
                COUPLE completed...       0.0442 seconds
                  HADV completed...       1.8108 seconds
                  ZADV completed...       0.1993 seconds
                 HDIFF completed...       0.1404 seconds
              DECOUPLE completed...       0.0335 seconds
                  PHOT completed...       0.3058 seconds
               CLDPROC completed...       0.1637 seconds
                  CHEM completed...       0.5816 seconds
                  AERO completed...       0.5782 seconds
            Master Time Step
            Processing completed...       4.3380 seconds

     Processing Day/Time [YYYYDDD:HHMMSS]: 2017356:192000
       Which is Equivalent to (UTC): 19:20:00 Friday,  Dec. 22, 2017
       Time-Step Length (HHMMSS): 000500
                 VDIFF completed...       0.4797 seconds
                COUPLE completed...       0.0438 seconds
                  HADV completed...       1.8083 seconds
                  ZADV completed...       0.1988 seconds
                 HDIFF completed...       0.1400 seconds
              DECOUPLE completed...       0.0338 seconds
                  PHOT completed...       0.3072 seconds
               CLDPROC completed...       0.1651 seconds
                  CHEM completed...       0.5816 seconds
                  AERO completed...       0.5748 seconds
            Master Time Step
            Processing completed...       4.3352 seconds

     Processing Day/Time [YYYYDDD:HHMMSS]: 2017356:192500
       Which is Equivalent to (UTC): 19:25:00 Friday,  Dec. 22, 2017
       Time-Step Length (HHMMSS): 000500
                 VDIFF completed...       0.4853 seconds
                COUPLE completed...       0.0425 seconds
                  HADV completed...       1.8027 seconds
                  ZADV completed...       0.1985 seconds
                 HDIFF completed...       0.1408 seconds
              DECOUPLE completed...       0.0333 seconds
                  PHOT completed...       0.3083 seconds
               CLDPROC completed...       0.1641 seconds
                  CHEM completed...       0.5829 seconds
                  AERO completed...       0.5749 seconds
            Master Time Step
            Processing completed...       4.3343 seconds

     Processing Day/Time [YYYYDDD:HHMMSS]: 2017356:193000
       Which is Equivalent to (UTC): 19:30:00 Friday,  Dec. 22, 2017
       Time-Step Length (HHMMSS): 000500
                 VDIFF completed...       0.4910 seconds
                COUPLE completed...       0.0415 seconds
                  HADV completed...       1.8015 seconds
                  ZADV completed...       0.1980 seconds
                 HDIFF completed...       0.1404 seconds
              DECOUPLE completed...       0.0332 seconds
                  PHOT completed...       0.3083 seconds
               CLDPROC completed...       0.1642 seconds
                  CHEM completed...       0.5816 seconds
                  AERO completed...       0.5748 seconds
            Master Time Step
            Processing completed...       4.3358 seconds

     Processing Day/Time [YYYYDDD:HHMMSS]: 2017356:193500
       Which is Equivalent to (UTC): 19:35:00 Friday,  Dec. 22, 2017
       Time-Step Length (HHMMSS): 000500
                 VDIFF completed...       0.4856 seconds
                COUPLE completed...       0.0416 seconds
                  HADV completed...       1.7981 seconds
                  ZADV completed...       0.1986 seconds
                 HDIFF completed...       0.1415 seconds
              DECOUPLE completed...       0.0339 seconds
                  PHOT completed...       0.3065 seconds
               CLDPROC completed...       0.1637 seconds
                  CHEM completed...       0.5803 seconds
                  AERO completed...       0.5781 seconds
            Master Time Step
            Processing completed...       4.3320 seconds

     Processing Day/Time [YYYYDDD:HHMMSS]: 2017356:194000
       Which is Equivalent to (UTC): 19:40:00 Friday,  Dec. 22, 2017
       Time-Step Length (HHMMSS): 000500
                 VDIFF completed...       0.4855 seconds
                COUPLE completed...       0.0440 seconds
                  HADV completed...       1.7935 seconds
                  ZADV completed...       0.2008 seconds
                 HDIFF completed...       0.1396 seconds
              DECOUPLE completed...       0.0339 seconds
                  PHOT completed...       0.3065 seconds
               CLDPROC completed...       0.1634 seconds
                  CHEM completed...       0.5824 seconds
                  AERO completed...       0.5757 seconds
            Master Time Step
            Processing completed...       4.3295 seconds

     Processing Day/Time [YYYYDDD:HHMMSS]: 2017356:194500
       Which is Equivalent to (UTC): 19:45:00 Friday,  Dec. 22, 2017
       Time-Step Length (HHMMSS): 000500
                 VDIFF completed...       0.4839 seconds
                COUPLE completed...       0.0392 seconds
                  HADV completed...       1.8023 seconds
                  ZADV completed...       0.1989 seconds
                 HDIFF completed...       0.1430 seconds
              DECOUPLE completed...       0.0343 seconds
                  PHOT completed...       0.3085 seconds
               CLDPROC completed...       0.1622 seconds
                  CHEM completed...       0.5829 seconds
                  AERO completed...       0.5758 seconds
            Master Time Step
            Processing completed...       4.3347 seconds

     Processing Day/Time [YYYYDDD:HHMMSS]: 2017356:195000
       Which is Equivalent to (UTC): 19:50:00 Friday,  Dec. 22, 2017
       Time-Step Length (HHMMSS): 000500
                 VDIFF completed...       0.4882 seconds
                COUPLE completed...       0.0430 seconds
                  HADV completed...       1.7937 seconds
                  ZADV completed...       0.1979 seconds
                 HDIFF completed...       0.1437 seconds
              DECOUPLE completed...       0.0334 seconds
                  PHOT completed...       0.3079 seconds
               CLDPROC completed...       0.1640 seconds
                  CHEM completed...       0.5859 seconds
                  AERO completed...       0.5748 seconds
            Master Time Step
            Processing completed...       4.3354 seconds

     Processing Day/Time [YYYYDDD:HHMMSS]: 2017356:195500
       Which is Equivalent to (UTC): 19:55:00 Friday,  Dec. 22, 2017
       Time-Step Length (HHMMSS): 000500
                 VDIFF completed...       1.8621 seconds
                COUPLE completed...       0.1114 seconds
                  HADV completed...       1.0996 seconds
                  ZADV completed...       0.1981 seconds
                 HDIFF completed...       0.1407 seconds
              DECOUPLE completed...       0.0342 seconds
                  PHOT completed...       0.3058 seconds
               CLDPROC completed...       1.0050 seconds
                  CHEM completed...       0.6183 seconds
                  AERO completed...       0.6023 seconds
            Master Time Step
            Processing completed...       5.9816 seconds

      =--> Data Output completed...       0.9540 seconds

     Processing Day/Time [YYYYDDD:HHMMSS]: 2017356:200000
       Which is Equivalent to (UTC): 20:00:00 Friday,  Dec. 22, 2017
       Time-Step Length (HHMMSS): 000500
                 VDIFF completed...       5.1248 seconds
                COUPLE completed...       0.0768 seconds
                  HADV completed...       2.1275 seconds
                  ZADV completed...       0.2010 seconds
                 HDIFF completed...       0.1370 seconds
              DECOUPLE completed...       0.0332 seconds
                  PHOT completed...       1.4310 seconds
               CLDPROC completed...       0.1696 seconds
                  CHEM completed...       0.5887 seconds
                  AERO completed...       0.5788 seconds
            Master Time Step
            Processing completed...      10.4693 seconds

     Processing Day/Time [YYYYDDD:HHMMSS]: 2017356:200500
       Which is Equivalent to (UTC): 20:05:00 Friday,  Dec. 22, 2017
       Time-Step Length (HHMMSS): 000500
                 VDIFF completed...       0.5116 seconds
                COUPLE completed...       0.0403 seconds
                  HADV completed...       1.8674 seconds
                  ZADV completed...       0.2019 seconds
                 HDIFF completed...       0.1373 seconds
              DECOUPLE completed...       0.0329 seconds
                  PHOT completed...       0.3080 seconds
               CLDPROC completed...       0.1669 seconds
                  CHEM completed...       0.5819 seconds
                  AERO completed...       0.5742 seconds
            Master Time Step
            Processing completed...       4.4261 seconds

     Processing Day/Time [YYYYDDD:HHMMSS]: 2017356:201000
       Which is Equivalent to (UTC): 20:10:00 Friday,  Dec. 22, 2017
       Time-Step Length (HHMMSS): 000500
                 VDIFF completed...       0.4964 seconds
                COUPLE completed...       0.0400 seconds
                  HADV completed...       1.8814 seconds
                  ZADV completed...       0.2018 seconds
                 HDIFF completed...       0.1371 seconds
              DECOUPLE completed...       0.0332 seconds
                  PHOT completed...       0.3084 seconds
               CLDPROC completed...       0.1650 seconds
                  CHEM completed...       0.5827 seconds
                  AERO completed...       0.5656 seconds
            Master Time Step
            Processing completed...       4.4123 seconds

     Processing Day/Time [YYYYDDD:HHMMSS]: 2017356:201500
       Which is Equivalent to (UTC): 20:15:00 Friday,  Dec. 22, 2017
       Time-Step Length (HHMMSS): 000500
                 VDIFF completed...       0.5161 seconds
                COUPLE completed...       0.0402 seconds
                  HADV completed...       1.8751 seconds
                  ZADV completed...       0.2020 seconds
                 HDIFF completed...       0.1373 seconds
              DECOUPLE completed...       0.0333 seconds
                  PHOT completed...       0.3070 seconds
               CLDPROC completed...       0.1670 seconds
                  CHEM completed...       0.5822 seconds
                  AERO completed...       0.5667 seconds
            Master Time Step
            Processing completed...       4.4277 seconds

     Processing Day/Time [YYYYDDD:HHMMSS]: 2017356:202000
       Which is Equivalent to (UTC): 20:20:00 Friday,  Dec. 22, 2017
       Time-Step Length (HHMMSS): 000500
                 VDIFF completed...       0.5096 seconds
                COUPLE completed...       0.0388 seconds
                  HADV completed...       1.8774 seconds
                  ZADV completed...       0.2018 seconds
                 HDIFF completed...       0.1374 seconds
              DECOUPLE completed...       0.0341 seconds
                  PHOT completed...       0.3074 seconds
               CLDPROC completed...       0.1656 seconds
                  CHEM completed...       0.5823 seconds
                  AERO completed...       0.5731 seconds
            Master Time Step
            Processing completed...       4.4283 seconds

     Processing Day/Time [YYYYDDD:HHMMSS]: 2017356:202500
       Which is Equivalent to (UTC): 20:25:00 Friday,  Dec. 22, 2017
       Time-Step Length (HHMMSS): 000500
                 VDIFF completed...       0.5001 seconds
                COUPLE completed...       0.0392 seconds
                  HADV completed...       1.8655 seconds
                  ZADV completed...       0.2020 seconds
                 HDIFF completed...       0.1375 seconds
              DECOUPLE completed...       0.0341 seconds
                  PHOT completed...       0.3083 seconds
               CLDPROC completed...       0.1661 seconds
                  CHEM completed...       0.5817 seconds
                  AERO completed...       0.5754 seconds
            Master Time Step
            Processing completed...       4.4107 seconds

     Processing Day/Time [YYYYDDD:HHMMSS]: 2017356:203000
       Which is Equivalent to (UTC): 20:30:00 Friday,  Dec. 22, 2017
       Time-Step Length (HHMMSS): 000500
                 VDIFF completed...       0.5041 seconds
                COUPLE completed...       0.0383 seconds
                  HADV completed...       1.8627 seconds
                  ZADV completed...       0.2019 seconds
                 HDIFF completed...       0.1378 seconds
              DECOUPLE completed...       0.0372 seconds
                  PHOT completed...       0.3045 seconds
               CLDPROC completed...       0.1655 seconds
                  CHEM completed...       0.5838 seconds
                  AERO completed...       0.5727 seconds
            Master Time Step
            Processing completed...       4.4093 seconds

     Processing Day/Time [YYYYDDD:HHMMSS]: 2017356:203500
       Which is Equivalent to (UTC): 20:35:00 Friday,  Dec. 22, 2017
       Time-Step Length (HHMMSS): 000500
                 VDIFF completed...       0.5175 seconds
                COUPLE completed...       0.0395 seconds
                  HADV completed...       1.8490 seconds
                  ZADV completed...       0.2020 seconds
                 HDIFF completed...       0.1368 seconds
              DECOUPLE completed...       0.0339 seconds
                  PHOT completed...       0.3084 seconds
               CLDPROC completed...       0.1678 seconds
                  CHEM completed...       0.5838 seconds
                  AERO completed...       0.5683 seconds
            Master Time Step
            Processing completed...       4.4077 seconds

     Processing Day/Time [YYYYDDD:HHMMSS]: 2017356:204000
       Which is Equivalent to (UTC): 20:40:00 Friday,  Dec. 22, 2017
       Time-Step Length (HHMMSS): 000500
                 VDIFF completed...       0.5362 seconds
                COUPLE completed...       0.0377 seconds
                  HADV completed...       1.8342 seconds
                  ZADV completed...       0.2013 seconds
                 HDIFF completed...       0.1372 seconds
              DECOUPLE completed...       0.0338 seconds
                  PHOT completed...       0.3078 seconds
               CLDPROC completed...       0.1672 seconds
                  CHEM completed...       0.5866 seconds
                  AERO completed...       0.5744 seconds
            Master Time Step
            Processing completed...       4.4171 seconds

     Processing Day/Time [YYYYDDD:HHMMSS]: 2017356:204500
       Which is Equivalent to (UTC): 20:45:00 Friday,  Dec. 22, 2017
       Time-Step Length (HHMMSS): 000500
                 VDIFF completed...       0.5182 seconds
                COUPLE completed...       0.0384 seconds
                  HADV completed...       1.8447 seconds
                  ZADV completed...       0.2020 seconds
                 HDIFF completed...       0.1380 seconds
              DECOUPLE completed...       0.0337 seconds
                  PHOT completed...       0.3075 seconds
               CLDPROC completed...       0.1664 seconds
                  CHEM completed...       0.5866 seconds
                  AERO completed...       0.5746 seconds
            Master Time Step
            Processing completed...       4.4107 seconds

     Processing Day/Time [YYYYDDD:HHMMSS]: 2017356:205000
       Which is Equivalent to (UTC): 20:50:00 Friday,  Dec. 22, 2017
       Time-Step Length (HHMMSS): 000500
                 VDIFF completed...       0.5371 seconds
                COUPLE completed...       0.0370 seconds
                  HADV completed...       1.8162 seconds
                  ZADV completed...       0.2018 seconds
                 HDIFF completed...       0.1376 seconds
              DECOUPLE completed...       0.0337 seconds
                  PHOT completed...       0.3080 seconds
               CLDPROC completed...       0.1660 seconds
                  CHEM completed...       0.5891 seconds
                  AERO completed...       0.5772 seconds
            Master Time Step
            Processing completed...       4.4045 seconds

     Processing Day/Time [YYYYDDD:HHMMSS]: 2017356:205500
       Which is Equivalent to (UTC): 20:55:00 Friday,  Dec. 22, 2017
       Time-Step Length (HHMMSS): 000500
                 VDIFF completed...       1.8395 seconds
                COUPLE completed...       0.1102 seconds
                  HADV completed...       1.1718 seconds
                  ZADV completed...       0.2023 seconds
                 HDIFF completed...       0.1367 seconds
              DECOUPLE completed...       0.0338 seconds
                  PHOT completed...       0.3066 seconds
               CLDPROC completed...       1.0188 seconds
                  CHEM completed...       0.5868 seconds
                  AERO completed...       0.5930 seconds
            Master Time Step
            Processing completed...       6.0003 seconds

      =--> Data Output completed...       1.2270 seconds

     Processing Day/Time [YYYYDDD:HHMMSS]: 2017356:210000
       Which is Equivalent to (UTC): 21:00:00 Friday,  Dec. 22, 2017
       Time-Step Length (HHMMSS): 000500
                 VDIFF completed...       5.2348 seconds
                COUPLE completed...       0.0795 seconds
                  HADV completed...       2.0434 seconds
                  ZADV completed...       0.1986 seconds
                 HDIFF completed...       0.1406 seconds
              DECOUPLE completed...       0.0343 seconds
                  PHOT completed...       1.4408 seconds
               CLDPROC completed...       0.1702 seconds
                  CHEM completed...       0.6000 seconds
                  AERO completed...       0.5754 seconds
            Master Time Step
            Processing completed...      10.5204 seconds

     Processing Day/Time [YYYYDDD:HHMMSS]: 2017356:210500
       Which is Equivalent to (UTC): 21:05:00 Friday,  Dec. 22, 2017
       Time-Step Length (HHMMSS): 000500
                 VDIFF completed...       0.5468 seconds
                COUPLE completed...       0.0381 seconds
                  HADV completed...       1.7705 seconds
                  ZADV completed...       0.2014 seconds
                 HDIFF completed...       0.1375 seconds
              DECOUPLE completed...       0.0330 seconds
                  PHOT completed...       0.3065 seconds
               CLDPROC completed...       0.1656 seconds
                  CHEM completed...       0.5936 seconds
                  AERO completed...       0.5660 seconds
            Master Time Step
            Processing completed...       4.3629 seconds

     Processing Day/Time [YYYYDDD:HHMMSS]: 2017356:211000
       Which is Equivalent to (UTC): 21:10:00 Friday,  Dec. 22, 2017
       Time-Step Length (HHMMSS): 000500
                 VDIFF completed...       0.5434 seconds
                COUPLE completed...       0.0405 seconds
                  HADV completed...       1.7807 seconds
                  ZADV completed...       0.1872 seconds
                 HDIFF completed...       0.1486 seconds
              DECOUPLE completed...       0.0326 seconds
                  PHOT completed...       0.3086 seconds
               CLDPROC completed...       0.1654 seconds
                  CHEM completed...       0.5933 seconds
                  AERO completed...       0.5684 seconds
            Master Time Step
            Processing completed...       4.3699 seconds

     Processing Day/Time [YYYYDDD:HHMMSS]: 2017356:211500
       Which is Equivalent to (UTC): 21:15:00 Friday,  Dec. 22, 2017
       Time-Step Length (HHMMSS): 000500
                 VDIFF completed...       0.5206 seconds
                COUPLE completed...       0.0414 seconds
                  HADV completed...       1.7979 seconds
                  ZADV completed...       0.2015 seconds
                 HDIFF completed...       0.1449 seconds
              DECOUPLE completed...       0.0325 seconds
                  PHOT completed...       0.3090 seconds
               CLDPROC completed...       0.1653 seconds
                  CHEM completed...       0.5922 seconds
                  AERO completed...       0.5706 seconds
            Master Time Step
            Processing completed...       4.3795 seconds

     Processing Day/Time [YYYYDDD:HHMMSS]: 2017356:212000
       Which is Equivalent to (UTC): 21:20:00 Friday,  Dec. 22, 2017
       Time-Step Length (HHMMSS): 000500
                 VDIFF completed...       0.5422 seconds
                COUPLE completed...       0.0401 seconds
                  HADV completed...       1.7649 seconds
                  ZADV completed...       0.2014 seconds
                 HDIFF completed...       0.1539 seconds
              DECOUPLE completed...       0.0329 seconds
                  PHOT completed...       0.3107 seconds
               CLDPROC completed...       0.1643 seconds
                  CHEM completed...       0.5911 seconds
                  AERO completed...       0.5720 seconds
            Master Time Step
            Processing completed...       4.3776 seconds

     Processing Day/Time [YYYYDDD:HHMMSS]: 2017356:212500
       Which is Equivalent to (UTC): 21:25:00 Friday,  Dec. 22, 2017
       Time-Step Length (HHMMSS): 000500
                 VDIFF completed...       0.5264 seconds
                COUPLE completed...       0.0384 seconds
                  HADV completed...       1.7662 seconds
                  ZADV completed...       0.2016 seconds
                 HDIFF completed...       0.1568 seconds
              DECOUPLE completed...       0.0648 seconds
                  PHOT completed...       0.2611 seconds
               CLDPROC completed...       0.1569 seconds
                  CHEM completed...       0.5846 seconds
                  AERO completed...       0.5757 seconds
            Master Time Step
            Processing completed...       4.3370 seconds

     Processing Day/Time [YYYYDDD:HHMMSS]: 2017356:213000
       Which is Equivalent to (UTC): 21:30:00 Friday,  Dec. 22, 2017
       Time-Step Length (HHMMSS): 000500
                 VDIFF completed...       0.5477 seconds
                COUPLE completed...       0.0426 seconds
                  HADV completed...       1.7578 seconds
                  ZADV completed...       0.2013 seconds
                 HDIFF completed...       0.1360 seconds
              DECOUPLE completed...       0.0343 seconds
                  PHOT completed...       0.3078 seconds
               CLDPROC completed...       0.1599 seconds
                  CHEM completed...       0.5877 seconds
                  AERO completed...       0.5673 seconds
            Master Time Step
            Processing completed...       4.3465 seconds

     Processing Day/Time [YYYYDDD:HHMMSS]: 2017356:213500
       Which is Equivalent to (UTC): 21:35:00 Friday,  Dec. 22, 2017
       Time-Step Length (HHMMSS): 000500
                 VDIFF completed...       0.5214 seconds
                COUPLE completed...       0.0401 seconds
                  HADV completed...       1.7681 seconds
                  ZADV completed...       0.2013 seconds
                 HDIFF completed...       0.1362 seconds
              DECOUPLE completed...       0.0361 seconds
                  PHOT completed...       0.3094 seconds
               CLDPROC completed...       0.1562 seconds
                  CHEM completed...       0.5833 seconds
                  AERO completed...       0.5730 seconds
            Master Time Step
            Processing completed...       4.3284 seconds

     Processing Day/Time [YYYYDDD:HHMMSS]: 2017356:214000
       Which is Equivalent to (UTC): 21:40:00 Friday,  Dec. 22, 2017
       Time-Step Length (HHMMSS): 000500
                 VDIFF completed...       0.5302 seconds
                COUPLE completed...       0.0397 seconds
                  HADV completed...       1.7747 seconds
                  ZADV completed...       0.2015 seconds
                 HDIFF completed...       0.1375 seconds
              DECOUPLE completed...       0.0329 seconds
                  PHOT completed...       0.3123 seconds
               CLDPROC completed...       0.1560 seconds
                  CHEM completed...       0.5842 seconds
                  AERO completed...       0.5821 seconds
            Master Time Step
            Processing completed...       4.3526 seconds

     Processing Day/Time [YYYYDDD:HHMMSS]: 2017356:214500
       Which is Equivalent to (UTC): 21:45:00 Friday,  Dec. 22, 2017
       Time-Step Length (HHMMSS): 000500
                 VDIFF completed...       0.5349 seconds
                COUPLE completed...       0.0426 seconds
                  HADV completed...       1.7625 seconds
                  ZADV completed...       0.2018 seconds
                 HDIFF completed...       0.1369 seconds
              DECOUPLE completed...       0.0333 seconds
                  PHOT completed...       0.3092 seconds
               CLDPROC completed...       0.1537 seconds
                  CHEM completed...       0.5836 seconds
                  AERO completed...       0.5850 seconds
            Master Time Step
            Processing completed...       4.3473 seconds

     Processing Day/Time [YYYYDDD:HHMMSS]: 2017356:215000
       Which is Equivalent to (UTC): 21:50:00 Friday,  Dec. 22, 2017
       Time-Step Length (HHMMSS): 000500
                 VDIFF completed...       0.5180 seconds
                COUPLE completed...       0.0364 seconds
                  HADV completed...       1.7774 seconds
                  ZADV completed...       0.2010 seconds
                 HDIFF completed...       0.1371 seconds
              DECOUPLE completed...       0.0329 seconds
                  PHOT completed...       0.3103 seconds
               CLDPROC completed...       0.1507 seconds
                  CHEM completed...       0.5845 seconds
                  AERO completed...       0.5904 seconds
            Master Time Step
            Processing completed...       4.3427 seconds

     Processing Day/Time [YYYYDDD:HHMMSS]: 2017356:215500
       Which is Equivalent to (UTC): 21:55:00 Friday,  Dec. 22, 2017
       Time-Step Length (HHMMSS): 000500
                 VDIFF completed...       1.7151 seconds
                COUPLE completed...       0.1112 seconds
                  HADV completed...       1.4082 seconds
                  ZADV completed...       0.2017 seconds
                 HDIFF completed...       0.1368 seconds
              DECOUPLE completed...       0.0333 seconds
                  PHOT completed...       0.3056 seconds
               CLDPROC completed...       1.0327 seconds
                  CHEM completed...       0.5557 seconds
                  AERO completed...       0.5874 seconds
            Master Time Step
            Processing completed...       6.0919 seconds

      =--> Data Output completed...       0.9627 seconds

     Processing Day/Time [YYYYDDD:HHMMSS]: 2017356:220000
       Which is Equivalent to (UTC): 22:00:00 Friday,  Dec. 22, 2017
       Time-Step Length (HHMMSS): 000500
                 VDIFF completed...       5.2413 seconds
                COUPLE completed...       0.0713 seconds
                  HADV completed...       1.9520 seconds
                  ZADV completed...       0.2014 seconds
                 HDIFF completed...       0.1366 seconds
              DECOUPLE completed...       0.0334 seconds
                  PHOT completed...       1.3608 seconds
               CLDPROC completed...       0.1541 seconds
                  CHEM completed...       0.6085 seconds
                  AERO completed...       0.5658 seconds
            Master Time Step
            Processing completed...      10.3275 seconds

     Processing Day/Time [YYYYDDD:HHMMSS]: 2017356:220500
       Which is Equivalent to (UTC): 22:05:00 Friday,  Dec. 22, 2017
       Time-Step Length (HHMMSS): 000500
                 VDIFF completed...       0.6400 seconds
                COUPLE completed...       0.0713 seconds
                  HADV completed...       1.3914 seconds
                  ZADV completed...       0.2015 seconds
                 HDIFF completed...       0.1370 seconds
              DECOUPLE completed...       0.0331 seconds
                  PHOT completed...       0.3099 seconds
               CLDPROC completed...       0.1443 seconds
                  CHEM completed...       0.5752 seconds
                  AERO completed...       0.5805 seconds
            Master Time Step
            Processing completed...       4.0884 seconds

     Processing Day/Time [YYYYDDD:HHMMSS]: 2017356:221000
       Which is Equivalent to (UTC): 22:10:00 Friday,  Dec. 22, 2017
       Time-Step Length (HHMMSS): 000500
                 VDIFF completed...       0.4987 seconds
                COUPLE completed...       0.0393 seconds
                  HADV completed...       1.7378 seconds
                  ZADV completed...       0.2010 seconds
                 HDIFF completed...       0.1367 seconds
              DECOUPLE completed...       0.0331 seconds
                  PHOT completed...       0.3094 seconds
               CLDPROC completed...       0.1449 seconds
                  CHEM completed...       0.5745 seconds
                  AERO completed...       0.5811 seconds
            Master Time Step
            Processing completed...       4.2602 seconds

     Processing Day/Time [YYYYDDD:HHMMSS]: 2017356:221500
       Which is Equivalent to (UTC): 22:15:00 Friday,  Dec. 22, 2017
       Time-Step Length (HHMMSS): 000500
                 VDIFF completed...       0.4825 seconds
                COUPLE completed...       0.0362 seconds
                  HADV completed...       1.7533 seconds
                  ZADV completed...       0.2012 seconds
                 HDIFF completed...       0.1386 seconds
              DECOUPLE completed...       0.0328 seconds
                  PHOT completed...       0.3101 seconds
               CLDPROC completed...       0.1447 seconds
                  CHEM completed...       0.5708 seconds
                  AERO completed...       0.5764 seconds
            Master Time Step
            Processing completed...       4.2473 seconds

     Processing Day/Time [YYYYDDD:HHMMSS]: 2017356:222000
       Which is Equivalent to (UTC): 22:20:00 Friday,  Dec. 22, 2017
       Time-Step Length (HHMMSS): 000500
                 VDIFF completed...       0.4741 seconds
                COUPLE completed...       0.0342 seconds
                  HADV completed...       1.7774 seconds
                  ZADV completed...       0.2007 seconds
                 HDIFF completed...       0.1402 seconds
              DECOUPLE completed...       0.0334 seconds
                  PHOT completed...       0.3084 seconds
               CLDPROC completed...       0.1466 seconds
                  CHEM completed...       0.5675 seconds
                  AERO completed...       0.5699 seconds
            Master Time Step
            Processing completed...       4.2558 seconds

     Processing Day/Time [YYYYDDD:HHMMSS]: 2017356:222500
       Which is Equivalent to (UTC): 22:25:00 Friday,  Dec. 22, 2017
       Time-Step Length (HHMMSS): 000500
                 VDIFF completed...       0.4856 seconds
                COUPLE completed...       0.0335 seconds
                  HADV completed...       1.8013 seconds
                  ZADV completed...       0.2011 seconds
                 HDIFF completed...       0.1475 seconds
              DECOUPLE completed...       0.0325 seconds
                  PHOT completed...       0.3111 seconds
               CLDPROC completed...       0.1453 seconds
                  CHEM completed...       0.5661 seconds
                  AERO completed...       0.5850 seconds
            Master Time Step
            Processing completed...       4.3129 seconds

     Processing Day/Time [YYYYDDD:HHMMSS]: 2017356:223000
       Which is Equivalent to (UTC): 22:30:00 Friday,  Dec. 22, 2017
       Time-Step Length (HHMMSS): 000500
                 VDIFF completed...       0.4691 seconds
                COUPLE completed...       0.0338 seconds
                  HADV completed...       1.7598 seconds
                  ZADV completed...       0.2012 seconds
                 HDIFF completed...       0.1358 seconds
              DECOUPLE completed...       0.0344 seconds
                  PHOT completed...       0.3096 seconds
               CLDPROC completed...       0.1440 seconds
                  CHEM completed...       0.5707 seconds
                  AERO completed...       0.5797 seconds
            Master Time Step
            Processing completed...       4.2417 seconds

     Processing Day/Time [YYYYDDD:HHMMSS]: 2017356:223500
       Which is Equivalent to (UTC): 22:35:00 Friday,  Dec. 22, 2017
       Time-Step Length (HHMMSS): 000500
                 VDIFF completed...       0.4649 seconds
                COUPLE completed...       0.0360 seconds
                  HADV completed...       1.7483 seconds
                  ZADV completed...       0.2016 seconds
                 HDIFF completed...       0.1374 seconds
              DECOUPLE completed...       0.0338 seconds
                  PHOT completed...       0.3089 seconds
               CLDPROC completed...       0.1437 seconds
                  CHEM completed...       0.5708 seconds
                  AERO completed...       0.5809 seconds
            Master Time Step
            Processing completed...       4.2295 seconds

     Processing Day/Time [YYYYDDD:HHMMSS]: 2017356:224000
       Which is Equivalent to (UTC): 22:40:00 Friday,  Dec. 22, 2017
       Time-Step Length (HHMMSS): 000500
                 VDIFF completed...       0.4519 seconds
                COUPLE completed...       0.0348 seconds
                  HADV completed...       1.7196 seconds
                  ZADV completed...       0.2014 seconds
                 HDIFF completed...       0.1368 seconds
              DECOUPLE completed...       0.0329 seconds
                  PHOT completed...       0.3103 seconds
               CLDPROC completed...       0.1420 seconds
                  CHEM completed...       0.5700 seconds
                  AERO completed...       0.5824 seconds
            Master Time Step
            Processing completed...       4.1855 seconds

     Processing Day/Time [YYYYDDD:HHMMSS]: 2017356:224500
       Which is Equivalent to (UTC): 22:45:00 Friday,  Dec. 22, 2017
       Time-Step Length (HHMMSS): 000500
                 VDIFF completed...       0.4541 seconds
                COUPLE completed...       0.0341 seconds
                  HADV completed...       1.6917 seconds
                  ZADV completed...       0.2015 seconds
                 HDIFF completed...       0.1363 seconds
              DECOUPLE completed...       0.0333 seconds
                  PHOT completed...       0.3109 seconds
               CLDPROC completed...       0.1379 seconds
                  CHEM completed...       0.5704 seconds
                  AERO completed...       0.5820 seconds
            Master Time Step
            Processing completed...       4.1555 seconds

     Processing Day/Time [YYYYDDD:HHMMSS]: 2017356:225000
       Which is Equivalent to (UTC): 22:50:00 Friday,  Dec. 22, 2017
       Time-Step Length (HHMMSS): 000500
                 VDIFF completed...       0.4448 seconds
                COUPLE completed...       0.0350 seconds
                  HADV completed...       1.6799 seconds
                  ZADV completed...       0.2017 seconds
                 HDIFF completed...       0.1369 seconds
              DECOUPLE completed...       0.0337 seconds
                  PHOT completed...       0.3100 seconds
               CLDPROC completed...       0.1354 seconds
                  CHEM completed...       0.5714 seconds
                  AERO completed...       0.6067 seconds
            Master Time Step
            Processing completed...       4.1589 seconds

     Processing Day/Time [YYYYDDD:HHMMSS]: 2017356:225500
       Which is Equivalent to (UTC): 22:55:00 Friday,  Dec. 22, 2017
       Time-Step Length (HHMMSS): 000500
                 VDIFF completed...       1.5594 seconds
                COUPLE completed...       0.1114 seconds
                  HADV completed...       1.1869 seconds
                  ZADV completed...       0.2016 seconds
                 HDIFF completed...       0.1371 seconds
              DECOUPLE completed...       0.0335 seconds
                  PHOT completed...       0.3067 seconds
               CLDPROC completed...       0.9718 seconds
                  CHEM completed...       0.5586 seconds
                  AERO completed...       0.5820 seconds
            Master Time Step
            Processing completed...       5.6526 seconds

      =--> Data Output completed...       0.9856 seconds

     Processing Day/Time [YYYYDDD:HHMMSS]: 2017356:230000
       Which is Equivalent to (UTC): 23:00:00 Friday,  Dec. 22, 2017
       Time-Step Length (HHMMSS): 000500
                 VDIFF completed...       5.3131 seconds
                COUPLE completed...       0.0700 seconds
                  HADV completed...       1.9268 seconds
                  ZADV completed...       0.2015 seconds
                 HDIFF completed...       0.1376 seconds
              DECOUPLE completed...       0.0330 seconds
                  PHOT completed...       1.4725 seconds
               CLDPROC completed...       0.1316 seconds
                  CHEM completed...       0.5802 seconds
                  AERO completed...       0.5833 seconds
            Master Time Step
            Processing completed...      10.4523 seconds

     Processing Day/Time [YYYYDDD:HHMMSS]: 2017356:230500
       Which is Equivalent to (UTC): 23:05:00 Friday,  Dec. 22, 2017
       Time-Step Length (HHMMSS): 000500
                 VDIFF completed...       0.4573 seconds
                COUPLE completed...       0.0377 seconds
                  HADV completed...       1.5712 seconds
                  ZADV completed...       0.2023 seconds
                 HDIFF completed...       0.1374 seconds
              DECOUPLE completed...       0.0335 seconds
                  PHOT completed...       0.3117 seconds
               CLDPROC completed...       0.1312 seconds
                  CHEM completed...       0.5754 seconds
                  AERO completed...       0.5826 seconds
            Master Time Step
            Processing completed...       4.0441 seconds

     Processing Day/Time [YYYYDDD:HHMMSS]: 2017356:231000
       Which is Equivalent to (UTC): 23:10:00 Friday,  Dec. 22, 2017
       Time-Step Length (HHMMSS): 000500
                 VDIFF completed...       0.4540 seconds
                COUPLE completed...       0.0358 seconds
                  HADV completed...       1.5693 seconds
                  ZADV completed...       0.2022 seconds
                 HDIFF completed...       0.1379 seconds
              DECOUPLE completed...       0.0337 seconds
                  PHOT completed...       0.3140 seconds
               CLDPROC completed...       0.1326 seconds
                  CHEM completed...       0.5791 seconds
                  AERO completed...       0.5784 seconds
            Master Time Step
            Processing completed...       4.0389 seconds

     Processing Day/Time [YYYYDDD:HHMMSS]: 2017356:231500
       Which is Equivalent to (UTC): 23:15:00 Friday,  Dec. 22, 2017
       Time-Step Length (HHMMSS): 000500
                 VDIFF completed...       0.4533 seconds
                COUPLE completed...       0.0349 seconds
                  HADV completed...       1.5363 seconds
                  ZADV completed...       0.2019 seconds
                 HDIFF completed...       0.1483 seconds
              DECOUPLE completed...       0.0328 seconds
                  PHOT completed...       0.3125 seconds
               CLDPROC completed...       0.1345 seconds
                  CHEM completed...       0.5710 seconds
                  AERO completed...       0.5832 seconds
            Master Time Step
            Processing completed...       4.0125 seconds

     Processing Day/Time [YYYYDDD:HHMMSS]: 2017356:232000
       Which is Equivalent to (UTC): 23:20:00 Friday,  Dec. 22, 2017
       Time-Step Length (HHMMSS): 000500
                 VDIFF completed...       0.4461 seconds
                COUPLE completed...       0.0352 seconds
                  HADV completed...       1.5570 seconds
                  ZADV completed...       0.2021 seconds
                 HDIFF completed...       0.1371 seconds
              DECOUPLE completed...       0.0335 seconds
                  PHOT completed...       0.3135 seconds
               CLDPROC completed...       0.1340 seconds
                  CHEM completed...       0.5696 seconds
                  AERO completed...       0.5758 seconds
            Master Time Step
            Processing completed...       4.0079 seconds

     Processing Day/Time [YYYYDDD:HHMMSS]: 2017356:232500
       Which is Equivalent to (UTC): 23:25:00 Friday,  Dec. 22, 2017
       Time-Step Length (HHMMSS): 000500
                 VDIFF completed...       0.4534 seconds
                COUPLE completed...       0.0354 seconds
                  HADV completed...       1.5492 seconds
                  ZADV completed...       0.2023 seconds
                 HDIFF completed...       0.1379 seconds
              DECOUPLE completed...       0.0331 seconds
                  PHOT completed...       0.3141 seconds
               CLDPROC completed...       0.1346 seconds
                  CHEM completed...       0.5670 seconds
                  AERO completed...       0.5818 seconds
            Master Time Step
            Processing completed...       4.0119 seconds

     Processing Day/Time [YYYYDDD:HHMMSS]: 2017356:233000
       Which is Equivalent to (UTC): 23:30:00 Friday,  Dec. 22, 2017
       Time-Step Length (HHMMSS): 000500
                 VDIFF completed...       0.4469 seconds
                COUPLE completed...       0.0362 seconds
                  HADV completed...       1.5329 seconds
                  ZADV completed...       0.2020 seconds
                 HDIFF completed...       0.1380 seconds
              DECOUPLE completed...       0.0334 seconds
                  PHOT completed...       0.3145 seconds
               CLDPROC completed...       0.1354 seconds
                  CHEM completed...       0.5687 seconds
                  AERO completed...       0.5878 seconds
            Master Time Step
            Processing completed...       3.9966 seconds

     Processing Day/Time [YYYYDDD:HHMMSS]: 2017356:233500
       Which is Equivalent to (UTC): 23:35:00 Friday,  Dec. 22, 2017
       Time-Step Length (HHMMSS): 000500
                 VDIFF completed...       0.4611 seconds
                COUPLE completed...       0.0352 seconds
                  HADV completed...       1.4975 seconds
                  ZADV completed...       0.2017 seconds
                 HDIFF completed...       0.1399 seconds
              DECOUPLE completed...       0.0338 seconds
                  PHOT completed...       0.3135 seconds
               CLDPROC completed...       0.1323 seconds
                  CHEM completed...       0.5670 seconds
                  AERO completed...       0.5906 seconds
            Master Time Step
            Processing completed...       3.9762 seconds

     Processing Day/Time [YYYYDDD:HHMMSS]: 2017356:234000
       Which is Equivalent to (UTC): 23:40:00 Friday,  Dec. 22, 2017
       Time-Step Length (HHMMSS): 000500
                 VDIFF completed...       0.4585 seconds
                COUPLE completed...       0.0357 seconds
                  HADV completed...       1.4952 seconds
                  ZADV completed...       0.2025 seconds
                 HDIFF completed...       0.1379 seconds
              DECOUPLE completed...       0.0339 seconds
                  PHOT completed...       0.3154 seconds
               CLDPROC completed...       0.1303 seconds
                  CHEM completed...       0.5702 seconds
                  AERO completed...       0.5930 seconds
            Master Time Step
            Processing completed...       3.9742 seconds

     Processing Day/Time [YYYYDDD:HHMMSS]: 2017356:234500
       Which is Equivalent to (UTC): 23:45:00 Friday,  Dec. 22, 2017
       Time-Step Length (HHMMSS): 000500
                 VDIFF completed...       0.4584 seconds
                COUPLE completed...       0.0344 seconds
                  HADV completed...       1.5032 seconds
                  ZADV completed...       0.2026 seconds
                 HDIFF completed...       0.1372 seconds
              DECOUPLE completed...       0.0336 seconds
                  PHOT completed...       0.3157 seconds
               CLDPROC completed...       0.1264 seconds
                  CHEM completed...       0.5708 seconds
                  AERO completed...       0.5990 seconds
            Master Time Step
            Processing completed...       3.9846 seconds

     Processing Day/Time [YYYYDDD:HHMMSS]: 2017356:235000
       Which is Equivalent to (UTC): 23:50:00 Friday,  Dec. 22, 2017
       Time-Step Length (HHMMSS): 000500
                 VDIFF completed...       0.4560 seconds
                COUPLE completed...       0.0330 seconds
                  HADV completed...       1.5004 seconds
                  ZADV completed...       0.2024 seconds
                 HDIFF completed...       0.2584 seconds
              DECOUPLE completed...       0.0324 seconds
                  PHOT completed...       0.3139 seconds
               CLDPROC completed...       0.1232 seconds
                  CHEM completed...       0.5757 seconds
                  AERO completed...       0.6305 seconds
            Master Time Step
            Processing completed...       4.1297 seconds

     Processing Day/Time [YYYYDDD:HHMMSS]: 2017356:235500
       Which is Equivalent to (UTC): 23:55:00 Friday,  Dec. 22, 2017
       Time-Step Length (HHMMSS): 000500
                 VDIFF completed...       1.8420 seconds
                COUPLE completed...       0.1102 seconds
                  HADV completed...       1.1023 seconds
                  ZADV completed...       0.2026 seconds
                 HDIFF completed...       0.1377 seconds
              DECOUPLE completed...       0.0334 seconds
                  PHOT completed...       0.3080 seconds
               CLDPROC completed...       0.9856 seconds
                  CHEM completed...       0.6247 seconds
                  AERO completed...       0.5805 seconds
            Master Time Step
            Processing completed...       5.9307 seconds

      =--> Data Output completed...       0.9040 seconds


     ==============================================
     |>---   PROGRAM COMPLETED SUCCESSFULLY   ---<|
     ==============================================
     Date and time 0:00:00   Dec. 23, 2017  (2017357:000000)

     The elapsed time for this simulation was    1595.1 seconds.

84475.347u 901.519s 26:46.45 5314.6%	0+0k 42826392+26685568io 152103pf+0w

CMAQ Processing of Day 20171222 Finished at Mon Mar 10 19:00:52 UTC 2025

\\\\\=====\\\\\=====\\\\\=====\\\\\=====/////=====/////=====/////=====/////


Set up input and output files for Day 2017-12-23.
cp: cannot stat '/home/ubuntu/build-nc4/openmpi_gcc/CCTM/scripts/BLD_CCTM_v54+_gcc/CCTM_v54+.cfg': No such file or directory

Existing Logs and Output Files for Day 2017-12-23 Will Be Deleted
rm: No match.

CMAQ Processing of Day 20171223 Began at Mon Mar 10 19:00:53 UTC 2025

        CTM_APPL  |  v54+_cb6r5_ae7_aq_WR413_MYR_gcc_2018_12US1_3x64_nc4_20171223
#================================================================================#        
#|                                                                              |#        
#|               The Community Multiscale Air Quality (CMAQ) Model              |#        
#|                                   Version 5.4                                |#        
#|                                                                              |#        
#|                          Built and Maintained by the                         |#        
#|                        Office of Research and Development                    |#        
#|                   United States Environmental Protection Agency              |#        
#|                                                                              |#        
#|                            https://www.epa.gov/cmaq                          |#        
#|                                                                              |#        
#|       Source Code:   https://www.github.com/USEPA/cmaq/tree/master           |#        
#|       Documentation: https://www.github.com/USEPA/cmaq/tree/master/DOCS      |#        
#|                                                                              |#        
#|         The CMAQ Model is tested and released with cooperation from          |#        
#|         the Community Modeling and Analysis System (CMAS) Center via         |#        
#|         contract support. CMAS is managed by the Institute for the           |#        
#|         Environment, University of North Carolina at Chapel Hill.            |#        
#|         CMAS URL: (https://www.cmascenter.org)                               |#        
#|                                                                              |#        
#================================================================================#        
                                                                     
     This program uses the EPA-AREAL/MCNC-EnvPgms/BAMS/ UNC IE       
     Models-3 I/O Applications Programming Interface, [I/O API]      
     which is built on top of the netCDF I/O library (Copyright      
     993, 1996 University Corporation for Atmospheric Research       
     Unidata Program) and the PVM parallel-programming library       
     (from Oak Ridge National Laboratory).                           
     Copyright (C) 1992-2002 MCNC,                                   
     (C) 1992-2018 Carlie J. Coats, Jr.,                             
     (C) 2003-2012 Baron Advanced Meteorological Systems, LLC, and   
     (C) 2014-2023 UNC Institute for the Environment.                
     Released under the GNU LGPL  License, version 2.1.  See URL     
                                                                     
         https://www.gnu.org/licenses/old-licenses/lgpl-2.1.html     
                                                                     
     for conditions of use.                                          
                                                                     
     ioapi-3.2: $Id: init3.F90 247 2023-03-22 15:59:19Z coats $
     netCDF version 4.8.1 of Mar  6 2025 20:29:13 $
      

     ===========================================
     |>---   ENVIRONMENT VARIABLE REPORT   ---<|
     ===========================================

     |> Grid and High-Level Model Parameters:
     +=========================================
      --Env Variable-- | --Value--
      --------------------------------------------------------------------------------
             BLD  |             (default)
          OUTDIR  |  //shared/build-nc4/openmpi_gcc/data/output/output_v54+_cb6r5_ae7_aq_WR413_MYR_gcc_2018_12US1_3x64_nc4
       NEW_START  |          F
  IGNORE_SOILINP  |          F (default)
    EXECUTION_ID  |  CMAQ_CCTMv54+_ubuntu_20250310_183405_748948634
       GRID_NAME  |  12US1
       CTM_TSTEP  |       10000
      CTM_RUNLEN  |      240000
    CTM_PROGNAME  |  DRIVER (default)
      CTM_STDATE  |     2017357
      CTM_STTIME  |           0
     NPCOL_NPROW  |  12 16
     CTM_MAXSYNC  |         300
     CTM_MINSYNC  |          60

     |> Multiprocess control, output and error checking:
     +====================================================
      --Env Variable-- | --Value--
      --------------------------------------------------------------------------------
 PRINT_PROC_TIME  |          T
     FL_ERR_STOP  |          F
       CTM_CKSUM  |          T
AVG_FILE_ENDTIME  |          F
   AVG_CONC_SPCS  |  ALL
       CONC_SPCS  |  O3 NO ANO3I ANO3J NO2 FORM ISOP NH3 ANH4I ANH4J ASO4I ASO4J
 ACONC_BLEV_ELEV  |   1 1
  CONC_BLEV_ELEV  |   1 1
 IOAPI_LOG_WRITE  |          F
         VERTEXT  |          F
VERTEXT_COORD_PA  |  /home/ubuntu/build-nc4/openmpi_gcc/CCTM/scripts/lonlat.csv
   gc_matrix_nml  |  /home/ubuntu/build-nc4/openmpi_gcc/CCTM/scripts/BLD_CCTM_v54+_gcc/GC_cb6r5_ae7_aq.nml
   ae_matrix_nml  |  /home/ubuntu/build-nc4/openmpi_gcc/CCTM/scripts/BLD_CCTM_v54+_gcc/AE_cb6r5_ae7_aq.nml
   nr_matrix_nml  |  /home/ubuntu/build-nc4/openmpi_gcc/CCTM/scripts/BLD_CCTM_v54+_gcc/NR_cb6r5_ae7_aq.nml
   tr_matrix_nml  |  /home/ubuntu/build-nc4/openmpi_gcc/CCTM/scripts/BLD_CCTM_v54+_gcc/Species_Table_TR_0.nml

     |> Chemistry and Photolysis:
     +=============================
      --Env Variable-- | --Value--
      --------------------------------------------------------------------------------
    CTM_PHOTDIAG  |          F
CORE_SHELL_OPTIC  |          F (default)
 OPTICS_MIE_CALC  |          F (default)
       GEAR_ATOL  |   0.100E-08 (default)
       GEAR_RTOL  |   0.100E-02 (default)
         RB_RTOL  |   0.100E-02 (default)
         RB_ATOL  |   0.100E-06 (default)

     |> Aerosols:
     +=============
      --Env Variable-- | --Value--
      --------------------------------------------------------------------------------
   IC_AERO_M2WET  |          F
   BC_AERO_M2WET  |          F
   IC_AERO_M2USE  |          F
   BC_AERO_M2USE  |          F
    STM_SO4TRACK  |          F

     |> Cloud Processes:
     +====================
      --Env Variable-- | --Value--
      --------------------------------------------------------------------------------
        CLD_DIAG  |          F

     |> Air-Surface Exchange Processes:
     +===================================
      --Env Variable-- | --Value--
      --------------------------------------------------------------------------------
      PX_VERSION  |          T
      CTM_ABFLUX  |          T
      CTM_MOSAIC  |          F
    CTM_SFC_HONO  |          T
     CLM_VERSION  |          F
    NOAH_VERSION  |          F
   CTM_DEPV_FILE  |          F
      CTM_HGBIDI  |          F
CTM_BIDI_FERT_NH  |          T
 CTM_WBDUST_BELD  |  UNKNOWN (default)
   STAGECTRL_NML  |  /home/ubuntu/build-nc4/openmpi_gcc/CCTM/scripts/BLD_CCTM_v54+_gcc/CMAQ_Control_STAGE.nml
   CTM_STAGE_P22  |          F
   CTM_STAGE_E20  |          T
   CTM_STAGE_S22  |          F

     |> Transport Processes:
     +========================
      --Env Variable-- | --Value--
      --------------------------------------------------------------------------------
CTM_VDIFF_DIAG_F  |          F (default)
  SIGMA_SYNC_TOP  |   0.700E+00
    ADV_HDIV_LIM  |   0.900E+00 (default)
     CTM_ADV_CFL  |   0.950E+00
           KZMIN  |          T
        CTM_WVEL  |          T
   CTM_GRAV_SETL  |          T

     |> Emissions Parameters:
     +=========================
      --Env Variable-- | --Value--
      --------------------------------------------------------------------------------
      CTM_EMLAYS  |           0 (default)
   MISC_CTRL_NML  |  /home/ubuntu/build-nc4/openmpi_gcc/CCTM/scripts/BLD_CCTM_v54+_gcc/CMAQ_Control_Misc.nml
  DESID_CTRL_NML  |  /home/ubuntu/build-nc4/openmpi_gcc/CCTM/scripts/BLD_CCTM_v54+_gcc/CMAQ_Control_DESID.nml
DESID_CHEM_CTRL_  |  /home/ubuntu/build-nc4/openmpi_gcc/CCTM/scripts/BLD_CCTM_v54+_gcc/CMAQ_Control_DESID_cb6r5_ae7_aq.nml
       N_EMIS_GR  |           2
       N_EMIS_TR  |           0 (default)
     CTM_EMISCHK  |          F
 CTM_BIOGEMIS_BE  |          T
 CTM_BIOGEMIS_MG  |          F
   USE_MEGAN_LAI  |          F (default)
    MGN_ONLN_DEP  |          F (default)
     BDSNP_MEGAN  |          F
       BIOG_SPRO  |  DEFAULT (default)
      B3GTS_DIAG  |          F
    CTM_MGEMDIAG  |          F (default)
  CTM_OCEAN_CHEM  |          T
     CTM_WB_DUST  |          F
 CTM_DUSTEM_DIAG  |          F
    CTM_SSEMDIAG  |          F
     CTM_LTNG_NO  |          F
   LTNG_ASSIM_DT  |           0 (default)
          LTNGNO  |  InLine (default)
        USE_NLDN  |          F (default)
        LTNGDIAG  |          F
         MOLSNCG  |   0.350E+03 (default)
         MOLSNIC  |   0.350E+03 (default)
       N_EMIS_PT  |          10
          IPVERT  |           0 (default)
   EMIS_SYM_DATE  |          F (default)

     |> Process Analysis Parameters:
     +================================
      --Env Variable-- | --Value--
      --------------------------------------------------------------------------------
      CTM_PROCAN  |          F
    PA_BCOL_ECOL  |             (default)
    PA_BROW_EROW  |             (default)
    PA_BLEV_ELEV  |             (default)
       MET_TSTEP  |       10000 (default)

     MET data determined based on WRF ARW version 4.3.3


          -=-  MPP Processor-to-Subdomain Map  -=-
                 Number of Processors = 192
    ____________________________________________________
    |                                                  |
    |  PE    #Cols    Col_Range     #Rows    Row_Range |
    |__________________________________________________|
    |                                                  |
    |  0       39      1:  39         19      1:  19   |
    |  1       39     40:  78         19      1:  19   |
    |  2       39     79: 117         19      1:  19   |
    |  3       38    118: 155         19      1:  19   |
    |  4       38    156: 193         19      1:  19   |
    |  5       38    194: 231         19      1:  19   |
    |  6       38    232: 269         19      1:  19   |
    |  7       38    270: 307         19      1:  19   |
    |  8       38    308: 345         19      1:  19   |
    |  9       38    346: 383         19      1:  19   |
    | 10       38    384: 421         19      1:  19   |
    | 11       38    422: 459         19      1:  19   |
    | 12       39      1:  39         19     20:  38   |
    | 13       39     40:  78         19     20:  38   |
    | 14       39     79: 117         19     20:  38   |
    | 15       38    118: 155         19     20:  38   |
    | 16       38    156: 193         19     20:  38   |
    | 17       38    194: 231         19     20:  38   |
    | 18       38    232: 269         19     20:  38   |
    | 19       38    270: 307         19     20:  38   |
    | 20       38    308: 345         19     20:  38   |
    | 21       38    346: 383         19     20:  38   |
    | 22       38    384: 421         19     20:  38   |
    | 23       38    422: 459         19     20:  38   |
    | 24       39      1:  39         19     39:  57   |
    | 25       39     40:  78         19     39:  57   |
    | 26       39     79: 117         19     39:  57   |
    | 27       38    118: 155         19     39:  57   |
    | 28       38    156: 193         19     39:  57   |
    | 29       38    194: 231         19     39:  57   |
    | 30       38    232: 269         19     39:  57   |
    | 31       38    270: 307         19     39:  57   |
    | 32       38    308: 345         19     39:  57   |
    | 33       38    346: 383         19     39:  57   |
    | 34       38    384: 421         19     39:  57   |
    | 35       38    422: 459         19     39:  57   |
    | 36       39      1:  39         19     58:  76   |
    | 37       39     40:  78         19     58:  76   |
    | 38       39     79: 117         19     58:  76   |
    | 39       38    118: 155         19     58:  76   |
    | 40       38    156: 193         19     58:  76   |
    | 41       38    194: 231         19     58:  76   |
    | 42       38    232: 269         19     58:  76   |
    | 43       38    270: 307         19     58:  76   |
    | 44       38    308: 345         19     58:  76   |
    | 45       38    346: 383         19     58:  76   |
    | 46       38    384: 421         19     58:  76   |
    | 47       38    422: 459         19     58:  76   |
    | 48       39      1:  39         19     77:  95   |
    | 49       39     40:  78         19     77:  95   |
    | 50       39     79: 117         19     77:  95   |
    | 51       38    118: 155         19     77:  95   |
    | 52       38    156: 193         19     77:  95   |
    | 53       38    194: 231         19     77:  95   |
    | 54       38    232: 269         19     77:  95   |
    | 55       38    270: 307         19     77:  95   |
    | 56       38    308: 345         19     77:  95   |
    | 57       38    346: 383         19     77:  95   |
    | 58       38    384: 421         19     77:  95   |
    | 59       38    422: 459         19     77:  95   |
    | 60       39      1:  39         19     96: 114   |
    | 61       39     40:  78         19     96: 114   |
    | 62       39     79: 117         19     96: 114   |
    | 63       38    118: 155         19     96: 114   |
    | 64       38    156: 193         19     96: 114   |
    | 65       38    194: 231         19     96: 114   |
    | 66       38    232: 269         19     96: 114   |
    | 67       38    270: 307         19     96: 114   |
    | 68       38    308: 345         19     96: 114   |
    | 69       38    346: 383         19     96: 114   |
    | 70       38    384: 421         19     96: 114   |
    | 71       38    422: 459         19     96: 114   |
    | 72       39      1:  39         19    115: 133   |
    | 73       39     40:  78         19    115: 133   |
    | 74       39     79: 117         19    115: 133   |
    | 75       38    118: 155         19    115: 133   |
    | 76       38    156: 193         19    115: 133   |
    | 77       38    194: 231         19    115: 133   |
    | 78       38    232: 269         19    115: 133   |
    | 79       38    270: 307         19    115: 133   |
    | 80       38    308: 345         19    115: 133   |
    | 81       38    346: 383         19    115: 133   |
    | 82       38    384: 421         19    115: 133   |
    | 83       38    422: 459         19    115: 133   |
    | 84       39      1:  39         19    134: 152   |
    | 85       39     40:  78         19    134: 152   |
    | 86       39     79: 117         19    134: 152   |
    | 87       38    118: 155         19    134: 152   |
    | 88       38    156: 193         19    134: 152   |
    | 89       38    194: 231         19    134: 152   |
    | 90       38    232: 269         19    134: 152   |
    | 91       38    270: 307         19    134: 152   |
    | 92       38    308: 345         19    134: 152   |
    | 93       38    346: 383         19    134: 152   |
    | 94       38    384: 421         19    134: 152   |
    | 95       38    422: 459         19    134: 152   |
    | 96       39      1:  39         19    153: 171   |
    | 97       39     40:  78         19    153: 171   |
    | 98       39     79: 117         19    153: 171   |
    | 99       38    118: 155         19    153: 171   |
    |100       38    156: 193         19    153: 171   |
    |101       38    194: 231         19    153: 171   |
    |102       38    232: 269         19    153: 171   |
    |103       38    270: 307         19    153: 171   |
    |104       38    308: 345         19    153: 171   |
    |105       38    346: 383         19    153: 171   |
    |106       38    384: 421         19    153: 171   |
    |107       38    422: 459         19    153: 171   |
    |108       39      1:  39         19    172: 190   |
    |109       39     40:  78         19    172: 190   |
    |110       39     79: 117         19    172: 190   |
    |111       38    118: 155         19    172: 190   |
    |112       38    156: 193         19    172: 190   |
    |113       38    194: 231         19    172: 190   |
    |114       38    232: 269         19    172: 190   |
    |115       38    270: 307         19    172: 190   |
    |116       38    308: 345         19    172: 190   |
    |117       38    346: 383         19    172: 190   |
    |118       38    384: 421         19    172: 190   |
    |119       38    422: 459         19    172: 190   |
    |120       39      1:  39         19    191: 209   |
    |121       39     40:  78         19    191: 209   |
    |122       39     79: 117         19    191: 209   |
    |123       38    118: 155         19    191: 209   |
    |124       38    156: 193         19    191: 209   |
    |125       38    194: 231         19    191: 209   |
    |126       38    232: 269         19    191: 209   |
    |127       38    270: 307         19    191: 209   |
    |128       38    308: 345         19    191: 209   |
    |129       38    346: 383         19    191: 209   |
    |130       38    384: 421         19    191: 209   |
    |131       38    422: 459         19    191: 209   |
    |132       39      1:  39         18    210: 227   |
    |133       39     40:  78         18    210: 227   |
    |134       39     79: 117         18    210: 227   |
    |135       38    118: 155         18    210: 227   |
    |136       38    156: 193         18    210: 227   |
    |137       38    194: 231         18    210: 227   |
    |138       38    232: 269         18    210: 227   |
    |139       38    270: 307         18    210: 227   |
    |140       38    308: 345         18    210: 227   |
    |141       38    346: 383         18    210: 227   |
    |142       38    384: 421         18    210: 227   |
    |143       38    422: 459         18    210: 227   |
    |144       39      1:  39         18    228: 245   |
    |145       39     40:  78         18    228: 245   |
    |146       39     79: 117         18    228: 245   |
    |147       38    118: 155         18    228: 245   |
    |148       38    156: 193         18    228: 245   |
    |149       38    194: 231         18    228: 245   |
    |150       38    232: 269         18    228: 245   |
    |151       38    270: 307         18    228: 245   |
    |152       38    308: 345         18    228: 245   |
    |153       38    346: 383         18    228: 245   |
    |154       38    384: 421         18    228: 245   |
    |155       38    422: 459         18    228: 245   |
    |156       39      1:  39         18    246: 263   |
    |157       39     40:  78         18    246: 263   |
    |158       39     79: 117         18    246: 263   |
    |159       38    118: 155         18    246: 263   |
    |160       38    156: 193         18    246: 263   |
    |161       38    194: 231         18    246: 263   |
    |162       38    232: 269         18    246: 263   |
    |163       38    270: 307         18    246: 263   |
    |164       38    308: 345         18    246: 263   |
    |165       38    346: 383         18    246: 263   |
    |166       38    384: 421         18    246: 263   |
    |167       38    422: 459         18    246: 263   |
    |168       39      1:  39         18    264: 281   |
    |169       39     40:  78         18    264: 281   |
    |170       39     79: 117         18    264: 281   |
    |171       38    118: 155         18    264: 281   |
    |172       38    156: 193         18    264: 281   |
    |173       38    194: 231         18    264: 281   |
    |174       38    232: 269         18    264: 281   |
    |175       38    270: 307         18    264: 281   |
    |176       38    308: 345         18    264: 281   |
    |177       38    346: 383         18    264: 281   |
    |178       38    384: 421         18    264: 281   |
    |179       38    422: 459         18    264: 281   |
    |180       39      1:  39         18    282: 299   |
    |181       39     40:  78         18    282: 299   |
    |182       39     79: 117         18    282: 299   |
    |183       38    118: 155         18    282: 299   |
    |184       38    156: 193         18    282: 299   |
    |185       38    194: 231         18    282: 299   |
    |186       38    232: 269         18    282: 299   |
    |187       38    270: 307         18    282: 299   |
    |188       38    308: 345         18    282: 299   |
    |189       38    346: 383         18    282: 299   |
    |190       38    384: 421         18    282: 299   |
    |191       38    422: 459         18    282: 299   |
    |__________________________________________________|



     ================================
     |>---   TIME INTEGRATION   ---<|
     ================================

     Processing Day/Time [YYYYDDD:HHMMSS]: 2017357:000000
       Which is Equivalent to (UTC): 0:00:00  Saturday,  Dec. 23, 2017
       Time-Step Length (HHMMSS): 000500
                 VDIFF completed...       1.1783 seconds
                COUPLE completed...       0.0704 seconds
                  HADV completed...       1.5696 seconds
                  ZADV completed...       0.1969 seconds
                 HDIFF completed...       0.1427 seconds
              DECOUPLE completed...       0.0332 seconds
                  PHOT completed...       0.4784 seconds
               CLDPROC completed...       0.1154 seconds
                  CHEM completed...       0.5730 seconds
                  AERO completed...       0.5914 seconds
            Master Time Step
            Processing completed...       4.9503 seconds

     Processing Day/Time [YYYYDDD:HHMMSS]: 2017357:000500
       Which is Equivalent to (UTC): 0:05:00  Saturday,  Dec. 23, 2017
       Time-Step Length (HHMMSS): 000500
                 VDIFF completed...       0.4957 seconds
                COUPLE completed...       0.0331 seconds
                  HADV completed...       1.5644 seconds
                  ZADV completed...       0.1954 seconds
                 HDIFF completed...       0.1477 seconds
              DECOUPLE completed...       0.0332 seconds
                  PHOT completed...       0.3161 seconds
               CLDPROC completed...       0.1173 seconds
                  CHEM completed...       0.5785 seconds
                  AERO completed...       0.5862 seconds
            Master Time Step
            Processing completed...       4.0685 seconds

     Processing Day/Time [YYYYDDD:HHMMSS]: 2017357:001000
       Which is Equivalent to (UTC): 0:10:00  Saturday,  Dec. 23, 2017
       Time-Step Length (HHMMSS): 000500
                 VDIFF completed...       0.4887 seconds
                COUPLE completed...       0.0342 seconds
                  HADV completed...       1.5453 seconds
                  ZADV completed...       0.1964 seconds
                 HDIFF completed...       0.1438 seconds
              DECOUPLE completed...       0.0331 seconds
                  PHOT completed...       0.3174 seconds
               CLDPROC completed...       0.1194 seconds
                  CHEM completed...       0.5801 seconds
                  AERO completed...       0.5817 seconds
            Master Time Step
            Processing completed...       4.0438 seconds

     Processing Day/Time [YYYYDDD:HHMMSS]: 2017357:001500
       Which is Equivalent to (UTC): 0:15:00  Saturday,  Dec. 23, 2017
       Time-Step Length (HHMMSS): 000500
                 VDIFF completed...       0.5082 seconds
                COUPLE completed...       0.0332 seconds
                  HADV completed...       1.5141 seconds
                  ZADV completed...       0.1964 seconds
                 HDIFF completed...       0.1425 seconds
              DECOUPLE completed...       0.0348 seconds
                  PHOT completed...       0.3149 seconds
               CLDPROC completed...       0.1208 seconds
                  CHEM completed...       0.5842 seconds
                  AERO completed...       0.5918 seconds
            Master Time Step
            Processing completed...       4.0449 seconds

     Processing Day/Time [YYYYDDD:HHMMSS]: 2017357:002000
       Which is Equivalent to (UTC): 0:20:00  Saturday,  Dec. 23, 2017
       Time-Step Length (HHMMSS): 000500
                 VDIFF completed...       0.5058 seconds
                COUPLE completed...       0.0341 seconds
                  HADV completed...       1.5606 seconds
                  ZADV completed...       0.1954 seconds
                 HDIFF completed...       0.1429 seconds
              DECOUPLE completed...       0.0332 seconds
                  PHOT completed...       0.3185 seconds
               CLDPROC completed...       0.1217 seconds
                  CHEM completed...       0.5879 seconds
                  AERO completed...       0.6083 seconds
            Master Time Step
            Processing completed...       4.1125 seconds

     Processing Day/Time [YYYYDDD:HHMMSS]: 2017357:002500
       Which is Equivalent to (UTC): 0:25:00  Saturday,  Dec. 23, 2017
       Time-Step Length (HHMMSS): 000500
                 VDIFF completed...       0.4861 seconds
                COUPLE completed...       0.0310 seconds
                  HADV completed...       1.5052 seconds
                  ZADV completed...       0.1966 seconds
                 HDIFF completed...       0.1436 seconds
              DECOUPLE completed...       0.0336 seconds
                  PHOT completed...       0.3184 seconds
               CLDPROC completed...       0.1222 seconds
                  CHEM completed...       0.5922 seconds
                  AERO completed...       0.6112 seconds
            Master Time Step
            Processing completed...       4.0428 seconds

     Processing Day/Time [YYYYDDD:HHMMSS]: 2017357:003000
       Which is Equivalent to (UTC): 0:30:00  Saturday,  Dec. 23, 2017
       Time-Step Length (HHMMSS): 000500
                 VDIFF completed...       0.4703 seconds
                COUPLE completed...       0.0310 seconds
                  HADV completed...       1.6684 seconds
                  ZADV completed...       0.1960 seconds
                 HDIFF completed...       0.1425 seconds
              DECOUPLE completed...       0.0337 seconds
                  PHOT completed...       0.3177 seconds
               CLDPROC completed...       0.1215 seconds
                  CHEM completed...       0.5938 seconds
                  AERO completed...       0.6118 seconds
            Master Time Step
            Processing completed...       4.1907 seconds

     Processing Day/Time [YYYYDDD:HHMMSS]: 2017357:003500
       Which is Equivalent to (UTC): 0:35:00  Saturday,  Dec. 23, 2017
       Time-Step Length (HHMMSS): 000500
                 VDIFF completed...       0.4446 seconds
                COUPLE completed...       0.0318 seconds
                  HADV completed...       1.6307 seconds
                  ZADV completed...       0.1956 seconds
                 HDIFF completed...       0.1427 seconds
              DECOUPLE completed...       0.0335 seconds
                  PHOT completed...       0.3204 seconds
               CLDPROC completed...       0.1211 seconds
                  CHEM completed...       0.5970 seconds
                  AERO completed...       0.6127 seconds
            Master Time Step
            Processing completed...       4.1339 seconds

     Processing Day/Time [YYYYDDD:HHMMSS]: 2017357:004000
       Which is Equivalent to (UTC): 0:40:00  Saturday,  Dec. 23, 2017
       Time-Step Length (HHMMSS): 000500
                 VDIFF completed...       0.4512 seconds
                COUPLE completed...       0.0303 seconds
                  HADV completed...       1.5068 seconds
                  ZADV completed...       0.1950 seconds
                 HDIFF completed...       0.1459 seconds
              DECOUPLE completed...       0.0335 seconds
                  PHOT completed...       0.3138 seconds
               CLDPROC completed...       0.1200 seconds
                  CHEM completed...       0.6045 seconds
                  AERO completed...       0.5993 seconds
            Master Time Step
            Processing completed...       4.0021 seconds

     Processing Day/Time [YYYYDDD:HHMMSS]: 2017357:004500
       Which is Equivalent to (UTC): 0:45:00  Saturday,  Dec. 23, 2017
       Time-Step Length (HHMMSS): 000500
                 VDIFF completed...       0.4602 seconds
                COUPLE completed...       0.0304 seconds
                  HADV completed...       1.5376 seconds
                  ZADV completed...       0.1952 seconds
                 HDIFF completed...       0.1446 seconds
              DECOUPLE completed...       0.0338 seconds
                  PHOT completed...       0.3010 seconds
               CLDPROC completed...       0.1177 seconds
                  CHEM completed...       0.6003 seconds
                  AERO completed...       0.5948 seconds
            Master Time Step
            Processing completed...       4.0171 seconds

     Processing Day/Time [YYYYDDD:HHMMSS]: 2017357:005000
       Which is Equivalent to (UTC): 0:50:00  Saturday,  Dec. 23, 2017
       Time-Step Length (HHMMSS): 000500
                 VDIFF completed...       0.4651 seconds
                COUPLE completed...       0.0298 seconds
                  HADV completed...       1.5456 seconds
                  ZADV completed...       0.1958 seconds
                 HDIFF completed...       0.1440 seconds
              DECOUPLE completed...       0.0334 seconds
                  PHOT completed...       0.2888 seconds
               CLDPROC completed...       0.1150 seconds
                  CHEM completed...       0.5825 seconds
                  AERO completed...       0.6063 seconds
            Master Time Step
            Processing completed...       4.0070 seconds

     Processing Day/Time [YYYYDDD:HHMMSS]: 2017357:005500
       Which is Equivalent to (UTC): 0:55:00  Saturday,  Dec. 23, 2017
       Time-Step Length (HHMMSS): 000500
                 VDIFF completed...       1.3749 seconds
                COUPLE completed...       0.1115 seconds
                  HADV completed...       1.2036 seconds
                  ZADV completed...       0.1959 seconds
                 HDIFF completed...       0.1435 seconds
              DECOUPLE completed...       0.0336 seconds
                  PHOT completed...       0.2581 seconds
               CLDPROC completed...       1.0377 seconds
                  CHEM completed...       0.5587 seconds
                  AERO completed...       0.5635 seconds
            Master Time Step
            Processing completed...       5.4849 seconds

      =--> Data Output completed...       0.8865 seconds

     Processing Day/Time [YYYYDDD:HHMMSS]: 2017357:010000
       Which is Equivalent to (UTC): 1:00:00  Saturday,  Dec. 23, 2017
       Time-Step Length (HHMMSS): 000500
                 VDIFF completed...       5.2534 seconds
                COUPLE completed...       0.0400 seconds
                  HADV completed...       1.9930 seconds
                  ZADV completed...       0.1954 seconds
                 HDIFF completed...       0.1440 seconds
              DECOUPLE completed...       0.0334 seconds
                  PHOT completed...       1.4075 seconds
               CLDPROC completed...       0.1121 seconds
                  CHEM completed...       0.5224 seconds
                  AERO completed...       0.5677 seconds
            Master Time Step
            Processing completed...      10.2718 seconds

     Processing Day/Time [YYYYDDD:HHMMSS]: 2017357:010500
       Which is Equivalent to (UTC): 1:05:00  Saturday,  Dec. 23, 2017
       Time-Step Length (HHMMSS): 000500
                 VDIFF completed...       0.5266 seconds
                COUPLE completed...       0.0417 seconds
                  HADV completed...       1.6434 seconds
                  ZADV completed...       0.1965 seconds
                 HDIFF completed...       0.1443 seconds
              DECOUPLE completed...       0.0337 seconds
                  PHOT completed...       0.2609 seconds
               CLDPROC completed...       0.1159 seconds
                  CHEM completed...       0.4937 seconds
                  AERO completed...       0.5734 seconds
            Master Time Step
            Processing completed...       4.0310 seconds

     Processing Day/Time [YYYYDDD:HHMMSS]: 2017357:011000
       Which is Equivalent to (UTC): 1:10:00  Saturday,  Dec. 23, 2017
       Time-Step Length (HHMMSS): 000500
                 VDIFF completed...       0.5111 seconds
                COUPLE completed...       0.0527 seconds
                  HADV completed...       1.6258 seconds
                  ZADV completed...       0.1962 seconds
                 HDIFF completed...       0.1467 seconds
              DECOUPLE completed...       0.0329 seconds
                  PHOT completed...       0.2248 seconds
               CLDPROC completed...       0.1357 seconds
                  CHEM completed...       0.4805 seconds
                  AERO completed...       0.5637 seconds
            Master Time Step
            Processing completed...       3.9710 seconds

     Processing Day/Time [YYYYDDD:HHMMSS]: 2017357:011500
       Which is Equivalent to (UTC): 1:15:00  Saturday,  Dec. 23, 2017
       Time-Step Length (HHMMSS): 000500
                 VDIFF completed...       0.4979 seconds
                COUPLE completed...       0.0419 seconds
                  HADV completed...       1.7020 seconds
                  ZADV completed...       0.1973 seconds
                 HDIFF completed...       0.1430 seconds
              DECOUPLE completed...       0.0342 seconds
                  PHOT completed...       0.1629 seconds
               CLDPROC completed...       0.1434 seconds
                  CHEM completed...       0.4827 seconds
                  AERO completed...       0.5512 seconds
            Master Time Step
            Processing completed...       3.9573 seconds

     Processing Day/Time [YYYYDDD:HHMMSS]: 2017357:012000
       Which is Equivalent to (UTC): 1:20:00  Saturday,  Dec. 23, 2017
       Time-Step Length (HHMMSS): 000500
                 VDIFF completed...       0.5697 seconds
                COUPLE completed...       0.0390 seconds
                  HADV completed...       1.7279 seconds
                  ZADV completed...       0.1973 seconds
                 HDIFF completed...       0.1421 seconds
              DECOUPLE completed...       0.0333 seconds
                  PHOT completed...       0.1306 seconds
               CLDPROC completed...       0.1641 seconds
                  CHEM completed...       0.4902 seconds
                  AERO completed...       0.5560 seconds
            Master Time Step
            Processing completed...       4.0509 seconds

     Processing Day/Time [YYYYDDD:HHMMSS]: 2017357:012500
       Which is Equivalent to (UTC): 1:25:00  Saturday,  Dec. 23, 2017
       Time-Step Length (HHMMSS): 000500
                 VDIFF completed...       0.5663 seconds
                COUPLE completed...       0.0405 seconds
                  HADV completed...       1.7279 seconds
                  ZADV completed...       0.1973 seconds
                 HDIFF completed...       0.1421 seconds
              DECOUPLE completed...       0.0334 seconds
                  PHOT completed...       0.1214 seconds
               CLDPROC completed...       0.1701 seconds
                  CHEM completed...       0.4889 seconds
                  AERO completed...       0.5548 seconds
            Master Time Step
            Processing completed...       4.0435 seconds

     Processing Day/Time [YYYYDDD:HHMMSS]: 2017357:013000
       Which is Equivalent to (UTC): 1:30:00  Saturday,  Dec. 23, 2017
       Time-Step Length (HHMMSS): 000500
                 VDIFF completed...       0.5688 seconds
                COUPLE completed...       0.0407 seconds
                  HADV completed...       1.9193 seconds
                  ZADV completed...       0.1967 seconds
                 HDIFF completed...       0.1424 seconds
              DECOUPLE completed...       0.0334 seconds
                  PHOT completed...       0.1220 seconds
               CLDPROC completed...       0.1696 seconds
                  CHEM completed...       0.4878 seconds
                  AERO completed...       0.5574 seconds
            Master Time Step
            Processing completed...       4.2390 seconds

     Processing Day/Time [YYYYDDD:HHMMSS]: 2017357:013500
       Which is Equivalent to (UTC): 1:35:00  Saturday,  Dec. 23, 2017
       Time-Step Length (HHMMSS): 000500
                 VDIFF completed...       0.5768 seconds
                COUPLE completed...       0.0437 seconds
                  HADV completed...       1.6946 seconds
                  ZADV completed...       0.1977 seconds
                 HDIFF completed...       0.1443 seconds
              DECOUPLE completed...       0.0338 seconds
                  PHOT completed...       0.1214 seconds
               CLDPROC completed...       0.1700 seconds
                  CHEM completed...       0.4857 seconds
                  AERO completed...       0.5538 seconds
            Master Time Step
            Processing completed...       4.0228 seconds

     Processing Day/Time [YYYYDDD:HHMMSS]: 2017357:014000
       Which is Equivalent to (UTC): 1:40:00  Saturday,  Dec. 23, 2017
       Time-Step Length (HHMMSS): 000500
                 VDIFF completed...       0.5770 seconds
                COUPLE completed...       0.0411 seconds
                  HADV completed...       1.7158 seconds
                  ZADV completed...       0.1972 seconds
                 HDIFF completed...       0.1428 seconds
              DECOUPLE completed...       0.0336 seconds
                  PHOT completed...       0.1209 seconds
               CLDPROC completed...       0.1693 seconds
                  CHEM completed...       0.4824 seconds
                  AERO completed...       0.5533 seconds
            Master Time Step
            Processing completed...       4.0342 seconds

     Processing Day/Time [YYYYDDD:HHMMSS]: 2017357:014500
       Which is Equivalent to (UTC): 1:45:00  Saturday,  Dec. 23, 2017
       Time-Step Length (HHMMSS): 000500
                 VDIFF completed...       0.5839 seconds
                COUPLE completed...       0.0409 seconds
                  HADV completed...       1.7096 seconds
                  ZADV completed...       0.1970 seconds
                 HDIFF completed...       0.1423 seconds
              DECOUPLE completed...       0.0331 seconds
                  PHOT completed...       0.1219 seconds
               CLDPROC completed...       0.1684 seconds
                  CHEM completed...       0.4808 seconds
                  AERO completed...       0.5468 seconds
            Master Time Step
            Processing completed...       4.0255 seconds

     Processing Day/Time [YYYYDDD:HHMMSS]: 2017357:015000
       Which is Equivalent to (UTC): 1:50:00  Saturday,  Dec. 23, 2017
       Time-Step Length (HHMMSS): 000500
                 VDIFF completed...       0.5894 seconds
                COUPLE completed...       0.0445 seconds
                  HADV completed...       1.7289 seconds
                  ZADV completed...       0.1969 seconds
                 HDIFF completed...       0.1434 seconds
              DECOUPLE completed...       0.0334 seconds
                  PHOT completed...       0.1217 seconds
               CLDPROC completed...       0.1668 seconds
                  CHEM completed...       0.4770 seconds
                  AERO completed...       0.5552 seconds
            Master Time Step
            Processing completed...       4.0580 seconds

     Processing Day/Time [YYYYDDD:HHMMSS]: 2017357:015500
       Which is Equivalent to (UTC): 1:55:00  Saturday,  Dec. 23, 2017
       Time-Step Length (HHMMSS): 000500
                 VDIFF completed...       1.7246 seconds
                COUPLE completed...       0.1117 seconds
                  HADV completed...       1.1893 seconds
                  ZADV completed...       0.1971 seconds
                 HDIFF completed...       0.1445 seconds
              DECOUPLE completed...       0.0336 seconds
                  PHOT completed...       0.1208 seconds
               CLDPROC completed...       1.1780 seconds
                  CHEM completed...       0.5015 seconds
                  AERO completed...       0.5644 seconds
            Master Time Step
            Processing completed...       5.7667 seconds

      =--> Data Output completed...       0.8800 seconds

     Processing Day/Time [YYYYDDD:HHMMSS]: 2017357:020000
       Which is Equivalent to (UTC): 2:00:00  Saturday,  Dec. 23, 2017
       Time-Step Length (HHMMSS): 000500
                 VDIFF completed...       5.1646 seconds
                COUPLE completed...       0.0536 seconds
                  HADV completed...       1.8973 seconds
                  ZADV completed...       0.2022 seconds
                 HDIFF completed...       0.1371 seconds
              DECOUPLE completed...       0.0331 seconds
                  PHOT completed...       1.2114 seconds
               CLDPROC completed...       0.1736 seconds
                  CHEM completed...       0.4786 seconds
                  AERO completed...       0.5496 seconds
            Master Time Step
            Processing completed...       9.9028 seconds

     Processing Day/Time [YYYYDDD:HHMMSS]: 2017357:020500
       Which is Equivalent to (UTC): 2:05:00  Saturday,  Dec. 23, 2017
       Time-Step Length (HHMMSS): 000500
                 VDIFF completed...       0.5839 seconds
                COUPLE completed...       0.0869 seconds
                  HADV completed...       1.5927 seconds
                  ZADV completed...       0.1987 seconds
                 HDIFF completed...       0.1412 seconds
              DECOUPLE completed...       0.0357 seconds
                  PHOT completed...       0.1193 seconds
               CLDPROC completed...       0.1661 seconds
                  CHEM completed...       0.4717 seconds
                  AERO completed...       0.5493 seconds
            Master Time Step
            Processing completed...       3.9464 seconds

     Processing Day/Time [YYYYDDD:HHMMSS]: 2017357:021000
       Which is Equivalent to (UTC): 2:10:00  Saturday,  Dec. 23, 2017
       Time-Step Length (HHMMSS): 000500
                 VDIFF completed...       0.5896 seconds
                COUPLE completed...       0.0464 seconds
                  HADV completed...       1.6367 seconds
                  ZADV completed...       0.1961 seconds
                 HDIFF completed...       0.1437 seconds
              DECOUPLE completed...       0.0331 seconds
                  PHOT completed...       0.1208 seconds
               CLDPROC completed...       0.1670 seconds
                  CHEM completed...       0.4698 seconds
                  AERO completed...       0.5509 seconds
            Master Time Step
            Processing completed...       3.9558 seconds

     Processing Day/Time [YYYYDDD:HHMMSS]: 2017357:021500
       Which is Equivalent to (UTC): 2:15:00  Saturday,  Dec. 23, 2017
       Time-Step Length (HHMMSS): 000500
                 VDIFF completed...       0.5926 seconds
                COUPLE completed...       0.0458 seconds
                  HADV completed...       1.6445 seconds
                  ZADV completed...       0.1971 seconds
                 HDIFF completed...       0.1437 seconds
              DECOUPLE completed...       0.0337 seconds
                  PHOT completed...       0.1204 seconds
               CLDPROC completed...       0.1662 seconds
                  CHEM completed...       0.4671 seconds
                  AERO completed...       0.5543 seconds
            Master Time Step
            Processing completed...       3.9692 seconds

     Processing Day/Time [YYYYDDD:HHMMSS]: 2017357:022000
       Which is Equivalent to (UTC): 2:20:00  Saturday,  Dec. 23, 2017
       Time-Step Length (HHMMSS): 000500
                 VDIFF completed...       0.5854 seconds
                COUPLE completed...       0.0455 seconds
                  HADV completed...       1.6329 seconds
                  ZADV completed...       0.1959 seconds
                 HDIFF completed...       0.1456 seconds
              DECOUPLE completed...       0.0329 seconds
                  PHOT completed...       0.1209 seconds
               CLDPROC completed...       0.1673 seconds
                  CHEM completed...       0.4638 seconds
                  AERO completed...       0.5515 seconds
            Master Time Step
            Processing completed...       3.9462 seconds

     Processing Day/Time [YYYYDDD:HHMMSS]: 2017357:022500
       Which is Equivalent to (UTC): 2:25:00  Saturday,  Dec. 23, 2017
       Time-Step Length (HHMMSS): 000500
                 VDIFF completed...       0.5843 seconds
                COUPLE completed...       0.0455 seconds
                  HADV completed...       1.6605 seconds
                  ZADV completed...       0.1964 seconds
                 HDIFF completed...       0.1439 seconds
              DECOUPLE completed...       0.0336 seconds
                  PHOT completed...       0.1204 seconds
               CLDPROC completed...       0.1671 seconds
                  CHEM completed...       0.4615 seconds
                  AERO completed...       0.5509 seconds
            Master Time Step
            Processing completed...       3.9685 seconds

     Processing Day/Time [YYYYDDD:HHMMSS]: 2017357:023000
       Which is Equivalent to (UTC): 2:30:00  Saturday,  Dec. 23, 2017
       Time-Step Length (HHMMSS): 000500
                 VDIFF completed...       0.5877 seconds
                COUPLE completed...       0.0455 seconds
                  HADV completed...       1.7453 seconds
                  ZADV completed...       0.1975 seconds
                 HDIFF completed...       0.1424 seconds
              DECOUPLE completed...       0.0336 seconds
                  PHOT completed...       0.1199 seconds
               CLDPROC completed...       0.1684 seconds
                  CHEM completed...       0.4610 seconds
                  AERO completed...       0.5519 seconds
            Master Time Step
            Processing completed...       4.0571 seconds

     Processing Day/Time [YYYYDDD:HHMMSS]: 2017357:023500
       Which is Equivalent to (UTC): 2:35:00  Saturday,  Dec. 23, 2017
       Time-Step Length (HHMMSS): 000500
                 VDIFF completed...       0.5849 seconds
                COUPLE completed...       0.0456 seconds
                  HADV completed...       1.6551 seconds
                  ZADV completed...       0.1958 seconds
                 HDIFF completed...       0.1452 seconds
              DECOUPLE completed...       0.0335 seconds
                  PHOT completed...       0.1212 seconds
               CLDPROC completed...       0.1693 seconds
                  CHEM completed...       0.4580 seconds
                  AERO completed...       0.5489 seconds
            Master Time Step
            Processing completed...       3.9588 seconds

     Processing Day/Time [YYYYDDD:HHMMSS]: 2017357:024000
       Which is Equivalent to (UTC): 2:40:00  Saturday,  Dec. 23, 2017
       Time-Step Length (HHMMSS): 000500
                 VDIFF completed...       0.5928 seconds
                COUPLE completed...       0.0502 seconds
                  HADV completed...       1.6283 seconds
                  ZADV completed...       0.1953 seconds
                 HDIFF completed...       0.1527 seconds
              DECOUPLE completed...       0.0329 seconds
                  PHOT completed...       0.1212 seconds
               CLDPROC completed...       0.1697 seconds
                  CHEM completed...       0.4583 seconds
                  AERO completed...       0.5494 seconds
            Master Time Step
            Processing completed...       3.9518 seconds

     Processing Day/Time [YYYYDDD:HHMMSS]: 2017357:024500
       Which is Equivalent to (UTC): 2:45:00  Saturday,  Dec. 23, 2017
       Time-Step Length (HHMMSS): 000500
                 VDIFF completed...       0.5915 seconds
                COUPLE completed...       0.0491 seconds
                  HADV completed...       1.6620 seconds
                  ZADV completed...       0.1963 seconds
                 HDIFF completed...       0.1440 seconds
              DECOUPLE completed...       0.0336 seconds
                  PHOT completed...       0.1203 seconds
               CLDPROC completed...       0.1681 seconds
                  CHEM completed...       0.4568 seconds
                  AERO completed...       0.5477 seconds
            Master Time Step
            Processing completed...       3.9704 seconds

     Processing Day/Time [YYYYDDD:HHMMSS]: 2017357:025000
       Which is Equivalent to (UTC): 2:50:00  Saturday,  Dec. 23, 2017
       Time-Step Length (HHMMSS): 000500
                 VDIFF completed...       0.5997 seconds
                COUPLE completed...       0.0522 seconds
                  HADV completed...       1.6391 seconds
                  ZADV completed...       0.1961 seconds
                 HDIFF completed...       0.1431 seconds
              DECOUPLE completed...       0.0325 seconds
                  PHOT completed...       0.1221 seconds
               CLDPROC completed...       0.1679 seconds
                  CHEM completed...       0.4560 seconds
                  AERO completed...       0.5504 seconds
            Master Time Step
            Processing completed...       3.9601 seconds

     Processing Day/Time [YYYYDDD:HHMMSS]: 2017357:025500
       Which is Equivalent to (UTC): 2:55:00  Saturday,  Dec. 23, 2017
       Time-Step Length (HHMMSS): 000500
                 VDIFF completed...       1.7365 seconds
                COUPLE completed...       0.1122 seconds
                  HADV completed...       1.1189 seconds
                  ZADV completed...       0.1962 seconds
                 HDIFF completed...       0.1445 seconds
              DECOUPLE completed...       0.0332 seconds
                  PHOT completed...       0.1210 seconds
               CLDPROC completed...       1.1498 seconds
                  CHEM completed...       0.4512 seconds
                  AERO completed...       0.5686 seconds
            Master Time Step
            Processing completed...       5.6331 seconds

      =--> Data Output completed...       0.9030 seconds

     Processing Day/Time [YYYYDDD:HHMMSS]: 2017357:030000
       Which is Equivalent to (UTC): 3:00:00  Saturday,  Dec. 23, 2017
       Time-Step Length (HHMMSS): 000500
                 VDIFF completed...       5.2124 seconds
                COUPLE completed...       0.0642 seconds
                  HADV completed...       1.9668 seconds
                  ZADV completed...       0.2026 seconds
                 HDIFF completed...       0.1382 seconds
              DECOUPLE completed...       0.0330 seconds
                  PHOT completed...       1.2212 seconds
               CLDPROC completed...       0.1748 seconds
                  CHEM completed...       0.4611 seconds
                  AERO completed...       0.5471 seconds
            Master Time Step
            Processing completed...      10.0226 seconds

     Processing Day/Time [YYYYDDD:HHMMSS]: 2017357:030500
       Which is Equivalent to (UTC): 3:05:00  Saturday,  Dec. 23, 2017
       Time-Step Length (HHMMSS): 000500
                 VDIFF completed...       0.6156 seconds
                COUPLE completed...       0.0555 seconds
                  HADV completed...       1.6288 seconds
                  ZADV completed...       0.2024 seconds
                 HDIFF completed...       0.1434 seconds
              DECOUPLE completed...       0.0341 seconds
                  PHOT completed...       0.1209 seconds
               CLDPROC completed...       0.1664 seconds
                  CHEM completed...       0.4513 seconds
                  AERO completed...       0.5542 seconds
            Master Time Step
            Processing completed...       3.9735 seconds

     Processing Day/Time [YYYYDDD:HHMMSS]: 2017357:031000
       Which is Equivalent to (UTC): 3:10:00  Saturday,  Dec. 23, 2017
       Time-Step Length (HHMMSS): 000500
                 VDIFF completed...       0.6074 seconds
                COUPLE completed...       0.0508 seconds
                  HADV completed...       1.6352 seconds
                  ZADV completed...       0.2033 seconds
                 HDIFF completed...       0.1433 seconds
              DECOUPLE completed...       0.0397 seconds
                  PHOT completed...       0.1169 seconds
               CLDPROC completed...       0.1674 seconds
                  CHEM completed...       0.4478 seconds
                  AERO completed...       0.5489 seconds
            Master Time Step
            Processing completed...       3.9639 seconds

     Processing Day/Time [YYYYDDD:HHMMSS]: 2017357:031500
       Which is Equivalent to (UTC): 3:15:00  Saturday,  Dec. 23, 2017
       Time-Step Length (HHMMSS): 000500
                 VDIFF completed...       0.6113 seconds
                COUPLE completed...       0.0556 seconds
                  HADV completed...       1.6208 seconds
                  ZADV completed...       0.2027 seconds
                 HDIFF completed...       0.1372 seconds
              DECOUPLE completed...       0.0337 seconds
                  PHOT completed...       0.1208 seconds
               CLDPROC completed...       0.1671 seconds
                  CHEM completed...       0.4487 seconds
                  AERO completed...       0.5535 seconds
            Master Time Step
            Processing completed...       3.9559 seconds

     Processing Day/Time [YYYYDDD:HHMMSS]: 2017357:032000
       Which is Equivalent to (UTC): 3:20:00  Saturday,  Dec. 23, 2017
       Time-Step Length (HHMMSS): 000500
                 VDIFF completed...       0.5953 seconds
                COUPLE completed...       0.0497 seconds
                  HADV completed...       1.6387 seconds
                  ZADV completed...       0.2027 seconds
                 HDIFF completed...       0.1385 seconds
              DECOUPLE completed...       0.0339 seconds
                  PHOT completed...       0.1206 seconds
               CLDPROC completed...       0.1686 seconds
                  CHEM completed...       0.4505 seconds
                  AERO completed...       0.5539 seconds
            Master Time Step
            Processing completed...       3.9539 seconds

     Processing Day/Time [YYYYDDD:HHMMSS]: 2017357:032500
       Which is Equivalent to (UTC): 3:25:00  Saturday,  Dec. 23, 2017
       Time-Step Length (HHMMSS): 000500
                 VDIFF completed...       0.6023 seconds
                COUPLE completed...       0.0492 seconds
                  HADV completed...       1.6320 seconds
                  ZADV completed...       0.2031 seconds
                 HDIFF completed...       0.1374 seconds
              DECOUPLE completed...       0.0371 seconds
                  PHOT completed...       0.1188 seconds
               CLDPROC completed...       0.1675 seconds
                  CHEM completed...       0.4470 seconds
                  AERO completed...       0.5553 seconds
            Master Time Step
            Processing completed...       3.9507 seconds

     Processing Day/Time [YYYYDDD:HHMMSS]: 2017357:033000
       Which is Equivalent to (UTC): 3:30:00  Saturday,  Dec. 23, 2017
       Time-Step Length (HHMMSS): 000500
                 VDIFF completed...       0.5885 seconds
                COUPLE completed...       0.0441 seconds
                  HADV completed...       1.8254 seconds
                  ZADV completed...       0.2025 seconds
                 HDIFF completed...       0.1377 seconds
              DECOUPLE completed...       0.0339 seconds
                  PHOT completed...       0.1208 seconds
               CLDPROC completed...       0.1674 seconds
                  CHEM completed...       0.4472 seconds
                  AERO completed...       0.5520 seconds
            Master Time Step
            Processing completed...       4.1233 seconds

     Processing Day/Time [YYYYDDD:HHMMSS]: 2017357:033500
       Which is Equivalent to (UTC): 3:35:00  Saturday,  Dec. 23, 2017
       Time-Step Length (HHMMSS): 000500
                 VDIFF completed...       0.5984 seconds
                COUPLE completed...       0.0500 seconds
                  HADV completed...       1.6784 seconds
                  ZADV completed...       0.2027 seconds
                 HDIFF completed...       0.1372 seconds
              DECOUPLE completed...       0.0339 seconds
                  PHOT completed...       0.1200 seconds
               CLDPROC completed...       0.1676 seconds
                  CHEM completed...       0.4476 seconds
                  AERO completed...       0.5522 seconds
            Master Time Step
            Processing completed...       3.9924 seconds

     Processing Day/Time [YYYYDDD:HHMMSS]: 2017357:034000
       Which is Equivalent to (UTC): 3:40:00  Saturday,  Dec. 23, 2017
       Time-Step Length (HHMMSS): 000500
                 VDIFF completed...       0.6044 seconds
                COUPLE completed...       0.0497 seconds
                  HADV completed...       1.6504 seconds
                  ZADV completed...       0.2022 seconds
                 HDIFF completed...       0.1381 seconds
              DECOUPLE completed...       0.0340 seconds
                  PHOT completed...       0.1208 seconds
               CLDPROC completed...       0.1668 seconds
                  CHEM completed...       0.4477 seconds
                  AERO completed...       0.5529 seconds
            Master Time Step
            Processing completed...       3.9714 seconds

     Processing Day/Time [YYYYDDD:HHMMSS]: 2017357:034500
       Which is Equivalent to (UTC): 3:45:00  Saturday,  Dec. 23, 2017
       Time-Step Length (HHMMSS): 000500
                 VDIFF completed...       0.6059 seconds
                COUPLE completed...       0.0461 seconds
                  HADV completed...       1.6364 seconds
                  ZADV completed...       0.2026 seconds
                 HDIFF completed...       0.1369 seconds
              DECOUPLE completed...       0.0349 seconds
                  PHOT completed...       0.1199 seconds
               CLDPROC completed...       0.1665 seconds
                  CHEM completed...       0.4465 seconds
                  AERO completed...       0.5619 seconds
            Master Time Step
            Processing completed...       3.9620 seconds

     Processing Day/Time [YYYYDDD:HHMMSS]: 2017357:035000
       Which is Equivalent to (UTC): 3:50:00  Saturday,  Dec. 23, 2017
       Time-Step Length (HHMMSS): 000500
                 VDIFF completed...       0.5907 seconds
                COUPLE completed...       0.0494 seconds
                  HADV completed...       1.6522 seconds
                  ZADV completed...       0.2027 seconds
                 HDIFF completed...       0.1386 seconds
              DECOUPLE completed...       0.0350 seconds
                  PHOT completed...       0.1191 seconds
               CLDPROC completed...       0.1644 seconds
                  CHEM completed...       0.4466 seconds
                  AERO completed...       0.5539 seconds
            Master Time Step
            Processing completed...       3.9571 seconds

     Processing Day/Time [YYYYDDD:HHMMSS]: 2017357:035500
       Which is Equivalent to (UTC): 3:55:00  Saturday,  Dec. 23, 2017
       Time-Step Length (HHMMSS): 000500
                 VDIFF completed...       1.7523 seconds
                COUPLE completed...       0.1116 seconds
                  HADV completed...       1.1203 seconds
                  ZADV completed...       0.2028 seconds
                 HDIFF completed...       0.1376 seconds
              DECOUPLE completed...       0.0339 seconds
                  PHOT completed...       0.1201 seconds
               CLDPROC completed...       1.1122 seconds
                  CHEM completed...       0.4333 seconds
                  AERO completed...       0.5634 seconds
            Master Time Step
            Processing completed...       5.5924 seconds

      =--> Data Output completed...       0.9353 seconds

     Processing Day/Time [YYYYDDD:HHMMSS]: 2017357:040000
       Which is Equivalent to (UTC): 4:00:00  Saturday,  Dec. 23, 2017
       Time-Step Length (HHMMSS): 000400
                 VDIFF completed...       5.2429 seconds
                COUPLE completed...       0.0702 seconds
                  HADV completed...       1.6834 seconds
                  ZADV completed...       0.1956 seconds
                 HDIFF completed...       0.1440 seconds
              DECOUPLE completed...       0.0325 seconds
                  PHOT completed...       1.2393 seconds
               CLDPROC completed...       0.1742 seconds
                  CHEM completed...       0.4477 seconds
                  AERO completed...       0.5359 seconds
            Master Time Step
            Processing completed...       9.7673 seconds

     Processing Day/Time [YYYYDDD:HHMMSS]: 2017357:040400
       Which is Equivalent to (UTC): 4:04:00  Saturday,  Dec. 23, 2017
       Time-Step Length (HHMMSS): 000400
                 VDIFF completed...       0.6363 seconds
                COUPLE completed...       0.0548 seconds
                  HADV completed...       1.3494 seconds
                  ZADV completed...       0.2026 seconds
                 HDIFF completed...       0.1374 seconds
              DECOUPLE completed...       0.0355 seconds
                  PHOT completed...       0.1190 seconds
               CLDPROC completed...       0.1649 seconds
                  CHEM completed...       0.4412 seconds
                  AERO completed...       0.5390 seconds
            Master Time Step
            Processing completed...       3.6809 seconds

     Processing Day/Time [YYYYDDD:HHMMSS]: 2017357:040800
       Which is Equivalent to (UTC): 4:08:00  Saturday,  Dec. 23, 2017
       Time-Step Length (HHMMSS): 000400
                 VDIFF completed...       0.6251 seconds
                COUPLE completed...       0.0516 seconds
                  HADV completed...       1.3817 seconds
                  ZADV completed...       0.2027 seconds
                 HDIFF completed...       0.1373 seconds
              DECOUPLE completed...       0.0340 seconds
                  PHOT completed...       0.1211 seconds
               CLDPROC completed...       0.1662 seconds
                  CHEM completed...       0.4410 seconds
                  AERO completed...       0.5374 seconds
            Master Time Step
            Processing completed...       3.6988 seconds

     Processing Day/Time [YYYYDDD:HHMMSS]: 2017357:041200
       Which is Equivalent to (UTC): 4:12:00  Saturday,  Dec. 23, 2017
       Time-Step Length (HHMMSS): 000400
                 VDIFF completed...       0.6272 seconds
                COUPLE completed...       0.0532 seconds
                  HADV completed...       1.3730 seconds
                  ZADV completed...       0.2025 seconds
                 HDIFF completed...       0.1459 seconds
              DECOUPLE completed...       0.0333 seconds
                  PHOT completed...       0.1217 seconds
               CLDPROC completed...       0.1668 seconds
                  CHEM completed...       0.4404 seconds
                  AERO completed...       0.5392 seconds
            Master Time Step
            Processing completed...       3.7042 seconds

     Processing Day/Time [YYYYDDD:HHMMSS]: 2017357:041600
       Which is Equivalent to (UTC): 4:16:00  Saturday,  Dec. 23, 2017
       Time-Step Length (HHMMSS): 000400
                 VDIFF completed...       0.6241 seconds
                COUPLE completed...       0.0514 seconds
                  HADV completed...       1.4007 seconds
                  ZADV completed...       0.2028 seconds
                 HDIFF completed...       0.1376 seconds
              DECOUPLE completed...       0.0337 seconds
                  PHOT completed...       0.1209 seconds
               CLDPROC completed...       0.1683 seconds
                  CHEM completed...       0.4403 seconds
                  AERO completed...       0.5366 seconds
            Master Time Step
            Processing completed...       3.7171 seconds

     Processing Day/Time [YYYYDDD:HHMMSS]: 2017357:042000
       Which is Equivalent to (UTC): 4:20:00  Saturday,  Dec. 23, 2017
       Time-Step Length (HHMMSS): 000400
                 VDIFF completed...       0.6252 seconds
                COUPLE completed...       0.0555 seconds
                  HADV completed...       1.3729 seconds
                  ZADV completed...       0.2020 seconds
                 HDIFF completed...       0.1384 seconds
              DECOUPLE completed...       0.0341 seconds
                  PHOT completed...       0.1213 seconds
               CLDPROC completed...       0.1670 seconds
                  CHEM completed...       0.4395 seconds
                  AERO completed...       0.5382 seconds
            Master Time Step
            Processing completed...       3.6950 seconds

     Processing Day/Time [YYYYDDD:HHMMSS]: 2017357:042400
       Which is Equivalent to (UTC): 4:24:00  Saturday,  Dec. 23, 2017
       Time-Step Length (HHMMSS): 000400
                 VDIFF completed...       0.6226 seconds
                COUPLE completed...       0.0527 seconds
                  HADV completed...       1.5068 seconds
                  ZADV completed...       0.2027 seconds
                 HDIFF completed...       0.1378 seconds
              DECOUPLE completed...       0.0340 seconds
                  PHOT completed...       0.1216 seconds
               CLDPROC completed...       0.1683 seconds
                  CHEM completed...       0.4395 seconds
                  AERO completed...       0.5347 seconds
            Master Time Step
            Processing completed...       3.8214 seconds

     Processing Day/Time [YYYYDDD:HHMMSS]: 2017357:042800
       Which is Equivalent to (UTC): 4:28:00  Saturday,  Dec. 23, 2017
       Time-Step Length (HHMMSS): 000400
                 VDIFF completed...       0.6255 seconds
                COUPLE completed...       0.0568 seconds
                  HADV completed...       1.3929 seconds
                  ZADV completed...       0.2025 seconds
                 HDIFF completed...       0.1377 seconds
              DECOUPLE completed...       0.0334 seconds
                  PHOT completed...       0.1212 seconds
               CLDPROC completed...       0.1700 seconds
                  CHEM completed...       0.4369 seconds
                  AERO completed...       0.5349 seconds
            Master Time Step
            Processing completed...       3.7132 seconds

     Processing Day/Time [YYYYDDD:HHMMSS]: 2017357:043200
       Which is Equivalent to (UTC): 4:32:00  Saturday,  Dec. 23, 2017
       Time-Step Length (HHMMSS): 000400
                 VDIFF completed...       0.6128 seconds
                COUPLE completed...       0.0539 seconds
                  HADV completed...       1.3925 seconds
                  ZADV completed...       0.2024 seconds
                 HDIFF completed...       0.1398 seconds
              DECOUPLE completed...       0.0342 seconds
                  PHOT completed...       0.1193 seconds
               CLDPROC completed...       0.1681 seconds
                  CHEM completed...       0.4397 seconds
                  AERO completed...       0.5295 seconds
            Master Time Step
            Processing completed...       3.6931 seconds

     Processing Day/Time [YYYYDDD:HHMMSS]: 2017357:043600
       Which is Equivalent to (UTC): 4:36:00  Saturday,  Dec. 23, 2017
       Time-Step Length (HHMMSS): 000400
                 VDIFF completed...       0.6295 seconds
                COUPLE completed...       0.0540 seconds
                  HADV completed...       1.4010 seconds
                  ZADV completed...       0.2024 seconds
                 HDIFF completed...       0.1386 seconds
              DECOUPLE completed...       0.0344 seconds
                  PHOT completed...       0.1198 seconds
               CLDPROC completed...       0.1680 seconds
                  CHEM completed...       0.4385 seconds
                  AERO completed...       0.5340 seconds
            Master Time Step
            Processing completed...       3.7227 seconds

     Processing Day/Time [YYYYDDD:HHMMSS]: 2017357:044000
       Which is Equivalent to (UTC): 4:40:00  Saturday,  Dec. 23, 2017
       Time-Step Length (HHMMSS): 000400
                 VDIFF completed...       0.6137 seconds
                COUPLE completed...       0.0563 seconds
                  HADV completed...       1.3933 seconds
                  ZADV completed...       0.2021 seconds
                 HDIFF completed...       0.1366 seconds
              DECOUPLE completed...       0.0348 seconds
                  PHOT completed...       0.1207 seconds
               CLDPROC completed...       0.1689 seconds
                  CHEM completed...       0.4386 seconds
                  AERO completed...       0.5343 seconds
            Master Time Step
            Processing completed...       3.7001 seconds

     Processing Day/Time [YYYYDDD:HHMMSS]: 2017357:044400
       Which is Equivalent to (UTC): 4:44:00  Saturday,  Dec. 23, 2017
       Time-Step Length (HHMMSS): 000400
                 VDIFF completed...       0.6172 seconds
                COUPLE completed...       0.0560 seconds
                  HADV completed...       1.3994 seconds
                  ZADV completed...       0.2027 seconds
                 HDIFF completed...       0.1382 seconds
              DECOUPLE completed...       0.0328 seconds
                  PHOT completed...       0.1218 seconds
               CLDPROC completed...       0.1685 seconds
                  CHEM completed...       0.4385 seconds
                  AERO completed...       0.5334 seconds
            Master Time Step
            Processing completed...       3.7094 seconds

     Processing Day/Time [YYYYDDD:HHMMSS]: 2017357:044800
       Which is Equivalent to (UTC): 4:48:00  Saturday,  Dec. 23, 2017
       Time-Step Length (HHMMSS): 000400
                 VDIFF completed...       0.6165 seconds
                COUPLE completed...       0.0560 seconds
                  HADV completed...       1.3841 seconds
                  ZADV completed...       0.2028 seconds
                 HDIFF completed...       0.1472 seconds
              DECOUPLE completed...       0.0338 seconds
                  PHOT completed...       0.1209 seconds
               CLDPROC completed...       0.1677 seconds
                  CHEM completed...       0.4373 seconds
                  AERO completed...       0.5358 seconds
            Master Time Step
            Processing completed...       3.7029 seconds

     Processing Day/Time [YYYYDDD:HHMMSS]: 2017357:045200
       Which is Equivalent to (UTC): 4:52:00  Saturday,  Dec. 23, 2017
       Time-Step Length (HHMMSS): 000400
                 VDIFF completed...       0.6170 seconds
                COUPLE completed...       0.0556 seconds
                  HADV completed...       1.3972 seconds
                  ZADV completed...       0.2025 seconds
                 HDIFF completed...       0.1369 seconds
              DECOUPLE completed...       0.0330 seconds
                  PHOT completed...       0.1214 seconds
               CLDPROC completed...       0.1685 seconds
                  CHEM completed...       0.4376 seconds
                  AERO completed...       0.5357 seconds
            Master Time Step
            Processing completed...       3.7062 seconds

     Processing Day/Time [YYYYDDD:HHMMSS]: 2017357:045600
       Which is Equivalent to (UTC): 4:56:00  Saturday,  Dec. 23, 2017
       Time-Step Length (HHMMSS): 000400
                 VDIFF completed...       1.7533 seconds
                COUPLE completed...       0.1119 seconds
                  HADV completed...       0.8765 seconds
                  ZADV completed...       0.2027 seconds
                 HDIFF completed...       0.1382 seconds
              DECOUPLE completed...       0.0338 seconds
                  PHOT completed...       0.1205 seconds
               CLDPROC completed...       1.0992 seconds
                  CHEM completed...       0.4272 seconds
                  AERO completed...       0.5544 seconds
            Master Time Step
            Processing completed...       5.3186 seconds

      =--> Data Output completed...       0.9013 seconds

     Processing Day/Time [YYYYDDD:HHMMSS]: 2017357:050000
       Which is Equivalent to (UTC): 5:00:00  Saturday,  Dec. 23, 2017
       Time-Step Length (HHMMSS): 000400
                 VDIFF completed...       5.3121 seconds
                COUPLE completed...       0.0680 seconds
                  HADV completed...       1.6734 seconds
                  ZADV completed...       0.2036 seconds
                 HDIFF completed...       0.1375 seconds
              DECOUPLE completed...       0.0339 seconds
                  PHOT completed...       1.2106 seconds
               CLDPROC completed...       0.1759 seconds
                  CHEM completed...       0.4430 seconds
                  AERO completed...       0.5327 seconds
            Master Time Step
            Processing completed...       9.7937 seconds

     Processing Day/Time [YYYYDDD:HHMMSS]: 2017357:050400
       Which is Equivalent to (UTC): 5:04:00  Saturday,  Dec. 23, 2017
       Time-Step Length (HHMMSS): 000400
                 VDIFF completed...       0.6321 seconds
                COUPLE completed...       0.0563 seconds
                  HADV completed...       1.3723 seconds
                  ZADV completed...       0.2027 seconds
                 HDIFF completed...       0.1363 seconds
              DECOUPLE completed...       0.0335 seconds
                  PHOT completed...       0.1202 seconds
               CLDPROC completed...       0.1686 seconds
                  CHEM completed...       0.4374 seconds
                  AERO completed...       0.5398 seconds
            Master Time Step
            Processing completed...       3.7036 seconds

     Processing Day/Time [YYYYDDD:HHMMSS]: 2017357:050800
       Which is Equivalent to (UTC): 5:08:00  Saturday,  Dec. 23, 2017
       Time-Step Length (HHMMSS): 000400
                 VDIFF completed...       0.6110 seconds
                COUPLE completed...       0.0527 seconds
                  HADV completed...       1.3773 seconds
                  ZADV completed...       0.2027 seconds
                 HDIFF completed...       0.1538 seconds
              DECOUPLE completed...       0.0533 seconds
                  PHOT completed...       0.0967 seconds
               CLDPROC completed...       0.1653 seconds
                  CHEM completed...       0.4341 seconds
                  AERO completed...       0.5351 seconds
            Master Time Step
            Processing completed...       3.6849 seconds

     Processing Day/Time [YYYYDDD:HHMMSS]: 2017357:051200
       Which is Equivalent to (UTC): 5:12:00  Saturday,  Dec. 23, 2017
       Time-Step Length (HHMMSS): 000400
                 VDIFF completed...       0.6066 seconds
                COUPLE completed...       0.0570 seconds
                  HADV completed...       1.3875 seconds
                  ZADV completed...       0.2019 seconds
                 HDIFF completed...       0.1374 seconds
              DECOUPLE completed...       0.0332 seconds
                  PHOT completed...       0.1214 seconds
               CLDPROC completed...       0.1708 seconds
                  CHEM completed...       0.4346 seconds
                  AERO completed...       0.5373 seconds
            Master Time Step
            Processing completed...       3.6893 seconds

     Processing Day/Time [YYYYDDD:HHMMSS]: 2017357:051600
       Which is Equivalent to (UTC): 5:16:00  Saturday,  Dec. 23, 2017
       Time-Step Length (HHMMSS): 000400
                 VDIFF completed...       0.6011 seconds
                COUPLE completed...       0.0517 seconds
                  HADV completed...       1.4199 seconds
                  ZADV completed...       0.2027 seconds
                 HDIFF completed...       0.1361 seconds
              DECOUPLE completed...       0.0333 seconds
                  PHOT completed...       0.1204 seconds
               CLDPROC completed...       0.1710 seconds
                  CHEM completed...       0.4350 seconds
                  AERO completed...       0.5305 seconds
            Master Time Step
            Processing completed...       3.7053 seconds

     Processing Day/Time [YYYYDDD:HHMMSS]: 2017357:052000
       Which is Equivalent to (UTC): 5:20:00  Saturday,  Dec. 23, 2017
       Time-Step Length (HHMMSS): 000400
                 VDIFF completed...       0.6067 seconds
                COUPLE completed...       0.0550 seconds
                  HADV completed...       1.3937 seconds
                  ZADV completed...       0.2022 seconds
                 HDIFF completed...       0.1369 seconds
              DECOUPLE completed...       0.0334 seconds
                  PHOT completed...       0.1192 seconds
               CLDPROC completed...       0.1704 seconds
                  CHEM completed...       0.4340 seconds
                  AERO completed...       0.5386 seconds
            Master Time Step
            Processing completed...       3.6944 seconds

     Processing Day/Time [YYYYDDD:HHMMSS]: 2017357:052400
       Which is Equivalent to (UTC): 5:24:00  Saturday,  Dec. 23, 2017
       Time-Step Length (HHMMSS): 000400
                 VDIFF completed...       0.5961 seconds
                COUPLE completed...       0.0551 seconds
                  HADV completed...       1.4084 seconds
                  ZADV completed...       0.2021 seconds
                 HDIFF completed...       0.1366 seconds
              DECOUPLE completed...       0.0334 seconds
                  PHOT completed...       0.1205 seconds
               CLDPROC completed...       0.1713 seconds
                  CHEM completed...       0.4339 seconds
                  AERO completed...       0.5343 seconds
            Master Time Step
            Processing completed...       3.6949 seconds

     Processing Day/Time [YYYYDDD:HHMMSS]: 2017357:052800
       Which is Equivalent to (UTC): 5:28:00  Saturday,  Dec. 23, 2017
       Time-Step Length (HHMMSS): 000400
                 VDIFF completed...       0.5975 seconds
                COUPLE completed...       0.0504 seconds
                  HADV completed...       1.4117 seconds
                  ZADV completed...       0.2022 seconds
                 HDIFF completed...       0.1366 seconds
              DECOUPLE completed...       0.0343 seconds
                  PHOT completed...       0.1197 seconds
               CLDPROC completed...       0.1712 seconds
                  CHEM completed...       0.4342 seconds
                  AERO completed...       0.5348 seconds
            Master Time Step
            Processing completed...       3.6968 seconds

     Processing Day/Time [YYYYDDD:HHMMSS]: 2017357:053200
       Which is Equivalent to (UTC): 5:32:00  Saturday,  Dec. 23, 2017
       Time-Step Length (HHMMSS): 000400
                 VDIFF completed...       0.5975 seconds
                COUPLE completed...       0.0527 seconds
                  HADV completed...       1.4071 seconds
                  ZADV completed...       0.2026 seconds
                 HDIFF completed...       0.1366 seconds
              DECOUPLE completed...       0.0336 seconds
                  PHOT completed...       0.1209 seconds
               CLDPROC completed...       0.1712 seconds
                  CHEM completed...       0.4339 seconds
                  AERO completed...       0.5343 seconds
            Master Time Step
            Processing completed...       3.6948 seconds

     Processing Day/Time [YYYYDDD:HHMMSS]: 2017357:053600
       Which is Equivalent to (UTC): 5:36:00  Saturday,  Dec. 23, 2017
       Time-Step Length (HHMMSS): 000400
                 VDIFF completed...       0.5965 seconds
                COUPLE completed...       0.0556 seconds
                  HADV completed...       1.3990 seconds
                  ZADV completed...       0.2024 seconds
                 HDIFF completed...       0.1365 seconds
              DECOUPLE completed...       0.0345 seconds
                  PHOT completed...       0.1196 seconds
               CLDPROC completed...       0.1720 seconds
                  CHEM completed...       0.4355 seconds
                  AERO completed...       0.5303 seconds
            Master Time Step
            Processing completed...       3.6855 seconds

     Processing Day/Time [YYYYDDD:HHMMSS]: 2017357:054000
       Which is Equivalent to (UTC): 5:40:00  Saturday,  Dec. 23, 2017
       Time-Step Length (HHMMSS): 000400
                 VDIFF completed...       0.6001 seconds
                COUPLE completed...       0.0490 seconds
                  HADV completed...       1.4141 seconds
                  ZADV completed...       0.2029 seconds
                 HDIFF completed...       0.1368 seconds
              DECOUPLE completed...       0.0333 seconds
                  PHOT completed...       0.1207 seconds
               CLDPROC completed...       0.1713 seconds
                  CHEM completed...       0.4341 seconds
                  AERO completed...       0.5341 seconds
            Master Time Step
            Processing completed...       3.7008 seconds

     Processing Day/Time [YYYYDDD:HHMMSS]: 2017357:054400
       Which is Equivalent to (UTC): 5:44:00  Saturday,  Dec. 23, 2017
       Time-Step Length (HHMMSS): 000400
                 VDIFF completed...       0.5940 seconds
                COUPLE completed...       0.0542 seconds
                  HADV completed...       1.4016 seconds
                  ZADV completed...       0.2018 seconds
                 HDIFF completed...       0.1400 seconds
              DECOUPLE completed...       0.0330 seconds
                  PHOT completed...       0.1206 seconds
               CLDPROC completed...       0.1725 seconds
                  CHEM completed...       0.4350 seconds
                  AERO completed...       0.5356 seconds
            Master Time Step
            Processing completed...       3.6927 seconds

     Processing Day/Time [YYYYDDD:HHMMSS]: 2017357:054800
       Which is Equivalent to (UTC): 5:48:00  Saturday,  Dec. 23, 2017
       Time-Step Length (HHMMSS): 000400
                 VDIFF completed...       0.6011 seconds
                COUPLE completed...       0.0522 seconds
                  HADV completed...       1.4146 seconds
                  ZADV completed...       0.2031 seconds
                 HDIFF completed...       0.1369 seconds
              DECOUPLE completed...       0.0332 seconds
                  PHOT completed...       0.1198 seconds
               CLDPROC completed...       0.1729 seconds
                  CHEM completed...       0.4364 seconds
                  AERO completed...       0.5396 seconds
            Master Time Step
            Processing completed...       3.7144 seconds

     Processing Day/Time [YYYYDDD:HHMMSS]: 2017357:055200
       Which is Equivalent to (UTC): 5:52:00  Saturday,  Dec. 23, 2017
       Time-Step Length (HHMMSS): 000400
                 VDIFF completed...       0.6135 seconds
                COUPLE completed...       0.0517 seconds
                  HADV completed...       1.3700 seconds
                  ZADV completed...       0.2018 seconds
                 HDIFF completed...       0.1383 seconds
              DECOUPLE completed...       0.0330 seconds
                  PHOT completed...       0.1206 seconds
               CLDPROC completed...       0.1726 seconds
                  CHEM completed...       0.4342 seconds
                  AERO completed...       0.5268 seconds
            Master Time Step
            Processing completed...       3.6663 seconds

     Processing Day/Time [YYYYDDD:HHMMSS]: 2017357:055600
       Which is Equivalent to (UTC): 5:56:00  Saturday,  Dec. 23, 2017
       Time-Step Length (HHMMSS): 000400
                 VDIFF completed...       2.0095 seconds
                COUPLE completed...       0.1120 seconds
                  HADV completed...       0.8705 seconds
                  ZADV completed...       0.2028 seconds
                 HDIFF completed...       0.1371 seconds
              DECOUPLE completed...       0.0328 seconds
                  PHOT completed...       0.1203 seconds
               CLDPROC completed...       1.0951 seconds
                  CHEM completed...       0.4335 seconds
                  AERO completed...       0.5542 seconds
            Master Time Step
            Processing completed...       5.5724 seconds

      =--> Data Output completed...       0.8753 seconds

     Processing Day/Time [YYYYDDD:HHMMSS]: 2017357:060000
       Which is Equivalent to (UTC): 6:00:00  Saturday,  Dec. 23, 2017
       Time-Step Length (HHMMSS): 000400
                 VDIFF completed...       5.2770 seconds
                COUPLE completed...       0.0785 seconds
                  HADV completed...       1.6466 seconds
                  ZADV completed...       0.1986 seconds
                 HDIFF completed...       0.1494 seconds
              DECOUPLE completed...       0.0338 seconds
                  PHOT completed...       1.2296 seconds
               CLDPROC completed...       0.1797 seconds
                  CHEM completed...       0.4395 seconds
                  AERO completed...       0.5290 seconds
            Master Time Step
            Processing completed...       9.7639 seconds

     Processing Day/Time [YYYYDDD:HHMMSS]: 2017357:060400
       Which is Equivalent to (UTC): 6:04:00  Saturday,  Dec. 23, 2017
       Time-Step Length (HHMMSS): 000400
                 VDIFF completed...       0.7010 seconds
                COUPLE completed...       0.0583 seconds
                  HADV completed...       1.0751 seconds
                  ZADV completed...       0.1965 seconds
                 HDIFF completed...       0.1433 seconds
              DECOUPLE completed...       0.0321 seconds
                  PHOT completed...       0.1214 seconds
               CLDPROC completed...       0.1726 seconds
                  CHEM completed...       0.4344 seconds
                  AERO completed...       0.5376 seconds
            Master Time Step
            Processing completed...       3.4751 seconds

     Processing Day/Time [YYYYDDD:HHMMSS]: 2017357:060800
       Which is Equivalent to (UTC): 6:08:00  Saturday,  Dec. 23, 2017
       Time-Step Length (HHMMSS): 000400
                 VDIFF completed...       0.6145 seconds
                COUPLE completed...       0.0570 seconds
                  HADV completed...       1.3642 seconds
                  ZADV completed...       0.1963 seconds
                 HDIFF completed...       0.2115 seconds
              DECOUPLE completed...       0.0332 seconds
                  PHOT completed...       0.1215 seconds
               CLDPROC completed...       0.1728 seconds
                  CHEM completed...       0.4336 seconds
                  AERO completed...       0.5393 seconds
            Master Time Step
            Processing completed...       3.7451 seconds

     Processing Day/Time [YYYYDDD:HHMMSS]: 2017357:061200
       Which is Equivalent to (UTC): 6:12:00  Saturday,  Dec. 23, 2017
       Time-Step Length (HHMMSS): 000400
                 VDIFF completed...       0.5945 seconds
                COUPLE completed...       0.0553 seconds
                  HADV completed...       1.5022 seconds
                  ZADV completed...       0.1839 seconds
                 HDIFF completed...       0.1662 seconds
              DECOUPLE completed...       0.0327 seconds
                  PHOT completed...       0.1209 seconds
               CLDPROC completed...       0.1736 seconds
                  CHEM completed...       0.4351 seconds
                  AERO completed...       0.5358 seconds
            Master Time Step
            Processing completed...       3.8050 seconds

     Processing Day/Time [YYYYDDD:HHMMSS]: 2017357:061600
       Which is Equivalent to (UTC): 6:16:00  Saturday,  Dec. 23, 2017
       Time-Step Length (HHMMSS): 000400
                 VDIFF completed...       0.5933 seconds
                COUPLE completed...       0.0561 seconds
                  HADV completed...       1.3882 seconds
                  ZADV completed...       0.1960 seconds
                 HDIFF completed...       0.1449 seconds
              DECOUPLE completed...       0.0333 seconds
                  PHOT completed...       0.1205 seconds
               CLDPROC completed...       0.1731 seconds
                  CHEM completed...       0.4333 seconds
                  AERO completed...       0.5398 seconds
            Master Time Step
            Processing completed...       3.6825 seconds

     Processing Day/Time [YYYYDDD:HHMMSS]: 2017357:062000
       Which is Equivalent to (UTC): 6:20:00  Saturday,  Dec. 23, 2017
       Time-Step Length (HHMMSS): 000400
                 VDIFF completed...       0.5861 seconds
                COUPLE completed...       0.0575 seconds
                  HADV completed...       1.4107 seconds
                  ZADV completed...       0.1970 seconds
                 HDIFF completed...       0.1417 seconds
              DECOUPLE completed...       0.0331 seconds
                  PHOT completed...       0.1210 seconds
               CLDPROC completed...       0.1729 seconds
                  CHEM completed...       0.4341 seconds
                  AERO completed...       0.5378 seconds
            Master Time Step
            Processing completed...       3.6969 seconds

     Processing Day/Time [YYYYDDD:HHMMSS]: 2017357:062400
       Which is Equivalent to (UTC): 6:24:00  Saturday,  Dec. 23, 2017
       Time-Step Length (HHMMSS): 000400
                 VDIFF completed...       0.5912 seconds
                COUPLE completed...       0.0575 seconds
                  HADV completed...       1.3942 seconds
                  ZADV completed...       0.1970 seconds
                 HDIFF completed...       0.1415 seconds
              DECOUPLE completed...       0.0333 seconds
                  PHOT completed...       0.1206 seconds
               CLDPROC completed...       0.1728 seconds
                  CHEM completed...       0.4324 seconds
                  AERO completed...       0.5349 seconds
            Master Time Step
            Processing completed...       3.6804 seconds

     Processing Day/Time [YYYYDDD:HHMMSS]: 2017357:062800
       Which is Equivalent to (UTC): 6:28:00  Saturday,  Dec. 23, 2017
       Time-Step Length (HHMMSS): 000400
                 VDIFF completed...       0.5917 seconds
                COUPLE completed...       0.0550 seconds
                  HADV completed...       1.3946 seconds
                  ZADV completed...       0.1972 seconds
                 HDIFF completed...       0.1418 seconds
              DECOUPLE completed...       0.0330 seconds
                  PHOT completed...       0.1206 seconds
               CLDPROC completed...       0.1724 seconds
                  CHEM completed...       0.4324 seconds
                  AERO completed...       0.5349 seconds
            Master Time Step
            Processing completed...       3.6786 seconds

     Processing Day/Time [YYYYDDD:HHMMSS]: 2017357:063200
       Which is Equivalent to (UTC): 6:32:00  Saturday,  Dec. 23, 2017
       Time-Step Length (HHMMSS): 000400
                 VDIFF completed...       0.5860 seconds
                COUPLE completed...       0.0562 seconds
                  HADV completed...       1.4124 seconds
                  ZADV completed...       0.1988 seconds
                 HDIFF completed...       0.1409 seconds
              DECOUPLE completed...       0.0332 seconds
                  PHOT completed...       0.1203 seconds
               CLDPROC completed...       0.1728 seconds
                  CHEM completed...       0.4321 seconds
                  AERO completed...       0.5365 seconds
            Master Time Step
            Processing completed...       3.6931 seconds

     Processing Day/Time [YYYYDDD:HHMMSS]: 2017357:063600
       Which is Equivalent to (UTC): 6:36:00  Saturday,  Dec. 23, 2017
       Time-Step Length (HHMMSS): 000400
                 VDIFF completed...       0.5905 seconds
                COUPLE completed...       0.0568 seconds
                  HADV completed...       1.3885 seconds
                  ZADV completed...       0.1973 seconds
                 HDIFF completed...       0.1424 seconds
              DECOUPLE completed...       0.0339 seconds
                  PHOT completed...       0.1200 seconds
               CLDPROC completed...       0.1722 seconds
                  CHEM completed...       0.4329 seconds
                  AERO completed...       0.5318 seconds
            Master Time Step
            Processing completed...       3.6710 seconds

     Processing Day/Time [YYYYDDD:HHMMSS]: 2017357:064000
       Which is Equivalent to (UTC): 6:40:00  Saturday,  Dec. 23, 2017
       Time-Step Length (HHMMSS): 000400
                 VDIFF completed...       0.5912 seconds
                COUPLE completed...       0.0547 seconds
                  HADV completed...       1.4002 seconds
                  ZADV completed...       0.1974 seconds
                 HDIFF completed...       0.1414 seconds
              DECOUPLE completed...       0.0332 seconds
                  PHOT completed...       0.1207 seconds
               CLDPROC completed...       0.1722 seconds
                  CHEM completed...       0.4322 seconds
                  AERO completed...       0.5354 seconds
            Master Time Step
            Processing completed...       3.6830 seconds

     Processing Day/Time [YYYYDDD:HHMMSS]: 2017357:064400
       Which is Equivalent to (UTC): 6:44:00  Saturday,  Dec. 23, 2017
       Time-Step Length (HHMMSS): 000400
                 VDIFF completed...       0.5893 seconds
                COUPLE completed...       0.0576 seconds
                  HADV completed...       1.3818 seconds
                  ZADV completed...       0.1972 seconds
                 HDIFF completed...       0.1416 seconds
              DECOUPLE completed...       0.0330 seconds
                  PHOT completed...       0.1204 seconds
               CLDPROC completed...       0.1725 seconds
                  CHEM completed...       0.4322 seconds
                  AERO completed...       0.5269 seconds
            Master Time Step
            Processing completed...       3.6572 seconds

     Processing Day/Time [YYYYDDD:HHMMSS]: 2017357:064800
       Which is Equivalent to (UTC): 6:48:00  Saturday,  Dec. 23, 2017
       Time-Step Length (HHMMSS): 000400
                 VDIFF completed...       0.5945 seconds
                COUPLE completed...       0.0592 seconds
                  HADV completed...       1.3888 seconds
                  ZADV completed...       0.1981 seconds
                 HDIFF completed...       0.1407 seconds
              DECOUPLE completed...       0.0329 seconds
                  PHOT completed...       0.1205 seconds
               CLDPROC completed...       0.1725 seconds
                  CHEM completed...       0.4321 seconds
                  AERO completed...       0.5346 seconds
            Master Time Step
            Processing completed...       3.6778 seconds

     Processing Day/Time [YYYYDDD:HHMMSS]: 2017357:065200
       Which is Equivalent to (UTC): 6:52:00  Saturday,  Dec. 23, 2017
       Time-Step Length (HHMMSS): 000400
                 VDIFF completed...       0.5924 seconds
                COUPLE completed...       0.0541 seconds
                  HADV completed...       1.3741 seconds
                  ZADV completed...       0.1971 seconds
                 HDIFF completed...       0.1414 seconds
              DECOUPLE completed...       0.0352 seconds
                  PHOT completed...       0.1192 seconds
               CLDPROC completed...       0.1723 seconds
                  CHEM completed...       0.4327 seconds
                  AERO completed...       0.5318 seconds
            Master Time Step
            Processing completed...       3.6550 seconds

     Processing Day/Time [YYYYDDD:HHMMSS]: 2017357:065600
       Which is Equivalent to (UTC): 6:56:00  Saturday,  Dec. 23, 2017
       Time-Step Length (HHMMSS): 000400
                 VDIFF completed...       1.7323 seconds
                COUPLE completed...       0.1118 seconds
                  HADV completed...       0.8557 seconds
                  ZADV completed...       0.1968 seconds
                 HDIFF completed...       0.1420 seconds
              DECOUPLE completed...       0.0324 seconds
                  PHOT completed...       0.1198 seconds
               CLDPROC completed...       1.0630 seconds
                  CHEM completed...       0.4280 seconds
                  AERO completed...       0.5491 seconds
            Master Time Step
            Processing completed...       5.2353 seconds

      =--> Data Output completed...       0.9013 seconds

     Processing Day/Time [YYYYDDD:HHMMSS]: 2017357:070000
       Which is Equivalent to (UTC): 7:00:00  Saturday,  Dec. 23, 2017
       Time-Step Length (HHMMSS): 000500
                 VDIFF completed...       5.2880 seconds
                COUPLE completed...       0.0569 seconds
                  HADV completed...       2.0923 seconds
                  ZADV completed...       0.2035 seconds
                 HDIFF completed...       0.1367 seconds
              DECOUPLE completed...       0.0332 seconds
                  PHOT completed...       1.2294 seconds
               CLDPROC completed...       0.1806 seconds
                  CHEM completed...       0.4457 seconds
                  AERO completed...       0.5462 seconds
            Master Time Step
            Processing completed...      10.2151 seconds

     Processing Day/Time [YYYYDDD:HHMMSS]: 2017357:070500
       Which is Equivalent to (UTC): 7:05:00  Saturday,  Dec. 23, 2017
       Time-Step Length (HHMMSS): 000500
                 VDIFF completed...       0.5995 seconds
                COUPLE completed...       0.0583 seconds
                  HADV completed...       1.9208 seconds
                  ZADV completed...       0.2022 seconds
                 HDIFF completed...       0.1405 seconds
              DECOUPLE completed...       0.0339 seconds
                  PHOT completed...       0.1206 seconds
               CLDPROC completed...       0.1722 seconds
                  CHEM completed...       0.4400 seconds
                  AERO completed...       0.5517 seconds
            Master Time Step
            Processing completed...       4.2440 seconds

     Processing Day/Time [YYYYDDD:HHMMSS]: 2017357:071000
       Which is Equivalent to (UTC): 7:10:00  Saturday,  Dec. 23, 2017
       Time-Step Length (HHMMSS): 000500
                 VDIFF completed...       0.5890 seconds
                COUPLE completed...       0.0531 seconds
                  HADV completed...       1.8179 seconds
                  ZADV completed...       0.2029 seconds
                 HDIFF completed...       0.1410 seconds
              DECOUPLE completed...       0.0398 seconds
                  PHOT completed...       0.1157 seconds
               CLDPROC completed...       0.1711 seconds
                  CHEM completed...       0.4384 seconds
                  AERO completed...       0.5499 seconds
            Master Time Step
            Processing completed...       4.1212 seconds

     Processing Day/Time [YYYYDDD:HHMMSS]: 2017357:071500
       Which is Equivalent to (UTC): 7:15:00  Saturday,  Dec. 23, 2017
       Time-Step Length (HHMMSS): 000500
                 VDIFF completed...       0.5832 seconds
                COUPLE completed...       0.0548 seconds
                  HADV completed...       1.8135 seconds
                  ZADV completed...       0.2027 seconds
                 HDIFF completed...       0.1370 seconds
              DECOUPLE completed...       0.0332 seconds
                  PHOT completed...       0.1208 seconds
               CLDPROC completed...       0.1754 seconds
                  CHEM completed...       0.4394 seconds
                  AERO completed...       0.5517 seconds
            Master Time Step
            Processing completed...       4.1158 seconds

     Processing Day/Time [YYYYDDD:HHMMSS]: 2017357:072000
       Which is Equivalent to (UTC): 7:20:00  Saturday,  Dec. 23, 2017
       Time-Step Length (HHMMSS): 000500
                 VDIFF completed...       0.5850 seconds
                COUPLE completed...       0.0554 seconds
                  HADV completed...       1.8236 seconds
                  ZADV completed...       0.2029 seconds
                 HDIFF completed...       0.1369 seconds
              DECOUPLE completed...       0.0343 seconds
                  PHOT completed...       0.1195 seconds
               CLDPROC completed...       0.1754 seconds
                  CHEM completed...       0.4370 seconds
                  AERO completed...       0.5588 seconds
            Master Time Step
            Processing completed...       4.1333 seconds

     Processing Day/Time [YYYYDDD:HHMMSS]: 2017357:072500
       Which is Equivalent to (UTC): 7:25:00  Saturday,  Dec. 23, 2017
       Time-Step Length (HHMMSS): 000500
                 VDIFF completed...       0.5721 seconds
                COUPLE completed...       0.0520 seconds
                  HADV completed...       1.8275 seconds
                  ZADV completed...       0.2024 seconds
                 HDIFF completed...       0.1374 seconds
              DECOUPLE completed...       0.0338 seconds
                  PHOT completed...       0.1203 seconds
               CLDPROC completed...       0.1763 seconds
                  CHEM completed...       0.4366 seconds
                  AERO completed...       0.5521 seconds
            Master Time Step
            Processing completed...       4.1148 seconds

     Processing Day/Time [YYYYDDD:HHMMSS]: 2017357:073000
       Which is Equivalent to (UTC): 7:30:00  Saturday,  Dec. 23, 2017
       Time-Step Length (HHMMSS): 000500
                 VDIFF completed...       0.5747 seconds
                COUPLE completed...       0.0542 seconds
                  HADV completed...       1.8362 seconds
                  ZADV completed...       0.2027 seconds
                 HDIFF completed...       0.1380 seconds
              DECOUPLE completed...       0.0333 seconds
                  PHOT completed...       0.1213 seconds
               CLDPROC completed...       0.1765 seconds
                  CHEM completed...       0.4379 seconds
                  AERO completed...       0.5517 seconds
            Master Time Step
            Processing completed...       4.1284 seconds

     Processing Day/Time [YYYYDDD:HHMMSS]: 2017357:073500
       Which is Equivalent to (UTC): 7:35:00  Saturday,  Dec. 23, 2017
       Time-Step Length (HHMMSS): 000500
                 VDIFF completed...       0.5814 seconds
                COUPLE completed...       0.0523 seconds
                  HADV completed...       1.8302 seconds
                  ZADV completed...       0.2026 seconds
                 HDIFF completed...       0.1373 seconds
              DECOUPLE completed...       0.0338 seconds
                  PHOT completed...       0.1207 seconds
               CLDPROC completed...       0.1762 seconds
                  CHEM completed...       0.4370 seconds
                  AERO completed...       0.5539 seconds
            Master Time Step
            Processing completed...       4.1268 seconds

     Processing Day/Time [YYYYDDD:HHMMSS]: 2017357:074000
       Which is Equivalent to (UTC): 7:40:00  Saturday,  Dec. 23, 2017
       Time-Step Length (HHMMSS): 000500
                 VDIFF completed...       0.5764 seconds
                COUPLE completed...       0.0594 seconds
                  HADV completed...       1.8271 seconds
                  ZADV completed...       0.2030 seconds
                 HDIFF completed...       0.1369 seconds
              DECOUPLE completed...       0.0327 seconds
                  PHOT completed...       0.1218 seconds
               CLDPROC completed...       0.1771 seconds
                  CHEM completed...       0.4357 seconds
                  AERO completed...       0.5558 seconds
            Master Time Step
            Processing completed...       4.1266 seconds

     Processing Day/Time [YYYYDDD:HHMMSS]: 2017357:074500
       Which is Equivalent to (UTC): 7:45:00  Saturday,  Dec. 23, 2017
       Time-Step Length (HHMMSS): 000500
                 VDIFF completed...       0.5704 seconds
                COUPLE completed...       0.0534 seconds
                  HADV completed...       1.8226 seconds
                  ZADV completed...       0.2026 seconds
                 HDIFF completed...       0.1386 seconds
              DECOUPLE completed...       0.0330 seconds
                  PHOT completed...       0.1216 seconds
               CLDPROC completed...       0.1763 seconds
                  CHEM completed...       0.4379 seconds
                  AERO completed...       0.5519 seconds
            Master Time Step
            Processing completed...       4.1091 seconds

     Processing Day/Time [YYYYDDD:HHMMSS]: 2017357:075000
       Which is Equivalent to (UTC): 7:50:00  Saturday,  Dec. 23, 2017
       Time-Step Length (HHMMSS): 000500
                 VDIFF completed...       0.5902 seconds
                COUPLE completed...       0.0535 seconds
                  HADV completed...       1.8071 seconds
                  ZADV completed...       0.2031 seconds
                 HDIFF completed...       0.1373 seconds
              DECOUPLE completed...       0.0334 seconds
                  PHOT completed...       0.1210 seconds
               CLDPROC completed...       0.1761 seconds
                  CHEM completed...       0.4367 seconds
                  AERO completed...       0.5564 seconds
            Master Time Step
            Processing completed...       4.1160 seconds

     Processing Day/Time [YYYYDDD:HHMMSS]: 2017357:075500
       Which is Equivalent to (UTC): 7:55:00  Saturday,  Dec. 23, 2017
       Time-Step Length (HHMMSS): 000500
                 VDIFF completed...       1.6894 seconds
                COUPLE completed...       0.1115 seconds
                  HADV completed...       1.3044 seconds
                  ZADV completed...       0.2020 seconds
                 HDIFF completed...       0.1400 seconds
              DECOUPLE completed...       0.0331 seconds
                  PHOT completed...       0.1210 seconds
               CLDPROC completed...       1.0460 seconds
                  CHEM completed...       0.4284 seconds
                  AERO completed...       0.5716 seconds
            Master Time Step
            Processing completed...       5.6513 seconds

      =--> Data Output completed...       0.9046 seconds

     Processing Day/Time [YYYYDDD:HHMMSS]: 2017357:080000
       Which is Equivalent to (UTC): 8:00:00  Saturday,  Dec. 23, 2017
       Time-Step Length (HHMMSS): 000500
                 VDIFF completed...       5.2383 seconds
                COUPLE completed...       0.0550 seconds
                  HADV completed...       2.2210 seconds
                  ZADV completed...       0.1970 seconds
                 HDIFF completed...       0.1452 seconds
              DECOUPLE completed...       0.0329 seconds
                  PHOT completed...       1.2154 seconds
               CLDPROC completed...       0.1831 seconds
                  CHEM completed...       0.4404 seconds
                  AERO completed...       0.5509 seconds
            Master Time Step
            Processing completed...      10.2809 seconds

     Processing Day/Time [YYYYDDD:HHMMSS]: 2017357:080500
       Which is Equivalent to (UTC): 8:05:00  Saturday,  Dec. 23, 2017
       Time-Step Length (HHMMSS): 000500
                 VDIFF completed...       0.5914 seconds
                COUPLE completed...       0.0743 seconds
                  HADV completed...       1.7886 seconds
                  ZADV completed...       0.2032 seconds
                 HDIFF completed...       0.1381 seconds
              DECOUPLE completed...       0.0334 seconds
                  PHOT completed...       0.1213 seconds
               CLDPROC completed...       0.1762 seconds
                  CHEM completed...       0.4348 seconds
                  AERO completed...       0.5505 seconds
            Master Time Step
            Processing completed...       4.1128 seconds

     Processing Day/Time [YYYYDDD:HHMMSS]: 2017357:081000
       Which is Equivalent to (UTC): 8:10:00  Saturday,  Dec. 23, 2017
       Time-Step Length (HHMMSS): 000500
                 VDIFF completed...       0.6035 seconds
                COUPLE completed...       0.0606 seconds
                  HADV completed...       1.7967 seconds
                  ZADV completed...       0.2029 seconds
                 HDIFF completed...       0.1504 seconds
              DECOUPLE completed...       0.0336 seconds
                  PHOT completed...       0.1261 seconds
               CLDPROC completed...       0.1714 seconds
                  CHEM completed...       0.4351 seconds
                  AERO completed...       0.5581 seconds
            Master Time Step
            Processing completed...       4.1395 seconds

     Processing Day/Time [YYYYDDD:HHMMSS]: 2017357:081500
       Which is Equivalent to (UTC): 8:15:00  Saturday,  Dec. 23, 2017
       Time-Step Length (HHMMSS): 000500
                 VDIFF completed...       0.5908 seconds
                COUPLE completed...       0.0537 seconds
                  HADV completed...       1.8046 seconds
                  ZADV completed...       0.1987 seconds
                 HDIFF completed...       0.1416 seconds
              DECOUPLE completed...       0.0336 seconds
                  PHOT completed...       0.1208 seconds
               CLDPROC completed...       0.1785 seconds
                  CHEM completed...       0.4325 seconds
                  AERO completed...       0.5589 seconds
            Master Time Step
            Processing completed...       4.1148 seconds

     Processing Day/Time [YYYYDDD:HHMMSS]: 2017357:082000
       Which is Equivalent to (UTC): 8:20:00  Saturday,  Dec. 23, 2017
       Time-Step Length (HHMMSS): 000500
                 VDIFF completed...       0.5846 seconds
                COUPLE completed...       0.0526 seconds
                  HADV completed...       1.7999 seconds
                  ZADV completed...       0.1983 seconds
                 HDIFF completed...       0.1438 seconds
              DECOUPLE completed...       0.0334 seconds
                  PHOT completed...       0.1206 seconds
               CLDPROC completed...       0.1765 seconds
                  CHEM completed...       0.4330 seconds
                  AERO completed...       0.5639 seconds
            Master Time Step
            Processing completed...       4.1102 seconds

     Processing Day/Time [YYYYDDD:HHMMSS]: 2017357:082500
       Which is Equivalent to (UTC): 8:25:00  Saturday,  Dec. 23, 2017
       Time-Step Length (HHMMSS): 000500
                 VDIFF completed...       0.5898 seconds
                COUPLE completed...       0.0519 seconds
                  HADV completed...       1.8063 seconds
                  ZADV completed...       0.1982 seconds
                 HDIFF completed...       0.1408 seconds
              DECOUPLE completed...       0.0344 seconds
                  PHOT completed...       0.1202 seconds
               CLDPROC completed...       0.1763 seconds
                  CHEM completed...       0.4334 seconds
                  AERO completed...       0.5597 seconds
            Master Time Step
            Processing completed...       4.1157 seconds

     Processing Day/Time [YYYYDDD:HHMMSS]: 2017357:083000
       Which is Equivalent to (UTC): 8:30:00  Saturday,  Dec. 23, 2017
       Time-Step Length (HHMMSS): 000500
                 VDIFF completed...       0.5794 seconds
                COUPLE completed...       0.0528 seconds
                  HADV completed...       1.8209 seconds
                  ZADV completed...       0.1990 seconds
                 HDIFF completed...       0.1417 seconds
              DECOUPLE completed...       0.0331 seconds
                  PHOT completed...       0.1208 seconds
               CLDPROC completed...       0.1745 seconds
                  CHEM completed...       0.4333 seconds
                  AERO completed...       0.5602 seconds
            Master Time Step
            Processing completed...       4.1202 seconds

     Processing Day/Time [YYYYDDD:HHMMSS]: 2017357:083500
       Which is Equivalent to (UTC): 8:35:00  Saturday,  Dec. 23, 2017
       Time-Step Length (HHMMSS): 000500
                 VDIFF completed...       0.5922 seconds
                COUPLE completed...       0.0525 seconds
                  HADV completed...       1.8221 seconds
                  ZADV completed...       0.1990 seconds
                 HDIFF completed...       0.1408 seconds
              DECOUPLE completed...       0.0341 seconds
                  PHOT completed...       0.1204 seconds
               CLDPROC completed...       0.1743 seconds
                  CHEM completed...       0.4339 seconds
                  AERO completed...       0.5598 seconds
            Master Time Step
            Processing completed...       4.1338 seconds

     Processing Day/Time [YYYYDDD:HHMMSS]: 2017357:084000
       Which is Equivalent to (UTC): 8:40:00  Saturday,  Dec. 23, 2017
       Time-Step Length (HHMMSS): 000500
                 VDIFF completed...       0.5958 seconds
                COUPLE completed...       0.0545 seconds
                  HADV completed...       1.7923 seconds
                  ZADV completed...       0.1996 seconds
                 HDIFF completed...       0.1411 seconds
              DECOUPLE completed...       0.0335 seconds
                  PHOT completed...       0.1208 seconds
               CLDPROC completed...       0.1742 seconds
                  CHEM completed...       0.4334 seconds
                  AERO completed...       0.5590 seconds
            Master Time Step
            Processing completed...       4.1086 seconds

     Processing Day/Time [YYYYDDD:HHMMSS]: 2017357:084500
       Which is Equivalent to (UTC): 8:45:00  Saturday,  Dec. 23, 2017
       Time-Step Length (HHMMSS): 000500
                 VDIFF completed...       0.5969 seconds
                COUPLE completed...       0.0527 seconds
                  HADV completed...       1.7993 seconds
                  ZADV completed...       0.1990 seconds
                 HDIFF completed...       0.1439 seconds
              DECOUPLE completed...       0.0341 seconds
                  PHOT completed...       0.1190 seconds
               CLDPROC completed...       0.1713 seconds
                  CHEM completed...       0.4343 seconds
                  AERO completed...       0.5594 seconds
            Master Time Step
            Processing completed...       4.1145 seconds

     Processing Day/Time [YYYYDDD:HHMMSS]: 2017357:085000
       Which is Equivalent to (UTC): 8:50:00  Saturday,  Dec. 23, 2017
       Time-Step Length (HHMMSS): 000500
                 VDIFF completed...       0.5975 seconds
                COUPLE completed...       0.0494 seconds
                  HADV completed...       1.7911 seconds
                  ZADV completed...       0.1986 seconds
                 HDIFF completed...       0.1438 seconds
              DECOUPLE completed...       0.0343 seconds
                  PHOT completed...       0.1200 seconds
               CLDPROC completed...       0.1728 seconds
                  CHEM completed...       0.4351 seconds
                  AERO completed...       0.5712 seconds
            Master Time Step
            Processing completed...       4.1171 seconds

     Processing Day/Time [YYYYDDD:HHMMSS]: 2017357:085500
       Which is Equivalent to (UTC): 8:55:00  Saturday,  Dec. 23, 2017
       Time-Step Length (HHMMSS): 000500
                 VDIFF completed...       1.6878 seconds
                COUPLE completed...       0.1122 seconds
                  HADV completed...       1.3041 seconds
                  ZADV completed...       0.1989 seconds
                 HDIFF completed...       0.1419 seconds
              DECOUPLE completed...       0.0333 seconds
                  PHOT completed...       0.1206 seconds
               CLDPROC completed...       1.1028 seconds
                  CHEM completed...       0.4390 seconds
                  AERO completed...       0.5774 seconds
            Master Time Step
            Processing completed...       5.7227 seconds

      =--> Data Output completed...       0.8638 seconds

     Processing Day/Time [YYYYDDD:HHMMSS]: 2017357:090000
       Which is Equivalent to (UTC): 9:00:00  Saturday,  Dec. 23, 2017
       Time-Step Length (HHMMSS): 000400
                 VDIFF completed...       5.3201 seconds
                COUPLE completed...       0.0667 seconds
                  HADV completed...       1.8378 seconds
                  ZADV completed...       0.1967 seconds
                 HDIFF completed...       0.1369 seconds
              DECOUPLE completed...       0.0328 seconds
                  PHOT completed...       1.2188 seconds
               CLDPROC completed...       0.1823 seconds
                  CHEM completed...       0.4299 seconds
                  AERO completed...       0.5398 seconds
            Master Time Step
            Processing completed...       9.9644 seconds

     Processing Day/Time [YYYYDDD:HHMMSS]: 2017357:090400
       Which is Equivalent to (UTC): 9:04:00  Saturday,  Dec. 23, 2017
       Time-Step Length (HHMMSS): 000400
                 VDIFF completed...       0.6353 seconds
                COUPLE completed...       0.0674 seconds
                  HADV completed...       1.4274 seconds
                  ZADV completed...       0.2034 seconds
                 HDIFF completed...       0.1372 seconds
              DECOUPLE completed...       0.0335 seconds
                  PHOT completed...       0.1275 seconds
               CLDPROC completed...       0.1689 seconds
                  CHEM completed...       0.4283 seconds
                  AERO completed...       0.5431 seconds
            Master Time Step
            Processing completed...       3.7757 seconds

     Processing Day/Time [YYYYDDD:HHMMSS]: 2017357:090800
       Which is Equivalent to (UTC): 9:08:00  Saturday,  Dec. 23, 2017
       Time-Step Length (HHMMSS): 000400
                 VDIFF completed...       0.5921 seconds
                COUPLE completed...       0.0680 seconds
                  HADV completed...       1.4324 seconds
                  ZADV completed...       0.2028 seconds
                 HDIFF completed...       0.1391 seconds
              DECOUPLE completed...       0.0327 seconds
                  PHOT completed...       0.1210 seconds
               CLDPROC completed...       0.1751 seconds
                  CHEM completed...       0.4277 seconds
                  AERO completed...       0.5522 seconds
            Master Time Step
            Processing completed...       3.7471 seconds

     Processing Day/Time [YYYYDDD:HHMMSS]: 2017357:091200
       Which is Equivalent to (UTC): 9:12:00  Saturday,  Dec. 23, 2017
       Time-Step Length (HHMMSS): 000400
                 VDIFF completed...       0.5998 seconds
                COUPLE completed...       0.0624 seconds
                  HADV completed...       1.4378 seconds
                  ZADV completed...       0.2033 seconds
                 HDIFF completed...       0.1374 seconds
              DECOUPLE completed...       0.0329 seconds
                  PHOT completed...       0.1208 seconds
               CLDPROC completed...       0.1750 seconds
                  CHEM completed...       0.4260 seconds
                  AERO completed...       0.5446 seconds
            Master Time Step
            Processing completed...       3.7445 seconds

     Processing Day/Time [YYYYDDD:HHMMSS]: 2017357:091600
       Which is Equivalent to (UTC): 9:16:00  Saturday,  Dec. 23, 2017
       Time-Step Length (HHMMSS): 000400
                 VDIFF completed...       0.5863 seconds
                COUPLE completed...       0.0605 seconds
                  HADV completed...       1.4511 seconds
                  ZADV completed...       0.2035 seconds
                 HDIFF completed...       0.1371 seconds
              DECOUPLE completed...       0.0330 seconds
                  PHOT completed...       0.1215 seconds
               CLDPROC completed...       0.1737 seconds
                  CHEM completed...       0.4259 seconds
                  AERO completed...       0.5502 seconds
            Master Time Step
            Processing completed...       3.7439 seconds

     Processing Day/Time [YYYYDDD:HHMMSS]: 2017357:092000
       Which is Equivalent to (UTC): 9:20:00  Saturday,  Dec. 23, 2017
       Time-Step Length (HHMMSS): 000400
                 VDIFF completed...       0.5995 seconds
                COUPLE completed...       0.0612 seconds
                  HADV completed...       1.4198 seconds
                  ZADV completed...       0.2032 seconds
                 HDIFF completed...       0.1371 seconds
              DECOUPLE completed...       0.0331 seconds
                  PHOT completed...       0.1206 seconds
               CLDPROC completed...       0.1728 seconds
                  CHEM completed...       0.4266 seconds
                  AERO completed...       0.5486 seconds
            Master Time Step
            Processing completed...       3.7265 seconds

     Processing Day/Time [YYYYDDD:HHMMSS]: 2017357:092400
       Which is Equivalent to (UTC): 9:24:00  Saturday,  Dec. 23, 2017
       Time-Step Length (HHMMSS): 000400
                 VDIFF completed...       0.5786 seconds
                COUPLE completed...       0.0569 seconds
                  HADV completed...       1.4616 seconds
                  ZADV completed...       0.2038 seconds
                 HDIFF completed...       0.1365 seconds
              DECOUPLE completed...       0.0334 seconds
                  PHOT completed...       0.1214 seconds
               CLDPROC completed...       0.1741 seconds
                  CHEM completed...       0.4256 seconds
                  AERO completed...       0.5425 seconds
            Master Time Step
            Processing completed...       3.7353 seconds

     Processing Day/Time [YYYYDDD:HHMMSS]: 2017357:092800
       Which is Equivalent to (UTC): 9:28:00  Saturday,  Dec. 23, 2017
       Time-Step Length (HHMMSS): 000400
                 VDIFF completed...       0.6187 seconds
                COUPLE completed...       0.0587 seconds
                  HADV completed...       1.4114 seconds
                  ZADV completed...       0.2036 seconds
                 HDIFF completed...       0.1515 seconds
              DECOUPLE completed...       0.0512 seconds
                  PHOT completed...       0.0958 seconds
               CLDPROC completed...       0.1661 seconds
                  CHEM completed...       0.4187 seconds
                  AERO completed...       0.5467 seconds
            Master Time Step
            Processing completed...       3.7235 seconds

     Processing Day/Time [YYYYDDD:HHMMSS]: 2017357:093200
       Which is Equivalent to (UTC): 9:32:00  Saturday,  Dec. 23, 2017
       Time-Step Length (HHMMSS): 000400
                 VDIFF completed...       0.5895 seconds
                COUPLE completed...       0.0608 seconds
                  HADV completed...       1.4510 seconds
                  ZADV completed...       0.2034 seconds
                 HDIFF completed...       0.1364 seconds
              DECOUPLE completed...       0.0332 seconds
                  PHOT completed...       0.1213 seconds
               CLDPROC completed...       0.1733 seconds
                  CHEM completed...       0.4259 seconds
                  AERO completed...       0.5478 seconds
            Master Time Step
            Processing completed...       3.7472 seconds

     Processing Day/Time [YYYYDDD:HHMMSS]: 2017357:093600
       Which is Equivalent to (UTC): 9:36:00  Saturday,  Dec. 23, 2017
       Time-Step Length (HHMMSS): 000400
                 VDIFF completed...       0.5885 seconds
                COUPLE completed...       0.0614 seconds
                  HADV completed...       1.4261 seconds
                  ZADV completed...       0.2027 seconds
                 HDIFF completed...       0.1402 seconds
              DECOUPLE completed...       0.0333 seconds
                  PHOT completed...       0.1212 seconds
               CLDPROC completed...       0.1751 seconds
                  CHEM completed...       0.4266 seconds
                  AERO completed...       0.5481 seconds
            Master Time Step
            Processing completed...       3.7243 seconds

     Processing Day/Time [YYYYDDD:HHMMSS]: 2017357:094000
       Which is Equivalent to (UTC): 9:40:00  Saturday,  Dec. 23, 2017
       Time-Step Length (HHMMSS): 000400
                 VDIFF completed...       0.5971 seconds
                COUPLE completed...       0.0625 seconds
                  HADV completed...       1.4325 seconds
                  ZADV completed...       0.2037 seconds
                 HDIFF completed...       0.1373 seconds
              DECOUPLE completed...       0.0336 seconds
                  PHOT completed...       0.1199 seconds
               CLDPROC completed...       0.1742 seconds
                  CHEM completed...       0.4248 seconds
                  AERO completed...       0.5514 seconds
            Master Time Step
            Processing completed...       3.7412 seconds

     Processing Day/Time [YYYYDDD:HHMMSS]: 2017357:094400
       Which is Equivalent to (UTC): 9:44:00  Saturday,  Dec. 23, 2017
       Time-Step Length (HHMMSS): 000400
                 VDIFF completed...       0.5840 seconds
                COUPLE completed...       0.0606 seconds
                  HADV completed...       1.4336 seconds
                  ZADV completed...       0.2033 seconds
                 HDIFF completed...       0.1375 seconds
              DECOUPLE completed...       0.0337 seconds
                  PHOT completed...       0.1204 seconds
               CLDPROC completed...       0.1732 seconds
                  CHEM completed...       0.4260 seconds
                  AERO completed...       0.5534 seconds
            Master Time Step
            Processing completed...       3.7300 seconds

     Processing Day/Time [YYYYDDD:HHMMSS]: 2017357:094800
       Which is Equivalent to (UTC): 9:48:00  Saturday,  Dec. 23, 2017
       Time-Step Length (HHMMSS): 000400
                 VDIFF completed...       0.5992 seconds
                COUPLE completed...       0.0667 seconds
                  HADV completed...       1.3930 seconds
                  ZADV completed...       0.2036 seconds
                 HDIFF completed...       0.1365 seconds
              DECOUPLE completed...       0.0334 seconds
                  PHOT completed...       0.1213 seconds
               CLDPROC completed...       0.1735 seconds
                  CHEM completed...       0.4246 seconds
                  AERO completed...       0.5523 seconds
            Master Time Step
            Processing completed...       3.7083 seconds

     Processing Day/Time [YYYYDDD:HHMMSS]: 2017357:095200
       Which is Equivalent to (UTC): 9:52:00  Saturday,  Dec. 23, 2017
       Time-Step Length (HHMMSS): 000400
                 VDIFF completed...       0.6077 seconds
                COUPLE completed...       0.0649 seconds
                  HADV completed...       1.4053 seconds
                  ZADV completed...       0.2035 seconds
                 HDIFF completed...       0.1370 seconds
              DECOUPLE completed...       0.0328 seconds
                  PHOT completed...       0.1208 seconds
               CLDPROC completed...       0.1739 seconds
                  CHEM completed...       0.4243 seconds
                  AERO completed...       0.5611 seconds
            Master Time Step
            Processing completed...       3.7359 seconds

     Processing Day/Time [YYYYDDD:HHMMSS]: 2017357:095600
       Which is Equivalent to (UTC): 9:56:00  Saturday,  Dec. 23, 2017
       Time-Step Length (HHMMSS): 000400
                 VDIFF completed...       1.6871 seconds
                COUPLE completed...       0.1114 seconds
                  HADV completed...       0.9404 seconds
                  ZADV completed...       0.2037 seconds
                 HDIFF completed...       0.1371 seconds
              DECOUPLE completed...       0.0332 seconds
                  PHOT completed...       0.1207 seconds
               CLDPROC completed...       1.2805 seconds
                  CHEM completed...       0.4198 seconds
                  AERO completed...       0.5697 seconds
            Master Time Step
            Processing completed...       5.5088 seconds

      =--> Data Output completed...       0.9008 seconds

     Processing Day/Time [YYYYDDD:HHMMSS]: 2017357:100000
       Which is Equivalent to (UTC): 10:00:00 Saturday,  Dec. 23, 2017
       Time-Step Length (HHMMSS): 000400
                 VDIFF completed...       5.3188 seconds
                COUPLE completed...       0.0739 seconds
                  HADV completed...       1.6908 seconds
                  ZADV completed...       0.1980 seconds
                 HDIFF completed...       0.1415 seconds
              DECOUPLE completed...       0.0329 seconds
                  PHOT completed...       1.2416 seconds
               CLDPROC completed...       0.1823 seconds
                  CHEM completed...       0.4296 seconds
                  AERO completed...       0.5523 seconds
            Master Time Step
            Processing completed...       9.8631 seconds

     Processing Day/Time [YYYYDDD:HHMMSS]: 2017357:100400
       Which is Equivalent to (UTC): 10:04:00 Saturday,  Dec. 23, 2017
       Time-Step Length (HHMMSS): 000400
                 VDIFF completed...       0.6208 seconds
                COUPLE completed...       0.0668 seconds
                  HADV completed...       1.3849 seconds
                  ZADV completed...       0.1975 seconds
                 HDIFF completed...       0.1456 seconds
              DECOUPLE completed...       0.0333 seconds
                  PHOT completed...       0.1211 seconds
               CLDPROC completed...       0.1736 seconds
                  CHEM completed...       0.4245 seconds
                  AERO completed...       0.5510 seconds
            Master Time Step
            Processing completed...       3.7202 seconds

     Processing Day/Time [YYYYDDD:HHMMSS]: 2017357:100800
       Which is Equivalent to (UTC): 10:08:00 Saturday,  Dec. 23, 2017
       Time-Step Length (HHMMSS): 000400
                 VDIFF completed...       0.6258 seconds
                COUPLE completed...       0.0643 seconds
                  HADV completed...       1.3981 seconds
                  ZADV completed...       0.1974 seconds
                 HDIFF completed...       0.1421 seconds
              DECOUPLE completed...       0.0328 seconds
                  PHOT completed...       0.1209 seconds
               CLDPROC completed...       0.1731 seconds
                  CHEM completed...       0.4264 seconds
                  AERO completed...       0.5587 seconds
            Master Time Step
            Processing completed...       3.7434 seconds

     Processing Day/Time [YYYYDDD:HHMMSS]: 2017357:101200
       Which is Equivalent to (UTC): 10:12:00 Saturday,  Dec. 23, 2017
       Time-Step Length (HHMMSS): 000400
                 VDIFF completed...       0.6272 seconds
                COUPLE completed...       0.0646 seconds
                  HADV completed...       1.3891 seconds
                  ZADV completed...       0.1976 seconds
                 HDIFF completed...       0.1426 seconds
              DECOUPLE completed...       0.0331 seconds
                  PHOT completed...       0.1203 seconds
               CLDPROC completed...       0.1733 seconds
                  CHEM completed...       0.4245 seconds
                  AERO completed...       0.5538 seconds
            Master Time Step
            Processing completed...       3.7302 seconds

     Processing Day/Time [YYYYDDD:HHMMSS]: 2017357:101600
       Which is Equivalent to (UTC): 10:16:00 Saturday,  Dec. 23, 2017
       Time-Step Length (HHMMSS): 000400
                 VDIFF completed...       0.6287 seconds
                COUPLE completed...       0.0612 seconds
                  HADV completed...       1.3760 seconds
                  ZADV completed...       0.1971 seconds
                 HDIFF completed...       0.1433 seconds
              DECOUPLE completed...       0.0336 seconds
                  PHOT completed...       0.1218 seconds
               CLDPROC completed...       0.1711 seconds
                  CHEM completed...       0.4246 seconds
                  AERO completed...       0.5559 seconds
            Master Time Step
            Processing completed...       3.7162 seconds

     Processing Day/Time [YYYYDDD:HHMMSS]: 2017357:102000
       Which is Equivalent to (UTC): 10:20:00 Saturday,  Dec. 23, 2017
       Time-Step Length (HHMMSS): 000400
                 VDIFF completed...       0.6302 seconds
                COUPLE completed...       0.0610 seconds
                  HADV completed...       1.3856 seconds
                  ZADV completed...       0.1978 seconds
                 HDIFF completed...       0.1417 seconds
              DECOUPLE completed...       0.0329 seconds
                  PHOT completed...       0.1209 seconds
               CLDPROC completed...       0.1739 seconds
                  CHEM completed...       0.4228 seconds
                  AERO completed...       0.5602 seconds
            Master Time Step
            Processing completed...       3.7319 seconds

     Processing Day/Time [YYYYDDD:HHMMSS]: 2017357:102400
       Which is Equivalent to (UTC): 10:24:00 Saturday,  Dec. 23, 2017
       Time-Step Length (HHMMSS): 000400
                 VDIFF completed...       0.6214 seconds
                COUPLE completed...       0.0636 seconds
                  HADV completed...       1.3758 seconds
                  ZADV completed...       0.1977 seconds
                 HDIFF completed...       0.1410 seconds
              DECOUPLE completed...       0.0340 seconds
                  PHOT completed...       0.1203 seconds
               CLDPROC completed...       0.1738 seconds
                  CHEM completed...       0.4231 seconds
                  AERO completed...       0.5542 seconds
            Master Time Step
            Processing completed...       3.7095 seconds

     Processing Day/Time [YYYYDDD:HHMMSS]: 2017357:102800
       Which is Equivalent to (UTC): 10:28:00 Saturday,  Dec. 23, 2017
       Time-Step Length (HHMMSS): 000400
                 VDIFF completed...       0.6298 seconds
                COUPLE completed...       0.0584 seconds
                  HADV completed...       1.3994 seconds
                  ZADV completed...       0.1968 seconds
                 HDIFF completed...       0.1428 seconds
              DECOUPLE completed...       0.0332 seconds
                  PHOT completed...       0.1211 seconds
               CLDPROC completed...       0.1729 seconds
                  CHEM completed...       0.4232 seconds
                  AERO completed...       0.5624 seconds
            Master Time Step
            Processing completed...       3.7434 seconds

     Processing Day/Time [YYYYDDD:HHMMSS]: 2017357:103200
       Which is Equivalent to (UTC): 10:32:00 Saturday,  Dec. 23, 2017
       Time-Step Length (HHMMSS): 000400
                 VDIFF completed...       0.6231 seconds
                COUPLE completed...       0.0628 seconds
                  HADV completed...       1.3792 seconds
                  ZADV completed...       0.1969 seconds
                 HDIFF completed...       0.1459 seconds
              DECOUPLE completed...       0.0338 seconds
                  PHOT completed...       0.1200 seconds
               CLDPROC completed...       0.1732 seconds
                  CHEM completed...       0.4249 seconds
                  AERO completed...       0.5603 seconds
            Master Time Step
            Processing completed...       3.7237 seconds

     Processing Day/Time [YYYYDDD:HHMMSS]: 2017357:103600
       Which is Equivalent to (UTC): 10:36:00 Saturday,  Dec. 23, 2017
       Time-Step Length (HHMMSS): 000400
                 VDIFF completed...       0.6243 seconds
                COUPLE completed...       0.0656 seconds
                  HADV completed...       1.3930 seconds
                  ZADV completed...       0.1976 seconds
                 HDIFF completed...       0.1427 seconds
              DECOUPLE completed...       0.0338 seconds
                  PHOT completed...       0.1206 seconds
               CLDPROC completed...       0.1724 seconds
                  CHEM completed...       0.4222 seconds
                  AERO completed...       0.5557 seconds
            Master Time Step
            Processing completed...       3.7326 seconds

     Processing Day/Time [YYYYDDD:HHMMSS]: 2017357:104000
       Which is Equivalent to (UTC): 10:40:00 Saturday,  Dec. 23, 2017
       Time-Step Length (HHMMSS): 000400
                 VDIFF completed...       0.6257 seconds
                COUPLE completed...       0.0666 seconds
                  HADV completed...       1.3961 seconds
                  ZADV completed...       0.1977 seconds
                 HDIFF completed...       0.1421 seconds
              DECOUPLE completed...       0.0337 seconds
                  PHOT completed...       0.1202 seconds
               CLDPROC completed...       0.1739 seconds
                  CHEM completed...       0.4234 seconds
                  AERO completed...       0.5601 seconds
            Master Time Step
            Processing completed...       3.7442 seconds

     Processing Day/Time [YYYYDDD:HHMMSS]: 2017357:104400
       Which is Equivalent to (UTC): 10:44:00 Saturday,  Dec. 23, 2017
       Time-Step Length (HHMMSS): 000400
                 VDIFF completed...       0.6203 seconds
                COUPLE completed...       0.0665 seconds
                  HADV completed...       1.3731 seconds
                  ZADV completed...       0.1975 seconds
                 HDIFF completed...       0.1422 seconds
              DECOUPLE completed...       0.0334 seconds
                  PHOT completed...       0.1209 seconds
               CLDPROC completed...       0.1726 seconds
                  CHEM completed...       0.4233 seconds
                  AERO completed...       0.5635 seconds
            Master Time Step
            Processing completed...       3.7178 seconds

     Processing Day/Time [YYYYDDD:HHMMSS]: 2017357:104800
       Which is Equivalent to (UTC): 10:48:00 Saturday,  Dec. 23, 2017
       Time-Step Length (HHMMSS): 000400
                 VDIFF completed...       0.6280 seconds
                COUPLE completed...       0.0648 seconds
                  HADV completed...       1.3763 seconds
                  ZADV completed...       0.1976 seconds
                 HDIFF completed...       0.1416 seconds
              DECOUPLE completed...       0.0329 seconds
                  PHOT completed...       0.1220 seconds
               CLDPROC completed...       0.1733 seconds
                  CHEM completed...       0.4246 seconds
                  AERO completed...       0.5668 seconds
            Master Time Step
            Processing completed...       3.7324 seconds

     Processing Day/Time [YYYYDDD:HHMMSS]: 2017357:105200
       Which is Equivalent to (UTC): 10:52:00 Saturday,  Dec. 23, 2017
       Time-Step Length (HHMMSS): 000400
                 VDIFF completed...       0.6205 seconds
                COUPLE completed...       0.0670 seconds
                  HADV completed...       1.3587 seconds
                  ZADV completed...       0.1975 seconds
                 HDIFF completed...       0.1427 seconds
              DECOUPLE completed...       0.0351 seconds
                  PHOT completed...       0.1177 seconds
               CLDPROC completed...       0.1722 seconds
                  CHEM completed...       0.4231 seconds
                  AERO completed...       0.5590 seconds
            Master Time Step
            Processing completed...       3.6974 seconds

     Processing Day/Time [YYYYDDD:HHMMSS]: 2017357:105600
       Which is Equivalent to (UTC): 10:56:00 Saturday,  Dec. 23, 2017
       Time-Step Length (HHMMSS): 000400
                 VDIFF completed...       1.6981 seconds
                COUPLE completed...       0.1115 seconds
                  HADV completed...       0.9217 seconds
                  ZADV completed...       0.1975 seconds
                 HDIFF completed...       0.1420 seconds
              DECOUPLE completed...       0.0336 seconds
                  PHOT completed...       0.1204 seconds
               CLDPROC completed...       0.9972 seconds
                  CHEM completed...       0.4200 seconds
                  AERO completed...       0.5717 seconds
            Master Time Step
            Processing completed...       5.2190 seconds

      =--> Data Output completed...       0.8754 seconds

     Processing Day/Time [YYYYDDD:HHMMSS]: 2017357:110000
       Which is Equivalent to (UTC): 11:00:00 Saturday,  Dec. 23, 2017
       Time-Step Length (HHMMSS): 000400
                 VDIFF completed...       5.1907 seconds
                COUPLE completed...       0.0737 seconds
                  HADV completed...       1.7626 seconds
                  ZADV completed...       0.1987 seconds
                 HDIFF completed...       0.1407 seconds
              DECOUPLE completed...       0.0332 seconds
                  PHOT completed...       1.2200 seconds
               CLDPROC completed...       0.1843 seconds
                  CHEM completed...       0.4250 seconds
                  AERO completed...       0.5704 seconds
            Master Time Step
            Processing completed...       9.8030 seconds

     Processing Day/Time [YYYYDDD:HHMMSS]: 2017357:110400
       Which is Equivalent to (UTC): 11:04:00 Saturday,  Dec. 23, 2017
       Time-Step Length (HHMMSS): 000400
                 VDIFF completed...       0.6175 seconds
                COUPLE completed...       0.0680 seconds
                  HADV completed...       1.4312 seconds
                  ZADV completed...       0.2026 seconds
                 HDIFF completed...       0.1370 seconds
              DECOUPLE completed...       0.0329 seconds
                  PHOT completed...       0.1211 seconds
               CLDPROC completed...       0.1755 seconds
                  CHEM completed...       0.4212 seconds
                  AERO completed...       0.5680 seconds
            Master Time Step
            Processing completed...       3.7769 seconds

     Processing Day/Time [YYYYDDD:HHMMSS]: 2017357:110800
       Which is Equivalent to (UTC): 11:08:00 Saturday,  Dec. 23, 2017
       Time-Step Length (HHMMSS): 000400
                 VDIFF completed...       0.6163 seconds
                COUPLE completed...       0.0657 seconds
                  HADV completed...       1.3896 seconds
                  ZADV completed...       0.2024 seconds
                 HDIFF completed...       0.1414 seconds
              DECOUPLE completed...       0.0372 seconds
                  PHOT completed...       0.1175 seconds
               CLDPROC completed...       0.1703 seconds
                  CHEM completed...       0.4230 seconds
                  AERO completed...       0.5607 seconds
            Master Time Step
            Processing completed...       3.7275 seconds

     Processing Day/Time [YYYYDDD:HHMMSS]: 2017357:111200
       Which is Equivalent to (UTC): 11:12:00 Saturday,  Dec. 23, 2017
       Time-Step Length (HHMMSS): 000400
                 VDIFF completed...       0.6157 seconds
                COUPLE completed...       0.0637 seconds
                  HADV completed...       1.3806 seconds
                  ZADV completed...       0.2027 seconds
                 HDIFF completed...       0.1368 seconds
              DECOUPLE completed...       0.0323 seconds
                  PHOT completed...       0.1211 seconds
               CLDPROC completed...       0.1761 seconds
                  CHEM completed...       0.4207 seconds
                  AERO completed...       0.5618 seconds
            Master Time Step
            Processing completed...       3.7143 seconds

     Processing Day/Time [YYYYDDD:HHMMSS]: 2017357:111600
       Which is Equivalent to (UTC): 11:16:00 Saturday,  Dec. 23, 2017
       Time-Step Length (HHMMSS): 000400
                 VDIFF completed...       0.6194 seconds
                COUPLE completed...       0.0587 seconds
                  HADV completed...       1.3914 seconds
                  ZADV completed...       0.2025 seconds
                 HDIFF completed...       0.1371 seconds
              DECOUPLE completed...       0.0333 seconds
                  PHOT completed...       0.1202 seconds
               CLDPROC completed...       0.1748 seconds
                  CHEM completed...       0.4216 seconds
                  AERO completed...       0.5735 seconds
            Master Time Step
            Processing completed...       3.7362 seconds

     Processing Day/Time [YYYYDDD:HHMMSS]: 2017357:112000
       Which is Equivalent to (UTC): 11:20:00 Saturday,  Dec. 23, 2017
       Time-Step Length (HHMMSS): 000400
                 VDIFF completed...       0.6083 seconds
                COUPLE completed...       0.0615 seconds
                  HADV completed...       1.3849 seconds
                  ZADV completed...       0.2020 seconds
                 HDIFF completed...       0.1383 seconds
              DECOUPLE completed...       0.0330 seconds
                  PHOT completed...       0.1204 seconds
               CLDPROC completed...       0.1738 seconds
                  CHEM completed...       0.4208 seconds
                  AERO completed...       0.5615 seconds
            Master Time Step
            Processing completed...       3.7053 seconds

     Processing Day/Time [YYYYDDD:HHMMSS]: 2017357:112400
       Which is Equivalent to (UTC): 11:24:00 Saturday,  Dec. 23, 2017
       Time-Step Length (HHMMSS): 000400
                 VDIFF completed...       0.6191 seconds
                COUPLE completed...       0.0613 seconds
                  HADV completed...       1.4119 seconds
                  ZADV completed...       0.2022 seconds
                 HDIFF completed...       0.1374 seconds
              DECOUPLE completed...       0.0333 seconds
                  PHOT completed...       0.1198 seconds
               CLDPROC completed...       0.1708 seconds
                  CHEM completed...       0.4229 seconds
                  AERO completed...       0.5717 seconds
            Master Time Step
            Processing completed...       3.7512 seconds

     Processing Day/Time [YYYYDDD:HHMMSS]: 2017357:112800
       Which is Equivalent to (UTC): 11:28:00 Saturday,  Dec. 23, 2017
       Time-Step Length (HHMMSS): 000400
                 VDIFF completed...       0.6167 seconds
                COUPLE completed...       0.0625 seconds
                  HADV completed...       1.4065 seconds
                  ZADV completed...       0.2026 seconds
                 HDIFF completed...       0.1367 seconds
              DECOUPLE completed...       0.0329 seconds
                  PHOT completed...       0.1201 seconds
               CLDPROC completed...       0.1717 seconds
                  CHEM completed...       0.4205 seconds
                  AERO completed...       0.5677 seconds
            Master Time Step
            Processing completed...       3.7388 seconds

     Processing Day/Time [YYYYDDD:HHMMSS]: 2017357:113200
       Which is Equivalent to (UTC): 11:32:00 Saturday,  Dec. 23, 2017
       Time-Step Length (HHMMSS): 000400
                 VDIFF completed...       0.6249 seconds
                COUPLE completed...       0.0639 seconds
                  HADV completed...       1.3835 seconds
                  ZADV completed...       0.2022 seconds
                 HDIFF completed...       0.1373 seconds
              DECOUPLE completed...       0.0332 seconds
                  PHOT completed...       0.1180 seconds
               CLDPROC completed...       0.1705 seconds
                  CHEM completed...       0.4195 seconds
                  AERO completed...       0.5671 seconds
            Master Time Step
            Processing completed...       3.7221 seconds

     Processing Day/Time [YYYYDDD:HHMMSS]: 2017357:113600
       Which is Equivalent to (UTC): 11:36:00 Saturday,  Dec. 23, 2017
       Time-Step Length (HHMMSS): 000400
                 VDIFF completed...       0.6251 seconds
                COUPLE completed...       0.0660 seconds
                  HADV completed...       1.3971 seconds
                  ZADV completed...       0.2026 seconds
                 HDIFF completed...       0.1375 seconds
              DECOUPLE completed...       0.0329 seconds
                  PHOT completed...       0.1194 seconds
               CLDPROC completed...       0.1681 seconds
                  CHEM completed...       0.4153 seconds
                  AERO completed...       0.5735 seconds
            Master Time Step
            Processing completed...       3.7390 seconds

     Processing Day/Time [YYYYDDD:HHMMSS]: 2017357:114000
       Which is Equivalent to (UTC): 11:40:00 Saturday,  Dec. 23, 2017
       Time-Step Length (HHMMSS): 000400
                 VDIFF completed...       0.6345 seconds
                COUPLE completed...       0.0673 seconds
                  HADV completed...       1.3710 seconds
                  ZADV completed...       0.2027 seconds
                 HDIFF completed...       0.2436 seconds
              DECOUPLE completed...       0.0338 seconds
                  PHOT completed...       0.1187 seconds
               CLDPROC completed...       0.1661 seconds
                  CHEM completed...       0.4124 seconds
                  AERO completed...       0.5788 seconds
            Master Time Step
            Processing completed...       3.8299 seconds

     Processing Day/Time [YYYYDDD:HHMMSS]: 2017357:114400
       Which is Equivalent to (UTC): 11:44:00 Saturday,  Dec. 23, 2017
       Time-Step Length (HHMMSS): 000400
                 VDIFF completed...       0.6290 seconds
                COUPLE completed...       0.0675 seconds
                  HADV completed...       1.4463 seconds
                  ZADV completed...       0.2001 seconds
                 HDIFF completed...       0.1486 seconds
              DECOUPLE completed...       0.0326 seconds
                  PHOT completed...       0.1194 seconds
               CLDPROC completed...       0.1649 seconds
                  CHEM completed...       0.4114 seconds
                  AERO completed...       0.5688 seconds
            Master Time Step
            Processing completed...       3.7923 seconds

     Processing Day/Time [YYYYDDD:HHMMSS]: 2017357:114800
       Which is Equivalent to (UTC): 11:48:00 Saturday,  Dec. 23, 2017
       Time-Step Length (HHMMSS): 000400
                 VDIFF completed...       0.6478 seconds
                COUPLE completed...       0.0726 seconds
                  HADV completed...       1.3711 seconds
                  ZADV completed...       0.2029 seconds
                 HDIFF completed...       0.1368 seconds
              DECOUPLE completed...       0.0331 seconds
                  PHOT completed...       0.1177 seconds
               CLDPROC completed...       0.1633 seconds
                  CHEM completed...       0.4086 seconds
                  AERO completed...       0.5682 seconds
            Master Time Step
            Processing completed...       3.7265 seconds

     Processing Day/Time [YYYYDDD:HHMMSS]: 2017357:115200
       Which is Equivalent to (UTC): 11:52:00 Saturday,  Dec. 23, 2017
       Time-Step Length (HHMMSS): 000400
                 VDIFF completed...       0.6427 seconds
                COUPLE completed...       0.0803 seconds
                  HADV completed...       1.3569 seconds
                  ZADV completed...       0.2027 seconds
                 HDIFF completed...       0.1360 seconds
              DECOUPLE completed...       0.0331 seconds
                  PHOT completed...       0.1181 seconds
               CLDPROC completed...       0.1621 seconds
                  CHEM completed...       0.4039 seconds
                  AERO completed...       0.5642 seconds
            Master Time Step
            Processing completed...       3.7046 seconds

     Processing Day/Time [YYYYDDD:HHMMSS]: 2017357:115600
       Which is Equivalent to (UTC): 11:56:00 Saturday,  Dec. 23, 2017
       Time-Step Length (HHMMSS): 000400
                 VDIFF completed...       1.7146 seconds
                COUPLE completed...       0.1109 seconds
                  HADV completed...       0.9299 seconds
                  ZADV completed...       0.2028 seconds
                 HDIFF completed...       0.1366 seconds
              DECOUPLE completed...       0.0333 seconds
                  PHOT completed...       0.1171 seconds
               CLDPROC completed...       1.0331 seconds
                  CHEM completed...       0.4096 seconds
                  AERO completed...       0.5684 seconds
            Master Time Step
            Processing completed...       5.2618 seconds

      =--> Data Output completed...       0.9265 seconds

     Processing Day/Time [YYYYDDD:HHMMSS]: 2017357:120000
       Which is Equivalent to (UTC): 12:00:00 Saturday,  Dec. 23, 2017
       Time-Step Length (HHMMSS): 000400
                 VDIFF completed...       5.2812 seconds
                COUPLE completed...       0.0715 seconds
                  HADV completed...       1.7448 seconds
                  ZADV completed...       0.1961 seconds
                 HDIFF completed...       0.1445 seconds
              DECOUPLE completed...       0.0331 seconds
                  PHOT completed...       1.2503 seconds
               CLDPROC completed...       0.1664 seconds
                  CHEM completed...       0.4069 seconds
                  AERO completed...       0.5492 seconds
            Master Time Step
            Processing completed...       9.8451 seconds

     Processing Day/Time [YYYYDDD:HHMMSS]: 2017357:120400
       Which is Equivalent to (UTC): 12:04:00 Saturday,  Dec. 23, 2017
       Time-Step Length (HHMMSS): 000400
                 VDIFF completed...       0.6533 seconds
                COUPLE completed...       0.0808 seconds
                  HADV completed...       1.3725 seconds
                  ZADV completed...       0.2037 seconds
                 HDIFF completed...       0.1371 seconds
              DECOUPLE completed...       0.0334 seconds
                  PHOT completed...       0.1166 seconds
               CLDPROC completed...       0.1583 seconds
                  CHEM completed...       0.4015 seconds
                  AERO completed...       0.5407 seconds
            Master Time Step
            Processing completed...       3.7003 seconds

     Processing Day/Time [YYYYDDD:HHMMSS]: 2017357:120800
       Which is Equivalent to (UTC): 12:08:00 Saturday,  Dec. 23, 2017
       Time-Step Length (HHMMSS): 000400
                 VDIFF completed...       0.6804 seconds
                COUPLE completed...       0.0865 seconds
                  HADV completed...       1.3389 seconds
                  ZADV completed...       0.2029 seconds
                 HDIFF completed...       0.1481 seconds
              DECOUPLE completed...       0.0327 seconds
                  PHOT completed...       0.1163 seconds
               CLDPROC completed...       0.1581 seconds
                  CHEM completed...       0.3989 seconds
                  AERO completed...       0.5369 seconds
            Master Time Step
            Processing completed...       3.7042 seconds

     Processing Day/Time [YYYYDDD:HHMMSS]: 2017357:121200
       Which is Equivalent to (UTC): 12:12:00 Saturday,  Dec. 23, 2017
       Time-Step Length (HHMMSS): 000400
                 VDIFF completed...       0.6287 seconds
                COUPLE completed...       0.0907 seconds
                  HADV completed...       1.4056 seconds
                  ZADV completed...       0.2036 seconds
                 HDIFF completed...       0.1365 seconds
              DECOUPLE completed...       0.0334 seconds
                  PHOT completed...       0.1153 seconds
               CLDPROC completed...       0.1575 seconds
                  CHEM completed...       0.3963 seconds
                  AERO completed...       0.5408 seconds
            Master Time Step
            Processing completed...       3.7131 seconds

     Processing Day/Time [YYYYDDD:HHMMSS]: 2017357:121600
       Which is Equivalent to (UTC): 12:16:00 Saturday,  Dec. 23, 2017
       Time-Step Length (HHMMSS): 000400
                 VDIFF completed...       0.6240 seconds
                COUPLE completed...       0.0885 seconds
                  HADV completed...       1.4030 seconds
                  ZADV completed...       0.2028 seconds
                 HDIFF completed...       0.1374 seconds
              DECOUPLE completed...       0.0330 seconds
                  PHOT completed...       0.1151 seconds
               CLDPROC completed...       0.1574 seconds
                  CHEM completed...       0.3960 seconds
                  AERO completed...       0.5415 seconds
            Master Time Step
            Processing completed...       3.7032 seconds

     Processing Day/Time [YYYYDDD:HHMMSS]: 2017357:122000
       Which is Equivalent to (UTC): 12:20:00 Saturday,  Dec. 23, 2017
       Time-Step Length (HHMMSS): 000400
                 VDIFF completed...       0.6184 seconds
                COUPLE completed...       0.0897 seconds
                  HADV completed...       1.4353 seconds
                  ZADV completed...       0.2029 seconds
                 HDIFF completed...       0.1370 seconds
              DECOUPLE completed...       0.0337 seconds
                  PHOT completed...       0.1134 seconds
               CLDPROC completed...       0.1565 seconds
                  CHEM completed...       0.3926 seconds
                  AERO completed...       0.5344 seconds
            Master Time Step
            Processing completed...       3.7183 seconds

     Processing Day/Time [YYYYDDD:HHMMSS]: 2017357:122400
       Which is Equivalent to (UTC): 12:24:00 Saturday,  Dec. 23, 2017
       Time-Step Length (HHMMSS): 000400
                 VDIFF completed...       0.6062 seconds
                COUPLE completed...       0.0895 seconds
                  HADV completed...       1.5005 seconds
                  ZADV completed...       0.2032 seconds
                 HDIFF completed...       0.1372 seconds
              DECOUPLE completed...       0.0338 seconds
                  PHOT completed...       0.1138 seconds
               CLDPROC completed...       0.1556 seconds
                  CHEM completed...       0.3902 seconds
                  AERO completed...       0.5337 seconds
            Master Time Step
            Processing completed...       3.7686 seconds

     Processing Day/Time [YYYYDDD:HHMMSS]: 2017357:122800
       Which is Equivalent to (UTC): 12:28:00 Saturday,  Dec. 23, 2017
       Time-Step Length (HHMMSS): 000400
                 VDIFF completed...       0.6088 seconds
                COUPLE completed...       0.0924 seconds
                  HADV completed...       1.5227 seconds
                  ZADV completed...       0.2031 seconds
                 HDIFF completed...       0.1365 seconds
              DECOUPLE completed...       0.0332 seconds
                  PHOT completed...       0.1139 seconds
               CLDPROC completed...       0.1548 seconds
                  CHEM completed...       0.3892 seconds
                  AERO completed...       0.5280 seconds
            Master Time Step
            Processing completed...       3.7872 seconds

     Processing Day/Time [YYYYDDD:HHMMSS]: 2017357:123200
       Which is Equivalent to (UTC): 12:32:00 Saturday,  Dec. 23, 2017
       Time-Step Length (HHMMSS): 000400
                 VDIFF completed...       0.5955 seconds
                COUPLE completed...       0.0900 seconds
                  HADV completed...       1.5790 seconds
                  ZADV completed...       0.2031 seconds
                 HDIFF completed...       0.1368 seconds
              DECOUPLE completed...       0.0333 seconds
                  PHOT completed...       0.1146 seconds
               CLDPROC completed...       0.1554 seconds
                  CHEM completed...       0.3890 seconds
                  AERO completed...       0.5297 seconds
            Master Time Step
            Processing completed...       3.8282 seconds

     Processing Day/Time [YYYYDDD:HHMMSS]: 2017357:123600
       Which is Equivalent to (UTC): 12:36:00 Saturday,  Dec. 23, 2017
       Time-Step Length (HHMMSS): 000400
                 VDIFF completed...       0.6019 seconds
                COUPLE completed...       0.0887 seconds
                  HADV completed...       1.5407 seconds
                  ZADV completed...       0.2030 seconds
                 HDIFF completed...       0.1389 seconds
              DECOUPLE completed...       0.0332 seconds
                  PHOT completed...       0.1140 seconds
               CLDPROC completed...       0.1546 seconds
                  CHEM completed...       0.3874 seconds
                  AERO completed...       0.5342 seconds
            Master Time Step
            Processing completed...       3.7975 seconds

     Processing Day/Time [YYYYDDD:HHMMSS]: 2017357:124000
       Which is Equivalent to (UTC): 12:40:00 Saturday,  Dec. 23, 2017
       Time-Step Length (HHMMSS): 000400
                 VDIFF completed...       0.5821 seconds
                COUPLE completed...       0.0981 seconds
                  HADV completed...       1.5289 seconds
                  ZADV completed...       0.2030 seconds
                 HDIFF completed...       0.1371 seconds
              DECOUPLE completed...       0.0332 seconds
                  PHOT completed...       0.1138 seconds
               CLDPROC completed...       0.1538 seconds
                  CHEM completed...       0.3867 seconds
                  AERO completed...       0.5281 seconds
            Master Time Step
            Processing completed...       3.7657 seconds

     Processing Day/Time [YYYYDDD:HHMMSS]: 2017357:124400
       Which is Equivalent to (UTC): 12:44:00 Saturday,  Dec. 23, 2017
       Time-Step Length (HHMMSS): 000400
                 VDIFF completed...       0.5879 seconds
                COUPLE completed...       0.0991 seconds
                  HADV completed...       1.5227 seconds
                  ZADV completed...       0.2034 seconds
                 HDIFF completed...       0.1371 seconds
              DECOUPLE completed...       0.0333 seconds
                  PHOT completed...       0.1134 seconds
               CLDPROC completed...       0.1520 seconds
                  CHEM completed...       0.3857 seconds
                  AERO completed...       0.5315 seconds
            Master Time Step
            Processing completed...       3.7669 seconds

     Processing Day/Time [YYYYDDD:HHMMSS]: 2017357:124800
       Which is Equivalent to (UTC): 12:48:00 Saturday,  Dec. 23, 2017
       Time-Step Length (HHMMSS): 000400
                 VDIFF completed...       0.5574 seconds
                COUPLE completed...       0.0965 seconds
                  HADV completed...       1.5484 seconds
                  ZADV completed...       0.2034 seconds
                 HDIFF completed...       0.1366 seconds
              DECOUPLE completed...       0.0331 seconds
                  PHOT completed...       0.1129 seconds
               CLDPROC completed...       0.1505 seconds
                  CHEM completed...       0.3851 seconds
                  AERO completed...       0.5315 seconds
            Master Time Step
            Processing completed...       3.7563 seconds

     Processing Day/Time [YYYYDDD:HHMMSS]: 2017357:125200
       Which is Equivalent to (UTC): 12:52:00 Saturday,  Dec. 23, 2017
       Time-Step Length (HHMMSS): 000400
                 VDIFF completed...       0.5629 seconds
                COUPLE completed...       0.0943 seconds
                  HADV completed...       1.5549 seconds
                  ZADV completed...       0.2035 seconds
                 HDIFF completed...       0.1369 seconds
              DECOUPLE completed...       0.0337 seconds
                  PHOT completed...       0.1129 seconds
               CLDPROC completed...       0.1490 seconds
                  CHEM completed...       0.3880 seconds
                  AERO completed...       0.5301 seconds
            Master Time Step
            Processing completed...       3.7669 seconds

     Processing Day/Time [YYYYDDD:HHMMSS]: 2017357:125600
       Which is Equivalent to (UTC): 12:56:00 Saturday,  Dec. 23, 2017
       Time-Step Length (HHMMSS): 000400
                 VDIFF completed...       1.8386 seconds
                COUPLE completed...       0.1126 seconds
                  HADV completed...       0.9387 seconds
                  ZADV completed...       0.2026 seconds
                 HDIFF completed...       0.1391 seconds
              DECOUPLE completed...       0.0334 seconds
                  PHOT completed...       0.1128 seconds
               CLDPROC completed...       1.1371 seconds
                  CHEM completed...       0.3842 seconds
                  AERO completed...       0.5544 seconds
            Master Time Step
            Processing completed...       5.4544 seconds

      =--> Data Output completed...       0.8815 seconds

     Processing Day/Time [YYYYDDD:HHMMSS]: 2017357:130000
       Which is Equivalent to (UTC): 13:00:00 Saturday,  Dec. 23, 2017
       Time-Step Length (HHMMSS): 000400
                 VDIFF completed...       5.3415 seconds
                COUPLE completed...       0.0750 seconds
                  HADV completed...       1.7409 seconds
                  ZADV completed...       0.2032 seconds
                 HDIFF completed...       0.1379 seconds
              DECOUPLE completed...       0.0339 seconds
                  PHOT completed...       1.2240 seconds
               CLDPROC completed...       0.1491 seconds
                  CHEM completed...       0.3904 seconds
                  AERO completed...       0.5311 seconds
            Master Time Step
            Processing completed...       9.8277 seconds

     Processing Day/Time [YYYYDDD:HHMMSS]: 2017357:130400
       Which is Equivalent to (UTC): 13:04:00 Saturday,  Dec. 23, 2017
       Time-Step Length (HHMMSS): 000400
                 VDIFF completed...       0.5192 seconds
                COUPLE completed...       0.0689 seconds
                  HADV completed...       1.7259 seconds
                  ZADV completed...       0.1969 seconds
                 HDIFF completed...       0.1436 seconds
              DECOUPLE completed...       0.0339 seconds
                  PHOT completed...       0.1097 seconds
               CLDPROC completed...       0.1443 seconds
                  CHEM completed...       0.3834 seconds
                  AERO completed...       0.5303 seconds
            Master Time Step
            Processing completed...       3.8597 seconds

     Processing Day/Time [YYYYDDD:HHMMSS]: 2017357:130800
       Which is Equivalent to (UTC): 13:08:00 Saturday,  Dec. 23, 2017
       Time-Step Length (HHMMSS): 000400
                 VDIFF completed...       0.5641 seconds
                COUPLE completed...       0.0929 seconds
                  HADV completed...       1.7642 seconds
                  ZADV completed...       0.1980 seconds
                 HDIFF completed...       0.1412 seconds
              DECOUPLE completed...       0.0327 seconds
                  PHOT completed...       0.1115 seconds
               CLDPROC completed...       0.1448 seconds
                  CHEM completed...       0.3859 seconds
                  AERO completed...       0.5253 seconds
            Master Time Step
            Processing completed...       3.9649 seconds

     Processing Day/Time [YYYYDDD:HHMMSS]: 2017357:131200
       Which is Equivalent to (UTC): 13:12:00 Saturday,  Dec. 23, 2017
       Time-Step Length (HHMMSS): 000400
                 VDIFF completed...       0.5560 seconds
                COUPLE completed...       0.0871 seconds
                  HADV completed...       1.8011 seconds
                  ZADV completed...       0.1969 seconds
                 HDIFF completed...       0.1425 seconds
              DECOUPLE completed...       0.0335 seconds
                  PHOT completed...       0.1108 seconds
               CLDPROC completed...       0.1456 seconds
                  CHEM completed...       0.3840 seconds
                  AERO completed...       0.5254 seconds
            Master Time Step
            Processing completed...       3.9868 seconds

     Processing Day/Time [YYYYDDD:HHMMSS]: 2017357:131600
       Which is Equivalent to (UTC): 13:16:00 Saturday,  Dec. 23, 2017
       Time-Step Length (HHMMSS): 000400
                 VDIFF completed...       0.5638 seconds
                COUPLE completed...       0.0902 seconds
                  HADV completed...       1.8035 seconds
                  ZADV completed...       0.1980 seconds
                 HDIFF completed...       0.1422 seconds
              DECOUPLE completed...       0.0326 seconds
                  PHOT completed...       0.1094 seconds
               CLDPROC completed...       0.1450 seconds
                  CHEM completed...       0.3837 seconds
                  AERO completed...       0.5282 seconds
            Master Time Step
            Processing completed...       4.0017 seconds

     Processing Day/Time [YYYYDDD:HHMMSS]: 2017357:132000
       Which is Equivalent to (UTC): 13:20:00 Saturday,  Dec. 23, 2017
       Time-Step Length (HHMMSS): 000400
                 VDIFF completed...       0.5576 seconds
                COUPLE completed...       0.0868 seconds
                  HADV completed...       1.8482 seconds
                  ZADV completed...       0.1976 seconds
                 HDIFF completed...       0.2776 seconds
              DECOUPLE completed...       0.0331 seconds
                  PHOT completed...       0.1099 seconds
               CLDPROC completed...       0.1457 seconds
                  CHEM completed...       0.3825 seconds
                  AERO completed...       0.5297 seconds
            Master Time Step
            Processing completed...       4.1732 seconds

     Processing Day/Time [YYYYDDD:HHMMSS]: 2017357:132400
       Which is Equivalent to (UTC): 13:24:00 Saturday,  Dec. 23, 2017
       Time-Step Length (HHMMSS): 000400
                 VDIFF completed...       0.5699 seconds
                COUPLE completed...       0.0900 seconds
                  HADV completed...       1.8704 seconds
                  ZADV completed...       0.1926 seconds
                 HDIFF completed...       0.1502 seconds
              DECOUPLE completed...       0.0332 seconds
                  PHOT completed...       0.1088 seconds
               CLDPROC completed...       0.1448 seconds
                  CHEM completed...       0.3770 seconds
                  AERO completed...       0.5249 seconds
            Master Time Step
            Processing completed...       4.0660 seconds

     Processing Day/Time [YYYYDDD:HHMMSS]: 2017357:132800
       Which is Equivalent to (UTC): 13:28:00 Saturday,  Dec. 23, 2017
       Time-Step Length (HHMMSS): 000400
                 VDIFF completed...       0.5607 seconds
                COUPLE completed...       0.0902 seconds
                  HADV completed...       1.8220 seconds
                  ZADV completed...       0.1973 seconds
                 HDIFF completed...       0.1427 seconds
              DECOUPLE completed...       0.0331 seconds
                  PHOT completed...       0.1102 seconds
               CLDPROC completed...       0.1449 seconds
                  CHEM completed...       0.3744 seconds
                  AERO completed...       0.5309 seconds
            Master Time Step
            Processing completed...       4.0091 seconds

     Processing Day/Time [YYYYDDD:HHMMSS]: 2017357:133200
       Which is Equivalent to (UTC): 13:32:00 Saturday,  Dec. 23, 2017
       Time-Step Length (HHMMSS): 000400
                 VDIFF completed...       0.5269 seconds
                COUPLE completed...       0.0841 seconds
                  HADV completed...       1.8502 seconds
                  ZADV completed...       0.1974 seconds
                 HDIFF completed...       0.1420 seconds
              DECOUPLE completed...       0.0350 seconds
                  PHOT completed...       0.1076 seconds
               CLDPROC completed...       0.1437 seconds
                  CHEM completed...       0.3732 seconds
                  AERO completed...       0.5306 seconds
            Master Time Step
            Processing completed...       3.9956 seconds

     Processing Day/Time [YYYYDDD:HHMMSS]: 2017357:133600
       Which is Equivalent to (UTC): 13:36:00 Saturday,  Dec. 23, 2017
       Time-Step Length (HHMMSS): 000400
                 VDIFF completed...       0.5226 seconds
                COUPLE completed...       0.0819 seconds
                  HADV completed...       1.8713 seconds
                  ZADV completed...       0.1988 seconds
                 HDIFF completed...       0.1415 seconds
              DECOUPLE completed...       0.0342 seconds
                  PHOT completed...       0.1081 seconds
               CLDPROC completed...       0.1418 seconds
                  CHEM completed...       0.3729 seconds
                  AERO completed...       0.5309 seconds
            Master Time Step
            Processing completed...       4.0086 seconds

     Processing Day/Time [YYYYDDD:HHMMSS]: 2017357:134000
       Which is Equivalent to (UTC): 13:40:00 Saturday,  Dec. 23, 2017
       Time-Step Length (HHMMSS): 000400
                 VDIFF completed...       0.4959 seconds
                COUPLE completed...       0.0527 seconds
                  HADV completed...       1.9224 seconds
                  ZADV completed...       0.1975 seconds
                 HDIFF completed...       0.1418 seconds
              DECOUPLE completed...       0.0331 seconds
                  PHOT completed...       0.1089 seconds
               CLDPROC completed...       0.1409 seconds
                  CHEM completed...       0.3760 seconds
                  AERO completed...       0.5315 seconds
            Master Time Step
            Processing completed...       4.0053 seconds

     Processing Day/Time [YYYYDDD:HHMMSS]: 2017357:134400
       Which is Equivalent to (UTC): 13:44:00 Saturday,  Dec. 23, 2017
       Time-Step Length (HHMMSS): 000400
                 VDIFF completed...       0.4954 seconds
                COUPLE completed...       0.0509 seconds
                  HADV completed...       1.9229 seconds
                  ZADV completed...       0.1971 seconds
                 HDIFF completed...       0.1435 seconds
              DECOUPLE completed...       0.0337 seconds
                  PHOT completed...       0.1077 seconds
               CLDPROC completed...       0.1393 seconds
                  CHEM completed...       0.3731 seconds
                  AERO completed...       0.5312 seconds
            Master Time Step
            Processing completed...       3.9995 seconds

     Processing Day/Time [YYYYDDD:HHMMSS]: 2017357:134800
       Which is Equivalent to (UTC): 13:48:00 Saturday,  Dec. 23, 2017
       Time-Step Length (HHMMSS): 000400
                 VDIFF completed...       0.5078 seconds
                COUPLE completed...       0.0597 seconds
                  HADV completed...       1.8989 seconds
                  ZADV completed...       0.1975 seconds
                 HDIFF completed...       0.1413 seconds
              DECOUPLE completed...       0.0365 seconds
                  PHOT completed...       0.1066 seconds
               CLDPROC completed...       0.1366 seconds
                  CHEM completed...       0.3703 seconds
                  AERO completed...       0.5320 seconds
            Master Time Step
            Processing completed...       3.9914 seconds

     Processing Day/Time [YYYYDDD:HHMMSS]: 2017357:135200
       Which is Equivalent to (UTC): 13:52:00 Saturday,  Dec. 23, 2017
       Time-Step Length (HHMMSS): 000400
                 VDIFF completed...       0.5084 seconds
                COUPLE completed...       0.0590 seconds
                  HADV completed...       1.9386 seconds
                  ZADV completed...       0.1978 seconds
                 HDIFF completed...       0.1420 seconds
              DECOUPLE completed...       0.0339 seconds
                  PHOT completed...       0.1076 seconds
               CLDPROC completed...       0.1351 seconds
                  CHEM completed...       0.3720 seconds
                  AERO completed...       0.5269 seconds
            Master Time Step
            Processing completed...       4.0249 seconds

     Processing Day/Time [YYYYDDD:HHMMSS]: 2017357:135600
       Which is Equivalent to (UTC): 13:56:00 Saturday,  Dec. 23, 2017
       Time-Step Length (HHMMSS): 000400
                 VDIFF completed...       2.0697 seconds
                COUPLE completed...       0.1009 seconds
                  HADV completed...       0.9545 seconds
                  ZADV completed...       0.1977 seconds
                 HDIFF completed...       0.1415 seconds
              DECOUPLE completed...       0.0337 seconds
                  PHOT completed...       0.1082 seconds
               CLDPROC completed...       1.2760 seconds
                  CHEM completed...       0.3747 seconds
                  AERO completed...       0.5488 seconds
            Master Time Step
            Processing completed...       5.8102 seconds

      =--> Data Output completed...       0.9757 seconds

     Processing Day/Time [YYYYDDD:HHMMSS]: 2017357:140000
       Which is Equivalent to (UTC): 14:00:00 Saturday,  Dec. 23, 2017
       Time-Step Length (HHMMSS): 000400
                 VDIFF completed...       5.1871 seconds
                COUPLE completed...       0.0662 seconds
                  HADV completed...       1.7789 seconds
                  ZADV completed...       0.2032 seconds
                 HDIFF completed...       0.1369 seconds
              DECOUPLE completed...       0.0343 seconds
                  PHOT completed...       1.2051 seconds
               CLDPROC completed...       0.1338 seconds
                  CHEM completed...       0.3731 seconds
                  AERO completed...       0.5476 seconds
            Master Time Step
            Processing completed...       9.6688 seconds

     Processing Day/Time [YYYYDDD:HHMMSS]: 2017357:140400
       Which is Equivalent to (UTC): 14:04:00 Saturday,  Dec. 23, 2017
       Time-Step Length (HHMMSS): 000400
                 VDIFF completed...       0.5407 seconds
                COUPLE completed...       0.0773 seconds
                  HADV completed...       1.7115 seconds
                  ZADV completed...       0.1973 seconds
                 HDIFF completed...       0.1430 seconds
              DECOUPLE completed...       0.0332 seconds
                  PHOT completed...       0.1088 seconds
               CLDPROC completed...       0.1327 seconds
                  CHEM completed...       0.3720 seconds
                  AERO completed...       0.5322 seconds
            Master Time Step
            Processing completed...       3.8496 seconds

     Processing Day/Time [YYYYDDD:HHMMSS]: 2017357:140800
       Which is Equivalent to (UTC): 14:08:00 Saturday,  Dec. 23, 2017
       Time-Step Length (HHMMSS): 000400
                 VDIFF completed...       0.4807 seconds
                COUPLE completed...       0.0410 seconds
                  HADV completed...       2.0065 seconds
                  ZADV completed...       0.1968 seconds
                 HDIFF completed...       0.1960 seconds
              DECOUPLE completed...       0.0325 seconds
                  PHOT completed...       0.1094 seconds
               CLDPROC completed...       0.1337 seconds
                  CHEM completed...       0.3722 seconds
                  AERO completed...       0.5323 seconds
            Master Time Step
            Processing completed...       4.1022 seconds

     Processing Day/Time [YYYYDDD:HHMMSS]: 2017357:141200
       Which is Equivalent to (UTC): 14:12:00 Saturday,  Dec. 23, 2017
       Time-Step Length (HHMMSS): 000400
                 VDIFF completed...       0.4802 seconds
                COUPLE completed...       0.0399 seconds
                  HADV completed...       2.0131 seconds
                  ZADV completed...       0.1942 seconds
                 HDIFF completed...       0.1739 seconds
              DECOUPLE completed...       0.0340 seconds
                  PHOT completed...       0.1079 seconds
               CLDPROC completed...       0.1325 seconds
                  CHEM completed...       0.3702 seconds
                  AERO completed...       0.5329 seconds
            Master Time Step
            Processing completed...       4.0797 seconds

     Processing Day/Time [YYYYDDD:HHMMSS]: 2017357:141600
       Which is Equivalent to (UTC): 14:16:00 Saturday,  Dec. 23, 2017
       Time-Step Length (HHMMSS): 000400
                 VDIFF completed...       0.4744 seconds
                COUPLE completed...       0.0457 seconds
                  HADV completed...       2.0428 seconds
                  ZADV completed...       0.1969 seconds
                 HDIFF completed...       0.1417 seconds
              DECOUPLE completed...       0.0327 seconds
                  PHOT completed...       0.1085 seconds
               CLDPROC completed...       0.1326 seconds
                  CHEM completed...       0.3704 seconds
                  AERO completed...       0.5340 seconds
            Master Time Step
            Processing completed...       4.0830 seconds

     Processing Day/Time [YYYYDDD:HHMMSS]: 2017357:142000
       Which is Equivalent to (UTC): 14:20:00 Saturday,  Dec. 23, 2017
       Time-Step Length (HHMMSS): 000400
                 VDIFF completed...       0.4867 seconds
                COUPLE completed...       0.0511 seconds
                  HADV completed...       2.0172 seconds
                  ZADV completed...       0.1973 seconds
                 HDIFF completed...       0.1418 seconds
              DECOUPLE completed...       0.0333 seconds
                  PHOT completed...       0.1082 seconds
               CLDPROC completed...       0.1327 seconds
                  CHEM completed...       0.3693 seconds
                  AERO completed...       0.5352 seconds
            Master Time Step
            Processing completed...       4.0756 seconds

     Processing Day/Time [YYYYDDD:HHMMSS]: 2017357:142400
       Which is Equivalent to (UTC): 14:24:00 Saturday,  Dec. 23, 2017
       Time-Step Length (HHMMSS): 000400
                 VDIFF completed...       0.5407 seconds
                COUPLE completed...       0.0521 seconds
                  HADV completed...       1.9604 seconds
                  ZADV completed...       0.1968 seconds
                 HDIFF completed...       0.1439 seconds
              DECOUPLE completed...       0.0333 seconds
                  PHOT completed...       0.1084 seconds
               CLDPROC completed...       0.1313 seconds
                  CHEM completed...       0.3710 seconds
                  AERO completed...       0.5342 seconds
            Master Time Step
            Processing completed...       4.0737 seconds

     Processing Day/Time [YYYYDDD:HHMMSS]: 2017357:142800
       Which is Equivalent to (UTC): 14:28:00 Saturday,  Dec. 23, 2017
       Time-Step Length (HHMMSS): 000400
                 VDIFF completed...       0.5985 seconds
                COUPLE completed...       0.0596 seconds
                  HADV completed...       1.8943 seconds
                  ZADV completed...       0.1978 seconds
                 HDIFF completed...       0.1414 seconds
              DECOUPLE completed...       0.0330 seconds
                  PHOT completed...       0.1163 seconds
               CLDPROC completed...       0.1310 seconds
                  CHEM completed...       0.3725 seconds
                  AERO completed...       0.5342 seconds
            Master Time Step
            Processing completed...       4.0816 seconds

     Processing Day/Time [YYYYDDD:HHMMSS]: 2017357:143200
       Which is Equivalent to (UTC): 14:32:00 Saturday,  Dec. 23, 2017
       Time-Step Length (HHMMSS): 000400
                 VDIFF completed...       0.6364 seconds
                COUPLE completed...       0.0691 seconds
                  HADV completed...       1.8656 seconds
                  ZADV completed...       0.1974 seconds
                 HDIFF completed...       0.1412 seconds
              DECOUPLE completed...       0.0326 seconds
                  PHOT completed...       0.1436 seconds
               CLDPROC completed...       0.1308 seconds
                  CHEM completed...       0.3734 seconds
                  AERO completed...       0.5354 seconds
            Master Time Step
            Processing completed...       4.1286 seconds

     Processing Day/Time [YYYYDDD:HHMMSS]: 2017357:143600
       Which is Equivalent to (UTC): 14:36:00 Saturday,  Dec. 23, 2017
       Time-Step Length (HHMMSS): 000400
                 VDIFF completed...       0.6144 seconds
                COUPLE completed...       0.0639 seconds
                  HADV completed...       1.8493 seconds
                  ZADV completed...       0.1972 seconds
                 HDIFF completed...       0.1420 seconds
              DECOUPLE completed...       0.0332 seconds
                  PHOT completed...       0.1784 seconds
               CLDPROC completed...       0.1430 seconds
                  CHEM completed...       0.3767 seconds
                  AERO completed...       0.5362 seconds
            Master Time Step
            Processing completed...       4.1359 seconds

     Processing Day/Time [YYYYDDD:HHMMSS]: 2017357:144000
       Which is Equivalent to (UTC): 14:40:00 Saturday,  Dec. 23, 2017
       Time-Step Length (HHMMSS): 000400
                 VDIFF completed...       0.5473 seconds
                COUPLE completed...       0.0405 seconds
                  HADV completed...       1.8879 seconds
                  ZADV completed...       0.1972 seconds
                 HDIFF completed...       0.1422 seconds
              DECOUPLE completed...       0.0331 seconds
                  PHOT completed...       0.2128 seconds
               CLDPROC completed...       0.1463 seconds
                  CHEM completed...       0.3754 seconds
                  AERO completed...       0.5315 seconds
            Master Time Step
            Processing completed...       4.1179 seconds

     Processing Day/Time [YYYYDDD:HHMMSS]: 2017357:144400
       Which is Equivalent to (UTC): 14:44:00 Saturday,  Dec. 23, 2017
       Time-Step Length (HHMMSS): 000400
                 VDIFF completed...       0.5705 seconds
                COUPLE completed...       0.0629 seconds
                  HADV completed...       1.7832 seconds
                  ZADV completed...       0.1979 seconds
                 HDIFF completed...       0.1586 seconds
              DECOUPLE completed...       0.0330 seconds
                  PHOT completed...       0.2416 seconds
               CLDPROC completed...       0.1723 seconds
                  CHEM completed...       0.3626 seconds
                  AERO completed...       0.5388 seconds
            Master Time Step
            Processing completed...       4.1251 seconds

     Processing Day/Time [YYYYDDD:HHMMSS]: 2017357:144800
       Which is Equivalent to (UTC): 14:48:00 Saturday,  Dec. 23, 2017
       Time-Step Length (HHMMSS): 000400
                 VDIFF completed...       0.6792 seconds
                COUPLE completed...       0.0781 seconds
                  HADV completed...       1.6111 seconds
                  ZADV completed...       0.1977 seconds
                 HDIFF completed...       0.1415 seconds
              DECOUPLE completed...       0.0333 seconds
                  PHOT completed...       0.2479 seconds
               CLDPROC completed...       0.1722 seconds
                  CHEM completed...       0.3620 seconds
                  AERO completed...       0.5386 seconds
            Master Time Step
            Processing completed...       4.0653 seconds

     Processing Day/Time [YYYYDDD:HHMMSS]: 2017357:145200
       Which is Equivalent to (UTC): 14:52:00 Saturday,  Dec. 23, 2017
       Time-Step Length (HHMMSS): 000400
                 VDIFF completed...       0.7761 seconds
                COUPLE completed...       0.0579 seconds
                  HADV completed...       1.5392 seconds
                  ZADV completed...       0.1983 seconds
                 HDIFF completed...       0.1412 seconds
              DECOUPLE completed...       0.0327 seconds
                  PHOT completed...       0.2491 seconds
               CLDPROC completed...       0.1745 seconds
                  CHEM completed...       0.3681 seconds
                  AERO completed...       0.5403 seconds
            Master Time Step
            Processing completed...       4.0814 seconds

     Processing Day/Time [YYYYDDD:HHMMSS]: 2017357:145600
       Which is Equivalent to (UTC): 14:56:00 Saturday,  Dec. 23, 2017
       Time-Step Length (HHMMSS): 000400
                 VDIFF completed...       1.9250 seconds
                COUPLE completed...       0.1115 seconds
                  HADV completed...       0.9381 seconds
                  ZADV completed...       0.1973 seconds
                 HDIFF completed...       0.1420 seconds
              DECOUPLE completed...       0.0341 seconds
                  PHOT completed...       0.2560 seconds
               CLDPROC completed...       1.1901 seconds
                  CHEM completed...       0.4116 seconds
                  AERO completed...       0.5433 seconds
            Master Time Step
            Processing completed...       5.7536 seconds

      =--> Data Output completed...       1.0172 seconds

     Processing Day/Time [YYYYDDD:HHMMSS]: 2017357:150000
       Which is Equivalent to (UTC): 15:00:00 Saturday,  Dec. 23, 2017
       Time-Step Length (HHMMSS): 000500
                 VDIFF completed...       5.0753 seconds
                COUPLE completed...       0.0656 seconds
                  HADV completed...       2.0507 seconds
                  ZADV completed...       0.2030 seconds
                 HDIFF completed...       0.1376 seconds
              DECOUPLE completed...       0.0328 seconds
                  PHOT completed...       1.3864 seconds
               CLDPROC completed...       0.1681 seconds
                  CHEM completed...       0.5195 seconds
                  AERO completed...       0.5752 seconds
            Master Time Step
            Processing completed...      10.2151 seconds

     Processing Day/Time [YYYYDDD:HHMMSS]: 2017357:150500
       Which is Equivalent to (UTC): 15:05:00 Saturday,  Dec. 23, 2017
       Time-Step Length (HHMMSS): 000500
                 VDIFF completed...       0.7606 seconds
                COUPLE completed...       0.0500 seconds
                  HADV completed...       1.7668 seconds
                  ZADV completed...       0.1969 seconds
                 HDIFF completed...       0.1439 seconds
              DECOUPLE completed...       0.0337 seconds
                  PHOT completed...       0.2993 seconds
               CLDPROC completed...       0.1521 seconds
                  CHEM completed...       0.6043 seconds
                  AERO completed...       0.5761 seconds
            Master Time Step
            Processing completed...       4.5865 seconds

     Processing Day/Time [YYYYDDD:HHMMSS]: 2017357:151000
       Which is Equivalent to (UTC): 15:10:00 Saturday,  Dec. 23, 2017
       Time-Step Length (HHMMSS): 000500
                 VDIFF completed...       0.6456 seconds
                COUPLE completed...       0.0525 seconds
                  HADV completed...       1.7587 seconds
                  ZADV completed...       0.1963 seconds
                 HDIFF completed...       0.1492 seconds
              DECOUPLE completed...       0.0362 seconds
                  PHOT completed...       0.3051 seconds
               CLDPROC completed...       0.1513 seconds
                  CHEM completed...       0.6246 seconds
                  AERO completed...       0.5810 seconds
            Master Time Step
            Processing completed...       4.5030 seconds

     Processing Day/Time [YYYYDDD:HHMMSS]: 2017357:151500
       Which is Equivalent to (UTC): 15:15:00 Saturday,  Dec. 23, 2017
       Time-Step Length (HHMMSS): 000500
                 VDIFF completed...       0.5927 seconds
                COUPLE completed...       0.0620 seconds
                  HADV completed...       1.7992 seconds
                  ZADV completed...       0.1979 seconds
                 HDIFF completed...       0.1418 seconds
              DECOUPLE completed...       0.0332 seconds
                  PHOT completed...       0.3069 seconds
               CLDPROC completed...       0.1540 seconds
                  CHEM completed...       0.6083 seconds
                  AERO completed...       0.5782 seconds
            Master Time Step
            Processing completed...       4.4781 seconds

     Processing Day/Time [YYYYDDD:HHMMSS]: 2017357:152000
       Which is Equivalent to (UTC): 15:20:00 Saturday,  Dec. 23, 2017
       Time-Step Length (HHMMSS): 000500
                 VDIFF completed...       0.6007 seconds
                COUPLE completed...       0.0614 seconds
                  HADV completed...       1.7988 seconds
                  ZADV completed...       0.1979 seconds
                 HDIFF completed...       0.1420 seconds
              DECOUPLE completed...       0.0326 seconds
                  PHOT completed...       0.3066 seconds
               CLDPROC completed...       0.1548 seconds
                  CHEM completed...       0.6007 seconds
                  AERO completed...       0.5855 seconds
            Master Time Step
            Processing completed...       4.4853 seconds

     Processing Day/Time [YYYYDDD:HHMMSS]: 2017357:152500
       Which is Equivalent to (UTC): 15:25:00 Saturday,  Dec. 23, 2017
       Time-Step Length (HHMMSS): 000500
                 VDIFF completed...       0.6005 seconds
                COUPLE completed...       0.0595 seconds
                  HADV completed...       1.7971 seconds
                  ZADV completed...       0.1975 seconds
                 HDIFF completed...       0.1424 seconds
              DECOUPLE completed...       0.0341 seconds
                  PHOT completed...       0.3052 seconds
               CLDPROC completed...       0.1549 seconds
                  CHEM completed...       0.6015 seconds
                  AERO completed...       0.5833 seconds
            Master Time Step
            Processing completed...       4.4802 seconds

     Processing Day/Time [YYYYDDD:HHMMSS]: 2017357:153000
       Which is Equivalent to (UTC): 15:30:00 Saturday,  Dec. 23, 2017
       Time-Step Length (HHMMSS): 000500
                 VDIFF completed...       0.5980 seconds
                COUPLE completed...       0.0595 seconds
                  HADV completed...       1.8087 seconds
                  ZADV completed...       0.1977 seconds
                 HDIFF completed...       0.1423 seconds
              DECOUPLE completed...       0.0330 seconds
                  PHOT completed...       0.3055 seconds
               CLDPROC completed...       0.1561 seconds
                  CHEM completed...       0.5980 seconds
                  AERO completed...       0.5897 seconds
            Master Time Step
            Processing completed...       4.4928 seconds

     Processing Day/Time [YYYYDDD:HHMMSS]: 2017357:153500
       Which is Equivalent to (UTC): 15:35:00 Saturday,  Dec. 23, 2017
       Time-Step Length (HHMMSS): 000500
                 VDIFF completed...       0.5991 seconds
                COUPLE completed...       0.0577 seconds
                  HADV completed...       1.8091 seconds
                  ZADV completed...       0.1978 seconds
                 HDIFF completed...       0.1409 seconds
              DECOUPLE completed...       0.0341 seconds
                  PHOT completed...       0.3045 seconds
               CLDPROC completed...       0.1561 seconds
                  CHEM completed...       0.6005 seconds
                  AERO completed...       0.5881 seconds
            Master Time Step
            Processing completed...       4.4921 seconds

     Processing Day/Time [YYYYDDD:HHMMSS]: 2017357:154000
       Which is Equivalent to (UTC): 15:40:00 Saturday,  Dec. 23, 2017
       Time-Step Length (HHMMSS): 000500
                 VDIFF completed...       0.5994 seconds
                COUPLE completed...       0.0559 seconds
                  HADV completed...       1.7979 seconds
                  ZADV completed...       0.1976 seconds
                 HDIFF completed...       0.1410 seconds
              DECOUPLE completed...       0.0365 seconds
                  PHOT completed...       0.3020 seconds
               CLDPROC completed...       0.1549 seconds
                  CHEM completed...       0.6008 seconds
                  AERO completed...       0.5861 seconds
            Master Time Step
            Processing completed...       4.4763 seconds

     Processing Day/Time [YYYYDDD:HHMMSS]: 2017357:154500
       Which is Equivalent to (UTC): 15:45:00 Saturday,  Dec. 23, 2017
       Time-Step Length (HHMMSS): 000500
                 VDIFF completed...       0.6093 seconds
                COUPLE completed...       0.0569 seconds
                  HADV completed...       1.7731 seconds
                  ZADV completed...       0.1978 seconds
                 HDIFF completed...       0.1505 seconds
              DECOUPLE completed...       0.0334 seconds
                  PHOT completed...       0.3051 seconds
               CLDPROC completed...       0.1570 seconds
                  CHEM completed...       0.6017 seconds
                  AERO completed...       0.5925 seconds
            Master Time Step
            Processing completed...       4.4810 seconds

     Processing Day/Time [YYYYDDD:HHMMSS]: 2017357:155000
       Which is Equivalent to (UTC): 15:50:00 Saturday,  Dec. 23, 2017
       Time-Step Length (HHMMSS): 000500
                 VDIFF completed...       0.6078 seconds
                COUPLE completed...       0.0560 seconds
                  HADV completed...       1.7674 seconds
                  ZADV completed...       0.1971 seconds
                 HDIFF completed...       0.1456 seconds
              DECOUPLE completed...       0.0337 seconds
                  PHOT completed...       0.3048 seconds
               CLDPROC completed...       0.1563 seconds
                  CHEM completed...       0.6000 seconds
                  AERO completed...       0.5888 seconds
            Master Time Step
            Processing completed...       4.4618 seconds

     Processing Day/Time [YYYYDDD:HHMMSS]: 2017357:155500
       Which is Equivalent to (UTC): 15:55:00 Saturday,  Dec. 23, 2017
       Time-Step Length (HHMMSS): 000500
                 VDIFF completed...       1.6889 seconds
                COUPLE completed...       0.1115 seconds
                  HADV completed...       1.3067 seconds
                  ZADV completed...       0.1975 seconds
                 HDIFF completed...       0.1419 seconds
              DECOUPLE completed...       0.0339 seconds
                  PHOT completed...       0.3046 seconds
               CLDPROC completed...       1.1533 seconds
                  CHEM completed...       0.6177 seconds
                  AERO completed...       0.5918 seconds
            Master Time Step
            Processing completed...       6.1527 seconds

      =--> Data Output completed...       0.9566 seconds

     Processing Day/Time [YYYYDDD:HHMMSS]: 2017357:160000
       Which is Equivalent to (UTC): 16:00:00 Saturday,  Dec. 23, 2017
       Time-Step Length (HHMMSS): 000500
                 VDIFF completed...       5.1586 seconds
                COUPLE completed...       0.0715 seconds
                  HADV completed...       2.0671 seconds
                  ZADV completed...       0.2005 seconds
                 HDIFF completed...       0.1407 seconds
              DECOUPLE completed...       0.0348 seconds
                  PHOT completed...       1.4361 seconds
               CLDPROC completed...       0.1608 seconds
                  CHEM completed...       0.5976 seconds
                  AERO completed...       0.5944 seconds
            Master Time Step
            Processing completed...      10.4632 seconds

     Processing Day/Time [YYYYDDD:HHMMSS]: 2017357:160500
       Which is Equivalent to (UTC): 16:05:00 Saturday,  Dec. 23, 2017
       Time-Step Length (HHMMSS): 000500
                 VDIFF completed...       0.6176 seconds
                COUPLE completed...       0.0558 seconds
                  HADV completed...       1.7024 seconds
                  ZADV completed...       0.1982 seconds
                 HDIFF completed...       0.1457 seconds
              DECOUPLE completed...       0.0452 seconds
                  PHOT completed...       0.3013 seconds
               CLDPROC completed...       0.1487 seconds
                  CHEM completed...       0.5935 seconds
                  AERO completed...       0.5879 seconds
            Master Time Step
            Processing completed...       4.4004 seconds

     Processing Day/Time [YYYYDDD:HHMMSS]: 2017357:161000
       Which is Equivalent to (UTC): 16:10:00 Saturday,  Dec. 23, 2017
       Time-Step Length (HHMMSS): 000500
                 VDIFF completed...       0.5978 seconds
                COUPLE completed...       0.0600 seconds
                  HADV completed...       1.7325 seconds
                  ZADV completed...       0.1975 seconds
                 HDIFF completed...       0.1433 seconds
              DECOUPLE completed...       0.0332 seconds
                  PHOT completed...       0.3068 seconds
               CLDPROC completed...       0.1565 seconds
                  CHEM completed...       0.5911 seconds
                  AERO completed...       0.5928 seconds
            Master Time Step
            Processing completed...       4.4126 seconds

     Processing Day/Time [YYYYDDD:HHMMSS]: 2017357:161500
       Which is Equivalent to (UTC): 16:15:00 Saturday,  Dec. 23, 2017
       Time-Step Length (HHMMSS): 000500
                 VDIFF completed...       0.6091 seconds
                COUPLE completed...       0.0554 seconds
                  HADV completed...       1.7187 seconds
                  ZADV completed...       0.1984 seconds
                 HDIFF completed...       0.1418 seconds
              DECOUPLE completed...       0.0333 seconds
                  PHOT completed...       0.3075 seconds
               CLDPROC completed...       0.1576 seconds
                  CHEM completed...       0.5909 seconds
                  AERO completed...       0.5978 seconds
            Master Time Step
            Processing completed...       4.4116 seconds

     Processing Day/Time [YYYYDDD:HHMMSS]: 2017357:162000
       Which is Equivalent to (UTC): 16:20:00 Saturday,  Dec. 23, 2017
       Time-Step Length (HHMMSS): 000500
                 VDIFF completed...       0.5977 seconds
                COUPLE completed...       0.0568 seconds
                  HADV completed...       1.7174 seconds
                  ZADV completed...       0.1986 seconds
                 HDIFF completed...       0.1412 seconds
              DECOUPLE completed...       0.0335 seconds
                  PHOT completed...       0.3053 seconds
               CLDPROC completed...       0.1569 seconds
                  CHEM completed...       0.5884 seconds
                  AERO completed...       0.5954 seconds
            Master Time Step
            Processing completed...       4.3947 seconds

     Processing Day/Time [YYYYDDD:HHMMSS]: 2017357:162500
       Which is Equivalent to (UTC): 16:25:00 Saturday,  Dec. 23, 2017
       Time-Step Length (HHMMSS): 000500
                 VDIFF completed...       0.5800 seconds
                COUPLE completed...       0.0624 seconds
                  HADV completed...       1.7458 seconds
                  ZADV completed...       0.1975 seconds
                 HDIFF completed...       0.1418 seconds
              DECOUPLE completed...       0.0328 seconds
                  PHOT completed...       0.3065 seconds
               CLDPROC completed...       0.1576 seconds
                  CHEM completed...       0.5877 seconds
                  AERO completed...       0.5937 seconds
            Master Time Step
            Processing completed...       4.4101 seconds

     Processing Day/Time [YYYYDDD:HHMMSS]: 2017357:163000
       Which is Equivalent to (UTC): 16:30:00 Saturday,  Dec. 23, 2017
       Time-Step Length (HHMMSS): 000500
                 VDIFF completed...       0.6146 seconds
                COUPLE completed...       0.0547 seconds
                  HADV completed...       1.7141 seconds
                  ZADV completed...       0.1984 seconds
                 HDIFF completed...       0.1414 seconds
              DECOUPLE completed...       0.0328 seconds
                  PHOT completed...       0.3066 seconds
               CLDPROC completed...       0.1576 seconds
                  CHEM completed...       0.5860 seconds
                  AERO completed...       0.5876 seconds
            Master Time Step
            Processing completed...       4.3983 seconds

     Processing Day/Time [YYYYDDD:HHMMSS]: 2017357:163500
       Which is Equivalent to (UTC): 16:35:00 Saturday,  Dec. 23, 2017
       Time-Step Length (HHMMSS): 000500
                 VDIFF completed...       0.5932 seconds
                COUPLE completed...       0.0657 seconds
                  HADV completed...       1.7366 seconds
                  ZADV completed...       0.1971 seconds
                 HDIFF completed...       0.1432 seconds
              DECOUPLE completed...       0.0336 seconds
                  PHOT completed...       0.3058 seconds
               CLDPROC completed...       0.1563 seconds
                  CHEM completed...       0.5835 seconds
                  AERO completed...       0.5904 seconds
            Master Time Step
            Processing completed...       4.4067 seconds

     Processing Day/Time [YYYYDDD:HHMMSS]: 2017357:164000
       Which is Equivalent to (UTC): 16:40:00 Saturday,  Dec. 23, 2017
       Time-Step Length (HHMMSS): 000500
                 VDIFF completed...       0.5823 seconds
                COUPLE completed...       0.0687 seconds
                  HADV completed...       1.7415 seconds
                  ZADV completed...       0.1980 seconds
                 HDIFF completed...       0.1419 seconds
              DECOUPLE completed...       0.0336 seconds
                  PHOT completed...       0.3063 seconds
               CLDPROC completed...       0.1568 seconds
                  CHEM completed...       0.5826 seconds
                  AERO completed...       0.5926 seconds
            Master Time Step
            Processing completed...       4.4050 seconds

     Processing Day/Time [YYYYDDD:HHMMSS]: 2017357:164500
       Which is Equivalent to (UTC): 16:45:00 Saturday,  Dec. 23, 2017
       Time-Step Length (HHMMSS): 000500
                 VDIFF completed...       0.5866 seconds
                COUPLE completed...       0.0660 seconds
                  HADV completed...       1.7366 seconds
                  ZADV completed...       0.1980 seconds
                 HDIFF completed...       0.1417 seconds
              DECOUPLE completed...       0.0325 seconds
                  PHOT completed...       0.3079 seconds
               CLDPROC completed...       0.1575 seconds
                  CHEM completed...       0.5796 seconds
                  AERO completed...       0.5876 seconds
            Master Time Step
            Processing completed...       4.3947 seconds

     Processing Day/Time [YYYYDDD:HHMMSS]: 2017357:165000
       Which is Equivalent to (UTC): 16:50:00 Saturday,  Dec. 23, 2017
       Time-Step Length (HHMMSS): 000500
                 VDIFF completed...       0.5895 seconds
                COUPLE completed...       0.0621 seconds
                  HADV completed...       1.7430 seconds
                  ZADV completed...       0.1979 seconds
                 HDIFF completed...       0.1417 seconds
              DECOUPLE completed...       0.0332 seconds
                  PHOT completed...       0.3063 seconds
               CLDPROC completed...       0.1568 seconds
                  CHEM completed...       0.5793 seconds
                  AERO completed...       0.5961 seconds
            Master Time Step
            Processing completed...       4.4072 seconds

     Processing Day/Time [YYYYDDD:HHMMSS]: 2017357:165500
       Which is Equivalent to (UTC): 16:55:00 Saturday,  Dec. 23, 2017
       Time-Step Length (HHMMSS): 000500
                 VDIFF completed...       1.7396 seconds
                COUPLE completed...       0.1119 seconds
                  HADV completed...       1.2550 seconds
                  ZADV completed...       0.1974 seconds
                 HDIFF completed...       0.1458 seconds
              DECOUPLE completed...       0.0332 seconds
                  PHOT completed...       0.3077 seconds
               CLDPROC completed...       1.1238 seconds
                  CHEM completed...       0.6007 seconds
                  AERO completed...       0.5961 seconds
            Master Time Step
            Processing completed...       6.1122 seconds

      =--> Data Output completed...       0.8316 seconds

     Processing Day/Time [YYYYDDD:HHMMSS]: 2017357:170000
       Which is Equivalent to (UTC): 17:00:00 Saturday,  Dec. 23, 2017
       Time-Step Length (HHMMSS): 000500
                 VDIFF completed...       5.1498 seconds
                COUPLE completed...       0.0747 seconds
                  HADV completed...       2.0123 seconds
                  ZADV completed...       0.2026 seconds
                 HDIFF completed...       0.1380 seconds
              DECOUPLE completed...       0.0338 seconds
                  PHOT completed...       1.3897 seconds
               CLDPROC completed...       0.1609 seconds
                  CHEM completed...       0.5777 seconds
                  AERO completed...       0.5904 seconds
            Master Time Step
            Processing completed...      10.3323 seconds

     Processing Day/Time [YYYYDDD:HHMMSS]: 2017357:170500
       Which is Equivalent to (UTC): 17:05:00 Saturday,  Dec. 23, 2017
       Time-Step Length (HHMMSS): 000500
                 VDIFF completed...       0.6561 seconds
                COUPLE completed...       0.0764 seconds
                  HADV completed...       1.3777 seconds
                  ZADV completed...       0.2019 seconds
                 HDIFF completed...       0.1443 seconds
              DECOUPLE completed...       0.0339 seconds
                  PHOT completed...       0.3076 seconds
               CLDPROC completed...       0.1574 seconds
                  CHEM completed...       0.5758 seconds
                  AERO completed...       0.5899 seconds
            Master Time Step
            Processing completed...       4.1221 seconds

     Processing Day/Time [YYYYDDD:HHMMSS]: 2017357:171000
       Which is Equivalent to (UTC): 17:10:00 Saturday,  Dec. 23, 2017
       Time-Step Length (HHMMSS): 000500
                 VDIFF completed...       0.6158 seconds
                COUPLE completed...       0.0558 seconds
                  HADV completed...       1.6564 seconds
                  ZADV completed...       0.2024 seconds
                 HDIFF completed...       0.1514 seconds
              DECOUPLE completed...       0.0339 seconds
                  PHOT completed...       0.3076 seconds
               CLDPROC completed...       0.1573 seconds
                  CHEM completed...       0.5758 seconds
                  AERO completed...       0.5885 seconds
            Master Time Step
            Processing completed...       4.3459 seconds

     Processing Day/Time [YYYYDDD:HHMMSS]: 2017357:171500
       Which is Equivalent to (UTC): 17:15:00 Saturday,  Dec. 23, 2017
       Time-Step Length (HHMMSS): 000500
                 VDIFF completed...       0.6163 seconds
                COUPLE completed...       0.0557 seconds
                  HADV completed...       1.6614 seconds
                  ZADV completed...       0.2016 seconds
                 HDIFF completed...       0.1543 seconds
              DECOUPLE completed...       0.0344 seconds
                  PHOT completed...       0.3051 seconds
               CLDPROC completed...       0.1571 seconds
                  CHEM completed...       0.5735 seconds
                  AERO completed...       0.5914 seconds
            Master Time Step
            Processing completed...       4.3540 seconds

     Processing Day/Time [YYYYDDD:HHMMSS]: 2017357:172000
       Which is Equivalent to (UTC): 17:20:00 Saturday,  Dec. 23, 2017
       Time-Step Length (HHMMSS): 000500
                 VDIFF completed...       0.6045 seconds
                COUPLE completed...       0.0576 seconds
                  HADV completed...       1.6707 seconds
                  ZADV completed...       0.2025 seconds
                 HDIFF completed...       0.1527 seconds
              DECOUPLE completed...       0.0333 seconds
                  PHOT completed...       0.3068 seconds
               CLDPROC completed...       0.1570 seconds
                  CHEM completed...       0.5726 seconds
                  AERO completed...       0.5895 seconds
            Master Time Step
            Processing completed...       4.3509 seconds

     Processing Day/Time [YYYYDDD:HHMMSS]: 2017357:172500
       Which is Equivalent to (UTC): 17:25:00 Saturday,  Dec. 23, 2017
       Time-Step Length (HHMMSS): 000500
                 VDIFF completed...       0.6081 seconds
                COUPLE completed...       0.0539 seconds
                  HADV completed...       1.6761 seconds
                  ZADV completed...       0.2020 seconds
                 HDIFF completed...       0.1533 seconds
              DECOUPLE completed...       0.0335 seconds
                  PHOT completed...       0.3068 seconds
               CLDPROC completed...       0.1571 seconds
                  CHEM completed...       0.5722 seconds
                  AERO completed...       0.5920 seconds
            Master Time Step
            Processing completed...       4.3593 seconds

     Processing Day/Time [YYYYDDD:HHMMSS]: 2017357:173000
       Which is Equivalent to (UTC): 17:30:00 Saturday,  Dec. 23, 2017
       Time-Step Length (HHMMSS): 000500
                 VDIFF completed...       0.6181 seconds
                COUPLE completed...       0.0539 seconds
                  HADV completed...       1.6652 seconds
                  ZADV completed...       0.2019 seconds
                 HDIFF completed...       0.1527 seconds
              DECOUPLE completed...       0.0342 seconds
                  PHOT completed...       0.3068 seconds
               CLDPROC completed...       0.1569 seconds
                  CHEM completed...       0.5718 seconds
                  AERO completed...       0.5919 seconds
            Master Time Step
            Processing completed...       4.3578 seconds

     Processing Day/Time [YYYYDDD:HHMMSS]: 2017357:173500
       Which is Equivalent to (UTC): 17:35:00 Saturday,  Dec. 23, 2017
       Time-Step Length (HHMMSS): 000500
                 VDIFF completed...       0.6095 seconds
                COUPLE completed...       0.0497 seconds
                  HADV completed...       1.6780 seconds
                  ZADV completed...       0.2018 seconds
                 HDIFF completed...       0.1531 seconds
              DECOUPLE completed...       0.0344 seconds
                  PHOT completed...       0.3064 seconds
               CLDPROC completed...       0.1566 seconds
                  CHEM completed...       0.5727 seconds
                  AERO completed...       0.5973 seconds
            Master Time Step
            Processing completed...       4.3638 seconds

     Processing Day/Time [YYYYDDD:HHMMSS]: 2017357:174000
       Which is Equivalent to (UTC): 17:40:00 Saturday,  Dec. 23, 2017
       Time-Step Length (HHMMSS): 000500
                 VDIFF completed...       0.5918 seconds
                COUPLE completed...       0.0526 seconds
                  HADV completed...       1.6915 seconds
                  ZADV completed...       0.2019 seconds
                 HDIFF completed...       0.1536 seconds
              DECOUPLE completed...       0.0333 seconds
                  PHOT completed...       0.3077 seconds
               CLDPROC completed...       0.1571 seconds
                  CHEM completed...       0.5738 seconds
                  AERO completed...       0.5957 seconds
            Master Time Step
            Processing completed...       4.3630 seconds

     Processing Day/Time [YYYYDDD:HHMMSS]: 2017357:174500
       Which is Equivalent to (UTC): 17:45:00 Saturday,  Dec. 23, 2017
       Time-Step Length (HHMMSS): 000500
                 VDIFF completed...       0.6011 seconds
                COUPLE completed...       0.0500 seconds
                  HADV completed...       1.6849 seconds
                  ZADV completed...       0.2018 seconds
                 HDIFF completed...       0.1532 seconds
              DECOUPLE completed...       0.0340 seconds
                  PHOT completed...       0.3057 seconds
               CLDPROC completed...       0.1575 seconds
                  CHEM completed...       0.5733 seconds
                  AERO completed...       0.5918 seconds
            Master Time Step
            Processing completed...       4.3575 seconds

     Processing Day/Time [YYYYDDD:HHMMSS]: 2017357:175000
       Which is Equivalent to (UTC): 17:50:00 Saturday,  Dec. 23, 2017
       Time-Step Length (HHMMSS): 000500
                 VDIFF completed...       0.6066 seconds
                COUPLE completed...       0.0490 seconds
                  HADV completed...       1.9336 seconds
                  ZADV completed...       0.2015 seconds
                 HDIFF completed...       0.1398 seconds
              DECOUPLE completed...       0.0343 seconds
                  PHOT completed...       0.3056 seconds
               CLDPROC completed...       0.1572 seconds
                  CHEM completed...       0.5737 seconds
                  AERO completed...       0.5946 seconds
            Master Time Step
            Processing completed...       4.6002 seconds

     Processing Day/Time [YYYYDDD:HHMMSS]: 2017357:175500
       Which is Equivalent to (UTC): 17:55:00 Saturday,  Dec. 23, 2017
       Time-Step Length (HHMMSS): 000500
                 VDIFF completed...       1.7384 seconds
                COUPLE completed...       0.1112 seconds
                  HADV completed...       1.1977 seconds
                  ZADV completed...       0.2019 seconds
                 HDIFF completed...       0.1370 seconds
              DECOUPLE completed...       0.0334 seconds
                  PHOT completed...       0.3075 seconds
               CLDPROC completed...       1.1356 seconds
                  CHEM completed...       0.6094 seconds
                  AERO completed...       0.6038 seconds
            Master Time Step
            Processing completed...       6.0805 seconds

      =--> Data Output completed...       0.8421 seconds

     Processing Day/Time [YYYYDDD:HHMMSS]: 2017357:180000
       Which is Equivalent to (UTC): 18:00:00 Saturday,  Dec. 23, 2017
       Time-Step Length (HHMMSS): 000500
                 VDIFF completed...       5.2076 seconds
                COUPLE completed...       0.0807 seconds
                  HADV completed...       2.0537 seconds
                  ZADV completed...       0.1961 seconds
                 HDIFF completed...       0.1422 seconds
              DECOUPLE completed...       0.0329 seconds
                  PHOT completed...       1.4046 seconds
               CLDPROC completed...       0.1604 seconds
                  CHEM completed...       0.5799 seconds
                  AERO completed...       0.6051 seconds
            Master Time Step
            Processing completed...      10.4667 seconds

     Processing Day/Time [YYYYDDD:HHMMSS]: 2017357:180500
       Which is Equivalent to (UTC): 18:05:00 Saturday,  Dec. 23, 2017
       Time-Step Length (HHMMSS): 000500
                 VDIFF completed...       0.5781 seconds
                COUPLE completed...       0.0372 seconds
                  HADV completed...       1.8431 seconds
                  ZADV completed...       0.2017 seconds
                 HDIFF completed...       0.1371 seconds
              DECOUPLE completed...       0.0333 seconds
                  PHOT completed...       0.3073 seconds
               CLDPROC completed...       0.1572 seconds
                  CHEM completed...       0.5719 seconds
                  AERO completed...       0.5990 seconds
            Master Time Step
            Processing completed...       4.4668 seconds

     Processing Day/Time [YYYYDDD:HHMMSS]: 2017357:181000
       Which is Equivalent to (UTC): 18:10:00 Saturday,  Dec. 23, 2017
       Time-Step Length (HHMMSS): 000500
                 VDIFF completed...       0.6045 seconds
                COUPLE completed...       0.0463 seconds
                  HADV completed...       1.7687 seconds
                  ZADV completed...       0.2020 seconds
                 HDIFF completed...       0.1374 seconds
              DECOUPLE completed...       0.0338 seconds
                  PHOT completed...       0.3073 seconds
               CLDPROC completed...       0.1563 seconds
                  CHEM completed...       0.5701 seconds
                  AERO completed...       0.6022 seconds
            Master Time Step
            Processing completed...       4.4295 seconds

     Processing Day/Time [YYYYDDD:HHMMSS]: 2017357:181500
       Which is Equivalent to (UTC): 18:15:00 Saturday,  Dec. 23, 2017
       Time-Step Length (HHMMSS): 000500
                 VDIFF completed...       0.6067 seconds
                COUPLE completed...       0.0462 seconds
                  HADV completed...       1.7649 seconds
                  ZADV completed...       0.2019 seconds
                 HDIFF completed...       0.1368 seconds
              DECOUPLE completed...       0.0344 seconds
                  PHOT completed...       0.3058 seconds
               CLDPROC completed...       0.1560 seconds
                  CHEM completed...       0.5687 seconds
                  AERO completed...       0.5980 seconds
            Master Time Step
            Processing completed...       4.4231 seconds

     Processing Day/Time [YYYYDDD:HHMMSS]: 2017357:182000
       Which is Equivalent to (UTC): 18:20:00 Saturday,  Dec. 23, 2017
       Time-Step Length (HHMMSS): 000500
                 VDIFF completed...       0.6063 seconds
                COUPLE completed...       0.0477 seconds
                  HADV completed...       1.7779 seconds
                  ZADV completed...       0.2015 seconds
                 HDIFF completed...       0.1373 seconds
              DECOUPLE completed...       0.0336 seconds
                  PHOT completed...       0.3071 seconds
               CLDPROC completed...       0.1574 seconds
                  CHEM completed...       0.5714 seconds
                  AERO completed...       0.5968 seconds
            Master Time Step
            Processing completed...       4.4408 seconds

     Processing Day/Time [YYYYDDD:HHMMSS]: 2017357:182500
       Which is Equivalent to (UTC): 18:25:00 Saturday,  Dec. 23, 2017
       Time-Step Length (HHMMSS): 000500
                 VDIFF completed...       0.6211 seconds
                COUPLE completed...       0.0457 seconds
                  HADV completed...       1.7471 seconds
                  ZADV completed...       0.2013 seconds
                 HDIFF completed...       0.1372 seconds
              DECOUPLE completed...       0.0336 seconds
                  PHOT completed...       0.3057 seconds
               CLDPROC completed...       0.1576 seconds
                  CHEM completed...       0.5683 seconds
                  AERO completed...       0.6069 seconds
            Master Time Step
            Processing completed...       4.4285 seconds

     Processing Day/Time [YYYYDDD:HHMMSS]: 2017357:183000
       Which is Equivalent to (UTC): 18:30:00 Saturday,  Dec. 23, 2017
       Time-Step Length (HHMMSS): 000500
                 VDIFF completed...       0.5852 seconds
                COUPLE completed...       0.0463 seconds
                  HADV completed...       1.7820 seconds
                  ZADV completed...       0.2021 seconds
                 HDIFF completed...       0.1357 seconds
              DECOUPLE completed...       0.0333 seconds
                  PHOT completed...       0.3076 seconds
               CLDPROC completed...       0.1565 seconds
                  CHEM completed...       0.5718 seconds
                  AERO completed...       0.6056 seconds
            Master Time Step
            Processing completed...       4.4304 seconds

     Processing Day/Time [YYYYDDD:HHMMSS]: 2017357:183500
       Which is Equivalent to (UTC): 18:35:00 Saturday,  Dec. 23, 2017
       Time-Step Length (HHMMSS): 000500
                 VDIFF completed...       0.6072 seconds
                COUPLE completed...       0.0464 seconds
                  HADV completed...       1.7603 seconds
                  ZADV completed...       0.2021 seconds
                 HDIFF completed...       0.1369 seconds
              DECOUPLE completed...       0.0339 seconds
                  PHOT completed...       0.3061 seconds
               CLDPROC completed...       0.1563 seconds
                  CHEM completed...       0.5705 seconds
                  AERO completed...       0.6009 seconds
            Master Time Step
            Processing completed...       4.4241 seconds

     Processing Day/Time [YYYYDDD:HHMMSS]: 2017357:184000
       Which is Equivalent to (UTC): 18:40:00 Saturday,  Dec. 23, 2017
       Time-Step Length (HHMMSS): 000500
                 VDIFF completed...       0.6012 seconds
                COUPLE completed...       0.0421 seconds
                  HADV completed...       1.7775 seconds
                  ZADV completed...       0.2014 seconds
                 HDIFF completed...       0.1363 seconds
              DECOUPLE completed...       0.0338 seconds
                  PHOT completed...       0.3069 seconds
               CLDPROC completed...       0.1556 seconds
                  CHEM completed...       0.5713 seconds
                  AERO completed...       0.6058 seconds
            Master Time Step
            Processing completed...       4.4359 seconds

     Processing Day/Time [YYYYDDD:HHMMSS]: 2017357:184500
       Which is Equivalent to (UTC): 18:45:00 Saturday,  Dec. 23, 2017
       Time-Step Length (HHMMSS): 000500
                 VDIFF completed...       0.6048 seconds
                COUPLE completed...       0.0440 seconds
                  HADV completed...       1.7631 seconds
                  ZADV completed...       0.2013 seconds
                 HDIFF completed...       0.1377 seconds
              DECOUPLE completed...       0.0336 seconds
                  PHOT completed...       0.3070 seconds
               CLDPROC completed...       0.1548 seconds
                  CHEM completed...       0.5716 seconds
                  AERO completed...       0.6048 seconds
            Master Time Step
            Processing completed...       4.4266 seconds

     Processing Day/Time [YYYYDDD:HHMMSS]: 2017357:185000
       Which is Equivalent to (UTC): 18:50:00 Saturday,  Dec. 23, 2017
       Time-Step Length (HHMMSS): 000500
                 VDIFF completed...       0.5997 seconds
                COUPLE completed...       0.0425 seconds
                  HADV completed...       1.7659 seconds
                  ZADV completed...       0.2018 seconds
                 HDIFF completed...       0.1370 seconds
              DECOUPLE completed...       0.0335 seconds
                  PHOT completed...       0.3071 seconds
               CLDPROC completed...       0.1556 seconds
                  CHEM completed...       0.5729 seconds
                  AERO completed...       0.6063 seconds
            Master Time Step
            Processing completed...       4.4263 seconds

     Processing Day/Time [YYYYDDD:HHMMSS]: 2017357:185500
       Which is Equivalent to (UTC): 18:55:00 Saturday,  Dec. 23, 2017
       Time-Step Length (HHMMSS): 000500
                 VDIFF completed...       1.7247 seconds
                COUPLE completed...       0.1117 seconds
                  HADV completed...       1.2633 seconds
                  ZADV completed...       0.2018 seconds
                 HDIFF completed...       0.1374 seconds
              DECOUPLE completed...       0.0333 seconds
                  PHOT completed...       0.3069 seconds
               CLDPROC completed...       1.1654 seconds
                  CHEM completed...       0.6121 seconds
                  AERO completed...       0.6144 seconds
            Master Time Step
            Processing completed...       6.1750 seconds

      =--> Data Output completed...       0.8031 seconds

     Processing Day/Time [YYYYDDD:HHMMSS]: 2017357:190000
       Which is Equivalent to (UTC): 19:00:00 Saturday,  Dec. 23, 2017
       Time-Step Length (HHMMSS): 000500
                 VDIFF completed...       5.1921 seconds
                COUPLE completed...       0.0871 seconds
                  HADV completed...       2.1679 seconds
                  ZADV completed...       0.2017 seconds
                 HDIFF completed...       0.1366 seconds
              DECOUPLE completed...       0.0340 seconds
                  PHOT completed...       1.4558 seconds
               CLDPROC completed...       0.1597 seconds
                  CHEM completed...       0.5799 seconds
                  AERO completed...       0.6083 seconds
            Master Time Step
            Processing completed...      10.6264 seconds

     Processing Day/Time [YYYYDDD:HHMMSS]: 2017357:190500
       Which is Equivalent to (UTC): 19:05:00 Saturday,  Dec. 23, 2017
       Time-Step Length (HHMMSS): 000500
                 VDIFF completed...       0.6359 seconds
                COUPLE completed...       0.0401 seconds
                  HADV completed...       1.7404 seconds
                  ZADV completed...       0.2022 seconds
                 HDIFF completed...       0.1366 seconds
              DECOUPLE completed...       0.0340 seconds
                  PHOT completed...       0.3062 seconds
               CLDPROC completed...       0.1550 seconds
                  CHEM completed...       0.5763 seconds
                  AERO completed...       0.6066 seconds
            Master Time Step
            Processing completed...       4.4374 seconds

     Processing Day/Time [YYYYDDD:HHMMSS]: 2017357:191000
       Which is Equivalent to (UTC): 19:10:00 Saturday,  Dec. 23, 2017
       Time-Step Length (HHMMSS): 000500
                 VDIFF completed...       0.6206 seconds
                COUPLE completed...       0.0397 seconds
                  HADV completed...       1.7791 seconds
                  ZADV completed...       0.2021 seconds
                 HDIFF completed...       0.1368 seconds
              DECOUPLE completed...       0.0342 seconds
                  PHOT completed...       0.3060 seconds
               CLDPROC completed...       0.1556 seconds
                  CHEM completed...       0.5766 seconds
                  AERO completed...       0.6108 seconds
            Master Time Step
            Processing completed...       4.4656 seconds

     Processing Day/Time [YYYYDDD:HHMMSS]: 2017357:191500
       Which is Equivalent to (UTC): 19:15:00 Saturday,  Dec. 23, 2017
       Time-Step Length (HHMMSS): 000500
                 VDIFF completed...       0.6202 seconds
                COUPLE completed...       0.0394 seconds
                  HADV completed...       1.7470 seconds
                  ZADV completed...       0.2022 seconds
                 HDIFF completed...       0.1362 seconds
              DECOUPLE completed...       0.0328 seconds
                  PHOT completed...       0.3084 seconds
               CLDPROC completed...       0.1554 seconds
                  CHEM completed...       0.5767 seconds
                  AERO completed...       0.6113 seconds
            Master Time Step
            Processing completed...       4.4333 seconds

     Processing Day/Time [YYYYDDD:HHMMSS]: 2017357:192000
       Which is Equivalent to (UTC): 19:20:00 Saturday,  Dec. 23, 2017
       Time-Step Length (HHMMSS): 000500
                 VDIFF completed...       0.6257 seconds
                COUPLE completed...       0.0406 seconds
                  HADV completed...       1.7354 seconds
                  ZADV completed...       0.2024 seconds
                 HDIFF completed...       0.1374 seconds
              DECOUPLE completed...       0.0338 seconds
                  PHOT completed...       0.3071 seconds
               CLDPROC completed...       0.1554 seconds
                  CHEM completed...       0.5775 seconds
                  AERO completed...       0.6208 seconds
            Master Time Step
            Processing completed...       4.4378 seconds

     Processing Day/Time [YYYYDDD:HHMMSS]: 2017357:192500
       Which is Equivalent to (UTC): 19:25:00 Saturday,  Dec. 23, 2017
       Time-Step Length (HHMMSS): 000500
                 VDIFF completed...       0.6269 seconds
                COUPLE completed...       0.0402 seconds
                  HADV completed...       1.7294 seconds
                  ZADV completed...       0.2019 seconds
                 HDIFF completed...       0.1372 seconds
              DECOUPLE completed...       0.0340 seconds
                  PHOT completed...       0.3066 seconds
               CLDPROC completed...       0.1541 seconds
                  CHEM completed...       0.5771 seconds
                  AERO completed...       0.6107 seconds
            Master Time Step
            Processing completed...       4.4223 seconds

     Processing Day/Time [YYYYDDD:HHMMSS]: 2017357:193000
       Which is Equivalent to (UTC): 19:30:00 Saturday,  Dec. 23, 2017
       Time-Step Length (HHMMSS): 000500
                 VDIFF completed...       0.6413 seconds
                COUPLE completed...       0.0370 seconds
                  HADV completed...       1.7485 seconds
                  ZADV completed...       0.2022 seconds
                 HDIFF completed...       0.1356 seconds
              DECOUPLE completed...       0.0335 seconds
                  PHOT completed...       0.3076 seconds
               CLDPROC completed...       0.1549 seconds
                  CHEM completed...       0.5793 seconds
                  AERO completed...       0.6148 seconds
            Master Time Step
            Processing completed...       4.4589 seconds

     Processing Day/Time [YYYYDDD:HHMMSS]: 2017357:193500
       Which is Equivalent to (UTC): 19:35:00 Saturday,  Dec. 23, 2017
       Time-Step Length (HHMMSS): 000500
                 VDIFF completed...       0.6270 seconds
                COUPLE completed...       0.0379 seconds
                  HADV completed...       1.7525 seconds
                  ZADV completed...       0.2017 seconds
                 HDIFF completed...       0.1360 seconds
              DECOUPLE completed...       0.0319 seconds
                  PHOT completed...       0.3091 seconds
               CLDPROC completed...       0.1549 seconds
                  CHEM completed...       0.5809 seconds
                  AERO completed...       0.6187 seconds
            Master Time Step
            Processing completed...       4.4544 seconds

     Processing Day/Time [YYYYDDD:HHMMSS]: 2017357:194000
       Which is Equivalent to (UTC): 19:40:00 Saturday,  Dec. 23, 2017
       Time-Step Length (HHMMSS): 000500
                 VDIFF completed...       0.6392 seconds
                COUPLE completed...       0.0374 seconds
                  HADV completed...       1.7338 seconds
                  ZADV completed...       0.2020 seconds
                 HDIFF completed...       0.1371 seconds
              DECOUPLE completed...       0.0337 seconds
                  PHOT completed...       0.3068 seconds
               CLDPROC completed...       0.1549 seconds
                  CHEM completed...       0.5818 seconds
                  AERO completed...       0.6137 seconds
            Master Time Step
            Processing completed...       4.4443 seconds

     Processing Day/Time [YYYYDDD:HHMMSS]: 2017357:194500
       Which is Equivalent to (UTC): 19:45:00 Saturday,  Dec. 23, 2017
       Time-Step Length (HHMMSS): 000500
                 VDIFF completed...       0.7217 seconds
                COUPLE completed...       0.0413 seconds
                  HADV completed...       1.6513 seconds
                  ZADV completed...       0.2019 seconds
                 HDIFF completed...       0.1365 seconds
              DECOUPLE completed...       0.0333 seconds
                  PHOT completed...       0.3074 seconds
               CLDPROC completed...       0.1543 seconds
                  CHEM completed...       0.5842 seconds
                  AERO completed...       0.6169 seconds
            Master Time Step
            Processing completed...       4.4512 seconds

     Processing Day/Time [YYYYDDD:HHMMSS]: 2017357:195000
       Which is Equivalent to (UTC): 19:50:00 Saturday,  Dec. 23, 2017
       Time-Step Length (HHMMSS): 000500
                 VDIFF completed...       0.6316 seconds
                COUPLE completed...       0.0352 seconds
                  HADV completed...       1.7343 seconds
                  ZADV completed...       0.2022 seconds
                 HDIFF completed...       0.1362 seconds
              DECOUPLE completed...       0.0331 seconds
                  PHOT completed...       0.3076 seconds
               CLDPROC completed...       0.1538 seconds
                  CHEM completed...       0.5828 seconds
                  AERO completed...       0.6168 seconds
            Master Time Step
            Processing completed...       4.4364 seconds

     Processing Day/Time [YYYYDDD:HHMMSS]: 2017357:195500
       Which is Equivalent to (UTC): 19:55:00 Saturday,  Dec. 23, 2017
       Time-Step Length (HHMMSS): 000500
                 VDIFF completed...       1.7505 seconds
                COUPLE completed...       0.1122 seconds
                  HADV completed...       1.2537 seconds
                  ZADV completed...       0.2017 seconds
                 HDIFF completed...       0.1374 seconds
              DECOUPLE completed...       0.0337 seconds
                  PHOT completed...       0.3073 seconds
               CLDPROC completed...       1.1489 seconds
                  CHEM completed...       0.6004 seconds
                  AERO completed...       0.6420 seconds
            Master Time Step
            Processing completed...       6.1887 seconds

      =--> Data Output completed...       0.7868 seconds

     Processing Day/Time [YYYYDDD:HHMMSS]: 2017357:200000
       Which is Equivalent to (UTC): 20:00:00 Saturday,  Dec. 23, 2017
       Time-Step Length (HHMMSS): 000500
                 VDIFF completed...       5.1903 seconds
                COUPLE completed...       0.0834 seconds
                  HADV completed...       2.0717 seconds
                  ZADV completed...       0.1956 seconds
                 HDIFF completed...       0.1427 seconds
              DECOUPLE completed...       0.0331 seconds
                  PHOT completed...       1.4824 seconds
               CLDPROC completed...       0.1565 seconds
                  CHEM completed...       0.5900 seconds
                  AERO completed...       0.6236 seconds
            Master Time Step
            Processing completed...      10.5719 seconds

     Processing Day/Time [YYYYDDD:HHMMSS]: 2017357:200500
       Which is Equivalent to (UTC): 20:05:00 Saturday,  Dec. 23, 2017
       Time-Step Length (HHMMSS): 000500
                 VDIFF completed...       0.6386 seconds
                COUPLE completed...       0.0347 seconds
                  HADV completed...       1.6712 seconds
                  ZADV completed...       0.2019 seconds
                 HDIFF completed...       0.1374 seconds
              DECOUPLE completed...       0.0338 seconds
                  PHOT completed...       0.3067 seconds
               CLDPROC completed...       0.1526 seconds
                  CHEM completed...       0.5849 seconds
                  AERO completed...       0.6120 seconds
            Master Time Step
            Processing completed...       4.3773 seconds

     Processing Day/Time [YYYYDDD:HHMMSS]: 2017357:201000
       Which is Equivalent to (UTC): 20:10:00 Saturday,  Dec. 23, 2017
       Time-Step Length (HHMMSS): 000500
                 VDIFF completed...       0.6441 seconds
                COUPLE completed...       0.0338 seconds
                  HADV completed...       1.6684 seconds
                  ZADV completed...       0.2022 seconds
                 HDIFF completed...       0.1385 seconds
              DECOUPLE completed...       0.0342 seconds
                  PHOT completed...       0.3073 seconds
               CLDPROC completed...       0.1531 seconds
                  CHEM completed...       0.5842 seconds
                  AERO completed...       0.6180 seconds
            Master Time Step
            Processing completed...       4.3861 seconds

     Processing Day/Time [YYYYDDD:HHMMSS]: 2017357:201500
       Which is Equivalent to (UTC): 20:15:00 Saturday,  Dec. 23, 2017
       Time-Step Length (HHMMSS): 000500
                 VDIFF completed...       0.6388 seconds
                COUPLE completed...       0.0354 seconds
                  HADV completed...       1.6635 seconds
                  ZADV completed...       0.1951 seconds
                 HDIFF completed...       0.1451 seconds
              DECOUPLE completed...       0.0338 seconds
                  PHOT completed...       0.3067 seconds
               CLDPROC completed...       0.1526 seconds
                  CHEM completed...       0.5861 seconds
                  AERO completed...       0.6168 seconds
            Master Time Step
            Processing completed...       4.3784 seconds

     Processing Day/Time [YYYYDDD:HHMMSS]: 2017357:202000
       Which is Equivalent to (UTC): 20:20:00 Saturday,  Dec. 23, 2017
       Time-Step Length (HHMMSS): 000500
                 VDIFF completed...       0.6303 seconds
                COUPLE completed...       0.0348 seconds
                  HADV completed...       1.6729 seconds
                  ZADV completed...       0.1962 seconds
                 HDIFF completed...       0.1441 seconds
              DECOUPLE completed...       0.0332 seconds
                  PHOT completed...       0.3066 seconds
               CLDPROC completed...       0.1535 seconds
                  CHEM completed...       0.5836 seconds
                  AERO completed...       0.6214 seconds
            Master Time Step
            Processing completed...       4.3809 seconds

     Processing Day/Time [YYYYDDD:HHMMSS]: 2017357:202500
       Which is Equivalent to (UTC): 20:25:00 Saturday,  Dec. 23, 2017
       Time-Step Length (HHMMSS): 000500
                 VDIFF completed...       0.6211 seconds
                COUPLE completed...       0.0353 seconds
                  HADV completed...       1.6771 seconds
                  ZADV completed...       0.1959 seconds
                 HDIFF completed...       0.1442 seconds
              DECOUPLE completed...       0.0329 seconds
                  PHOT completed...       0.3087 seconds
               CLDPROC completed...       0.1535 seconds
                  CHEM completed...       0.5877 seconds
                  AERO completed...       0.6236 seconds
            Master Time Step
            Processing completed...       4.3826 seconds

     Processing Day/Time [YYYYDDD:HHMMSS]: 2017357:203000
       Which is Equivalent to (UTC): 20:30:00 Saturday,  Dec. 23, 2017
       Time-Step Length (HHMMSS): 000500
                 VDIFF completed...       0.6199 seconds
                COUPLE completed...       0.0359 seconds
                  HADV completed...       1.6767 seconds
                  ZADV completed...       0.1965 seconds
                 HDIFF completed...       0.1418 seconds
              DECOUPLE completed...       0.0335 seconds
                  PHOT completed...       0.3072 seconds
               CLDPROC completed...       0.1536 seconds
                  CHEM completed...       0.5857 seconds
                  AERO completed...       0.6248 seconds
            Master Time Step
            Processing completed...       4.3803 seconds

     Processing Day/Time [YYYYDDD:HHMMSS]: 2017357:203500
       Which is Equivalent to (UTC): 20:35:00 Saturday,  Dec. 23, 2017
       Time-Step Length (HHMMSS): 000500
                 VDIFF completed...       0.6185 seconds
                COUPLE completed...       0.0367 seconds
                  HADV completed...       1.6614 seconds
                  ZADV completed...       0.1965 seconds
                 HDIFF completed...       0.1434 seconds
              DECOUPLE completed...       0.0331 seconds
                  PHOT completed...       0.3063 seconds
               CLDPROC completed...       0.1535 seconds
                  CHEM completed...       0.5858 seconds
                  AERO completed...       0.6337 seconds
            Master Time Step
            Processing completed...       4.3735 seconds

     Processing Day/Time [YYYYDDD:HHMMSS]: 2017357:204000
       Which is Equivalent to (UTC): 20:40:00 Saturday,  Dec. 23, 2017
       Time-Step Length (HHMMSS): 000500
                 VDIFF completed...       0.6395 seconds
                COUPLE completed...       0.0421 seconds
                  HADV completed...       1.6439 seconds
                  ZADV completed...       0.1962 seconds
                 HDIFF completed...       0.1432 seconds
              DECOUPLE completed...       0.0336 seconds
                  PHOT completed...       0.3068 seconds
               CLDPROC completed...       0.1526 seconds
                  CHEM completed...       0.5876 seconds
                  AERO completed...       0.6317 seconds
            Master Time Step
            Processing completed...       4.3815 seconds

     Processing Day/Time [YYYYDDD:HHMMSS]: 2017357:204500
       Which is Equivalent to (UTC): 20:45:00 Saturday,  Dec. 23, 2017
       Time-Step Length (HHMMSS): 000500
                 VDIFF completed...       0.6173 seconds
                COUPLE completed...       0.0380 seconds
                  HADV completed...       1.6531 seconds
                  ZADV completed...       0.1964 seconds
                 HDIFF completed...       0.1430 seconds
              DECOUPLE completed...       0.0336 seconds
                  PHOT completed...       0.3069 seconds
               CLDPROC completed...       0.1518 seconds
                  CHEM completed...       0.5836 seconds
                  AERO completed...       0.6328 seconds
            Master Time Step
            Processing completed...       4.3611 seconds

     Processing Day/Time [YYYYDDD:HHMMSS]: 2017357:205000
       Which is Equivalent to (UTC): 20:50:00 Saturday,  Dec. 23, 2017
       Time-Step Length (HHMMSS): 000500
                 VDIFF completed...       0.6314 seconds
                COUPLE completed...       0.0383 seconds
                  HADV completed...       1.6490 seconds
                  ZADV completed...       0.1961 seconds
                 HDIFF completed...       0.1444 seconds
              DECOUPLE completed...       0.0330 seconds
                  PHOT completed...       0.3068 seconds
               CLDPROC completed...       0.1515 seconds
                  CHEM completed...       0.5814 seconds
                  AERO completed...       0.6321 seconds
            Master Time Step
            Processing completed...       4.3686 seconds

     Processing Day/Time [YYYYDDD:HHMMSS]: 2017357:205500
       Which is Equivalent to (UTC): 20:55:00 Saturday,  Dec. 23, 2017
       Time-Step Length (HHMMSS): 000500
                 VDIFF completed...       1.7401 seconds
                COUPLE completed...       0.1117 seconds
                  HADV completed...       1.2231 seconds
                  ZADV completed...       0.2015 seconds
                 HDIFF completed...       0.1367 seconds
              DECOUPLE completed...       0.0334 seconds
                  PHOT completed...       0.3064 seconds
               CLDPROC completed...       0.8890 seconds
                  CHEM completed...       0.5576 seconds
                  AERO completed...       0.6414 seconds
            Master Time Step
            Processing completed...       5.8455 seconds

      =--> Data Output completed...       0.8811 seconds

     Processing Day/Time [YYYYDDD:HHMMSS]: 2017357:210000
       Which is Equivalent to (UTC): 21:00:00 Saturday,  Dec. 23, 2017
       Time-Step Length (HHMMSS): 000500
                 VDIFF completed...       5.3446 seconds
                COUPLE completed...       0.0805 seconds
                  HADV completed...       2.0721 seconds
                  ZADV completed...       0.1948 seconds
                 HDIFF completed...       0.1425 seconds
              DECOUPLE completed...       0.0331 seconds
                  PHOT completed...       1.4730 seconds
               CLDPROC completed...       0.1569 seconds
                  CHEM completed...       0.5831 seconds
                  AERO completed...       0.6439 seconds
            Master Time Step
            Processing completed...      10.7272 seconds

     Processing Day/Time [YYYYDDD:HHMMSS]: 2017357:210500
       Which is Equivalent to (UTC): 21:05:00 Saturday,  Dec. 23, 2017
       Time-Step Length (HHMMSS): 000500
                 VDIFF completed...       0.6403 seconds
                COUPLE completed...       0.0411 seconds
                  HADV completed...       1.6044 seconds
                  ZADV completed...       0.1966 seconds
                 HDIFF completed...       0.1430 seconds
              DECOUPLE completed...       0.0342 seconds
                  PHOT completed...       0.3052 seconds
               CLDPROC completed...       0.1502 seconds
                  CHEM completed...       0.5684 seconds
                  AERO completed...       0.6343 seconds
            Master Time Step
            Processing completed...       4.3186 seconds

     Processing Day/Time [YYYYDDD:HHMMSS]: 2017357:211000
       Which is Equivalent to (UTC): 21:10:00 Saturday,  Dec. 23, 2017
       Time-Step Length (HHMMSS): 000500
                 VDIFF completed...       0.6370 seconds
                COUPLE completed...       0.0384 seconds
                  HADV completed...       1.5959 seconds
                  ZADV completed...       0.1966 seconds
                 HDIFF completed...       0.1420 seconds
              DECOUPLE completed...       0.0332 seconds
                  PHOT completed...       0.3087 seconds
               CLDPROC completed...       0.1496 seconds
                  CHEM completed...       0.5664 seconds
                  AERO completed...       0.6388 seconds
            Master Time Step
            Processing completed...       4.3074 seconds

     Processing Day/Time [YYYYDDD:HHMMSS]: 2017357:211500
       Which is Equivalent to (UTC): 21:15:00 Saturday,  Dec. 23, 2017
       Time-Step Length (HHMMSS): 000500
                 VDIFF completed...       0.6459 seconds
                COUPLE completed...       0.0383 seconds
                  HADV completed...       1.5571 seconds
                  ZADV completed...       0.1968 seconds
                 HDIFF completed...       0.1424 seconds
              DECOUPLE completed...       0.0337 seconds
                  PHOT completed...       0.3082 seconds
               CLDPROC completed...       0.1486 seconds
                  CHEM completed...       0.5631 seconds
                  AERO completed...       0.6373 seconds
            Master Time Step
            Processing completed...       4.2722 seconds

     Processing Day/Time [YYYYDDD:HHMMSS]: 2017357:212000
       Which is Equivalent to (UTC): 21:20:00 Saturday,  Dec. 23, 2017
       Time-Step Length (HHMMSS): 000500
                 VDIFF completed...       0.6506 seconds
                COUPLE completed...       0.0381 seconds
                  HADV completed...       1.5249 seconds
                  ZADV completed...       0.1962 seconds
                 HDIFF completed...       0.1425 seconds
              DECOUPLE completed...       0.0335 seconds
                  PHOT completed...       0.3093 seconds
               CLDPROC completed...       0.1471 seconds
                  CHEM completed...       0.5576 seconds
                  AERO completed...       0.6333 seconds
            Master Time Step
            Processing completed...       4.2341 seconds

     Processing Day/Time [YYYYDDD:HHMMSS]: 2017357:212500
       Which is Equivalent to (UTC): 21:25:00 Saturday,  Dec. 23, 2017
       Time-Step Length (HHMMSS): 000500
                 VDIFF completed...       0.6440 seconds
                COUPLE completed...       0.0412 seconds
                  HADV completed...       1.5246 seconds
                  ZADV completed...       0.1964 seconds
                 HDIFF completed...       0.1428 seconds
              DECOUPLE completed...       0.0332 seconds
                  PHOT completed...       0.3094 seconds
               CLDPROC completed...       0.1457 seconds
                  CHEM completed...       0.5465 seconds
                  AERO completed...       0.6337 seconds
            Master Time Step
            Processing completed...       4.2182 seconds

     Processing Day/Time [YYYYDDD:HHMMSS]: 2017357:213000
       Which is Equivalent to (UTC): 21:30:00 Saturday,  Dec. 23, 2017
       Time-Step Length (HHMMSS): 000500
                 VDIFF completed...       0.6563 seconds
                COUPLE completed...       0.0404 seconds
                  HADV completed...       1.5045 seconds
                  ZADV completed...       0.1953 seconds
                 HDIFF completed...       0.1426 seconds
              DECOUPLE completed...       0.0335 seconds
                  PHOT completed...       0.3101 seconds
               CLDPROC completed...       0.1426 seconds
                  CHEM completed...       0.5511 seconds
                  AERO completed...       0.6380 seconds
            Master Time Step
            Processing completed...       4.2152 seconds

     Processing Day/Time [YYYYDDD:HHMMSS]: 2017357:213500
       Which is Equivalent to (UTC): 21:35:00 Saturday,  Dec. 23, 2017
       Time-Step Length (HHMMSS): 000500
                 VDIFF completed...       0.6375 seconds
                COUPLE completed...       0.0432 seconds
                  HADV completed...       1.5280 seconds
                  ZADV completed...       0.1960 seconds
                 HDIFF completed...       0.1425 seconds
              DECOUPLE completed...       0.0326 seconds
                  PHOT completed...       0.3112 seconds
               CLDPROC completed...       0.1418 seconds
                  CHEM completed...       0.5434 seconds
                  AERO completed...       0.6339 seconds
            Master Time Step
            Processing completed...       4.2109 seconds

     Processing Day/Time [YYYYDDD:HHMMSS]: 2017357:214000
       Which is Equivalent to (UTC): 21:40:00 Saturday,  Dec. 23, 2017
       Time-Step Length (HHMMSS): 000500
                 VDIFF completed...       0.6815 seconds
                COUPLE completed...       0.0415 seconds
                  HADV completed...       1.4789 seconds
                  ZADV completed...       0.1970 seconds
                 HDIFF completed...       0.1423 seconds
              DECOUPLE completed...       0.0331 seconds
                  PHOT completed...       0.3107 seconds
               CLDPROC completed...       0.1383 seconds
                  CHEM completed...       0.5390 seconds
                  AERO completed...       0.6420 seconds
            Master Time Step
            Processing completed...       4.2052 seconds

     Processing Day/Time [YYYYDDD:HHMMSS]: 2017357:214500
       Which is Equivalent to (UTC): 21:45:00 Saturday,  Dec. 23, 2017
       Time-Step Length (HHMMSS): 000500
                 VDIFF completed...       0.6390 seconds
                COUPLE completed...       0.0441 seconds
                  HADV completed...       1.4833 seconds
                  ZADV completed...       0.1968 seconds
                 HDIFF completed...       0.1415 seconds
              DECOUPLE completed...       0.0329 seconds
                  PHOT completed...       0.3116 seconds
               CLDPROC completed...       0.1353 seconds
                  CHEM completed...       0.5279 seconds
                  AERO completed...       0.6450 seconds
            Master Time Step
            Processing completed...       4.1582 seconds

     Processing Day/Time [YYYYDDD:HHMMSS]: 2017357:215000
       Which is Equivalent to (UTC): 21:50:00 Saturday,  Dec. 23, 2017
       Time-Step Length (HHMMSS): 000500
                 VDIFF completed...       0.6313 seconds
                COUPLE completed...       0.0436 seconds
                  HADV completed...       1.4997 seconds
                  ZADV completed...       0.1971 seconds
                 HDIFF completed...       0.1420 seconds
              DECOUPLE completed...       0.0334 seconds
                  PHOT completed...       0.3109 seconds
               CLDPROC completed...       0.1339 seconds
                  CHEM completed...       0.5290 seconds
                  AERO completed...       0.6458 seconds
            Master Time Step
            Processing completed...       4.1674 seconds

     Processing Day/Time [YYYYDDD:HHMMSS]: 2017357:215500
       Which is Equivalent to (UTC): 21:55:00 Saturday,  Dec. 23, 2017
       Time-Step Length (HHMMSS): 000500
                 VDIFF completed...       1.6102 seconds
                COUPLE completed...       0.1122 seconds
                  HADV completed...       1.2603 seconds
                  ZADV completed...       0.1952 seconds
                 HDIFF completed...       0.1495 seconds
              DECOUPLE completed...       0.0334 seconds
                  PHOT completed...       0.3060 seconds
               CLDPROC completed...       0.9253 seconds
                  CHEM completed...       0.5216 seconds
                  AERO completed...       0.6320 seconds
            Master Time Step
            Processing completed...       5.7468 seconds

      =--> Data Output completed...       0.9213 seconds

     Processing Day/Time [YYYYDDD:HHMMSS]: 2017357:220000
       Which is Equivalent to (UTC): 22:00:00 Saturday,  Dec. 23, 2017
       Time-Step Length (HHMMSS): 000400
                 VDIFF completed...       5.2990 seconds
                COUPLE completed...       0.0924 seconds
                  HADV completed...       1.6951 seconds
                  ZADV completed...       0.1958 seconds
                 HDIFF completed...       0.1565 seconds
              DECOUPLE completed...       0.0333 seconds
                  PHOT completed...       1.4846 seconds
               CLDPROC completed...       0.1315 seconds
                  CHEM completed...       0.4932 seconds
                  AERO completed...       0.6125 seconds
            Master Time Step
            Processing completed...      10.1982 seconds

     Processing Day/Time [YYYYDDD:HHMMSS]: 2017357:220400
       Which is Equivalent to (UTC): 22:04:00 Saturday,  Dec. 23, 2017
       Time-Step Length (HHMMSS): 000400
                 VDIFF completed...       0.7016 seconds
                COUPLE completed...       0.0436 seconds
                  HADV completed...       1.0442 seconds
                  ZADV completed...       0.1969 seconds
                 HDIFF completed...       0.1418 seconds
              DECOUPLE completed...       0.0335 seconds
                  PHOT completed...       0.3092 seconds
               CLDPROC completed...       0.1271 seconds
                  CHEM completed...       0.4955 seconds
                  AERO completed...       0.6121 seconds
            Master Time Step
            Processing completed...       3.7069 seconds

     Processing Day/Time [YYYYDDD:HHMMSS]: 2017357:220800
       Which is Equivalent to (UTC): 22:08:00 Saturday,  Dec. 23, 2017
       Time-Step Length (HHMMSS): 000400
                 VDIFF completed...       0.6839 seconds
                COUPLE completed...       0.0442 seconds
                  HADV completed...       1.0287 seconds
                  ZADV completed...       0.1964 seconds
                 HDIFF completed...       0.1423 seconds
              DECOUPLE completed...       0.0338 seconds
                  PHOT completed...       0.3075 seconds
               CLDPROC completed...       0.1251 seconds
                  CHEM completed...       0.4925 seconds
                  AERO completed...       0.6225 seconds
            Master Time Step
            Processing completed...       3.6779 seconds

     Processing Day/Time [YYYYDDD:HHMMSS]: 2017357:221200
       Which is Equivalent to (UTC): 22:12:00 Saturday,  Dec. 23, 2017
       Time-Step Length (HHMMSS): 000400
                 VDIFF completed...       0.6664 seconds
                COUPLE completed...       0.0411 seconds
                  HADV completed...       1.0494 seconds
                  ZADV completed...       0.1965 seconds
                 HDIFF completed...       0.1422 seconds
              DECOUPLE completed...       0.0337 seconds
                  PHOT completed...       0.3085 seconds
               CLDPROC completed...       0.1235 seconds
                  CHEM completed...       0.4915 seconds
                  AERO completed...       0.6157 seconds
            Master Time Step
            Processing completed...       3.6693 seconds

     Processing Day/Time [YYYYDDD:HHMMSS]: 2017357:221600
       Which is Equivalent to (UTC): 22:16:00 Saturday,  Dec. 23, 2017
       Time-Step Length (HHMMSS): 000400
                 VDIFF completed...       0.6688 seconds
                COUPLE completed...       0.0466 seconds
                  HADV completed...       1.0293 seconds
                  ZADV completed...       0.1959 seconds
                 HDIFF completed...       0.1582 seconds
              DECOUPLE completed...       0.0340 seconds
                  PHOT completed...       0.3083 seconds
               CLDPROC completed...       0.1238 seconds
                  CHEM completed...       0.4933 seconds
                  AERO completed...       0.6153 seconds
            Master Time Step
            Processing completed...       3.6744 seconds

     Processing Day/Time [YYYYDDD:HHMMSS]: 2017357:222000
       Which is Equivalent to (UTC): 22:20:00 Saturday,  Dec. 23, 2017
       Time-Step Length (HHMMSS): 000400
                 VDIFF completed...       0.6725 seconds
                COUPLE completed...       0.0426 seconds
                  HADV completed...       1.0339 seconds
                  ZADV completed...       0.1956 seconds
                 HDIFF completed...       0.1422 seconds
              DECOUPLE completed...       0.0331 seconds
                  PHOT completed...       0.3091 seconds
               CLDPROC completed...       0.1235 seconds
                  CHEM completed...       0.4943 seconds
                  AERO completed...       0.6137 seconds
            Master Time Step
            Processing completed...       3.6613 seconds

     Processing Day/Time [YYYYDDD:HHMMSS]: 2017357:222400
       Which is Equivalent to (UTC): 22:24:00 Saturday,  Dec. 23, 2017
       Time-Step Length (HHMMSS): 000400
                 VDIFF completed...       0.6669 seconds
                COUPLE completed...       0.0432 seconds
                  HADV completed...       1.0084 seconds
                  ZADV completed...       0.1963 seconds
                 HDIFF completed...       0.1444 seconds
              DECOUPLE completed...       0.0332 seconds
                  PHOT completed...       0.3094 seconds
               CLDPROC completed...       0.1238 seconds
                  CHEM completed...       0.4971 seconds
                  AERO completed...       0.6137 seconds
            Master Time Step
            Processing completed...       3.6374 seconds

     Processing Day/Time [YYYYDDD:HHMMSS]: 2017357:222800
       Which is Equivalent to (UTC): 22:28:00 Saturday,  Dec. 23, 2017
       Time-Step Length (HHMMSS): 000400
                 VDIFF completed...       0.6576 seconds
                COUPLE completed...       0.0413 seconds
                  HADV completed...       1.1414 seconds
                  ZADV completed...       0.1965 seconds
                 HDIFF completed...       0.1420 seconds
              DECOUPLE completed...       0.0336 seconds
                  PHOT completed...       0.3096 seconds
               CLDPROC completed...       0.1220 seconds
                  CHEM completed...       0.4963 seconds
                  AERO completed...       0.6174 seconds
            Master Time Step
            Processing completed...       3.7585 seconds

     Processing Day/Time [YYYYDDD:HHMMSS]: 2017357:223200
       Which is Equivalent to (UTC): 22:32:00 Saturday,  Dec. 23, 2017
       Time-Step Length (HHMMSS): 000400
                 VDIFF completed...       0.6506 seconds
                COUPLE completed...       0.0409 seconds
                  HADV completed...       1.0167 seconds
                  ZADV completed...       0.1964 seconds
                 HDIFF completed...       0.1421 seconds
              DECOUPLE completed...       0.0335 seconds
                  PHOT completed...       0.3091 seconds
               CLDPROC completed...       0.1206 seconds
                  CHEM completed...       0.4988 seconds
                  AERO completed...       0.6245 seconds
            Master Time Step
            Processing completed...       3.6340 seconds

     Processing Day/Time [YYYYDDD:HHMMSS]: 2017357:223600
       Which is Equivalent to (UTC): 22:36:00 Saturday,  Dec. 23, 2017
       Time-Step Length (HHMMSS): 000400
                 VDIFF completed...       0.6383 seconds
                COUPLE completed...       0.0419 seconds
                  HADV completed...       0.9983 seconds
                  ZADV completed...       0.1957 seconds
                 HDIFF completed...       0.1427 seconds
              DECOUPLE completed...       0.0332 seconds
                  PHOT completed...       0.3098 seconds
               CLDPROC completed...       0.1193 seconds
                  CHEM completed...       0.4994 seconds
                  AERO completed...       0.6209 seconds
            Master Time Step
            Processing completed...       3.6004 seconds

     Processing Day/Time [YYYYDDD:HHMMSS]: 2017357:224000
       Which is Equivalent to (UTC): 22:40:00 Saturday,  Dec. 23, 2017
       Time-Step Length (HHMMSS): 000400
                 VDIFF completed...       0.6346 seconds
                COUPLE completed...       0.0420 seconds
                  HADV completed...       1.0035 seconds
                  ZADV completed...       0.1966 seconds
                 HDIFF completed...       0.1421 seconds
              DECOUPLE completed...       0.0339 seconds
                  PHOT completed...       0.3093 seconds
               CLDPROC completed...       0.1185 seconds
                  CHEM completed...       0.5004 seconds
                  AERO completed...       0.6212 seconds
            Master Time Step
            Processing completed...       3.6030 seconds

     Processing Day/Time [YYYYDDD:HHMMSS]: 2017357:224400
       Which is Equivalent to (UTC): 22:44:00 Saturday,  Dec. 23, 2017
       Time-Step Length (HHMMSS): 000400
                 VDIFF completed...       0.6344 seconds
                COUPLE completed...       0.0417 seconds
                  HADV completed...       0.9862 seconds
                  ZADV completed...       0.1966 seconds
                 HDIFF completed...       0.1427 seconds
              DECOUPLE completed...       0.0342 seconds
                  PHOT completed...       0.3093 seconds
               CLDPROC completed...       0.1198 seconds
                  CHEM completed...       0.5019 seconds
                  AERO completed...       0.6244 seconds
            Master Time Step
            Processing completed...       3.5920 seconds

     Processing Day/Time [YYYYDDD:HHMMSS]: 2017357:224800
       Which is Equivalent to (UTC): 22:48:00 Saturday,  Dec. 23, 2017
       Time-Step Length (HHMMSS): 000400
                 VDIFF completed...       0.6272 seconds
                COUPLE completed...       0.0407 seconds
                  HADV completed...       0.9891 seconds
                  ZADV completed...       0.1960 seconds
                 HDIFF completed...       0.1431 seconds
              DECOUPLE completed...       0.0340 seconds
                  PHOT completed...       0.3117 seconds
               CLDPROC completed...       0.1157 seconds
                  CHEM completed...       0.5034 seconds
                  AERO completed...       0.6286 seconds
            Master Time Step
            Processing completed...       3.5903 seconds

     Processing Day/Time [YYYYDDD:HHMMSS]: 2017357:225200
       Which is Equivalent to (UTC): 22:52:00 Saturday,  Dec. 23, 2017
       Time-Step Length (HHMMSS): 000400
                 VDIFF completed...       0.6261 seconds
                COUPLE completed...       0.0415 seconds
                  HADV completed...       0.9811 seconds
                  ZADV completed...       0.1954 seconds
                 HDIFF completed...       0.1431 seconds
              DECOUPLE completed...       0.0333 seconds
                  PHOT completed...       0.3119 seconds
               CLDPROC completed...       0.1143 seconds
                  CHEM completed...       0.5063 seconds
                  AERO completed...       0.6505 seconds
            Master Time Step
            Processing completed...       3.6045 seconds

     Processing Day/Time [YYYYDDD:HHMMSS]: 2017357:225600
       Which is Equivalent to (UTC): 22:56:00 Saturday,  Dec. 23, 2017
       Time-Step Length (HHMMSS): 000400
                 VDIFF completed...       1.3750 seconds
                COUPLE completed...       0.1108 seconds
                  HADV completed...       0.8650 seconds
                  ZADV completed...       0.1934 seconds
                 HDIFF completed...       0.1562 seconds
              DECOUPLE completed...       0.0354 seconds
                  PHOT completed...       0.3051 seconds
               CLDPROC completed...       0.9051 seconds
                  CHEM completed...       0.5040 seconds
                  AERO completed...       0.6064 seconds
            Master Time Step
            Processing completed...       5.0576 seconds

      =--> Data Output completed...       0.9080 seconds

     Processing Day/Time [YYYYDDD:HHMMSS]: 2017357:230000
       Which is Equivalent to (UTC): 23:00:00 Saturday,  Dec. 23, 2017
       Time-Step Length (HHMMSS): 000400
                 VDIFF completed...       5.2989 seconds
                COUPLE completed...       0.0826 seconds
                  HADV completed...       1.7679 seconds
                  ZADV completed...       0.1950 seconds
                 HDIFF completed...       0.1426 seconds
              DECOUPLE completed...       0.0338 seconds
                  PHOT completed...       1.4490 seconds
               CLDPROC completed...       0.1181 seconds
                  CHEM completed...       0.5087 seconds
                  AERO completed...       0.6321 seconds
            Master Time Step
            Processing completed...      10.2320 seconds

     Processing Day/Time [YYYYDDD:HHMMSS]: 2017357:230400
       Which is Equivalent to (UTC): 23:04:00 Saturday,  Dec. 23, 2017
       Time-Step Length (HHMMSS): 000400
                 VDIFF completed...       0.6203 seconds
                COUPLE completed...       0.0399 seconds
                  HADV completed...       1.0338 seconds
                  ZADV completed...       0.1949 seconds
                 HDIFF completed...       0.1551 seconds
              DECOUPLE completed...       0.0331 seconds
                  PHOT completed...       0.3129 seconds
               CLDPROC completed...       0.1111 seconds
                  CHEM completed...       0.5101 seconds
                  AERO completed...       0.6315 seconds
            Master Time Step
            Processing completed...       3.6445 seconds

     Processing Day/Time [YYYYDDD:HHMMSS]: 2017357:230800
       Which is Equivalent to (UTC): 23:08:00 Saturday,  Dec. 23, 2017
       Time-Step Length (HHMMSS): 000400
                 VDIFF completed...       0.5963 seconds
                COUPLE completed...       0.0424 seconds
                  HADV completed...       1.0318 seconds
                  ZADV completed...       0.1956 seconds
                 HDIFF completed...       0.1427 seconds
              DECOUPLE completed...       0.0333 seconds
                  PHOT completed...       0.3127 seconds
               CLDPROC completed...       0.1113 seconds
                  CHEM completed...       0.5107 seconds
                  AERO completed...       0.6317 seconds
            Master Time Step
            Processing completed...       3.6112 seconds

     Processing Day/Time [YYYYDDD:HHMMSS]: 2017357:231200
       Which is Equivalent to (UTC): 23:12:00 Saturday,  Dec. 23, 2017
       Time-Step Length (HHMMSS): 000400
                 VDIFF completed...       0.5878 seconds
                COUPLE completed...       0.0432 seconds
                  HADV completed...       1.0168 seconds
                  ZADV completed...       0.1945 seconds
                 HDIFF completed...       0.1471 seconds
              DECOUPLE completed...       0.0330 seconds
                  PHOT completed...       0.3134 seconds
               CLDPROC completed...       0.1076 seconds
                  CHEM completed...       0.5101 seconds
                  AERO completed...       0.6327 seconds
            Master Time Step
            Processing completed...       3.5904 seconds

     Processing Day/Time [YYYYDDD:HHMMSS]: 2017357:231600
       Which is Equivalent to (UTC): 23:16:00 Saturday,  Dec. 23, 2017
       Time-Step Length (HHMMSS): 000400
                 VDIFF completed...       0.5918 seconds
                COUPLE completed...       0.0403 seconds
                  HADV completed...       1.0337 seconds
                  ZADV completed...       0.1947 seconds
                 HDIFF completed...       0.1442 seconds
              DECOUPLE completed...       0.0330 seconds
                  PHOT completed...       0.3126 seconds
               CLDPROC completed...       0.1062 seconds
                  CHEM completed...       0.5133 seconds
                  AERO completed...       0.6373 seconds
            Master Time Step
            Processing completed...       3.6116 seconds

     Processing Day/Time [YYYYDDD:HHMMSS]: 2017357:232000
       Which is Equivalent to (UTC): 23:20:00 Saturday,  Dec. 23, 2017
       Time-Step Length (HHMMSS): 000400
                 VDIFF completed...       0.5715 seconds
                COUPLE completed...       0.0411 seconds
                  HADV completed...       1.0400 seconds
                  ZADV completed...       0.1951 seconds
                 HDIFF completed...       0.1456 seconds
              DECOUPLE completed...       0.0327 seconds
                  PHOT completed...       0.3147 seconds
               CLDPROC completed...       0.1046 seconds
                  CHEM completed...       0.5145 seconds
                  AERO completed...       0.6368 seconds
            Master Time Step
            Processing completed...       3.5988 seconds

     Processing Day/Time [YYYYDDD:HHMMSS]: 2017357:232400
       Which is Equivalent to (UTC): 23:24:00 Saturday,  Dec. 23, 2017
       Time-Step Length (HHMMSS): 000400
                 VDIFF completed...       0.5710 seconds
                COUPLE completed...       0.0379 seconds
                  HADV completed...       1.0378 seconds
                  ZADV completed...       0.1966 seconds
                 HDIFF completed...       0.1416 seconds
              DECOUPLE completed...       0.0331 seconds
                  PHOT completed...       0.3124 seconds
               CLDPROC completed...       0.1040 seconds
                  CHEM completed...       0.5169 seconds
                  AERO completed...       0.6366 seconds
            Master Time Step
            Processing completed...       3.5921 seconds

     Processing Day/Time [YYYYDDD:HHMMSS]: 2017357:232800
       Which is Equivalent to (UTC): 23:28:00 Saturday,  Dec. 23, 2017
       Time-Step Length (HHMMSS): 000400
                 VDIFF completed...       0.5602 seconds
                COUPLE completed...       0.0364 seconds
                  HADV completed...       1.0293 seconds
                  ZADV completed...       0.1953 seconds
                 HDIFF completed...       0.1457 seconds
              DECOUPLE completed...       0.0333 seconds
                  PHOT completed...       0.3140 seconds
               CLDPROC completed...       0.1040 seconds
                  CHEM completed...       0.5169 seconds
                  AERO completed...       0.6387 seconds
            Master Time Step
            Processing completed...       3.5781 seconds

     Processing Day/Time [YYYYDDD:HHMMSS]: 2017357:233200
       Which is Equivalent to (UTC): 23:32:00 Saturday,  Dec. 23, 2017
       Time-Step Length (HHMMSS): 000400
                 VDIFF completed...       0.5530 seconds
                COUPLE completed...       0.0331 seconds
                  HADV completed...       1.0459 seconds
                  ZADV completed...       0.1947 seconds
                 HDIFF completed...       0.1433 seconds
              DECOUPLE completed...       0.0335 seconds
                  PHOT completed...       0.3136 seconds
               CLDPROC completed...       0.1019 seconds
                  CHEM completed...       0.5188 seconds
                  AERO completed...       0.6353 seconds
            Master Time Step
            Processing completed...       3.5768 seconds

     Processing Day/Time [YYYYDDD:HHMMSS]: 2017357:233600
       Which is Equivalent to (UTC): 23:36:00 Saturday,  Dec. 23, 2017
       Time-Step Length (HHMMSS): 000400
                 VDIFF completed...       0.5554 seconds
                COUPLE completed...       0.0319 seconds
                  HADV completed...       1.0328 seconds
                  ZADV completed...       0.1936 seconds
                 HDIFF completed...       0.1479 seconds
              DECOUPLE completed...       0.0335 seconds
                  PHOT completed...       0.3146 seconds
               CLDPROC completed...       0.1012 seconds
                  CHEM completed...       0.5189 seconds
                  AERO completed...       0.6386 seconds
            Master Time Step
            Processing completed...       3.5699 seconds

     Processing Day/Time [YYYYDDD:HHMMSS]: 2017357:234000
       Which is Equivalent to (UTC): 23:40:00 Saturday,  Dec. 23, 2017
       Time-Step Length (HHMMSS): 000400
                 VDIFF completed...       0.5440 seconds
                COUPLE completed...       0.0332 seconds
                  HADV completed...       1.0515 seconds
                  ZADV completed...       0.1968 seconds
                 HDIFF completed...       0.1421 seconds
              DECOUPLE completed...       0.0330 seconds
                  PHOT completed...       0.3139 seconds
               CLDPROC completed...       0.1000 seconds
                  CHEM completed...       0.5203 seconds
                  AERO completed...       0.6366 seconds
            Master Time Step
            Processing completed...       3.5755 seconds

     Processing Day/Time [YYYYDDD:HHMMSS]: 2017357:234400
       Which is Equivalent to (UTC): 23:44:00 Saturday,  Dec. 23, 2017
       Time-Step Length (HHMMSS): 000400
                 VDIFF completed...       0.5440 seconds
                COUPLE completed...       0.0338 seconds
                  HADV completed...       1.0505 seconds
                  ZADV completed...       0.1945 seconds
                 HDIFF completed...       0.1441 seconds
              DECOUPLE completed...       0.0336 seconds
                  PHOT completed...       0.3142 seconds
               CLDPROC completed...       0.0975 seconds
                  CHEM completed...       0.5223 seconds
                  AERO completed...       0.6376 seconds
            Master Time Step
            Processing completed...       3.5764 seconds

     Processing Day/Time [YYYYDDD:HHMMSS]: 2017357:234800
       Which is Equivalent to (UTC): 23:48:00 Saturday,  Dec. 23, 2017
       Time-Step Length (HHMMSS): 000400
                 VDIFF completed...       0.5436 seconds
                COUPLE completed...       0.0330 seconds
                  HADV completed...       1.0629 seconds
                  ZADV completed...       0.1945 seconds
                 HDIFF completed...       0.1441 seconds
              DECOUPLE completed...       0.0334 seconds
                  PHOT completed...       0.3144 seconds
               CLDPROC completed...       0.0938 seconds
                  CHEM completed...       0.5255 seconds
                  AERO completed...       0.6333 seconds
            Master Time Step
            Processing completed...       3.5827 seconds

     Processing Day/Time [YYYYDDD:HHMMSS]: 2017357:235200
       Which is Equivalent to (UTC): 23:52:00 Saturday,  Dec. 23, 2017
       Time-Step Length (HHMMSS): 000400
                 VDIFF completed...       0.5412 seconds
                COUPLE completed...       0.0339 seconds
                  HADV completed...       1.0568 seconds
                  ZADV completed...       0.1947 seconds
                 HDIFF completed...       0.1462 seconds
              DECOUPLE completed...       0.0325 seconds
                  PHOT completed...       0.3154 seconds
               CLDPROC completed...       0.0936 seconds
                  CHEM completed...       0.5270 seconds
                  AERO completed...       0.6484 seconds
            Master Time Step
            Processing completed...       3.5938 seconds

     Processing Day/Time [YYYYDDD:HHMMSS]: 2017357:235600
       Which is Equivalent to (UTC): 23:56:00 Saturday,  Dec. 23, 2017
       Time-Step Length (HHMMSS): 000400
                 VDIFF completed...       1.4087 seconds
                COUPLE completed...       0.1119 seconds
                  HADV completed...       0.9611 seconds
                  ZADV completed...       0.1947 seconds
                 HDIFF completed...       0.1438 seconds
              DECOUPLE completed...       0.0337 seconds
                  PHOT completed...       0.3067 seconds
               CLDPROC completed...       0.8851 seconds
                  CHEM completed...       0.5305 seconds
                  AERO completed...       0.6128 seconds
            Master Time Step
            Processing completed...       5.1939 seconds

      =--> Data Output completed...       0.8588 seconds


     ==============================================
     |>---   PROGRAM COMPLETED SUCCESSFULLY   ---<|
     ==============================================
     Date and time 0:00:00   Dec. 24, 2017  (2017358:000000)

     The elapsed time for this simulation was    1721.0 seconds.

96591.449u 921.731s 28:44.55 5654.4%	0+0k 33680896+26801296io 138391pf+0w

CMAQ Processing of Day 20171223 Finished at Mon Mar 10 19:29:37 UTC 2025

\\\\\=====\\\\\=====\\\\\=====\\\\\=====/////=====/////=====/////=====/////


==================================
  ***** CMAQ TIMING REPORT *****
==================================
Start Day: 2017-12-22
End Day:   2017-12-23
Number of Simulation Days: 2
Domain Name:               12US1
Number of Grid Cells:      4803435  (ROW x COL x LAY)
Number of Layers:          35
Number of Processes:       192
   All times are in seconds.

Num  Day        Wall Time
01   2017-12-22   1595.1
02   2017-12-23   1721.0
     Total Time = 3316.10
      Avg. Time = 1658.05
