Start Model Run At  Thu Mar 6 23:16:08 UTC 2025
information about processor including whether using hyperthreading
Architecture:                       aarch64
CPU op-mode(s):                     32-bit, 64-bit
Byte Order:                         Little Endian
CPU(s):                             64
On-line CPU(s) list:                0-63
Thread(s) per core:                 1
Core(s) per socket:                 64
Socket(s):                          1
NUMA node(s):                       1
Vendor ID:                          ARM
Model:                              1
Stepping:                           r1p1
BogoMIPS:                           2100.00
L1d cache:                          4 MiB
L1i cache:                          4 MiB
L2 cache:                           64 MiB
L3 cache:                           32 MiB
NUMA node0 CPU(s):                  0-63
Vulnerability Gather data sampling: Not affected
Vulnerability Itlb multihit:        Not affected
Vulnerability L1tf:                 Not affected
Vulnerability Mds:                  Not affected
Vulnerability Meltdown:             Not affected
Vulnerability Mmio stale data:      Not affected
Vulnerability Retbleed:             Not affected
Vulnerability Spec rstack overflow: Not affected
Vulnerability Spec store bypass:    Mitigation; Speculative Store Bypass disabled via prctl
Vulnerability Spectre v1:           Mitigation; __user pointer sanitization
Vulnerability Spectre v2:           Mitigation; CSV2, BHB
Vulnerability Srbds:                Not affected
Vulnerability Tsx async abort:      Not affected
Flags:                              fp asimd evtstrm aes pmull sha1 sha2 crc32 atomics fphp asimdhp cpuid asimdrdm jscvt fcma lrcpc dcpop sha3 sm3 sm4 asimddp sha512 sve asimdfhm dit uscat ilrcpc flagm ssbs paca pacg dcpodp svei8mm svebf16 i8mm bf16 dgh rng
information about cluster
PARTITION AVAIL  TIMELIMIT  NODES  STATE NODELIST
queue1*      up   infinite     17  idle~ queue1-dy-compute-resource-1-[3-12],queue1-dy-compute-resource-2-[1-7]
queue1*      up   infinite      2  alloc queue1-dy-compute-resource-1-[1-2]
information about filesystem
Filesystem                              Size  Used Avail Use% Mounted on
/dev/root                                39G   22G   17G  57% /
devtmpfs                                 62G     0   62G   0% /dev
tmpfs                                    62G     0   62G   0% /dev/shm
tmpfs                                    13G  1.0M   13G   1% /run
tmpfs                                   5.0M     0  5.0M   0% /run/lock
tmpfs                                    62G     0   62G   0% /sys/fs/cgroup
/dev/nvme0n1p15                          98M  6.3M   92M   7% /boot/efi
/dev/loop0                               22M   22M     0 100% /snap/amazon-ssm-agent/7994
/dev/loop2                               34M   34M     0 100% /snap/snapd/21467
/dev/loop3                               92M   92M     0 100% /snap/lxd/24065
/dev/loop1                               50M   50M     0 100% /snap/core18/2826
/dev/loop4                               60M   60M     0 100% /snap/core20/2321
10.0.15.80:/opt/parallelcluster/shared   39G   25G   15G  64% /opt/parallelcluster/shared
10.0.15.80:/home                         39G   25G   15G  64% /home
10.0.15.80:/shared                      246G  116G  120G  50% /shared
10.0.4.244@tcp:/7oiolb4v                1.1T  257G  858G  24% /fsx
10.0.15.80:/opt/slurm                    39G   25G   15G  64% /opt/slurm
list the mounted volumes
clnt_create: RPC: Program not registered
Compiler is set to gcc

Working Directory is /home/ubuntu/build-nc4/openmpi_gcc/CCTM/scripts
Build Directory is /home/ubuntu/build-nc4/openmpi_gcc/CCTM/scripts/BLD_CCTM_v54+_gcc
Output Directory is //fsx/data/output/output_v54+_cb6r5_ae7_aq_WR413_MYR_gcc_2018_12US1_2x64_nc4
Log Directory is //fsx/data/output/output_v54+_cb6r5_ae7_aq_WR413_MYR_gcc_2018_12US1_2x64_nc4/LOGS
Executable Name is CCTM_v54+.exe

---CMAQ EXECUTION ID: CMAQ_CCTMv54+_ubuntu_20250306_231608_627075219 ---

Set up input and output files for Day 2017-12-22.
cp: cannot stat '/home/ubuntu/build-nc4/openmpi_gcc/CCTM/scripts/BLD_CCTM_v54+_gcc/CCTM_v54+.cfg': No such file or directory

Existing Logs and Output Files for Day 2017-12-22 Will Be Deleted
rm: No match.

CMAQ Processing of Day 20171222 Began at Thu Mar  6 23:16:08 UTC 2025

        CTM_APPL  |  v54+_cb6r5_ae7_aq_WR413_MYR_gcc_2018_12US1_2x64_nc4_20171222
#================================================================================#        
#|                                                                              |#        
#|               The Community Multiscale Air Quality (CMAQ) Model              |#        
#|                                   Version 5.4                                |#        
#|                                                                              |#        
#|                          Built and Maintained by the                         |#        
#|                        Office of Research and Development                    |#        
#|                   United States Environmental Protection Agency              |#        
#|                                                                              |#        
#|                            https://www.epa.gov/cmaq                          |#        
#|                                                                              |#        
#|       Source Code:   https://www.github.com/USEPA/cmaq/tree/master           |#        
#|       Documentation: https://www.github.com/USEPA/cmaq/tree/master/DOCS      |#        
#|                                                                              |#        
#|         The CMAQ Model is tested and released with cooperation from          |#        
#|         the Community Modeling and Analysis System (CMAS) Center via         |#        
#|         contract support. CMAS is managed by the Institute for the           |#        
#|         Environment, University of North Carolina at Chapel Hill.            |#        
#|         CMAS URL: (https://www.cmascenter.org)                               |#        
#|                                                                              |#        
#================================================================================#        
                                                                     
     This program uses the EPA-AREAL/MCNC-EnvPgms/BAMS/ UNC IE       
     Models-3 I/O Applications Programming Interface, [I/O API]      
     which is built on top of the netCDF I/O library (Copyright      
     993, 1996 University Corporation for Atmospheric Research       
     Unidata Program) and the PVM parallel-programming library       
     (from Oak Ridge National Laboratory).                           
     Copyright (C) 1992-2002 MCNC,                                   
     (C) 1992-2018 Carlie J. Coats, Jr.,                             
     (C) 2003-2012 Baron Advanced Meteorological Systems, LLC, and   
     (C) 2014-2023 UNC Institute for the Environment.                
     Released under the GNU LGPL  License, version 2.1.  See URL     
                                                                     
         https://www.gnu.org/licenses/old-licenses/lgpl-2.1.html     
                                                                     
     for conditions of use.                                          
                                                                     
     ioapi-3.2: $Id: init3.F90 247 2023-03-22 15:59:19Z coats $
     netCDF version 4.8.1 of Mar  6 2025 20:29:13 $
      

     ===========================================
     |>---   ENVIRONMENT VARIABLE REPORT   ---<|
     ===========================================

     |> Grid and High-Level Model Parameters:
     +=========================================
      --Env Variable-- | --Value--
      --------------------------------------------------------------------------------
             BLD  |             (default)
          OUTDIR  |  //fsx/data/output/output_v54+_cb6r5_ae7_aq_WR413_MYR_gcc_2018_12US1_2x64_nc4
       NEW_START  |          T
  IGNORE_SOILINP  |          F (default)
    EXECUTION_ID  |  CMAQ_CCTMv54+_ubuntu_20250306_231608_627075219
       GRID_NAME  |  12US1
       CTM_TSTEP  |       10000
      CTM_RUNLEN  |      240000
    CTM_PROGNAME  |  DRIVER (default)
      CTM_STDATE  |     2017356
      CTM_STTIME  |           0
     NPCOL_NPROW  |  8 16
     CTM_MAXSYNC  |         300
     CTM_MINSYNC  |          60

     |> Multiprocess control, output and error checking:
     +====================================================
      --Env Variable-- | --Value--
      --------------------------------------------------------------------------------
 PRINT_PROC_TIME  |          T
     FL_ERR_STOP  |          F
       CTM_CKSUM  |          T
AVG_FILE_ENDTIME  |          F
   AVG_CONC_SPCS  |  ALL
       CONC_SPCS  |  O3 NO ANO3I ANO3J NO2 FORM ISOP NH3 ANH4I ANH4J ASO4I ASO4J
 ACONC_BLEV_ELEV  |   1 1
  CONC_BLEV_ELEV  |   1 1
 IOAPI_LOG_WRITE  |          F
         VERTEXT  |          F
VERTEXT_COORD_PA  |  /home/ubuntu/build-nc4/openmpi_gcc/CCTM/scripts/lonlat.csv
   gc_matrix_nml  |  /home/ubuntu/build-nc4/openmpi_gcc/CCTM/scripts/BLD_CCTM_v54+_gcc/GC_cb6r5_ae7_aq.nml
   ae_matrix_nml  |  /home/ubuntu/build-nc4/openmpi_gcc/CCTM/scripts/BLD_CCTM_v54+_gcc/AE_cb6r5_ae7_aq.nml
   nr_matrix_nml  |  /home/ubuntu/build-nc4/openmpi_gcc/CCTM/scripts/BLD_CCTM_v54+_gcc/NR_cb6r5_ae7_aq.nml
   tr_matrix_nml  |  /home/ubuntu/build-nc4/openmpi_gcc/CCTM/scripts/BLD_CCTM_v54+_gcc/Species_Table_TR_0.nml

     |> Chemistry and Photolysis:
     +=============================
      --Env Variable-- | --Value--
      --------------------------------------------------------------------------------
    CTM_PHOTDIAG  |          F
CORE_SHELL_OPTIC  |          F (default)
 OPTICS_MIE_CALC  |          F (default)
       GEAR_ATOL  |   0.100E-08 (default)
       GEAR_RTOL  |   0.100E-02 (default)
         RB_RTOL  |   0.100E-02 (default)
         RB_ATOL  |   0.100E-06 (default)

     |> Aerosols:
     +=============
      --Env Variable-- | --Value--
      --------------------------------------------------------------------------------
   IC_AERO_M2WET  |          F
   BC_AERO_M2WET  |          F
   IC_AERO_M2USE  |          F
   BC_AERO_M2USE  |          F
    STM_SO4TRACK  |          F

     |> Cloud Processes:
     +====================
      --Env Variable-- | --Value--
      --------------------------------------------------------------------------------
        CLD_DIAG  |          F

     |> Air-Surface Exchange Processes:
     +===================================
      --Env Variable-- | --Value--
      --------------------------------------------------------------------------------
      PX_VERSION  |          T
      CTM_ABFLUX  |          T
      CTM_MOSAIC  |          F
    CTM_SFC_HONO  |          T
     CLM_VERSION  |          F
    NOAH_VERSION  |          F
   CTM_DEPV_FILE  |          F
      CTM_HGBIDI  |          F
CTM_BIDI_FERT_NH  |          T
 CTM_WBDUST_BELD  |  UNKNOWN (default)
   STAGECTRL_NML  |  /home/ubuntu/build-nc4/openmpi_gcc/CCTM/scripts/BLD_CCTM_v54+_gcc/CMAQ_Control_STAGE.nml
   CTM_STAGE_P22  |          F
   CTM_STAGE_E20  |          T
   CTM_STAGE_S22  |          F

     |> Transport Processes:
     +========================
      --Env Variable-- | --Value--
      --------------------------------------------------------------------------------
CTM_VDIFF_DIAG_F  |          F (default)
  SIGMA_SYNC_TOP  |   0.700E+00
    ADV_HDIV_LIM  |   0.900E+00 (default)
     CTM_ADV_CFL  |   0.950E+00
           KZMIN  |          T
        CTM_WVEL  |          T
   CTM_GRAV_SETL  |          T

     |> Emissions Parameters:
     +=========================
      --Env Variable-- | --Value--
      --------------------------------------------------------------------------------
      CTM_EMLAYS  |           0 (default)
   MISC_CTRL_NML  |  /home/ubuntu/build-nc4/openmpi_gcc/CCTM/scripts/BLD_CCTM_v54+_gcc/CMAQ_Control_Misc.nml
  DESID_CTRL_NML  |  /home/ubuntu/build-nc4/openmpi_gcc/CCTM/scripts/BLD_CCTM_v54+_gcc/CMAQ_Control_DESID.nml
DESID_CHEM_CTRL_  |  /home/ubuntu/build-nc4/openmpi_gcc/CCTM/scripts/BLD_CCTM_v54+_gcc/CMAQ_Control_DESID_cb6r5_ae7_aq.nml
       N_EMIS_GR  |           2
       N_EMIS_TR  |           0 (default)
     CTM_EMISCHK  |          F
 CTM_BIOGEMIS_BE  |          T
 CTM_BIOGEMIS_MG  |          F
   USE_MEGAN_LAI  |          F (default)
    MGN_ONLN_DEP  |          F (default)
     BDSNP_MEGAN  |          F
       BIOG_SPRO  |  DEFAULT (default)
      B3GTS_DIAG  |          F
    CTM_MGEMDIAG  |          F (default)
  CTM_OCEAN_CHEM  |          T
     CTM_WB_DUST  |          F
 CTM_DUSTEM_DIAG  |          F
    CTM_SSEMDIAG  |          F
     CTM_LTNG_NO  |          F
   LTNG_ASSIM_DT  |           0 (default)
          LTNGNO  |  InLine (default)
        USE_NLDN  |          F (default)
        LTNGDIAG  |          F
         MOLSNCG  |   0.350E+03 (default)
         MOLSNIC  |   0.350E+03 (default)
       N_EMIS_PT  |          10
          IPVERT  |           0 (default)
   EMIS_SYM_DATE  |          F (default)

     |> Process Analysis Parameters:
     +================================
      --Env Variable-- | --Value--
      --------------------------------------------------------------------------------
      CTM_PROCAN  |          F
    PA_BCOL_ECOL  |             (default)
    PA_BROW_EROW  |             (default)
    PA_BLEV_ELEV  |             (default)
       MET_TSTEP  |       10000 (default)

     MET data determined based on WRF ARW version 4.3.3


          -=-  MPP Processor-to-Subdomain Map  -=-
                 Number of Processors = 128
    ____________________________________________________
    |                                                  |
    |  PE    #Cols    Col_Range     #Rows    Row_Range |
    |__________________________________________________|
    |                                                  |
    |  0       58      1:  58         19      1:  19   |
    |  1       58     59: 116         19      1:  19   |
    |  2       58    117: 174         19      1:  19   |
    |  3       57    175: 231         19      1:  19   |
    |  4       57    232: 288         19      1:  19   |
    |  5       57    289: 345         19      1:  19   |
    |  6       57    346: 402         19      1:  19   |
    |  7       57    403: 459         19      1:  19   |
    |  8       58      1:  58         19     20:  38   |
    |  9       58     59: 116         19     20:  38   |
    | 10       58    117: 174         19     20:  38   |
    | 11       57    175: 231         19     20:  38   |
    | 12       57    232: 288         19     20:  38   |
    | 13       57    289: 345         19     20:  38   |
    | 14       57    346: 402         19     20:  38   |
    | 15       57    403: 459         19     20:  38   |
    | 16       58      1:  58         19     39:  57   |
    | 17       58     59: 116         19     39:  57   |
    | 18       58    117: 174         19     39:  57   |
    | 19       57    175: 231         19     39:  57   |
    | 20       57    232: 288         19     39:  57   |
    | 21       57    289: 345         19     39:  57   |
    | 22       57    346: 402         19     39:  57   |
    | 23       57    403: 459         19     39:  57   |
    | 24       58      1:  58         19     58:  76   |
    | 25       58     59: 116         19     58:  76   |
    | 26       58    117: 174         19     58:  76   |
    | 27       57    175: 231         19     58:  76   |
    | 28       57    232: 288         19     58:  76   |
    | 29       57    289: 345         19     58:  76   |
    | 30       57    346: 402         19     58:  76   |
    | 31       57    403: 459         19     58:  76   |
    | 32       58      1:  58         19     77:  95   |
    | 33       58     59: 116         19     77:  95   |
    | 34       58    117: 174         19     77:  95   |
    | 35       57    175: 231         19     77:  95   |
    | 36       57    232: 288         19     77:  95   |
    | 37       57    289: 345         19     77:  95   |
    | 38       57    346: 402         19     77:  95   |
    | 39       57    403: 459         19     77:  95   |
    | 40       58      1:  58         19     96: 114   |
    | 41       58     59: 116         19     96: 114   |
    | 42       58    117: 174         19     96: 114   |
    | 43       57    175: 231         19     96: 114   |
    | 44       57    232: 288         19     96: 114   |
    | 45       57    289: 345         19     96: 114   |
    | 46       57    346: 402         19     96: 114   |
    | 47       57    403: 459         19     96: 114   |
    | 48       58      1:  58         19    115: 133   |
    | 49       58     59: 116         19    115: 133   |
    | 50       58    117: 174         19    115: 133   |
    | 51       57    175: 231         19    115: 133   |
    | 52       57    232: 288         19    115: 133   |
    | 53       57    289: 345         19    115: 133   |
    | 54       57    346: 402         19    115: 133   |
    | 55       57    403: 459         19    115: 133   |
    | 56       58      1:  58         19    134: 152   |
    | 57       58     59: 116         19    134: 152   |
    | 58       58    117: 174         19    134: 152   |
    | 59       57    175: 231         19    134: 152   |
    | 60       57    232: 288         19    134: 152   |
    | 61       57    289: 345         19    134: 152   |
    | 62       57    346: 402         19    134: 152   |
    | 63       57    403: 459         19    134: 152   |
    | 64       58      1:  58         19    153: 171   |
    | 65       58     59: 116         19    153: 171   |
    | 66       58    117: 174         19    153: 171   |
    | 67       57    175: 231         19    153: 171   |
    | 68       57    232: 288         19    153: 171   |
    | 69       57    289: 345         19    153: 171   |
    | 70       57    346: 402         19    153: 171   |
    | 71       57    403: 459         19    153: 171   |
    | 72       58      1:  58         19    172: 190   |
    | 73       58     59: 116         19    172: 190   |
    | 74       58    117: 174         19    172: 190   |
    | 75       57    175: 231         19    172: 190   |
    | 76       57    232: 288         19    172: 190   |
    | 77       57    289: 345         19    172: 190   |
    | 78       57    346: 402         19    172: 190   |
    | 79       57    403: 459         19    172: 190   |
    | 80       58      1:  58         19    191: 209   |
    | 81       58     59: 116         19    191: 209   |
    | 82       58    117: 174         19    191: 209   |
    | 83       57    175: 231         19    191: 209   |
    | 84       57    232: 288         19    191: 209   |
    | 85       57    289: 345         19    191: 209   |
    | 86       57    346: 402         19    191: 209   |
    | 87       57    403: 459         19    191: 209   |
    | 88       58      1:  58         18    210: 227   |
    | 89       58     59: 116         18    210: 227   |
    | 90       58    117: 174         18    210: 227   |
    | 91       57    175: 231         18    210: 227   |
    | 92       57    232: 288         18    210: 227   |
    | 93       57    289: 345         18    210: 227   |
    | 94       57    346: 402         18    210: 227   |
    | 95       57    403: 459         18    210: 227   |
    | 96       58      1:  58         18    228: 245   |
    | 97       58     59: 116         18    228: 245   |
    | 98       58    117: 174         18    228: 245   |
    | 99       57    175: 231         18    228: 245   |
    |100       57    232: 288         18    228: 245   |
    |101       57    289: 345         18    228: 245   |
    |102       57    346: 402         18    228: 245   |
    |103       57    403: 459         18    228: 245   |
    |104       58      1:  58         18    246: 263   |
    |105       58     59: 116         18    246: 263   |
    |106       58    117: 174         18    246: 263   |
    |107       57    175: 231         18    246: 263   |
    |108       57    232: 288         18    246: 263   |
    |109       57    289: 345         18    246: 263   |
    |110       57    346: 402         18    246: 263   |
    |111       57    403: 459         18    246: 263   |
    |112       58      1:  58         18    264: 281   |
    |113       58     59: 116         18    264: 281   |
    |114       58    117: 174         18    264: 281   |
    |115       57    175: 231         18    264: 281   |
    |116       57    232: 288         18    264: 281   |
    |117       57    289: 345         18    264: 281   |
    |118       57    346: 402         18    264: 281   |
    |119       57    403: 459         18    264: 281   |
    |120       58      1:  58         18    282: 299   |
    |121       58     59: 116         18    282: 299   |
    |122       58    117: 174         18    282: 299   |
    |123       57    175: 231         18    282: 299   |
    |124       57    232: 288         18    282: 299   |
    |125       57    289: 345         18    282: 299   |
    |126       57    346: 402         18    282: 299   |
    |127       57    403: 459         18    282: 299   |
    |__________________________________________________|



     ================================
     |>---   TIME INTEGRATION   ---<|
     ================================

     Processing Day/Time [YYYYDDD:HHMMSS]: 2017356:000000
       Which is Equivalent to (UTC): 0:00:00  Friday,  Dec. 22, 2017
       Time-Step Length (HHMMSS): 000500
                 VDIFF completed...       2.0247 seconds
                COUPLE completed...       0.1132 seconds
                  HADV completed...       2.0215 seconds
                  ZADV completed...       0.3075 seconds
                 HDIFF completed...       0.2196 seconds
              DECOUPLE completed...       0.0442 seconds
                  PHOT completed...       0.6475 seconds
               CLDPROC completed...       0.1733 seconds
                  CHEM completed...       0.8246 seconds
                  AERO completed...       1.0774 seconds
            Master Time Step
            Processing completed...       7.4556 seconds

     Processing Day/Time [YYYYDDD:HHMMSS]: 2017356:000500
       Which is Equivalent to (UTC): 0:05:00  Friday,  Dec. 22, 2017
       Time-Step Length (HHMMSS): 000500
                 VDIFF completed...       0.7765 seconds
                COUPLE completed...       0.0440 seconds
                  HADV completed...       1.5522 seconds
                  ZADV completed...       0.3067 seconds
                 HDIFF completed...       0.2402 seconds
              DECOUPLE completed...       0.0447 seconds
                  PHOT completed...       0.4761 seconds
               CLDPROC completed...       0.1731 seconds
                  CHEM completed...       0.7913 seconds
                  AERO completed...       1.0572 seconds
            Master Time Step
            Processing completed...       5.4629 seconds

     Processing Day/Time [YYYYDDD:HHMMSS]: 2017356:001000
       Which is Equivalent to (UTC): 0:10:00  Friday,  Dec. 22, 2017
       Time-Step Length (HHMMSS): 000500
                 VDIFF completed...       0.7921 seconds
                COUPLE completed...       0.0440 seconds
                  HADV completed...       1.5280 seconds
                  ZADV completed...       0.3071 seconds
                 HDIFF completed...       0.2166 seconds
              DECOUPLE completed...       0.0445 seconds
                  PHOT completed...       0.4776 seconds
               CLDPROC completed...       0.1772 seconds
                  CHEM completed...       0.7924 seconds
                  AERO completed...       1.0674 seconds
            Master Time Step
            Processing completed...       5.4485 seconds

     Processing Day/Time [YYYYDDD:HHMMSS]: 2017356:001500
       Which is Equivalent to (UTC): 0:15:00  Friday,  Dec. 22, 2017
       Time-Step Length (HHMMSS): 000500
                 VDIFF completed...       0.7636 seconds
                COUPLE completed...       0.0445 seconds
                  HADV completed...       1.5482 seconds
                  ZADV completed...       0.3064 seconds
                 HDIFF completed...       0.2175 seconds
              DECOUPLE completed...       0.0449 seconds
                  PHOT completed...       0.4769 seconds
               CLDPROC completed...       0.1795 seconds
                  CHEM completed...       0.7969 seconds
                  AERO completed...       1.0596 seconds
            Master Time Step
            Processing completed...       5.4425 seconds

     Processing Day/Time [YYYYDDD:HHMMSS]: 2017356:002000
       Which is Equivalent to (UTC): 0:20:00  Friday,  Dec. 22, 2017
       Time-Step Length (HHMMSS): 000500
                 VDIFF completed...       0.7453 seconds
                COUPLE completed...       0.0433 seconds
                  HADV completed...       1.5326 seconds
                  ZADV completed...       0.3071 seconds
                 HDIFF completed...       0.2166 seconds
              DECOUPLE completed...       0.0448 seconds
                  PHOT completed...       0.4771 seconds
               CLDPROC completed...       0.1822 seconds
                  CHEM completed...       0.8031 seconds
                  AERO completed...       1.0487 seconds
            Master Time Step
            Processing completed...       5.4052 seconds

     Processing Day/Time [YYYYDDD:HHMMSS]: 2017356:002500
       Which is Equivalent to (UTC): 0:25:00  Friday,  Dec. 22, 2017
       Time-Step Length (HHMMSS): 000500
                 VDIFF completed...       0.7839 seconds
                COUPLE completed...       0.0422 seconds
                  HADV completed...       1.4832 seconds
                  ZADV completed...       0.3061 seconds
                 HDIFF completed...       0.2172 seconds
              DECOUPLE completed...       0.0453 seconds
                  PHOT completed...       0.4788 seconds
               CLDPROC completed...       0.1823 seconds
                  CHEM completed...       0.8106 seconds
                  AERO completed...       1.0375 seconds
            Master Time Step
            Processing completed...       5.3911 seconds

     Processing Day/Time [YYYYDDD:HHMMSS]: 2017356:003000
       Which is Equivalent to (UTC): 0:30:00  Friday,  Dec. 22, 2017
       Time-Step Length (HHMMSS): 000500
                 VDIFF completed...       0.7475 seconds
                COUPLE completed...       0.0421 seconds
                  HADV completed...       1.5193 seconds
                  ZADV completed...       0.3060 seconds
                 HDIFF completed...       0.2185 seconds
              DECOUPLE completed...       0.0443 seconds
                  PHOT completed...       0.4724 seconds
               CLDPROC completed...       0.1825 seconds
                  CHEM completed...       0.8196 seconds
                  AERO completed...       1.0269 seconds
            Master Time Step
            Processing completed...       5.3804 seconds

     Processing Day/Time [YYYYDDD:HHMMSS]: 2017356:003500
       Which is Equivalent to (UTC): 0:35:00  Friday,  Dec. 22, 2017
       Time-Step Length (HHMMSS): 000500
                 VDIFF completed...       0.7718 seconds
                COUPLE completed...       0.0429 seconds
                  HADV completed...       1.5042 seconds
                  ZADV completed...       0.3050 seconds
                 HDIFF completed...       0.2192 seconds
              DECOUPLE completed...       0.0438 seconds
                  PHOT completed...       0.4587 seconds
               CLDPROC completed...       0.1812 seconds
                  CHEM completed...       0.8256 seconds
                  AERO completed...       1.0200 seconds
            Master Time Step
            Processing completed...       5.3733 seconds

     Processing Day/Time [YYYYDDD:HHMMSS]: 2017356:004000
       Which is Equivalent to (UTC): 0:40:00  Friday,  Dec. 22, 2017
       Time-Step Length (HHMMSS): 000500
                 VDIFF completed...       0.7910 seconds
                COUPLE completed...       0.0439 seconds
                  HADV completed...       1.5092 seconds
                  ZADV completed...       0.3044 seconds
                 HDIFF completed...       0.2181 seconds
              DECOUPLE completed...       0.0454 seconds
                  PHOT completed...       0.4439 seconds
               CLDPROC completed...       0.1790 seconds
                  CHEM completed...       0.8215 seconds
                  AERO completed...       1.0131 seconds
            Master Time Step
            Processing completed...       5.3703 seconds

     Processing Day/Time [YYYYDDD:HHMMSS]: 2017356:004500
       Which is Equivalent to (UTC): 0:45:00  Friday,  Dec. 22, 2017
       Time-Step Length (HHMMSS): 000500
                 VDIFF completed...       0.8205 seconds
                COUPLE completed...       0.0449 seconds
                  HADV completed...       1.5183 seconds
                  ZADV completed...       0.3035 seconds
                 HDIFF completed...       0.2211 seconds
              DECOUPLE completed...       0.0439 seconds
                  PHOT completed...       0.4316 seconds
               CLDPROC completed...       0.1771 seconds
                  CHEM completed...       0.8095 seconds
                  AERO completed...       1.0065 seconds
            Master Time Step
            Processing completed...       5.3778 seconds

     Processing Day/Time [YYYYDDD:HHMMSS]: 2017356:005000
       Which is Equivalent to (UTC): 0:50:00  Friday,  Dec. 22, 2017
       Time-Step Length (HHMMSS): 000500
                 VDIFF completed...       0.8405 seconds
                COUPLE completed...       0.0578 seconds
                  HADV completed...       1.5123 seconds
                  ZADV completed...       0.3053 seconds
                 HDIFF completed...       0.2252 seconds
              DECOUPLE completed...       0.0443 seconds
                  PHOT completed...       0.4219 seconds
               CLDPROC completed...       0.1768 seconds
                  CHEM completed...       0.7937 seconds
                  AERO completed...       1.0110 seconds
            Master Time Step
            Processing completed...       5.3897 seconds

     Processing Day/Time [YYYYDDD:HHMMSS]: 2017356:005500
       Which is Equivalent to (UTC): 0:55:00  Friday,  Dec. 22, 2017
       Time-Step Length (HHMMSS): 000500
                 VDIFF completed...       2.1891 seconds
                COUPLE completed...       0.1703 seconds
                  HADV completed...       1.6106 seconds
                  ZADV completed...       0.3077 seconds
                 HDIFF completed...       0.2180 seconds
              DECOUPLE completed...       0.0455 seconds
                  PHOT completed...       0.3673 seconds
               CLDPROC completed...       0.7430 seconds
                  CHEM completed...       0.8093 seconds
                  AERO completed...       1.0261 seconds
            Master Time Step
            Processing completed...       7.4902 seconds

      =--> Data Output completed...       1.5295 seconds

     Processing Day/Time [YYYYDDD:HHMMSS]: 2017356:010000
       Which is Equivalent to (UTC): 1:00:00  Friday,  Dec. 22, 2017
       Time-Step Length (HHMMSS): 000500
                 VDIFF completed...       4.4853 seconds
                COUPLE completed...       0.1667 seconds
                  HADV completed...       3.8391 seconds
                  ZADV completed...       0.3018 seconds
                 HDIFF completed...       0.2035 seconds
              DECOUPLE completed...       0.0464 seconds
                  PHOT completed...       1.2311 seconds
               CLDPROC completed...       0.1891 seconds
                  CHEM completed...       0.7342 seconds
                  AERO completed...       1.0531 seconds
            Master Time Step
            Processing completed...      12.2524 seconds

     Processing Day/Time [YYYYDDD:HHMMSS]: 2017356:010500
       Which is Equivalent to (UTC): 1:05:00  Friday,  Dec. 22, 2017
       Time-Step Length (HHMMSS): 000500
                 VDIFF completed...       0.8753 seconds
                COUPLE completed...       0.0852 seconds
                  HADV completed...       1.9190 seconds
                  ZADV completed...       0.3015 seconds
                 HDIFF completed...       0.2257 seconds
              DECOUPLE completed...       0.0437 seconds
                  PHOT completed...       0.3105 seconds
               CLDPROC completed...       0.1977 seconds
                  CHEM completed...       0.7176 seconds
                  AERO completed...       1.0579 seconds
            Master Time Step
            Processing completed...       5.7349 seconds

     Processing Day/Time [YYYYDDD:HHMMSS]: 2017356:011000
       Which is Equivalent to (UTC): 1:10:00  Friday,  Dec. 22, 2017
       Time-Step Length (HHMMSS): 000500
                 VDIFF completed...       0.9015 seconds
                COUPLE completed...       0.0831 seconds
                  HADV completed...       1.8461 seconds
                  ZADV completed...       0.3021 seconds
                 HDIFF completed...       0.2214 seconds
              DECOUPLE completed...       0.0436 seconds
                  PHOT completed...       0.2617 seconds
               CLDPROC completed...       0.2054 seconds
                  CHEM completed...       0.7271 seconds
                  AERO completed...       1.0667 seconds
            Master Time Step
            Processing completed...       5.6628 seconds

     Processing Day/Time [YYYYDDD:HHMMSS]: 2017356:011500
       Which is Equivalent to (UTC): 1:15:00  Friday,  Dec. 22, 2017
       Time-Step Length (HHMMSS): 000500
                 VDIFF completed...       0.8862 seconds
                COUPLE completed...       0.0964 seconds
                  HADV completed...       1.5578 seconds
                  ZADV completed...       0.3002 seconds
                 HDIFF completed...       0.2275 seconds
              DECOUPLE completed...       0.0438 seconds
                  PHOT completed...       0.2267 seconds
               CLDPROC completed...       0.2238 seconds
                  CHEM completed...       0.7296 seconds
                  AERO completed...       1.0699 seconds
            Master Time Step
            Processing completed...       5.3635 seconds

     Processing Day/Time [YYYYDDD:HHMMSS]: 2017356:012000
       Which is Equivalent to (UTC): 1:20:00  Friday,  Dec. 22, 2017
       Time-Step Length (HHMMSS): 000500
                 VDIFF completed...       0.9078 seconds
                COUPLE completed...       0.0932 seconds
                  HADV completed...       1.5380 seconds
                  ZADV completed...       0.3010 seconds
                 HDIFF completed...       0.2231 seconds
              DECOUPLE completed...       0.0439 seconds
                  PHOT completed...       0.2018 seconds
               CLDPROC completed...       0.2427 seconds
                  CHEM completed...       0.7304 seconds
                  AERO completed...       1.0760 seconds
            Master Time Step
            Processing completed...       5.3588 seconds

     Processing Day/Time [YYYYDDD:HHMMSS]: 2017356:012500
       Which is Equivalent to (UTC): 1:25:00  Friday,  Dec. 22, 2017
       Time-Step Length (HHMMSS): 000500
                 VDIFF completed...       0.9083 seconds
                COUPLE completed...       0.0932 seconds
                  HADV completed...       1.5469 seconds
                  ZADV completed...       0.3091 seconds
                 HDIFF completed...       0.2138 seconds
              DECOUPLE completed...       0.0447 seconds
                  PHOT completed...       0.1782 seconds
               CLDPROC completed...       0.2593 seconds
                  CHEM completed...       0.7276 seconds
                  AERO completed...       1.0704 seconds
            Master Time Step
            Processing completed...       5.3561 seconds

     Processing Day/Time [YYYYDDD:HHMMSS]: 2017356:013000
       Which is Equivalent to (UTC): 1:30:00  Friday,  Dec. 22, 2017
       Time-Step Length (HHMMSS): 000500
                 VDIFF completed...       0.9721 seconds
                COUPLE completed...       0.0870 seconds
                  HADV completed...       1.4988 seconds
                  ZADV completed...       0.3011 seconds
                 HDIFF completed...       0.2436 seconds
              DECOUPLE completed...       0.0644 seconds
                  PHOT completed...       0.1538 seconds
               CLDPROC completed...       0.2460 seconds
                  CHEM completed...       0.7220 seconds
                  AERO completed...       1.0936 seconds
            Master Time Step
            Processing completed...       5.3837 seconds

     Processing Day/Time [YYYYDDD:HHMMSS]: 2017356:013500
       Which is Equivalent to (UTC): 1:35:00  Friday,  Dec. 22, 2017
       Time-Step Length (HHMMSS): 000500
                 VDIFF completed...       0.9360 seconds
                COUPLE completed...       0.0872 seconds
                  HADV completed...       1.4990 seconds
                  ZADV completed...       0.3014 seconds
                 HDIFF completed...       0.2222 seconds
              DECOUPLE completed...       0.0436 seconds
                  PHOT completed...       0.1797 seconds
               CLDPROC completed...       0.2776 seconds
                  CHEM completed...       0.7120 seconds
                  AERO completed...       1.0923 seconds
            Master Time Step
            Processing completed...       5.3538 seconds

     Processing Day/Time [YYYYDDD:HHMMSS]: 2017356:014000
       Which is Equivalent to (UTC): 1:40:00  Friday,  Dec. 22, 2017
       Time-Step Length (HHMMSS): 000500
                 VDIFF completed...       0.9345 seconds
                COUPLE completed...       0.0865 seconds
                  HADV completed...       1.4848 seconds
                  ZADV completed...       0.3158 seconds
                 HDIFF completed...       0.1989 seconds
              DECOUPLE completed...       0.0434 seconds
                  PHOT completed...       0.1800 seconds
               CLDPROC completed...       0.2586 seconds
                  CHEM completed...       0.7642 seconds
                  AERO completed...       1.0553 seconds
            Master Time Step
            Processing completed...       5.3257 seconds

     Processing Day/Time [YYYYDDD:HHMMSS]: 2017356:014500
       Which is Equivalent to (UTC): 1:45:00  Friday,  Dec. 22, 2017
       Time-Step Length (HHMMSS): 000500
                 VDIFF completed...       0.8844 seconds
                COUPLE completed...       0.0908 seconds
                  HADV completed...       1.5391 seconds
                  ZADV completed...       0.3024 seconds
                 HDIFF completed...       0.2275 seconds
              DECOUPLE completed...       0.0490 seconds
                  PHOT completed...       0.1724 seconds
               CLDPROC completed...       0.2551 seconds
                  CHEM completed...       0.7110 seconds
                  AERO completed...       1.0799 seconds
            Master Time Step
            Processing completed...       5.3154 seconds

     Processing Day/Time [YYYYDDD:HHMMSS]: 2017356:015000
       Which is Equivalent to (UTC): 1:50:00  Friday,  Dec. 22, 2017
       Time-Step Length (HHMMSS): 000500
                 VDIFF completed...       0.8799 seconds
                COUPLE completed...       0.0905 seconds
                  HADV completed...       1.5576 seconds
                  ZADV completed...       0.3045 seconds
                 HDIFF completed...       0.2221 seconds
              DECOUPLE completed...       0.0443 seconds
                  PHOT completed...       0.1799 seconds
               CLDPROC completed...       0.2592 seconds
                  CHEM completed...       0.7104 seconds
                  AERO completed...       1.0671 seconds
            Master Time Step
            Processing completed...       5.3167 seconds

     Processing Day/Time [YYYYDDD:HHMMSS]: 2017356:015500
       Which is Equivalent to (UTC): 1:55:00  Friday,  Dec. 22, 2017
       Time-Step Length (HHMMSS): 000500
                 VDIFF completed...       2.3609 seconds
                COUPLE completed...       0.1700 seconds
                  HADV completed...       1.3122 seconds
                  ZADV completed...       0.3054 seconds
                 HDIFF completed...       0.2226 seconds
              DECOUPLE completed...       0.0446 seconds
                  PHOT completed...       0.1790 seconds
               CLDPROC completed...       1.0244 seconds
                  CHEM completed...       0.7408 seconds
                  AERO completed...       1.0606 seconds
            Master Time Step
            Processing completed...       7.4264 seconds

      =--> Data Output completed...       1.1880 seconds

     Processing Day/Time [YYYYDDD:HHMMSS]: 2017356:020000
       Which is Equivalent to (UTC): 2:00:00  Friday,  Dec. 22, 2017
       Time-Step Length (HHMMSS): 000500
                 VDIFF completed...       4.5576 seconds
                COUPLE completed...       0.1767 seconds
                  HADV completed...       3.4089 seconds
                  ZADV completed...       0.3027 seconds
                 HDIFF completed...       0.2201 seconds
              DECOUPLE completed...       0.0437 seconds
                  PHOT completed...       1.0712 seconds
               CLDPROC completed...       0.2615 seconds
                  CHEM completed...       0.6997 seconds
                  AERO completed...       1.0624 seconds
            Master Time Step
            Processing completed...      11.8093 seconds

     Processing Day/Time [YYYYDDD:HHMMSS]: 2017356:020500
       Which is Equivalent to (UTC): 2:05:00  Friday,  Dec. 22, 2017
       Time-Step Length (HHMMSS): 000500
                 VDIFF completed...       0.9124 seconds
                COUPLE completed...       0.0965 seconds
                  HADV completed...       1.5251 seconds
                  ZADV completed...       0.3077 seconds
                 HDIFF completed...       0.2168 seconds
              DECOUPLE completed...       0.0446 seconds
                  PHOT completed...       0.1794 seconds
               CLDPROC completed...       0.2562 seconds
                  CHEM completed...       0.6969 seconds
                  AERO completed...       1.0623 seconds
            Master Time Step
            Processing completed...       5.3010 seconds

     Processing Day/Time [YYYYDDD:HHMMSS]: 2017356:021000
       Which is Equivalent to (UTC): 2:10:00  Friday,  Dec. 22, 2017
       Time-Step Length (HHMMSS): 000500
                 VDIFF completed...       0.9008 seconds
                COUPLE completed...       0.0974 seconds
                  HADV completed...       1.5223 seconds
                  ZADV completed...       0.3077 seconds
                 HDIFF completed...       0.2158 seconds
              DECOUPLE completed...       0.0450 seconds
                  PHOT completed...       0.1794 seconds
               CLDPROC completed...       0.2580 seconds
                  CHEM completed...       0.6887 seconds
                  AERO completed...       1.0582 seconds
            Master Time Step
            Processing completed...       5.2780 seconds

     Processing Day/Time [YYYYDDD:HHMMSS]: 2017356:021500
       Which is Equivalent to (UTC): 2:15:00  Friday,  Dec. 22, 2017
       Time-Step Length (HHMMSS): 000500
                 VDIFF completed...       0.9046 seconds
                COUPLE completed...       0.0908 seconds
                  HADV completed...       1.5463 seconds
                  ZADV completed...       0.3080 seconds
                 HDIFF completed...       0.2355 seconds
              DECOUPLE completed...       0.0446 seconds
                  PHOT completed...       0.1790 seconds
               CLDPROC completed...       0.2596 seconds
                  CHEM completed...       0.6843 seconds
                  AERO completed...       1.0546 seconds
            Master Time Step
            Processing completed...       5.3120 seconds

     Processing Day/Time [YYYYDDD:HHMMSS]: 2017356:022000
       Which is Equivalent to (UTC): 2:20:00  Friday,  Dec. 22, 2017
       Time-Step Length (HHMMSS): 000500
                 VDIFF completed...       0.8950 seconds
                COUPLE completed...       0.0872 seconds
                  HADV completed...       1.5566 seconds
                  ZADV completed...       0.3066 seconds
                 HDIFF completed...       0.2182 seconds
              DECOUPLE completed...       0.0440 seconds
                  PHOT completed...       0.1806 seconds
               CLDPROC completed...       0.2582 seconds
                  CHEM completed...       0.6818 seconds
                  AERO completed...       1.0467 seconds
            Master Time Step
            Processing completed...       5.2759 seconds

     Processing Day/Time [YYYYDDD:HHMMSS]: 2017356:022500
       Which is Equivalent to (UTC): 2:25:00  Friday,  Dec. 22, 2017
       Time-Step Length (HHMMSS): 000500
                 VDIFF completed...       0.9029 seconds
                COUPLE completed...       0.0864 seconds
                  HADV completed...       1.5668 seconds
                  ZADV completed...       0.3050 seconds
                 HDIFF completed...       0.2210 seconds
              DECOUPLE completed...       0.0446 seconds
                  PHOT completed...       0.1790 seconds
               CLDPROC completed...       0.2611 seconds
                  CHEM completed...       0.6798 seconds
                  AERO completed...       1.0459 seconds
            Master Time Step
            Processing completed...       5.2937 seconds

     Processing Day/Time [YYYYDDD:HHMMSS]: 2017356:023000
       Which is Equivalent to (UTC): 2:30:00  Friday,  Dec. 22, 2017
       Time-Step Length (HHMMSS): 000500
                 VDIFF completed...       0.8962 seconds
                COUPLE completed...       0.0908 seconds
                  HADV completed...       1.5694 seconds
                  ZADV completed...       0.3028 seconds
                 HDIFF completed...       0.2204 seconds
              DECOUPLE completed...       0.0460 seconds
                  PHOT completed...       0.1777 seconds
               CLDPROC completed...       0.2582 seconds
                  CHEM completed...       0.6766 seconds
                  AERO completed...       1.0390 seconds
            Master Time Step
            Processing completed...       5.2799 seconds

     Processing Day/Time [YYYYDDD:HHMMSS]: 2017356:023500
       Which is Equivalent to (UTC): 2:35:00  Friday,  Dec. 22, 2017
       Time-Step Length (HHMMSS): 000500
                 VDIFF completed...       0.8946 seconds
                COUPLE completed...       0.0932 seconds
                  HADV completed...       1.5747 seconds
                  ZADV completed...       0.3038 seconds
                 HDIFF completed...       0.2223 seconds
              DECOUPLE completed...       0.0439 seconds
                  PHOT completed...       0.1798 seconds
               CLDPROC completed...       0.2594 seconds
                  CHEM completed...       0.6760 seconds
                  AERO completed...       1.0459 seconds
            Master Time Step
            Processing completed...       5.2947 seconds

     Processing Day/Time [YYYYDDD:HHMMSS]: 2017356:024000
       Which is Equivalent to (UTC): 2:40:00  Friday,  Dec. 22, 2017
       Time-Step Length (HHMMSS): 000500
                 VDIFF completed...       0.8872 seconds
                COUPLE completed...       0.0923 seconds
                  HADV completed...       1.5587 seconds
                  ZADV completed...       0.3057 seconds
                 HDIFF completed...       0.2226 seconds
              DECOUPLE completed...       0.0445 seconds
                  PHOT completed...       0.1791 seconds
               CLDPROC completed...       0.2592 seconds
                  CHEM completed...       0.6738 seconds
                  AERO completed...       1.0408 seconds
            Master Time Step
            Processing completed...       5.2682 seconds

     Processing Day/Time [YYYYDDD:HHMMSS]: 2017356:024500
       Which is Equivalent to (UTC): 2:45:00  Friday,  Dec. 22, 2017
       Time-Step Length (HHMMSS): 000500
                 VDIFF completed...       0.8867 seconds
                COUPLE completed...       0.0938 seconds
                  HADV completed...       1.5821 seconds
                  ZADV completed...       0.3046 seconds
                 HDIFF completed...       0.2200 seconds
              DECOUPLE completed...       0.0448 seconds
                  PHOT completed...       0.1788 seconds
               CLDPROC completed...       0.2587 seconds
                  CHEM completed...       0.6708 seconds
                  AERO completed...       1.0405 seconds
            Master Time Step
            Processing completed...       5.2824 seconds

     Processing Day/Time [YYYYDDD:HHMMSS]: 2017356:025000
       Which is Equivalent to (UTC): 2:50:00  Friday,  Dec. 22, 2017
       Time-Step Length (HHMMSS): 000500
                 VDIFF completed...       0.8917 seconds
                COUPLE completed...       0.0938 seconds
                  HADV completed...       1.5762 seconds
                  ZADV completed...       0.3038 seconds
                 HDIFF completed...       0.2210 seconds
              DECOUPLE completed...       0.0440 seconds
                  PHOT completed...       0.1804 seconds
               CLDPROC completed...       0.2602 seconds
                  CHEM completed...       0.6663 seconds
                  AERO completed...       1.0367 seconds
            Master Time Step
            Processing completed...       5.2750 seconds

     Processing Day/Time [YYYYDDD:HHMMSS]: 2017356:025500
       Which is Equivalent to (UTC): 2:55:00  Friday,  Dec. 22, 2017
       Time-Step Length (HHMMSS): 000500
                 VDIFF completed...       2.2968 seconds
                COUPLE completed...       0.1707 seconds
                  HADV completed...       1.3209 seconds
                  ZADV completed...       0.3007 seconds
                 HDIFF completed...       0.2228 seconds
              DECOUPLE completed...       0.0463 seconds
                  PHOT completed...       0.1770 seconds
               CLDPROC completed...       1.0328 seconds
                  CHEM completed...       0.6536 seconds
                  AERO completed...       1.0247 seconds
            Master Time Step
            Processing completed...       7.2525 seconds

      =--> Data Output completed...       1.2334 seconds

     Processing Day/Time [YYYYDDD:HHMMSS]: 2017356:030000
       Which is Equivalent to (UTC): 3:00:00  Friday,  Dec. 22, 2017
       Time-Step Length (HHMMSS): 000500
                 VDIFF completed...       4.8877 seconds
                COUPLE completed...       0.1566 seconds
                  HADV completed...       2.9123 seconds
                  ZADV completed...       0.3004 seconds
                 HDIFF completed...       0.2278 seconds
              DECOUPLE completed...       0.0439 seconds
                  PHOT completed...       1.0835 seconds
               CLDPROC completed...       0.2628 seconds
                  CHEM completed...       0.6593 seconds
                  AERO completed...       1.0474 seconds
            Master Time Step
            Processing completed...      11.5875 seconds

     Processing Day/Time [YYYYDDD:HHMMSS]: 2017356:030500
       Which is Equivalent to (UTC): 3:05:00  Friday,  Dec. 22, 2017
       Time-Step Length (HHMMSS): 000500
                 VDIFF completed...       0.8855 seconds
                COUPLE completed...       0.0992 seconds
                  HADV completed...       1.6141 seconds
                  ZADV completed...       0.2979 seconds
                 HDIFF completed...       0.2261 seconds
              DECOUPLE completed...       0.0442 seconds
                  PHOT completed...       0.1794 seconds
               CLDPROC completed...       0.2581 seconds
                  CHEM completed...       0.6599 seconds
                  AERO completed...       1.0336 seconds
            Master Time Step
            Processing completed...       5.3024 seconds

     Processing Day/Time [YYYYDDD:HHMMSS]: 2017356:031000
       Which is Equivalent to (UTC): 3:10:00  Friday,  Dec. 22, 2017
       Time-Step Length (HHMMSS): 000500
                 VDIFF completed...       0.9044 seconds
                COUPLE completed...       0.0986 seconds
                  HADV completed...       1.6066 seconds
                  ZADV completed...       0.3019 seconds
                 HDIFF completed...       0.2208 seconds
              DECOUPLE completed...       0.0448 seconds
                  PHOT completed...       0.1794 seconds
               CLDPROC completed...       0.2550 seconds
                  CHEM completed...       0.6587 seconds
                  AERO completed...       1.0343 seconds
            Master Time Step
            Processing completed...       5.3093 seconds

     Processing Day/Time [YYYYDDD:HHMMSS]: 2017356:031500
       Which is Equivalent to (UTC): 3:15:00  Friday,  Dec. 22, 2017
       Time-Step Length (HHMMSS): 000500
                 VDIFF completed...       0.9127 seconds
                COUPLE completed...       0.1001 seconds
                  HADV completed...       1.5916 seconds
                  ZADV completed...       0.2987 seconds
                 HDIFF completed...       0.3129 seconds
              DECOUPLE completed...       0.0442 seconds
                  PHOT completed...       0.1789 seconds
               CLDPROC completed...       0.2603 seconds
                  CHEM completed...       0.6546 seconds
                  AERO completed...       1.0338 seconds
            Master Time Step
            Processing completed...       5.3921 seconds

     Processing Day/Time [YYYYDDD:HHMMSS]: 2017356:032000
       Which is Equivalent to (UTC): 3:20:00  Friday,  Dec. 22, 2017
       Time-Step Length (HHMMSS): 000500
                 VDIFF completed...       0.8935 seconds
                COUPLE completed...       0.1021 seconds
                  HADV completed...       1.6108 seconds
                  ZADV completed...       0.3038 seconds
                 HDIFF completed...       0.2210 seconds
              DECOUPLE completed...       0.0436 seconds
                  PHOT completed...       0.1796 seconds
               CLDPROC completed...       0.2566 seconds
                  CHEM completed...       0.6537 seconds
                  AERO completed...       1.0287 seconds
            Master Time Step
            Processing completed...       5.2974 seconds

     Processing Day/Time [YYYYDDD:HHMMSS]: 2017356:032500
       Which is Equivalent to (UTC): 3:25:00  Friday,  Dec. 22, 2017
       Time-Step Length (HHMMSS): 000500
                 VDIFF completed...       0.9138 seconds
                COUPLE completed...       0.1001 seconds
                  HADV completed...       1.6129 seconds
                  ZADV completed...       0.3023 seconds
                 HDIFF completed...       0.2412 seconds
              DECOUPLE completed...       0.0444 seconds
                  PHOT completed...       0.1787 seconds
               CLDPROC completed...       0.2575 seconds
                  CHEM completed...       0.6527 seconds
                  AERO completed...       1.0290 seconds
            Master Time Step
            Processing completed...       5.3373 seconds

     Processing Day/Time [YYYYDDD:HHMMSS]: 2017356:033000
       Which is Equivalent to (UTC): 3:30:00  Friday,  Dec. 22, 2017
       Time-Step Length (HHMMSS): 000500
                 VDIFF completed...       0.8860 seconds
                COUPLE completed...       0.0949 seconds
                  HADV completed...       1.6410 seconds
                  ZADV completed...       0.3024 seconds
                 HDIFF completed...       0.2211 seconds
              DECOUPLE completed...       0.0439 seconds
                  PHOT completed...       0.1796 seconds
               CLDPROC completed...       0.2579 seconds
                  CHEM completed...       0.6501 seconds
                  AERO completed...       1.0254 seconds
            Master Time Step
            Processing completed...       5.3073 seconds

     Processing Day/Time [YYYYDDD:HHMMSS]: 2017356:033500
       Which is Equivalent to (UTC): 3:35:00  Friday,  Dec. 22, 2017
       Time-Step Length (HHMMSS): 000500
                 VDIFF completed...       0.8796 seconds
                COUPLE completed...       0.0973 seconds
                  HADV completed...       1.6633 seconds
                  ZADV completed...       0.3018 seconds
                 HDIFF completed...       0.2223 seconds
              DECOUPLE completed...       0.0443 seconds
                  PHOT completed...       0.1783 seconds
               CLDPROC completed...       0.2565 seconds
                  CHEM completed...       0.6489 seconds
                  AERO completed...       1.0285 seconds
            Master Time Step
            Processing completed...       5.3260 seconds

     Processing Day/Time [YYYYDDD:HHMMSS]: 2017356:034000
       Which is Equivalent to (UTC): 3:40:00  Friday,  Dec. 22, 2017
       Time-Step Length (HHMMSS): 000500
                 VDIFF completed...       0.8949 seconds
                COUPLE completed...       0.0972 seconds
                  HADV completed...       1.6526 seconds
                  ZADV completed...       0.3000 seconds
                 HDIFF completed...       0.2396 seconds
              DECOUPLE completed...       0.0576 seconds
                  PHOT completed...       0.1578 seconds
               CLDPROC completed...       0.2495 seconds
                  CHEM completed...       0.6354 seconds
                  AERO completed...       1.0136 seconds
            Master Time Step
            Processing completed...       5.3029 seconds

     Processing Day/Time [YYYYDDD:HHMMSS]: 2017356:034500
       Which is Equivalent to (UTC): 3:45:00  Friday,  Dec. 22, 2017
       Time-Step Length (HHMMSS): 000500
                 VDIFF completed...       0.8991 seconds
                COUPLE completed...       0.0961 seconds
                  HADV completed...       1.6565 seconds
                  ZADV completed...       0.3004 seconds
                 HDIFF completed...       0.2235 seconds
              DECOUPLE completed...       0.0439 seconds
                  PHOT completed...       0.1794 seconds
               CLDPROC completed...       0.2563 seconds
                  CHEM completed...       0.6441 seconds
                  AERO completed...       1.0178 seconds
            Master Time Step
            Processing completed...       5.3222 seconds

     Processing Day/Time [YYYYDDD:HHMMSS]: 2017356:035000
       Which is Equivalent to (UTC): 3:50:00  Friday,  Dec. 22, 2017
       Time-Step Length (HHMMSS): 000500
                 VDIFF completed...       0.8945 seconds
                COUPLE completed...       0.1002 seconds
                  HADV completed...       1.6471 seconds
                  ZADV completed...       0.3029 seconds
                 HDIFF completed...       0.2212 seconds
              DECOUPLE completed...       0.0439 seconds
                  PHOT completed...       0.1799 seconds
               CLDPROC completed...       0.2554 seconds
                  CHEM completed...       0.6432 seconds
                  AERO completed...       1.0122 seconds
            Master Time Step
            Processing completed...       5.3038 seconds

     Processing Day/Time [YYYYDDD:HHMMSS]: 2017356:035500
       Which is Equivalent to (UTC): 3:55:00  Friday,  Dec. 22, 2017
       Time-Step Length (HHMMSS): 000500
                 VDIFF completed...       2.2906 seconds
                COUPLE completed...       0.1704 seconds
                  HADV completed...       1.3392 seconds
                  ZADV completed...       0.2974 seconds
                 HDIFF completed...       0.2267 seconds
              DECOUPLE completed...       0.0443 seconds
                  PHOT completed...       0.1790 seconds
               CLDPROC completed...       1.0687 seconds
                  CHEM completed...       0.5992 seconds
                  AERO completed...       1.0045 seconds
            Master Time Step
            Processing completed...       7.2249 seconds

      =--> Data Output completed...       1.2740 seconds

     Processing Day/Time [YYYYDDD:HHMMSS]: 2017356:040000
       Which is Equivalent to (UTC): 4:00:00  Friday,  Dec. 22, 2017
       Time-Step Length (HHMMSS): 000500
                 VDIFF completed...       4.6724 seconds
                COUPLE completed...       0.1727 seconds
                  HADV completed...       3.1376 seconds
                  ZADV completed...       0.3016 seconds
                 HDIFF completed...       0.3599 seconds
              DECOUPLE completed...       0.0682 seconds
                  PHOT completed...       0.9269 seconds
               CLDPROC completed...       0.2582 seconds
                  CHEM completed...       0.6383 seconds
                  AERO completed...       1.0141 seconds
            Master Time Step
            Processing completed...      11.5547 seconds

     Processing Day/Time [YYYYDDD:HHMMSS]: 2017356:040500
       Which is Equivalent to (UTC): 4:05:00  Friday,  Dec. 22, 2017
       Time-Step Length (HHMMSS): 000500
                 VDIFF completed...       0.8452 seconds
                COUPLE completed...       0.1084 seconds
                  HADV completed...       1.6894 seconds
                  ZADV completed...       0.2946 seconds
                 HDIFF completed...       0.2292 seconds
              DECOUPLE completed...       0.0440 seconds
                  PHOT completed...       0.1793 seconds
               CLDPROC completed...       0.2570 seconds
                  CHEM completed...       0.6392 seconds
                  AERO completed...       1.0029 seconds
            Master Time Step
            Processing completed...       5.2941 seconds

     Processing Day/Time [YYYYDDD:HHMMSS]: 2017356:041000
       Which is Equivalent to (UTC): 4:10:00  Friday,  Dec. 22, 2017
       Time-Step Length (HHMMSS): 000500
                 VDIFF completed...       0.8750 seconds
                COUPLE completed...       0.0984 seconds
                  HADV completed...       1.6758 seconds
                  ZADV completed...       0.2992 seconds
                 HDIFF completed...       0.2248 seconds
              DECOUPLE completed...       0.0440 seconds
                  PHOT completed...       0.1791 seconds
               CLDPROC completed...       0.2586 seconds
                  CHEM completed...       0.6379 seconds
                  AERO completed...       1.0052 seconds
            Master Time Step
            Processing completed...       5.3027 seconds

     Processing Day/Time [YYYYDDD:HHMMSS]: 2017356:041500
       Which is Equivalent to (UTC): 4:15:00  Friday,  Dec. 22, 2017
       Time-Step Length (HHMMSS): 000500
                 VDIFF completed...       0.8528 seconds
                COUPLE completed...       0.1029 seconds
                  HADV completed...       1.6877 seconds
                  ZADV completed...       0.2968 seconds
                 HDIFF completed...       0.2274 seconds
              DECOUPLE completed...       0.0437 seconds
                  PHOT completed...       0.1798 seconds
               CLDPROC completed...       0.2592 seconds
                  CHEM completed...       0.6380 seconds
                  AERO completed...       1.0119 seconds
            Master Time Step
            Processing completed...       5.3053 seconds

     Processing Day/Time [YYYYDDD:HHMMSS]: 2017356:042000
       Which is Equivalent to (UTC): 4:20:00  Friday,  Dec. 22, 2017
       Time-Step Length (HHMMSS): 000500
                 VDIFF completed...       0.8293 seconds
                COUPLE completed...       0.1071 seconds
                  HADV completed...       1.7081 seconds
                  ZADV completed...       0.2983 seconds
                 HDIFF completed...       0.2251 seconds
              DECOUPLE completed...       0.0436 seconds
                  PHOT completed...       0.1802 seconds
               CLDPROC completed...       0.2592 seconds
                  CHEM completed...       0.6360 seconds
                  AERO completed...       1.0189 seconds
            Master Time Step
            Processing completed...       5.3114 seconds

     Processing Day/Time [YYYYDDD:HHMMSS]: 2017356:042500
       Which is Equivalent to (UTC): 4:25:00  Friday,  Dec. 22, 2017
       Time-Step Length (HHMMSS): 000500
                 VDIFF completed...       0.8262 seconds
                COUPLE completed...       0.1107 seconds
                  HADV completed...       1.7116 seconds
                  ZADV completed...       0.2979 seconds
                 HDIFF completed...       0.2262 seconds
              DECOUPLE completed...       0.0433 seconds
                  PHOT completed...       0.1796 seconds
               CLDPROC completed...       0.2604 seconds
                  CHEM completed...       0.6349 seconds
                  AERO completed...       1.0024 seconds
            Master Time Step
            Processing completed...       5.2984 seconds

     Processing Day/Time [YYYYDDD:HHMMSS]: 2017356:043000
       Which is Equivalent to (UTC): 4:30:00  Friday,  Dec. 22, 2017
       Time-Step Length (HHMMSS): 000500
                 VDIFF completed...       0.8473 seconds
                COUPLE completed...       0.1096 seconds
                  HADV completed...       1.7038 seconds
                  ZADV completed...       0.2982 seconds
                 HDIFF completed...       0.2262 seconds
              DECOUPLE completed...       0.0444 seconds
                  PHOT completed...       0.1786 seconds
               CLDPROC completed...       0.2607 seconds
                  CHEM completed...       0.6343 seconds
                  AERO completed...       1.0182 seconds
            Master Time Step
            Processing completed...       5.3265 seconds

     Processing Day/Time [YYYYDDD:HHMMSS]: 2017356:043500
       Which is Equivalent to (UTC): 4:35:00  Friday,  Dec. 22, 2017
       Time-Step Length (HHMMSS): 000500
                 VDIFF completed...       0.8296 seconds
                COUPLE completed...       0.1080 seconds
                  HADV completed...       1.7094 seconds
                  ZADV completed...       0.2951 seconds
                 HDIFF completed...       0.2288 seconds
              DECOUPLE completed...       0.0438 seconds
                  PHOT completed...       0.1799 seconds
               CLDPROC completed...       0.2598 seconds
                  CHEM completed...       0.6324 seconds
                  AERO completed...       1.0138 seconds
            Master Time Step
            Processing completed...       5.3057 seconds

     Processing Day/Time [YYYYDDD:HHMMSS]: 2017356:044000
       Which is Equivalent to (UTC): 4:40:00  Friday,  Dec. 22, 2017
       Time-Step Length (HHMMSS): 000500
                 VDIFF completed...       0.8235 seconds
                COUPLE completed...       0.1122 seconds
                  HADV completed...       1.7131 seconds
                  ZADV completed...       0.2981 seconds
                 HDIFF completed...       0.2256 seconds
              DECOUPLE completed...       0.0437 seconds
                  PHOT completed...       0.1790 seconds
               CLDPROC completed...       0.2591 seconds
                  CHEM completed...       0.6452 seconds
                  AERO completed...       0.9975 seconds
            Master Time Step
            Processing completed...       5.3022 seconds

     Processing Day/Time [YYYYDDD:HHMMSS]: 2017356:044500
       Which is Equivalent to (UTC): 4:45:00  Friday,  Dec. 22, 2017
       Time-Step Length (HHMMSS): 000500
                 VDIFF completed...       0.8341 seconds
                COUPLE completed...       0.1097 seconds
                  HADV completed...       1.7113 seconds
                  ZADV completed...       0.2946 seconds
                 HDIFF completed...       0.2289 seconds
              DECOUPLE completed...       0.0442 seconds
                  PHOT completed...       0.1801 seconds
               CLDPROC completed...       0.2597 seconds
                  CHEM completed...       0.6318 seconds
                  AERO completed...       0.9925 seconds
            Master Time Step
            Processing completed...       5.2924 seconds

     Processing Day/Time [YYYYDDD:HHMMSS]: 2017356:045000
       Which is Equivalent to (UTC): 4:50:00  Friday,  Dec. 22, 2017
       Time-Step Length (HHMMSS): 000500
                 VDIFF completed...       0.8368 seconds
                COUPLE completed...       0.1104 seconds
                  HADV completed...       1.7236 seconds
                  ZADV completed...       0.2998 seconds
                 HDIFF completed...       0.2237 seconds
              DECOUPLE completed...       0.0644 seconds
                  PHOT completed...       0.1688 seconds
               CLDPROC completed...       0.2491 seconds
                  CHEM completed...       0.6314 seconds
                  AERO completed...       0.9915 seconds
            Master Time Step
            Processing completed...       5.3047 seconds

     Processing Day/Time [YYYYDDD:HHMMSS]: 2017356:045500
       Which is Equivalent to (UTC): 4:55:00  Friday,  Dec. 22, 2017
       Time-Step Length (HHMMSS): 000500
                 VDIFF completed...       2.4074 seconds
                COUPLE completed...       0.1703 seconds
                  HADV completed...       1.3384 seconds
                  ZADV completed...       0.2944 seconds
                 HDIFF completed...       0.2296 seconds
              DECOUPLE completed...       0.0433 seconds
                  PHOT completed...       0.1803 seconds
               CLDPROC completed...       1.0543 seconds
                  CHEM completed...       0.5829 seconds
                  AERO completed...       0.9886 seconds
            Master Time Step
            Processing completed...       7.2952 seconds

      =--> Data Output completed...       1.3138 seconds

     Processing Day/Time [YYYYDDD:HHMMSS]: 2017356:050000
       Which is Equivalent to (UTC): 5:00:00  Friday,  Dec. 22, 2017
       Time-Step Length (HHMMSS): 000500
                 VDIFF completed...       4.8499 seconds
                COUPLE completed...       0.1677 seconds
                  HADV completed...       2.8705 seconds
                  ZADV completed...       0.2969 seconds
                 HDIFF completed...       0.2277 seconds
              DECOUPLE completed...       0.0439 seconds
                  PHOT completed...       0.9851 seconds
               CLDPROC completed...       0.2587 seconds
                  CHEM completed...       0.6333 seconds
                  AERO completed...       0.9917 seconds
            Master Time Step
            Processing completed...      11.3297 seconds

     Processing Day/Time [YYYYDDD:HHMMSS]: 2017356:050500
       Which is Equivalent to (UTC): 5:05:00  Friday,  Dec. 22, 2017
       Time-Step Length (HHMMSS): 000500
                 VDIFF completed...       0.8353 seconds
                COUPLE completed...       0.1128 seconds
                  HADV completed...       1.7599 seconds
                  ZADV completed...       0.2923 seconds
                 HDIFF completed...       0.2321 seconds
              DECOUPLE completed...       0.0440 seconds
                  PHOT completed...       0.1801 seconds
               CLDPROC completed...       0.2575 seconds
                  CHEM completed...       0.6308 seconds
                  AERO completed...       0.9848 seconds
            Master Time Step
            Processing completed...       5.3319 seconds

     Processing Day/Time [YYYYDDD:HHMMSS]: 2017356:051000
       Which is Equivalent to (UTC): 5:10:00  Friday,  Dec. 22, 2017
       Time-Step Length (HHMMSS): 000500
                 VDIFF completed...       0.8350 seconds
                COUPLE completed...       0.1136 seconds
                  HADV completed...       1.6967 seconds
                  ZADV completed...       0.2963 seconds
                 HDIFF completed...       0.2278 seconds
              DECOUPLE completed...       0.0436 seconds
                  PHOT completed...       0.1794 seconds
               CLDPROC completed...       0.2581 seconds
                  CHEM completed...       0.6303 seconds
                  AERO completed...       0.9788 seconds
            Master Time Step
            Processing completed...       5.2647 seconds

     Processing Day/Time [YYYYDDD:HHMMSS]: 2017356:051500
       Which is Equivalent to (UTC): 5:15:00  Friday,  Dec. 22, 2017
       Time-Step Length (HHMMSS): 000500
                 VDIFF completed...       0.8324 seconds
                COUPLE completed...       0.1122 seconds
                  HADV completed...       1.7054 seconds
                  ZADV completed...       0.2954 seconds
                 HDIFF completed...       0.2286 seconds
              DECOUPLE completed...       0.0443 seconds
                  PHOT completed...       0.1789 seconds
               CLDPROC completed...       0.2610 seconds
                  CHEM completed...       0.6308 seconds
                  AERO completed...       0.9768 seconds
            Master Time Step
            Processing completed...       5.2714 seconds

     Processing Day/Time [YYYYDDD:HHMMSS]: 2017356:052000
       Which is Equivalent to (UTC): 5:20:00  Friday,  Dec. 22, 2017
       Time-Step Length (HHMMSS): 000500
                 VDIFF completed...       0.8363 seconds
                COUPLE completed...       0.1139 seconds
                  HADV completed...       1.7037 seconds
                  ZADV completed...       0.2970 seconds
                 HDIFF completed...       0.2273 seconds
              DECOUPLE completed...       0.0442 seconds
                  PHOT completed...       0.1795 seconds
               CLDPROC completed...       0.2613 seconds
                  CHEM completed...       0.6306 seconds
                  AERO completed...       0.9753 seconds
            Master Time Step
            Processing completed...       5.2735 seconds

     Processing Day/Time [YYYYDDD:HHMMSS]: 2017356:052500
       Which is Equivalent to (UTC): 5:25:00  Friday,  Dec. 22, 2017
       Time-Step Length (HHMMSS): 000500
                 VDIFF completed...       0.8384 seconds
                COUPLE completed...       0.1143 seconds
                  HADV completed...       1.7255 seconds
                  ZADV completed...       0.2940 seconds
                 HDIFF completed...       0.2302 seconds
              DECOUPLE completed...       0.0435 seconds
                  PHOT completed...       0.1792 seconds
               CLDPROC completed...       0.2629 seconds
                  CHEM completed...       0.6308 seconds
                  AERO completed...       0.9752 seconds
            Master Time Step
            Processing completed...       5.2985 seconds

     Processing Day/Time [YYYYDDD:HHMMSS]: 2017356:053000
       Which is Equivalent to (UTC): 5:30:00  Friday,  Dec. 22, 2017
       Time-Step Length (HHMMSS): 000500
                 VDIFF completed...       0.8271 seconds
                COUPLE completed...       0.1158 seconds
                  HADV completed...       1.7276 seconds
                  ZADV completed...       0.2961 seconds
                 HDIFF completed...       0.2275 seconds
              DECOUPLE completed...       0.0437 seconds
                  PHOT completed...       0.1797 seconds
               CLDPROC completed...       0.2621 seconds
                  CHEM completed...       0.6427 seconds
                  AERO completed...       0.9681 seconds
            Master Time Step
            Processing completed...       5.2956 seconds

     Processing Day/Time [YYYYDDD:HHMMSS]: 2017356:053500
       Which is Equivalent to (UTC): 5:35:00  Friday,  Dec. 22, 2017
       Time-Step Length (HHMMSS): 000500
                 VDIFF completed...       0.8122 seconds
                COUPLE completed...       0.1173 seconds
                  HADV completed...       1.7425 seconds
                  ZADV completed...       0.2964 seconds
                 HDIFF completed...       0.2275 seconds
              DECOUPLE completed...       0.0438 seconds
                  PHOT completed...       0.1790 seconds
               CLDPROC completed...       0.2619 seconds
                  CHEM completed...       0.6314 seconds
                  AERO completed...       0.9715 seconds
            Master Time Step
            Processing completed...       5.2892 seconds

     Processing Day/Time [YYYYDDD:HHMMSS]: 2017356:054000
       Which is Equivalent to (UTC): 5:40:00  Friday,  Dec. 22, 2017
       Time-Step Length (HHMMSS): 000500
                 VDIFF completed...       0.8109 seconds
                COUPLE completed...       0.1170 seconds
                  HADV completed...       1.7500 seconds
                  ZADV completed...       0.2943 seconds
                 HDIFF completed...       0.2297 seconds
              DECOUPLE completed...       0.0441 seconds
                  PHOT completed...       0.1788 seconds
               CLDPROC completed...       0.2618 seconds
                  CHEM completed...       0.6315 seconds
                  AERO completed...       0.9720 seconds
            Master Time Step
            Processing completed...       5.2950 seconds

     Processing Day/Time [YYYYDDD:HHMMSS]: 2017356:054500
       Which is Equivalent to (UTC): 5:45:00  Friday,  Dec. 22, 2017
       Time-Step Length (HHMMSS): 000500
                 VDIFF completed...       0.8244 seconds
                COUPLE completed...       0.1156 seconds
                  HADV completed...       1.7334 seconds
                  ZADV completed...       0.2947 seconds
                 HDIFF completed...       0.2307 seconds
              DECOUPLE completed...       0.0458 seconds
                  PHOT completed...       0.1775 seconds
               CLDPROC completed...       0.2596 seconds
                  CHEM completed...       0.6316 seconds
                  AERO completed...       0.9681 seconds
            Master Time Step
            Processing completed...       5.2851 seconds

     Processing Day/Time [YYYYDDD:HHMMSS]: 2017356:055000
       Which is Equivalent to (UTC): 5:50:00  Friday,  Dec. 22, 2017
       Time-Step Length (HHMMSS): 000500
                 VDIFF completed...       0.8184 seconds
                COUPLE completed...       0.1193 seconds
                  HADV completed...       1.7447 seconds
                  ZADV completed...       0.3031 seconds
                 HDIFF completed...       0.2190 seconds
              DECOUPLE completed...       0.0437 seconds
                  PHOT completed...       0.1800 seconds
               CLDPROC completed...       0.2599 seconds
                  CHEM completed...       0.6309 seconds
                  AERO completed...       0.9675 seconds
            Master Time Step
            Processing completed...       5.2878 seconds

     Processing Day/Time [YYYYDDD:HHMMSS]: 2017356:055500
       Which is Equivalent to (UTC): 5:55:00  Friday,  Dec. 22, 2017
       Time-Step Length (HHMMSS): 000500
                 VDIFF completed...       2.3792 seconds
                COUPLE completed...       0.1708 seconds
                  HADV completed...       1.2990 seconds
                  ZADV completed...       0.2931 seconds
                 HDIFF completed...       0.2317 seconds
              DECOUPLE completed...       0.0439 seconds
                  PHOT completed...       0.1795 seconds
               CLDPROC completed...       1.0992 seconds
                  CHEM completed...       0.5871 seconds
                  AERO completed...       0.9827 seconds
            Master Time Step
            Processing completed...       7.2678 seconds

      =--> Data Output completed...       1.3707 seconds

     Processing Day/Time [YYYYDDD:HHMMSS]: 2017356:060000
       Which is Equivalent to (UTC): 6:00:00  Friday,  Dec. 22, 2017
       Time-Step Length (HHMMSS): 000500
                 VDIFF completed...       4.6557 seconds
                COUPLE completed...       0.1705 seconds
                  HADV completed...       2.9666 seconds
                  ZADV completed...       0.2956 seconds
                 HDIFF completed...       0.2272 seconds
              DECOUPLE completed...       0.0435 seconds
                  PHOT completed...       1.0057 seconds
               CLDPROC completed...       0.2596 seconds
                  CHEM completed...       0.6316 seconds
                  AERO completed...       0.9675 seconds
            Master Time Step
            Processing completed...      11.2289 seconds

     Processing Day/Time [YYYYDDD:HHMMSS]: 2017356:060500
       Which is Equivalent to (UTC): 6:05:00  Friday,  Dec. 22, 2017
       Time-Step Length (HHMMSS): 000500
                 VDIFF completed...       0.8213 seconds
                COUPLE completed...       0.1200 seconds
                  HADV completed...       1.7170 seconds
                  ZADV completed...       0.2936 seconds
                 HDIFF completed...       0.2306 seconds
              DECOUPLE completed...       0.0445 seconds
                  PHOT completed...       0.1789 seconds
               CLDPROC completed...       0.2611 seconds
                  CHEM completed...       0.6332 seconds
                  AERO completed...       0.9577 seconds
            Master Time Step
            Processing completed...       5.2635 seconds

     Processing Day/Time [YYYYDDD:HHMMSS]: 2017356:061000
       Which is Equivalent to (UTC): 6:10:00  Friday,  Dec. 22, 2017
       Time-Step Length (HHMMSS): 000500
                 VDIFF completed...       0.8229 seconds
                COUPLE completed...       0.1186 seconds
                  HADV completed...       1.7400 seconds
                  ZADV completed...       0.2964 seconds
                 HDIFF completed...       0.2275 seconds
              DECOUPLE completed...       0.0445 seconds
                  PHOT completed...       0.1787 seconds
               CLDPROC completed...       0.2645 seconds
                  CHEM completed...       0.6335 seconds
                  AERO completed...       0.9583 seconds
            Master Time Step
            Processing completed...       5.2897 seconds

     Processing Day/Time [YYYYDDD:HHMMSS]: 2017356:061500
       Which is Equivalent to (UTC): 6:15:00  Friday,  Dec. 22, 2017
       Time-Step Length (HHMMSS): 000500
                 VDIFF completed...       0.8229 seconds
                COUPLE completed...       0.1192 seconds
                  HADV completed...       1.7352 seconds
                  ZADV completed...       0.2972 seconds
                 HDIFF completed...       0.2262 seconds
              DECOUPLE completed...       0.0444 seconds
                  PHOT completed...       0.1789 seconds
               CLDPROC completed...       0.2667 seconds
                  CHEM completed...       0.6326 seconds
                  AERO completed...       0.9553 seconds
            Master Time Step
            Processing completed...       5.2821 seconds

     Processing Day/Time [YYYYDDD:HHMMSS]: 2017356:062000
       Which is Equivalent to (UTC): 6:20:00  Friday,  Dec. 22, 2017
       Time-Step Length (HHMMSS): 000500
                 VDIFF completed...       0.8156 seconds
                COUPLE completed...       0.1203 seconds
                  HADV completed...       1.7482 seconds
                  ZADV completed...       0.2979 seconds
                 HDIFF completed...       0.2255 seconds
              DECOUPLE completed...       0.0442 seconds
                  PHOT completed...       0.1791 seconds
               CLDPROC completed...       0.2669 seconds
                  CHEM completed...       0.6331 seconds
                  AERO completed...       0.9515 seconds
            Master Time Step
            Processing completed...       5.2871 seconds

     Processing Day/Time [YYYYDDD:HHMMSS]: 2017356:062500
       Which is Equivalent to (UTC): 6:25:00  Friday,  Dec. 22, 2017
       Time-Step Length (HHMMSS): 000500
                 VDIFF completed...       0.8194 seconds
                COUPLE completed...       0.1206 seconds
                  HADV completed...       1.7524 seconds
                  ZADV completed...       0.2957 seconds
                 HDIFF completed...       0.2272 seconds
              DECOUPLE completed...       0.0440 seconds
                  PHOT completed...       0.1793 seconds
               CLDPROC completed...       0.2679 seconds
                  CHEM completed...       0.6335 seconds
                  AERO completed...       0.9536 seconds
            Master Time Step
            Processing completed...       5.2988 seconds

     Processing Day/Time [YYYYDDD:HHMMSS]: 2017356:063000
       Which is Equivalent to (UTC): 6:30:00  Friday,  Dec. 22, 2017
       Time-Step Length (HHMMSS): 000500
                 VDIFF completed...       0.8052 seconds
                COUPLE completed...       0.1215 seconds
                  HADV completed...       1.7714 seconds
                  ZADV completed...       0.2968 seconds
                 HDIFF completed...       0.2264 seconds
              DECOUPLE completed...       0.0437 seconds
                  PHOT completed...       0.1798 seconds
               CLDPROC completed...       0.2676 seconds
                  CHEM completed...       0.6335 seconds
                  AERO completed...       0.9515 seconds
            Master Time Step
            Processing completed...       5.3023 seconds

     Processing Day/Time [YYYYDDD:HHMMSS]: 2017356:063500
       Which is Equivalent to (UTC): 6:35:00  Friday,  Dec. 22, 2017
       Time-Step Length (HHMMSS): 000500
                 VDIFF completed...       0.8098 seconds
                COUPLE completed...       0.1183 seconds
                  HADV completed...       1.7699 seconds
                  ZADV completed...       0.2939 seconds
                 HDIFF completed...       0.2298 seconds
              DECOUPLE completed...       0.0435 seconds
                  PHOT completed...       0.1801 seconds
               CLDPROC completed...       0.2671 seconds
                  CHEM completed...       0.6331 seconds
                  AERO completed...       0.9503 seconds
            Master Time Step
            Processing completed...       5.3002 seconds

     Processing Day/Time [YYYYDDD:HHMMSS]: 2017356:064000
       Which is Equivalent to (UTC): 6:40:00  Friday,  Dec. 22, 2017
       Time-Step Length (HHMMSS): 000500
                 VDIFF completed...       0.7998 seconds
                COUPLE completed...       0.1210 seconds
                  HADV completed...       1.7750 seconds
                  ZADV completed...       0.2961 seconds
                 HDIFF completed...       0.2272 seconds
              DECOUPLE completed...       0.0445 seconds
                  PHOT completed...       0.1785 seconds
               CLDPROC completed...       0.2677 seconds
                  CHEM completed...       0.6421 seconds
                  AERO completed...       0.9487 seconds
            Master Time Step
            Processing completed...       5.3066 seconds

     Processing Day/Time [YYYYDDD:HHMMSS]: 2017356:064500
       Which is Equivalent to (UTC): 6:45:00  Friday,  Dec. 22, 2017
       Time-Step Length (HHMMSS): 000500
                 VDIFF completed...       0.8015 seconds
                COUPLE completed...       0.1203 seconds
                  HADV completed...       1.7698 seconds
                  ZADV completed...       0.2934 seconds
                 HDIFF completed...       0.2303 seconds
              DECOUPLE completed...       0.0446 seconds
                  PHOT completed...       0.1836 seconds
               CLDPROC completed...       0.2615 seconds
                  CHEM completed...       0.6344 seconds
                  AERO completed...       0.9499 seconds
            Master Time Step
            Processing completed...       5.2952 seconds

     Processing Day/Time [YYYYDDD:HHMMSS]: 2017356:065000
       Which is Equivalent to (UTC): 6:50:00  Friday,  Dec. 22, 2017
       Time-Step Length (HHMMSS): 000500
                 VDIFF completed...       0.8038 seconds
                COUPLE completed...       0.1195 seconds
                  HADV completed...       1.7750 seconds
                  ZADV completed...       0.2987 seconds
                 HDIFF completed...       0.2421 seconds
              DECOUPLE completed...       0.0543 seconds
                  PHOT completed...       0.1640 seconds
               CLDPROC completed...       0.2547 seconds
                  CHEM completed...       0.6346 seconds
                  AERO completed...       0.9508 seconds
            Master Time Step
            Processing completed...       5.3030 seconds

     Processing Day/Time [YYYYDDD:HHMMSS]: 2017356:065500
       Which is Equivalent to (UTC): 6:55:00  Friday,  Dec. 22, 2017
       Time-Step Length (HHMMSS): 000500
                 VDIFF completed...       4.0005 seconds
                COUPLE completed...       0.1701 seconds
                  HADV completed...       1.3031 seconds
                  ZADV completed...       0.2946 seconds
                 HDIFF completed...       0.2283 seconds
              DECOUPLE completed...       0.0438 seconds
                  PHOT completed...       0.1794 seconds
               CLDPROC completed...       1.0881 seconds
                  CHEM completed...       0.5996 seconds
                  AERO completed...       0.9724 seconds
            Master Time Step
            Processing completed...       8.8861 seconds

      =--> Data Output completed...       1.3602 seconds

     Processing Day/Time [YYYYDDD:HHMMSS]: 2017356:070000
       Which is Equivalent to (UTC): 7:00:00  Friday,  Dec. 22, 2017
       Time-Step Length (HHMMSS): 000500
                 VDIFF completed...       4.8545 seconds
                COUPLE completed...       0.1381 seconds
                  HADV completed...       2.7954 seconds
                  ZADV completed...       0.2956 seconds
                 HDIFF completed...       0.2275 seconds
              DECOUPLE completed...       0.0450 seconds
                  PHOT completed...       1.0319 seconds
               CLDPROC completed...       0.2703 seconds
                  CHEM completed...       0.6371 seconds
                  AERO completed...       0.9650 seconds
            Master Time Step
            Processing completed...      11.2642 seconds

     Processing Day/Time [YYYYDDD:HHMMSS]: 2017356:070500
       Which is Equivalent to (UTC): 7:05:00  Friday,  Dec. 22, 2017
       Time-Step Length (HHMMSS): 000500
                 VDIFF completed...       0.7904 seconds
                COUPLE completed...       0.1234 seconds
                  HADV completed...       1.7188 seconds
                  ZADV completed...       0.2944 seconds
                 HDIFF completed...       0.2335 seconds
              DECOUPLE completed...       0.0441 seconds
                  PHOT completed...       0.1800 seconds
               CLDPROC completed...       0.2691 seconds
                  CHEM completed...       0.6325 seconds
                  AERO completed...       0.9528 seconds
            Master Time Step
            Processing completed...       5.2405 seconds

     Processing Day/Time [YYYYDDD:HHMMSS]: 2017356:071000
       Which is Equivalent to (UTC): 7:10:00  Friday,  Dec. 22, 2017
       Time-Step Length (HHMMSS): 000500
                 VDIFF completed...       0.7814 seconds
                COUPLE completed...       0.1190 seconds
                  HADV completed...       1.8366 seconds
                  ZADV completed...       0.2990 seconds
                 HDIFF completed...       0.2247 seconds
              DECOUPLE completed...       0.0448 seconds
                  PHOT completed...       0.1783 seconds
               CLDPROC completed...       0.2700 seconds
                  CHEM completed...       0.6350 seconds
                  AERO completed...       0.9479 seconds
            Master Time Step
            Processing completed...       5.3417 seconds

     Processing Day/Time [YYYYDDD:HHMMSS]: 2017356:071500
       Which is Equivalent to (UTC): 7:15:00  Friday,  Dec. 22, 2017
       Time-Step Length (HHMMSS): 000500
                 VDIFF completed...       0.7733 seconds
                COUPLE completed...       0.1189 seconds
                  HADV completed...       1.8534 seconds
                  ZADV completed...       0.2974 seconds
                 HDIFF completed...       0.2258 seconds
              DECOUPLE completed...       0.0443 seconds
                  PHOT completed...       0.1790 seconds
               CLDPROC completed...       0.2711 seconds
                  CHEM completed...       0.6349 seconds
                  AERO completed...       0.9471 seconds
            Master Time Step
            Processing completed...       5.3499 seconds

     Processing Day/Time [YYYYDDD:HHMMSS]: 2017356:072000
       Which is Equivalent to (UTC): 7:20:00  Friday,  Dec. 22, 2017
       Time-Step Length (HHMMSS): 000500
                 VDIFF completed...       0.7747 seconds
                COUPLE completed...       0.1179 seconds
                  HADV completed...       1.8520 seconds
                  ZADV completed...       0.2999 seconds
                 HDIFF completed...       0.2236 seconds
              DECOUPLE completed...       0.0451 seconds
                  PHOT completed...       0.1785 seconds
               CLDPROC completed...       0.2742 seconds
                  CHEM completed...       0.6327 seconds
                  AERO completed...       0.9475 seconds
            Master Time Step
            Processing completed...       5.3514 seconds

     Processing Day/Time [YYYYDDD:HHMMSS]: 2017356:072500
       Which is Equivalent to (UTC): 7:25:00  Friday,  Dec. 22, 2017
       Time-Step Length (HHMMSS): 000500
                 VDIFF completed...       0.7707 seconds
                COUPLE completed...       0.1184 seconds
                  HADV completed...       1.8583 seconds
                  ZADV completed...       0.2991 seconds
                 HDIFF completed...       0.2276 seconds
              DECOUPLE completed...       0.0458 seconds
                  PHOT completed...       0.1763 seconds
               CLDPROC completed...       0.2703 seconds
                  CHEM completed...       0.6333 seconds
                  AERO completed...       0.9489 seconds
            Master Time Step
            Processing completed...       5.3541 seconds

     Processing Day/Time [YYYYDDD:HHMMSS]: 2017356:073000
       Which is Equivalent to (UTC): 7:30:00  Friday,  Dec. 22, 2017
       Time-Step Length (HHMMSS): 000500
                 VDIFF completed...       0.7710 seconds
                COUPLE completed...       0.1198 seconds
                  HADV completed...       1.8530 seconds
                  ZADV completed...       0.2965 seconds
                 HDIFF completed...       0.2301 seconds
              DECOUPLE completed...       0.0444 seconds
                  PHOT completed...       0.1787 seconds
               CLDPROC completed...       0.2721 seconds
                  CHEM completed...       0.6335 seconds
                  AERO completed...       0.9479 seconds
            Master Time Step
            Processing completed...       5.3517 seconds

     Processing Day/Time [YYYYDDD:HHMMSS]: 2017356:073500
       Which is Equivalent to (UTC): 7:35:00  Friday,  Dec. 22, 2017
       Time-Step Length (HHMMSS): 000500
                 VDIFF completed...       0.7713 seconds
                COUPLE completed...       0.1195 seconds
                  HADV completed...       1.8710 seconds
                  ZADV completed...       0.2995 seconds
                 HDIFF completed...       0.2240 seconds
              DECOUPLE completed...       0.0449 seconds
                  PHOT completed...       0.1789 seconds
               CLDPROC completed...       0.2708 seconds
                  CHEM completed...       0.6332 seconds
                  AERO completed...       0.9462 seconds
            Master Time Step
            Processing completed...       5.3651 seconds

     Processing Day/Time [YYYYDDD:HHMMSS]: 2017356:074000
       Which is Equivalent to (UTC): 7:40:00  Friday,  Dec. 22, 2017
       Time-Step Length (HHMMSS): 000500
                 VDIFF completed...       0.7748 seconds
                COUPLE completed...       0.1191 seconds
                  HADV completed...       1.8848 seconds
                  ZADV completed...       0.2999 seconds
                 HDIFF completed...       0.2235 seconds
              DECOUPLE completed...       0.0446 seconds
                  PHOT completed...       0.1784 seconds
               CLDPROC completed...       0.2718 seconds
                  CHEM completed...       0.6330 seconds
                  AERO completed...       0.9464 seconds
            Master Time Step
            Processing completed...       5.3824 seconds

     Processing Day/Time [YYYYDDD:HHMMSS]: 2017356:074500
       Which is Equivalent to (UTC): 7:45:00  Friday,  Dec. 22, 2017
       Time-Step Length (HHMMSS): 000500
                 VDIFF completed...       0.7735 seconds
                COUPLE completed...       0.1197 seconds
                  HADV completed...       1.8729 seconds
                  ZADV completed...       0.3005 seconds
                 HDIFF completed...       0.2232 seconds
              DECOUPLE completed...       0.0443 seconds
                  PHOT completed...       0.1791 seconds
               CLDPROC completed...       0.2700 seconds
                  CHEM completed...       0.6334 seconds
                  AERO completed...       0.9473 seconds
            Master Time Step
            Processing completed...       5.3697 seconds

     Processing Day/Time [YYYYDDD:HHMMSS]: 2017356:075000
       Which is Equivalent to (UTC): 7:50:00  Friday,  Dec. 22, 2017
       Time-Step Length (HHMMSS): 000500
                 VDIFF completed...       0.7883 seconds
                COUPLE completed...       0.1197 seconds
                  HADV completed...       1.8554 seconds
                  ZADV completed...       0.3008 seconds
                 HDIFF completed...       0.2230 seconds
              DECOUPLE completed...       0.0448 seconds
                  PHOT completed...       0.1783 seconds
               CLDPROC completed...       0.2692 seconds
                  CHEM completed...       0.6341 seconds
                  AERO completed...       0.9457 seconds
            Master Time Step
            Processing completed...       5.3654 seconds

     Processing Day/Time [YYYYDDD:HHMMSS]: 2017356:075500
       Which is Equivalent to (UTC): 7:55:00  Friday,  Dec. 22, 2017
       Time-Step Length (HHMMSS): 000500
                 VDIFF completed...       2.4163 seconds
                COUPLE completed...       0.1712 seconds
                  HADV completed...       1.3007 seconds
                  ZADV completed...       0.2923 seconds
                 HDIFF completed...       0.2315 seconds
              DECOUPLE completed...       0.0444 seconds
                  PHOT completed...       0.1788 seconds
               CLDPROC completed...       1.1768 seconds
                  CHEM completed...       0.6205 seconds
                  AERO completed...       0.9627 seconds
            Master Time Step
            Processing completed...       7.4023 seconds

      =--> Data Output completed...       1.3519 seconds

     Processing Day/Time [YYYYDDD:HHMMSS]: 2017356:080000
       Which is Equivalent to (UTC): 8:00:00  Friday,  Dec. 22, 2017
       Time-Step Length (HHMMSS): 000500
                 VDIFF completed...       4.8381 seconds
                COUPLE completed...       0.1732 seconds
                  HADV completed...       2.9734 seconds
                  ZADV completed...       0.2966 seconds
                 HDIFF completed...       0.2275 seconds
              DECOUPLE completed...       0.0441 seconds
                  PHOT completed...       1.0500 seconds
               CLDPROC completed...       0.2728 seconds
                  CHEM completed...       0.6335 seconds
                  AERO completed...       0.9456 seconds
            Master Time Step
            Processing completed...      11.4603 seconds

     Processing Day/Time [YYYYDDD:HHMMSS]: 2017356:080500
       Which is Equivalent to (UTC): 8:05:00  Friday,  Dec. 22, 2017
       Time-Step Length (HHMMSS): 000500
                 VDIFF completed...       0.7763 seconds
                COUPLE completed...       0.1289 seconds
                  HADV completed...       1.7717 seconds
                  ZADV completed...       0.2962 seconds
                 HDIFF completed...       0.2281 seconds
              DECOUPLE completed...       0.0445 seconds
                  PHOT completed...       0.1791 seconds
               CLDPROC completed...       0.2693 seconds
                  CHEM completed...       0.6325 seconds
                  AERO completed...       0.9348 seconds
            Master Time Step
            Processing completed...       5.2670 seconds

     Processing Day/Time [YYYYDDD:HHMMSS]: 2017356:081000
       Which is Equivalent to (UTC): 8:10:00  Friday,  Dec. 22, 2017
       Time-Step Length (HHMMSS): 000500
                 VDIFF completed...       0.7567 seconds
                COUPLE completed...       0.1241 seconds
                  HADV completed...       1.9029 seconds
                  ZADV completed...       0.3201 seconds
                 HDIFF completed...       0.2043 seconds
              DECOUPLE completed...       0.0442 seconds
                  PHOT completed...       0.1788 seconds
               CLDPROC completed...       0.2711 seconds
                  CHEM completed...       0.6312 seconds
                  AERO completed...       0.9371 seconds
            Master Time Step
            Processing completed...       5.3748 seconds

     Processing Day/Time [YYYYDDD:HHMMSS]: 2017356:081500
       Which is Equivalent to (UTC): 8:15:00  Friday,  Dec. 22, 2017
       Time-Step Length (HHMMSS): 000500
                 VDIFF completed...       0.7606 seconds
                COUPLE completed...       0.1230 seconds
                  HADV completed...       1.8936 seconds
                  ZADV completed...       0.2972 seconds
                 HDIFF completed...       0.2267 seconds
              DECOUPLE completed...       0.0445 seconds
                  PHOT completed...       0.1785 seconds
               CLDPROC completed...       0.2724 seconds
                  CHEM completed...       0.6305 seconds
                  AERO completed...       0.9353 seconds
            Master Time Step
            Processing completed...       5.3669 seconds

     Processing Day/Time [YYYYDDD:HHMMSS]: 2017356:082000
       Which is Equivalent to (UTC): 8:20:00  Friday,  Dec. 22, 2017
       Time-Step Length (HHMMSS): 000500
                 VDIFF completed...       0.7547 seconds
                COUPLE completed...       0.1251 seconds
                  HADV completed...       1.9004 seconds
                  ZADV completed...       0.2981 seconds
                 HDIFF completed...       0.2257 seconds
              DECOUPLE completed...       0.0445 seconds
                  PHOT completed...       0.1787 seconds
               CLDPROC completed...       0.2713 seconds
                  CHEM completed...       0.6296 seconds
                  AERO completed...       0.9339 seconds
            Master Time Step
            Processing completed...       5.3675 seconds

     Processing Day/Time [YYYYDDD:HHMMSS]: 2017356:082500
       Which is Equivalent to (UTC): 8:25:00  Friday,  Dec. 22, 2017
       Time-Step Length (HHMMSS): 000500
                 VDIFF completed...       0.7581 seconds
                COUPLE completed...       0.1231 seconds
                  HADV completed...       1.9117 seconds
                  ZADV completed...       0.2954 seconds
                 HDIFF completed...       0.2288 seconds
              DECOUPLE completed...       0.0433 seconds
                  PHOT completed...       0.1799 seconds
               CLDPROC completed...       0.2715 seconds
                  CHEM completed...       0.6291 seconds
                  AERO completed...       0.9392 seconds
            Master Time Step
            Processing completed...       5.3854 seconds

     Processing Day/Time [YYYYDDD:HHMMSS]: 2017356:083000
       Which is Equivalent to (UTC): 8:30:00  Friday,  Dec. 22, 2017
       Time-Step Length (HHMMSS): 000500
                 VDIFF completed...       0.7616 seconds
                COUPLE completed...       0.1236 seconds
                  HADV completed...       1.8995 seconds
                  ZADV completed...       0.2962 seconds
                 HDIFF completed...       0.2284 seconds
              DECOUPLE completed...       0.0440 seconds
                  PHOT completed...       0.1788 seconds
               CLDPROC completed...       0.2711 seconds
                  CHEM completed...       0.6284 seconds
                  AERO completed...       0.9359 seconds
            Master Time Step
            Processing completed...       5.3726 seconds

     Processing Day/Time [YYYYDDD:HHMMSS]: 2017356:083500
       Which is Equivalent to (UTC): 8:35:00  Friday,  Dec. 22, 2017
       Time-Step Length (HHMMSS): 000500
                 VDIFF completed...       0.7595 seconds
                COUPLE completed...       0.1235 seconds
                  HADV completed...       1.9128 seconds
                  ZADV completed...       0.2963 seconds
                 HDIFF completed...       0.2274 seconds
              DECOUPLE completed...       0.0442 seconds
                  PHOT completed...       0.1786 seconds
               CLDPROC completed...       0.2706 seconds
                  CHEM completed...       0.6286 seconds
                  AERO completed...       0.9368 seconds
            Master Time Step
            Processing completed...       5.3836 seconds

     Processing Day/Time [YYYYDDD:HHMMSS]: 2017356:084000
       Which is Equivalent to (UTC): 8:40:00  Friday,  Dec. 22, 2017
       Time-Step Length (HHMMSS): 000500
                 VDIFF completed...       0.7672 seconds
                COUPLE completed...       0.1238 seconds
                  HADV completed...       1.8896 seconds
                  ZADV completed...       0.2980 seconds
                 HDIFF completed...       0.2259 seconds
              DECOUPLE completed...       0.0437 seconds
                  PHOT completed...       0.1788 seconds
               CLDPROC completed...       0.2697 seconds
                  CHEM completed...       0.6288 seconds
                  AERO completed...       0.9373 seconds
            Master Time Step
            Processing completed...       5.3680 seconds

     Processing Day/Time [YYYYDDD:HHMMSS]: 2017356:084500
       Which is Equivalent to (UTC): 8:45:00  Friday,  Dec. 22, 2017
       Time-Step Length (HHMMSS): 000500
                 VDIFF completed...       0.7674 seconds
                COUPLE completed...       0.1232 seconds
                  HADV completed...       1.8994 seconds
                  ZADV completed...       0.2981 seconds
                 HDIFF completed...       0.2261 seconds
              DECOUPLE completed...       0.0444 seconds
                  PHOT completed...       0.1788 seconds
               CLDPROC completed...       0.2675 seconds
                  CHEM completed...       0.6293 seconds
                  AERO completed...       0.9393 seconds
            Master Time Step
            Processing completed...       5.3788 seconds

     Processing Day/Time [YYYYDDD:HHMMSS]: 2017356:085000
       Which is Equivalent to (UTC): 8:50:00  Friday,  Dec. 22, 2017
       Time-Step Length (HHMMSS): 000500
                 VDIFF completed...       0.7658 seconds
                COUPLE completed...       0.1251 seconds
                  HADV completed...       1.8994 seconds
                  ZADV completed...       0.2988 seconds
                 HDIFF completed...       0.2244 seconds
              DECOUPLE completed...       0.0444 seconds
                  PHOT completed...       0.1791 seconds
               CLDPROC completed...       0.2662 seconds
                  CHEM completed...       0.6310 seconds
                  AERO completed...       0.9652 seconds
            Master Time Step
            Processing completed...       5.4052 seconds

     Processing Day/Time [YYYYDDD:HHMMSS]: 2017356:085500
       Which is Equivalent to (UTC): 8:55:00  Friday,  Dec. 22, 2017
       Time-Step Length (HHMMSS): 000500
                 VDIFF completed...       2.4390 seconds
                COUPLE completed...       0.1707 seconds
                  HADV completed...       1.2987 seconds
                  ZADV completed...       0.2951 seconds
                 HDIFF completed...       0.2283 seconds
              DECOUPLE completed...       0.0441 seconds
                  PHOT completed...       0.1791 seconds
               CLDPROC completed...       1.2122 seconds
                  CHEM completed...       0.5982 seconds
                  AERO completed...       0.9507 seconds
            Master Time Step
            Processing completed...       7.4224 seconds

      =--> Data Output completed...       1.3618 seconds

     Processing Day/Time [YYYYDDD:HHMMSS]: 2017356:090000
       Which is Equivalent to (UTC): 9:00:00  Friday,  Dec. 22, 2017
       Time-Step Length (HHMMSS): 000500
                 VDIFF completed...       4.8328 seconds
                COUPLE completed...       0.1578 seconds
                  HADV completed...       2.8809 seconds
                  ZADV completed...       0.2975 seconds
                 HDIFF completed...       0.2281 seconds
              DECOUPLE completed...       0.0438 seconds
                  PHOT completed...       1.0188 seconds
               CLDPROC completed...       0.2694 seconds
                  CHEM completed...       0.6291 seconds
                  AERO completed...       0.9476 seconds
            Master Time Step
            Processing completed...      11.3088 seconds

     Processing Day/Time [YYYYDDD:HHMMSS]: 2017356:090500
       Which is Equivalent to (UTC): 9:05:00  Friday,  Dec. 22, 2017
       Time-Step Length (HHMMSS): 000500
                 VDIFF completed...       0.7819 seconds
                COUPLE completed...       0.1304 seconds
                  HADV completed...       1.7914 seconds
                  ZADV completed...       0.2940 seconds
                 HDIFF completed...       0.2308 seconds
              DECOUPLE completed...       0.0441 seconds
                  PHOT completed...       0.1807 seconds
               CLDPROC completed...       0.2648 seconds
                  CHEM completed...       0.6314 seconds
                  AERO completed...       0.9335 seconds
            Master Time Step
            Processing completed...       5.2868 seconds

     Processing Day/Time [YYYYDDD:HHMMSS]: 2017356:091000
       Which is Equivalent to (UTC): 9:10:00  Friday,  Dec. 22, 2017
       Time-Step Length (HHMMSS): 000500
                 VDIFF completed...       0.7776 seconds
                COUPLE completed...       0.1195 seconds
                  HADV completed...       1.8943 seconds
                  ZADV completed...       0.3024 seconds
                 HDIFF completed...       0.2222 seconds
              DECOUPLE completed...       0.0434 seconds
                  PHOT completed...       0.1804 seconds
               CLDPROC completed...       0.2671 seconds
                  CHEM completed...       0.6300 seconds
                  AERO completed...       0.9374 seconds
            Master Time Step
            Processing completed...       5.3763 seconds

     Processing Day/Time [YYYYDDD:HHMMSS]: 2017356:091500
       Which is Equivalent to (UTC): 9:15:00  Friday,  Dec. 22, 2017
       Time-Step Length (HHMMSS): 000500
                 VDIFF completed...       0.7688 seconds
                COUPLE completed...       0.1219 seconds
                  HADV completed...       1.9159 seconds
                  ZADV completed...       0.2963 seconds
                 HDIFF completed...       0.2277 seconds
              DECOUPLE completed...       0.0440 seconds
                  PHOT completed...       0.1788 seconds
               CLDPROC completed...       0.2665 seconds
                  CHEM completed...       0.6289 seconds
                  AERO completed...       0.9395 seconds
            Master Time Step
            Processing completed...       5.3929 seconds

     Processing Day/Time [YYYYDDD:HHMMSS]: 2017356:092000
       Which is Equivalent to (UTC): 9:20:00  Friday,  Dec. 22, 2017
       Time-Step Length (HHMMSS): 000500
                 VDIFF completed...       0.7724 seconds
                COUPLE completed...       0.1182 seconds
                  HADV completed...       1.9085 seconds
                  ZADV completed...       0.2949 seconds
                 HDIFF completed...       0.2301 seconds
              DECOUPLE completed...       0.0442 seconds
                  PHOT completed...       0.1794 seconds
               CLDPROC completed...       0.2675 seconds
                  CHEM completed...       0.6290 seconds
                  AERO completed...       0.9380 seconds
            Master Time Step
            Processing completed...       5.3833 seconds

     Processing Day/Time [YYYYDDD:HHMMSS]: 2017356:092500
       Which is Equivalent to (UTC): 9:25:00  Friday,  Dec. 22, 2017
       Time-Step Length (HHMMSS): 000500
                 VDIFF completed...       0.7791 seconds
                COUPLE completed...       0.1182 seconds
                  HADV completed...       1.9008 seconds
                  ZADV completed...       0.2961 seconds
                 HDIFF completed...       0.2281 seconds
              DECOUPLE completed...       0.0438 seconds
                  PHOT completed...       0.1797 seconds
               CLDPROC completed...       0.2677 seconds
                  CHEM completed...       0.6279 seconds
                  AERO completed...       0.9392 seconds
            Master Time Step
            Processing completed...       5.3831 seconds

     Processing Day/Time [YYYYDDD:HHMMSS]: 2017356:093000
       Which is Equivalent to (UTC): 9:30:00  Friday,  Dec. 22, 2017
       Time-Step Length (HHMMSS): 000500
                 VDIFF completed...       0.7805 seconds
                COUPLE completed...       0.1253 seconds
                  HADV completed...       1.8908 seconds
                  ZADV completed...       0.3004 seconds
                 HDIFF completed...       0.2238 seconds
              DECOUPLE completed...       0.0439 seconds
                  PHOT completed...       0.1802 seconds
               CLDPROC completed...       0.2658 seconds
                  CHEM completed...       0.6299 seconds
                  AERO completed...       0.9366 seconds
            Master Time Step
            Processing completed...       5.3809 seconds

     Processing Day/Time [YYYYDDD:HHMMSS]: 2017356:093500
       Which is Equivalent to (UTC): 9:35:00  Friday,  Dec. 22, 2017
       Time-Step Length (HHMMSS): 000500
                 VDIFF completed...       0.7612 seconds
                COUPLE completed...       0.1208 seconds
                  HADV completed...       1.9212 seconds
                  ZADV completed...       0.2933 seconds
                 HDIFF completed...       0.2312 seconds
              DECOUPLE completed...       0.0437 seconds
                  PHOT completed...       0.1799 seconds
               CLDPROC completed...       0.2661 seconds
                  CHEM completed...       0.6286 seconds
                  AERO completed...       0.9329 seconds
            Master Time Step
            Processing completed...       5.3808 seconds

     Processing Day/Time [YYYYDDD:HHMMSS]: 2017356:094000
       Which is Equivalent to (UTC): 9:40:00  Friday,  Dec. 22, 2017
       Time-Step Length (HHMMSS): 000500
                 VDIFF completed...       0.7799 seconds
                COUPLE completed...       0.1163 seconds
                  HADV completed...       1.9087 seconds
                  ZADV completed...       0.2942 seconds
                 HDIFF completed...       0.2310 seconds
              DECOUPLE completed...       0.0440 seconds
                  PHOT completed...       0.1798 seconds
               CLDPROC completed...       0.2642 seconds
                  CHEM completed...       0.6284 seconds
                  AERO completed...       0.9313 seconds
            Master Time Step
            Processing completed...       5.3789 seconds

     Processing Day/Time [YYYYDDD:HHMMSS]: 2017356:094500
       Which is Equivalent to (UTC): 9:45:00  Friday,  Dec. 22, 2017
       Time-Step Length (HHMMSS): 000500
                 VDIFF completed...       0.7864 seconds
                COUPLE completed...       0.1190 seconds
                  HADV completed...       1.9001 seconds
                  ZADV completed...       0.2943 seconds
                 HDIFF completed...       0.2302 seconds
              DECOUPLE completed...       0.0442 seconds
                  PHOT completed...       0.1798 seconds
               CLDPROC completed...       0.2637 seconds
                  CHEM completed...       0.6287 seconds
                  AERO completed...       0.9298 seconds
            Master Time Step
            Processing completed...       5.3773 seconds

     Processing Day/Time [YYYYDDD:HHMMSS]: 2017356:095000
       Which is Equivalent to (UTC): 9:50:00  Friday,  Dec. 22, 2017
       Time-Step Length (HHMMSS): 000500
                 VDIFF completed...       0.7887 seconds
                COUPLE completed...       0.1189 seconds
                  HADV completed...       1.9022 seconds
                  ZADV completed...       0.2944 seconds
                 HDIFF completed...       0.2301 seconds
              DECOUPLE completed...       0.0433 seconds
                  PHOT completed...       0.1804 seconds
               CLDPROC completed...       0.2627 seconds
                  CHEM completed...       0.6289 seconds
                  AERO completed...       0.9314 seconds
            Master Time Step
            Processing completed...       5.3821 seconds

     Processing Day/Time [YYYYDDD:HHMMSS]: 2017356:095500
       Which is Equivalent to (UTC): 9:55:00  Friday,  Dec. 22, 2017
       Time-Step Length (HHMMSS): 000500
                 VDIFF completed...       2.4643 seconds
                COUPLE completed...       0.1710 seconds
                  HADV completed...       1.2975 seconds
                  ZADV completed...       0.2930 seconds
                 HDIFF completed...       0.2301 seconds
              DECOUPLE completed...       0.0441 seconds
                  PHOT completed...       0.1788 seconds
               CLDPROC completed...       1.2126 seconds
                  CHEM completed...       0.5998 seconds
                  AERO completed...       0.9468 seconds
            Master Time Step
            Processing completed...       7.4437 seconds

      =--> Data Output completed...       1.3624 seconds

     Processing Day/Time [YYYYDDD:HHMMSS]: 2017356:100000
       Which is Equivalent to (UTC): 10:00:00 Friday,  Dec. 22, 2017
       Time-Step Length (HHMMSS): 000500
                 VDIFF completed...       4.8207 seconds
                COUPLE completed...       0.1691 seconds
                  HADV completed...       2.9655 seconds
                  ZADV completed...       0.2962 seconds
                 HDIFF completed...       0.2276 seconds
              DECOUPLE completed...       0.0445 seconds
                  PHOT completed...       0.8745 seconds
               CLDPROC completed...       0.2645 seconds
                  CHEM completed...       0.6307 seconds
                  AERO completed...       0.9428 seconds
            Master Time Step
            Processing completed...      11.2398 seconds

     Processing Day/Time [YYYYDDD:HHMMSS]: 2017356:100500
       Which is Equivalent to (UTC): 10:05:00 Friday,  Dec. 22, 2017
       Time-Step Length (HHMMSS): 000500
                 VDIFF completed...       0.7836 seconds
                COUPLE completed...       0.1185 seconds
                  HADV completed...       2.1004 seconds
                  ZADV completed...       0.2957 seconds
                 HDIFF completed...       0.2284 seconds
              DECOUPLE completed...       0.0437 seconds
                  PHOT completed...       0.1803 seconds
               CLDPROC completed...       0.2610 seconds
                  CHEM completed...       0.6311 seconds
                  AERO completed...       0.9297 seconds
            Master Time Step
            Processing completed...       5.5758 seconds

     Processing Day/Time [YYYYDDD:HHMMSS]: 2017356:101000
       Which is Equivalent to (UTC): 10:10:00 Friday,  Dec. 22, 2017
       Time-Step Length (HHMMSS): 000500
                 VDIFF completed...       0.8074 seconds
                COUPLE completed...       0.1154 seconds
                  HADV completed...       1.8790 seconds
                  ZADV completed...       0.2950 seconds
                 HDIFF completed...       0.2292 seconds
              DECOUPLE completed...       0.0443 seconds
                  PHOT completed...       0.1789 seconds
               CLDPROC completed...       0.2607 seconds
                  CHEM completed...       0.6452 seconds
                  AERO completed...       0.9297 seconds
            Master Time Step
            Processing completed...       5.3901 seconds

     Processing Day/Time [YYYYDDD:HHMMSS]: 2017356:101500
       Which is Equivalent to (UTC): 10:15:00 Friday,  Dec. 22, 2017
       Time-Step Length (HHMMSS): 000500
                 VDIFF completed...       0.7942 seconds
                COUPLE completed...       0.1181 seconds
                  HADV completed...       1.8917 seconds
                  ZADV completed...       0.2972 seconds
                 HDIFF completed...       0.2271 seconds
              DECOUPLE completed...       0.0438 seconds
                  PHOT completed...       0.1802 seconds
               CLDPROC completed...       0.2622 seconds
                  CHEM completed...       0.6319 seconds
                  AERO completed...       0.9304 seconds
            Master Time Step
            Processing completed...       5.3789 seconds

     Processing Day/Time [YYYYDDD:HHMMSS]: 2017356:102000
       Which is Equivalent to (UTC): 10:20:00 Friday,  Dec. 22, 2017
       Time-Step Length (HHMMSS): 000500
                 VDIFF completed...       0.7556 seconds
                COUPLE completed...       0.1215 seconds
                  HADV completed...       1.9295 seconds
                  ZADV completed...       0.2972 seconds
                 HDIFF completed...       0.2277 seconds
              DECOUPLE completed...       0.0439 seconds
                  PHOT completed...       0.1796 seconds
               CLDPROC completed...       0.2632 seconds
                  CHEM completed...       0.6305 seconds
                  AERO completed...       0.9329 seconds
            Master Time Step
            Processing completed...       5.3828 seconds

     Processing Day/Time [YYYYDDD:HHMMSS]: 2017356:102500
       Which is Equivalent to (UTC): 10:25:00 Friday,  Dec. 22, 2017
       Time-Step Length (HHMMSS): 000500
                 VDIFF completed...       0.7636 seconds
                COUPLE completed...       0.1203 seconds
                  HADV completed...       1.9247 seconds
                  ZADV completed...       0.2982 seconds
                 HDIFF completed...       0.2265 seconds
              DECOUPLE completed...       0.0441 seconds
                  PHOT completed...       0.1798 seconds
               CLDPROC completed...       0.2619 seconds
                  CHEM completed...       0.6305 seconds
                  AERO completed...       0.9294 seconds
            Master Time Step
            Processing completed...       5.3800 seconds

     Processing Day/Time [YYYYDDD:HHMMSS]: 2017356:103000
       Which is Equivalent to (UTC): 10:30:00 Friday,  Dec. 22, 2017
       Time-Step Length (HHMMSS): 000500
                 VDIFF completed...       0.7839 seconds
                COUPLE completed...       0.1154 seconds
                  HADV completed...       1.9184 seconds
                  ZADV completed...       0.2966 seconds
                 HDIFF completed...       0.2283 seconds
              DECOUPLE completed...       0.0444 seconds
                  PHOT completed...       0.1800 seconds
               CLDPROC completed...       0.2609 seconds
                  CHEM completed...       0.6299 seconds
                  AERO completed...       0.9272 seconds
            Master Time Step
            Processing completed...       5.3861 seconds

     Processing Day/Time [YYYYDDD:HHMMSS]: 2017356:103500
       Which is Equivalent to (UTC): 10:35:00 Friday,  Dec. 22, 2017
       Time-Step Length (HHMMSS): 000500
                 VDIFF completed...       0.7889 seconds
                COUPLE completed...       0.1178 seconds
                  HADV completed...       1.9158 seconds
                  ZADV completed...       0.2968 seconds
                 HDIFF completed...       0.2274 seconds
              DECOUPLE completed...       0.0441 seconds
                  PHOT completed...       0.1800 seconds
               CLDPROC completed...       0.2618 seconds
                  CHEM completed...       0.6302 seconds
                  AERO completed...       0.9274 seconds
            Master Time Step
            Processing completed...       5.3913 seconds

     Processing Day/Time [YYYYDDD:HHMMSS]: 2017356:104000
       Which is Equivalent to (UTC): 10:40:00 Friday,  Dec. 22, 2017
       Time-Step Length (HHMMSS): 000500
                 VDIFF completed...       0.7747 seconds
                COUPLE completed...       0.1215 seconds
                  HADV completed...       1.9573 seconds
                  ZADV completed...       0.2989 seconds
                 HDIFF completed...       0.2265 seconds
              DECOUPLE completed...       0.0438 seconds
                  PHOT completed...       0.1798 seconds
               CLDPROC completed...       0.2600 seconds
                  CHEM completed...       0.6255 seconds
                  AERO completed...       0.9265 seconds
            Master Time Step
            Processing completed...       5.4158 seconds

     Processing Day/Time [YYYYDDD:HHMMSS]: 2017356:104500
       Which is Equivalent to (UTC): 10:45:00 Friday,  Dec. 22, 2017
       Time-Step Length (HHMMSS): 000500
                 VDIFF completed...       0.8406 seconds
                COUPLE completed...       0.1073 seconds
                  HADV completed...       1.8770 seconds
                  ZADV completed...       0.2986 seconds
                 HDIFF completed...       0.2265 seconds
              DECOUPLE completed...       0.0441 seconds
                  PHOT completed...       0.1797 seconds
               CLDPROC completed...       0.2596 seconds
                  CHEM completed...       0.6297 seconds
                  AERO completed...       0.9266 seconds
            Master Time Step
            Processing completed...       5.3908 seconds

     Processing Day/Time [YYYYDDD:HHMMSS]: 2017356:105000
       Which is Equivalent to (UTC): 10:50:00 Friday,  Dec. 22, 2017
       Time-Step Length (HHMMSS): 000500
                 VDIFF completed...       0.7921 seconds
                COUPLE completed...       0.1219 seconds
                  HADV completed...       1.9012 seconds
                  ZADV completed...       0.2987 seconds
                 HDIFF completed...       0.2266 seconds
              DECOUPLE completed...       0.0443 seconds
                  PHOT completed...       0.1797 seconds
               CLDPROC completed...       0.2574 seconds
                  CHEM completed...       0.6298 seconds
                  AERO completed...       0.9265 seconds
            Master Time Step
            Processing completed...       5.3792 seconds

     Processing Day/Time [YYYYDDD:HHMMSS]: 2017356:105500
       Which is Equivalent to (UTC): 10:55:00 Friday,  Dec. 22, 2017
       Time-Step Length (HHMMSS): 000500
                 VDIFF completed...       2.4841 seconds
                COUPLE completed...       0.1711 seconds
                  HADV completed...       1.2972 seconds
                  ZADV completed...       0.2963 seconds
                 HDIFF completed...       0.2283 seconds
              DECOUPLE completed...       0.0441 seconds
                  PHOT completed...       0.1788 seconds
               CLDPROC completed...       1.2264 seconds
                  CHEM completed...       0.5993 seconds
                  AERO completed...       0.9416 seconds
            Master Time Step
            Processing completed...       7.4729 seconds

      =--> Data Output completed...       1.3750 seconds

     Processing Day/Time [YYYYDDD:HHMMSS]: 2017356:110000
       Which is Equivalent to (UTC): 11:00:00 Friday,  Dec. 22, 2017
       Time-Step Length (HHMMSS): 000500
                 VDIFF completed...       4.5232 seconds
                COUPLE completed...       0.1690 seconds
                  HADV completed...       2.9169 seconds
                  ZADV completed...       0.3002 seconds
                 HDIFF completed...       0.2244 seconds
              DECOUPLE completed...       0.0450 seconds
                  PHOT completed...       1.0968 seconds
               CLDPROC completed...       0.2577 seconds
                  CHEM completed...       0.6279 seconds
                  AERO completed...       0.9266 seconds
            Master Time Step
            Processing completed...      11.0918 seconds

     Processing Day/Time [YYYYDDD:HHMMSS]: 2017356:110500
       Which is Equivalent to (UTC): 11:05:00 Friday,  Dec. 22, 2017
       Time-Step Length (HHMMSS): 000500
                 VDIFF completed...       0.7682 seconds
                COUPLE completed...       0.1331 seconds
                  HADV completed...       1.8190 seconds
                  ZADV completed...       0.2945 seconds
                 HDIFF completed...       0.2303 seconds
              DECOUPLE completed...       0.0437 seconds
                  PHOT completed...       0.1801 seconds
               CLDPROC completed...       0.2558 seconds
                  CHEM completed...       0.6308 seconds
                  AERO completed...       0.9205 seconds
            Master Time Step
            Processing completed...       5.2775 seconds

     Processing Day/Time [YYYYDDD:HHMMSS]: 2017356:111000
       Which is Equivalent to (UTC): 11:10:00 Friday,  Dec. 22, 2017
       Time-Step Length (HHMMSS): 000500
                 VDIFF completed...       0.7943 seconds
                COUPLE completed...       0.1212 seconds
                  HADV completed...       1.8969 seconds
                  ZADV completed...       0.2998 seconds
                 HDIFF completed...       0.2253 seconds
              DECOUPLE completed...       0.0439 seconds
                  PHOT completed...       0.1800 seconds
               CLDPROC completed...       0.2554 seconds
                  CHEM completed...       0.6306 seconds
                  AERO completed...       0.9190 seconds
            Master Time Step
            Processing completed...       5.3686 seconds

     Processing Day/Time [YYYYDDD:HHMMSS]: 2017356:111500
       Which is Equivalent to (UTC): 11:15:00 Friday,  Dec. 22, 2017
       Time-Step Length (HHMMSS): 000500
                 VDIFF completed...       0.7687 seconds
                COUPLE completed...       0.1236 seconds
                  HADV completed...       1.9328 seconds
                  ZADV completed...       0.2992 seconds
                 HDIFF completed...       0.2252 seconds
              DECOUPLE completed...       0.0440 seconds
                  PHOT completed...       0.1787 seconds
               CLDPROC completed...       0.2565 seconds
                  CHEM completed...       0.6309 seconds
                  AERO completed...       0.9190 seconds
            Master Time Step
            Processing completed...       5.3832 seconds

     Processing Day/Time [YYYYDDD:HHMMSS]: 2017356:112000
       Which is Equivalent to (UTC): 11:20:00 Friday,  Dec. 22, 2017
       Time-Step Length (HHMMSS): 000500
                 VDIFF completed...       0.7637 seconds
                COUPLE completed...       0.1237 seconds
                  HADV completed...       1.9283 seconds
                  ZADV completed...       0.3019 seconds
                 HDIFF completed...       0.2223 seconds
              DECOUPLE completed...       0.0436 seconds
                  PHOT completed...       0.1781 seconds
               CLDPROC completed...       0.2572 seconds
                  CHEM completed...       0.6301 seconds
                  AERO completed...       0.9453 seconds
            Master Time Step
            Processing completed...       5.3995 seconds

     Processing Day/Time [YYYYDDD:HHMMSS]: 2017356:112500
       Which is Equivalent to (UTC): 11:25:00 Friday,  Dec. 22, 2017
       Time-Step Length (HHMMSS): 000500
                 VDIFF completed...       0.7584 seconds
                COUPLE completed...       0.1246 seconds
                  HADV completed...       1.9163 seconds
                  ZADV completed...       0.2992 seconds
                 HDIFF completed...       0.2257 seconds
              DECOUPLE completed...       0.0442 seconds
                  PHOT completed...       0.1776 seconds
               CLDPROC completed...       0.2507 seconds
                  CHEM completed...       0.6289 seconds
                  AERO completed...       0.9413 seconds
            Master Time Step
            Processing completed...       5.3706 seconds

     Processing Day/Time [YYYYDDD:HHMMSS]: 2017356:113000
       Which is Equivalent to (UTC): 11:30:00 Friday,  Dec. 22, 2017
       Time-Step Length (HHMMSS): 000500
                 VDIFF completed...       0.7500 seconds
                COUPLE completed...       0.1248 seconds
                  HADV completed...       1.9390 seconds
                  ZADV completed...       0.3001 seconds
                 HDIFF completed...       0.2240 seconds
              DECOUPLE completed...       0.0440 seconds
                  PHOT completed...       0.1770 seconds
               CLDPROC completed...       0.2442 seconds
                  CHEM completed...       0.6357 seconds
                  AERO completed...       0.9196 seconds
            Master Time Step
            Processing completed...       5.3640 seconds

     Processing Day/Time [YYYYDDD:HHMMSS]: 2017356:113500
       Which is Equivalent to (UTC): 11:35:00 Friday,  Dec. 22, 2017
       Time-Step Length (HHMMSS): 000500
                 VDIFF completed...       0.7108 seconds
                COUPLE completed...       0.1351 seconds
                  HADV completed...       1.9859 seconds
                  ZADV completed...       0.3003 seconds
                 HDIFF completed...       0.2238 seconds
              DECOUPLE completed...       0.0438 seconds
                  PHOT completed...       0.1774 seconds
               CLDPROC completed...       0.2414 seconds
                  CHEM completed...       0.6168 seconds
                  AERO completed...       0.9096 seconds
            Master Time Step
            Processing completed...       5.3501 seconds

     Processing Day/Time [YYYYDDD:HHMMSS]: 2017356:114000
       Which is Equivalent to (UTC): 11:40:00 Friday,  Dec. 22, 2017
       Time-Step Length (HHMMSS): 000500
                 VDIFF completed...       0.6929 seconds
                COUPLE completed...       0.1352 seconds
                  HADV completed...       2.0261 seconds
                  ZADV completed...       0.3005 seconds
                 HDIFF completed...       0.2228 seconds
              DECOUPLE completed...       0.0450 seconds
                  PHOT completed...       0.1776 seconds
               CLDPROC completed...       0.2407 seconds
                  CHEM completed...       0.6146 seconds
                  AERO completed...       0.9046 seconds
            Master Time Step
            Processing completed...       5.3634 seconds

     Processing Day/Time [YYYYDDD:HHMMSS]: 2017356:114500
       Which is Equivalent to (UTC): 11:45:00 Friday,  Dec. 22, 2017
       Time-Step Length (HHMMSS): 000500
                 VDIFF completed...       0.7206 seconds
                COUPLE completed...       0.1323 seconds
                  HADV completed...       2.0089 seconds
                  ZADV completed...       0.3101 seconds
                 HDIFF completed...       0.2112 seconds
              DECOUPLE completed...       0.0446 seconds
                  PHOT completed...       0.1766 seconds
               CLDPROC completed...       0.2386 seconds
                  CHEM completed...       0.6121 seconds
                  AERO completed...       0.9030 seconds
            Master Time Step
            Processing completed...       5.3611 seconds

     Processing Day/Time [YYYYDDD:HHMMSS]: 2017356:115000
       Which is Equivalent to (UTC): 11:50:00 Friday,  Dec. 22, 2017
       Time-Step Length (HHMMSS): 000500
                 VDIFF completed...       0.6718 seconds
                COUPLE completed...       0.1294 seconds
                  HADV completed...       2.0541 seconds
                  ZADV completed...       0.3009 seconds
                 HDIFF completed...       0.2240 seconds
              DECOUPLE completed...       0.0439 seconds
                  PHOT completed...       0.1769 seconds
               CLDPROC completed...       0.2343 seconds
                  CHEM completed...       0.6130 seconds
                  AERO completed...       0.9050 seconds
            Master Time Step
            Processing completed...       5.3543 seconds

     Processing Day/Time [YYYYDDD:HHMMSS]: 2017356:115500
       Which is Equivalent to (UTC): 11:55:00 Friday,  Dec. 22, 2017
       Time-Step Length (HHMMSS): 000500
                 VDIFF completed...       2.5607 seconds
                COUPLE completed...       0.1704 seconds
                  HADV completed...       1.2957 seconds
                  ZADV completed...       0.3005 seconds
                 HDIFF completed...       0.2242 seconds
              DECOUPLE completed...       0.0445 seconds
                  PHOT completed...       0.1753 seconds
               CLDPROC completed...       1.1991 seconds
                  CHEM completed...       0.5727 seconds
                  AERO completed...       0.9188 seconds
            Master Time Step
            Processing completed...       7.4672 seconds

      =--> Data Output completed...       1.3551 seconds

     Processing Day/Time [YYYYDDD:HHMMSS]: 2017356:120000
       Which is Equivalent to (UTC): 12:00:00 Friday,  Dec. 22, 2017
       Time-Step Length (HHMMSS): 000500
                 VDIFF completed...       4.5457 seconds
                COUPLE completed...       0.1719 seconds
                  HADV completed...       3.1602 seconds
                  ZADV completed...       0.3040 seconds
                 HDIFF completed...       0.2208 seconds
              DECOUPLE completed...       0.0449 seconds
                  PHOT completed...       1.0419 seconds
               CLDPROC completed...       0.2203 seconds
                  CHEM completed...       0.6053 seconds
                  AERO completed...       0.9022 seconds
            Master Time Step
            Processing completed...      11.2222 seconds

     Processing Day/Time [YYYYDDD:HHMMSS]: 2017356:120500
       Which is Equivalent to (UTC): 12:05:00 Friday,  Dec. 22, 2017
       Time-Step Length (HHMMSS): 000500
                 VDIFF completed...       0.7400 seconds
                COUPLE completed...       0.1341 seconds
                  HADV completed...       2.0092 seconds
                  ZADV completed...       0.3007 seconds
                 HDIFF completed...       0.2238 seconds
              DECOUPLE completed...       0.0440 seconds
                  PHOT completed...       0.1747 seconds
               CLDPROC completed...       0.2161 seconds
                  CHEM completed...       0.6004 seconds
                  AERO completed...       0.8934 seconds
            Master Time Step
            Processing completed...       5.3420 seconds

     Processing Day/Time [YYYYDDD:HHMMSS]: 2017356:121000
       Which is Equivalent to (UTC): 12:10:00 Friday,  Dec. 22, 2017
       Time-Step Length (HHMMSS): 000500
                 VDIFF completed...       0.6928 seconds
                COUPLE completed...       0.1435 seconds
                  HADV completed...       2.1034 seconds
                  ZADV completed...       0.3036 seconds
                 HDIFF completed...       0.2222 seconds
              DECOUPLE completed...       0.0442 seconds
                  PHOT completed...       0.1748 seconds
               CLDPROC completed...       0.2128 seconds
                  CHEM completed...       0.5983 seconds
                  AERO completed...       0.8857 seconds
            Master Time Step
            Processing completed...       5.3841 seconds

     Processing Day/Time [YYYYDDD:HHMMSS]: 2017356:121500
       Which is Equivalent to (UTC): 12:15:00 Friday,  Dec. 22, 2017
       Time-Step Length (HHMMSS): 000500
                 VDIFF completed...       0.6414 seconds
                COUPLE completed...       0.1438 seconds
                  HADV completed...       2.1643 seconds
                  ZADV completed...       0.3033 seconds
                 HDIFF completed...       0.2208 seconds
              DECOUPLE completed...       0.0442 seconds
                  PHOT completed...       0.1744 seconds
               CLDPROC completed...       0.2124 seconds
                  CHEM completed...       0.5962 seconds
                  AERO completed...       0.8848 seconds
            Master Time Step
            Processing completed...       5.3911 seconds

     Processing Day/Time [YYYYDDD:HHMMSS]: 2017356:122000
       Which is Equivalent to (UTC): 12:20:00 Friday,  Dec. 22, 2017
       Time-Step Length (HHMMSS): 000500
                 VDIFF completed...       0.6411 seconds
                COUPLE completed...       0.1359 seconds
                  HADV completed...       2.1701 seconds
                  ZADV completed...       0.3031 seconds
                 HDIFF completed...       0.2213 seconds
              DECOUPLE completed...       0.0445 seconds
                  PHOT completed...       0.1736 seconds
               CLDPROC completed...       0.2128 seconds
                  CHEM completed...       0.5897 seconds
                  AERO completed...       0.8808 seconds
            Master Time Step
            Processing completed...       5.3777 seconds

     Processing Day/Time [YYYYDDD:HHMMSS]: 2017356:122500
       Which is Equivalent to (UTC): 12:25:00 Friday,  Dec. 22, 2017
       Time-Step Length (HHMMSS): 000500
                 VDIFF completed...       0.6614 seconds
                COUPLE completed...       0.1422 seconds
                  HADV completed...       2.1388 seconds
                  ZADV completed...       0.3035 seconds
                 HDIFF completed...       0.2211 seconds
              DECOUPLE completed...       0.0445 seconds
                  PHOT completed...       0.1742 seconds
               CLDPROC completed...       0.2127 seconds
                  CHEM completed...       0.5882 seconds
                  AERO completed...       0.8791 seconds
            Master Time Step
            Processing completed...       5.3683 seconds

     Processing Day/Time [YYYYDDD:HHMMSS]: 2017356:123000
       Which is Equivalent to (UTC): 12:30:00 Friday,  Dec. 22, 2017
       Time-Step Length (HHMMSS): 000500
                 VDIFF completed...       0.6760 seconds
                COUPLE completed...       0.1416 seconds
                  HADV completed...       2.1315 seconds
                  ZADV completed...       0.3042 seconds
                 HDIFF completed...       0.2203 seconds
              DECOUPLE completed...       0.0450 seconds
                  PHOT completed...       0.1724 seconds
               CLDPROC completed...       0.2116 seconds
                  CHEM completed...       0.5883 seconds
                  AERO completed...       0.8774 seconds
            Master Time Step
            Processing completed...       5.3732 seconds

     Processing Day/Time [YYYYDDD:HHMMSS]: 2017356:123500
       Which is Equivalent to (UTC): 12:35:00 Friday,  Dec. 22, 2017
       Time-Step Length (HHMMSS): 000500
                 VDIFF completed...       0.6494 seconds
                COUPLE completed...       0.1185 seconds
                  HADV completed...       2.2100 seconds
                  ZADV completed...       0.3032 seconds
                 HDIFF completed...       0.2207 seconds
              DECOUPLE completed...       0.0443 seconds
                  PHOT completed...       0.1728 seconds
               CLDPROC completed...       0.2099 seconds
                  CHEM completed...       0.5888 seconds
                  AERO completed...       0.8764 seconds
            Master Time Step
            Processing completed...       5.3992 seconds

     Processing Day/Time [YYYYDDD:HHMMSS]: 2017356:124000
       Which is Equivalent to (UTC): 12:40:00 Friday,  Dec. 22, 2017
       Time-Step Length (HHMMSS): 000500
                 VDIFF completed...       0.6365 seconds
                COUPLE completed...       0.0734 seconds
                  HADV completed...       2.2913 seconds
                  ZADV completed...       0.3056 seconds
                 HDIFF completed...       0.2188 seconds
              DECOUPLE completed...       0.0445 seconds
                  PHOT completed...       0.1718 seconds
               CLDPROC completed...       0.2062 seconds
                  CHEM completed...       0.5888 seconds
                  AERO completed...       0.8770 seconds
            Master Time Step
            Processing completed...       5.4188 seconds

     Processing Day/Time [YYYYDDD:HHMMSS]: 2017356:124500
       Which is Equivalent to (UTC): 12:45:00 Friday,  Dec. 22, 2017
       Time-Step Length (HHMMSS): 000500
                 VDIFF completed...       0.6287 seconds
                COUPLE completed...       0.0652 seconds
                  HADV completed...       2.3193 seconds
                  ZADV completed...       0.3033 seconds
                 HDIFF completed...       0.2208 seconds
              DECOUPLE completed...       0.0442 seconds
                  PHOT completed...       0.1717 seconds
               CLDPROC completed...       0.2026 seconds
                  CHEM completed...       0.5851 seconds
                  AERO completed...       0.8778 seconds
            Master Time Step
            Processing completed...       5.4236 seconds

     Processing Day/Time [YYYYDDD:HHMMSS]: 2017356:125000
       Which is Equivalent to (UTC): 12:50:00 Friday,  Dec. 22, 2017
       Time-Step Length (HHMMSS): 000500
                 VDIFF completed...       0.6369 seconds
                COUPLE completed...       0.0704 seconds
                  HADV completed...       2.3339 seconds
                  ZADV completed...       0.3029 seconds
                 HDIFF completed...       0.2213 seconds
              DECOUPLE completed...       0.0447 seconds
                  PHOT completed...       0.1712 seconds
               CLDPROC completed...       0.1971 seconds
                  CHEM completed...       0.5853 seconds
                  AERO completed...       0.8727 seconds
            Master Time Step
            Processing completed...       5.4411 seconds

     Processing Day/Time [YYYYDDD:HHMMSS]: 2017356:125500
       Which is Equivalent to (UTC): 12:55:00 Friday,  Dec. 22, 2017
       Time-Step Length (HHMMSS): 000500
                 VDIFF completed...       2.7897 seconds
                COUPLE completed...       0.1708 seconds
                  HADV completed...       1.2977 seconds
                  ZADV completed...       0.3027 seconds
                 HDIFF completed...       0.2215 seconds
              DECOUPLE completed...       0.0447 seconds
                  PHOT completed...       0.1710 seconds
               CLDPROC completed...       1.3526 seconds
                  CHEM completed...       0.5594 seconds
                  AERO completed...       0.8846 seconds
            Master Time Step
            Processing completed...       7.8000 seconds

      =--> Data Output completed...       1.3731 seconds

     Processing Day/Time [YYYYDDD:HHMMSS]: 2017356:130000
       Which is Equivalent to (UTC): 13:00:00 Friday,  Dec. 22, 2017
       Time-Step Length (HHMMSS): 000500
                 VDIFF completed...       4.7871 seconds
                COUPLE completed...       0.1697 seconds
                  HADV completed...       3.1037 seconds
                  ZADV completed...       0.3020 seconds
                 HDIFF completed...       0.2226 seconds
              DECOUPLE completed...       0.0440 seconds
                  PHOT completed...       0.9898 seconds
               CLDPROC completed...       0.1966 seconds
                  CHEM completed...       0.5895 seconds
                  AERO completed...       0.8780 seconds
            Master Time Step
            Processing completed...      11.2860 seconds

     Processing Day/Time [YYYYDDD:HHMMSS]: 2017356:130500
       Which is Equivalent to (UTC): 13:05:00 Friday,  Dec. 22, 2017
       Time-Step Length (HHMMSS): 000500
                 VDIFF completed...       0.6434 seconds
                COUPLE completed...       0.0667 seconds
                  HADV completed...       2.3818 seconds
                  ZADV completed...       0.3054 seconds
                 HDIFF completed...       0.2188 seconds
              DECOUPLE completed...       0.0451 seconds
                  PHOT completed...       0.1695 seconds
               CLDPROC completed...       0.1934 seconds
                  CHEM completed...       0.5915 seconds
                  AERO completed...       0.8764 seconds
            Master Time Step
            Processing completed...       5.4957 seconds

     Processing Day/Time [YYYYDDD:HHMMSS]: 2017356:131000
       Which is Equivalent to (UTC): 13:10:00 Friday,  Dec. 22, 2017
       Time-Step Length (HHMMSS): 000500
                 VDIFF completed...       0.6413 seconds
                COUPLE completed...       0.0735 seconds
                  HADV completed...       2.4107 seconds
                  ZADV completed...       0.3035 seconds
                 HDIFF completed...       0.2225 seconds
              DECOUPLE completed...       0.0443 seconds
                  PHOT completed...       0.1706 seconds
               CLDPROC completed...       0.1945 seconds
                  CHEM completed...       0.5891 seconds
                  AERO completed...       0.8755 seconds
            Master Time Step
            Processing completed...       5.5274 seconds

     Processing Day/Time [YYYYDDD:HHMMSS]: 2017356:131500
       Which is Equivalent to (UTC): 13:15:00 Friday,  Dec. 22, 2017
       Time-Step Length (HHMMSS): 000500
                 VDIFF completed...       0.6293 seconds
                COUPLE completed...       0.0697 seconds
                  HADV completed...       2.4735 seconds
                  ZADV completed...       0.3030 seconds
                 HDIFF completed...       0.3386 seconds
              DECOUPLE completed...       0.0440 seconds
                  PHOT completed...       0.1709 seconds
               CLDPROC completed...       0.1971 seconds
                  CHEM completed...       0.5896 seconds
                  AERO completed...       0.8775 seconds
            Master Time Step
            Processing completed...       5.6950 seconds

     Processing Day/Time [YYYYDDD:HHMMSS]: 2017356:132000
       Which is Equivalent to (UTC): 13:20:00 Friday,  Dec. 22, 2017
       Time-Step Length (HHMMSS): 000500
                 VDIFF completed...       0.6218 seconds
                COUPLE completed...       0.0890 seconds
                  HADV completed...       2.4808 seconds
                  ZADV completed...       0.3024 seconds
                 HDIFF completed...       0.2224 seconds
              DECOUPLE completed...       0.0435 seconds
                  PHOT completed...       0.1705 seconds
               CLDPROC completed...       0.1973 seconds
                  CHEM completed...       0.5891 seconds
                  AERO completed...       0.8695 seconds
            Master Time Step
            Processing completed...       5.5895 seconds

     Processing Day/Time [YYYYDDD:HHMMSS]: 2017356:132500
       Which is Equivalent to (UTC): 13:25:00 Friday,  Dec. 22, 2017
       Time-Step Length (HHMMSS): 000500
                 VDIFF completed...       0.6263 seconds
                COUPLE completed...       0.0771 seconds
                  HADV completed...       2.5116 seconds
                  ZADV completed...       0.3000 seconds
                 HDIFF completed...       0.2240 seconds
              DECOUPLE completed...       0.0441 seconds
                  PHOT completed...       0.1698 seconds
               CLDPROC completed...       0.1973 seconds
                  CHEM completed...       0.5852 seconds
                  AERO completed...       0.8701 seconds
            Master Time Step
            Processing completed...       5.6102 seconds

     Processing Day/Time [YYYYDDD:HHMMSS]: 2017356:133000
       Which is Equivalent to (UTC): 13:30:00 Friday,  Dec. 22, 2017
       Time-Step Length (HHMMSS): 000500
                 VDIFF completed...       0.6220 seconds
                COUPLE completed...       0.0684 seconds
                  HADV completed...       2.5539 seconds
                  ZADV completed...       0.3012 seconds
                 HDIFF completed...       0.2231 seconds
              DECOUPLE completed...       0.0451 seconds
                  PHOT completed...       0.1689 seconds
               CLDPROC completed...       0.1974 seconds
                  CHEM completed...       0.5852 seconds
                  AERO completed...       0.8677 seconds
            Master Time Step
            Processing completed...       5.6375 seconds

     Processing Day/Time [YYYYDDD:HHMMSS]: 2017356:133500
       Which is Equivalent to (UTC): 13:35:00 Friday,  Dec. 22, 2017
       Time-Step Length (HHMMSS): 000500
                 VDIFF completed...       0.6278 seconds
                COUPLE completed...       0.0814 seconds
                  HADV completed...       2.5818 seconds
                  ZADV completed...       0.3012 seconds
                 HDIFF completed...       0.2230 seconds
              DECOUPLE completed...       0.0446 seconds
                  PHOT completed...       0.1681 seconds
               CLDPROC completed...       0.1962 seconds
                  CHEM completed...       0.5849 seconds
                  AERO completed...       0.8623 seconds
            Master Time Step
            Processing completed...       5.6762 seconds

     Processing Day/Time [YYYYDDD:HHMMSS]: 2017356:134000
       Which is Equivalent to (UTC): 13:40:00 Friday,  Dec. 22, 2017
       Time-Step Length (HHMMSS): 000500
                 VDIFF completed...       0.6296 seconds
                COUPLE completed...       0.0757 seconds
                  HADV completed...       2.6394 seconds
                  ZADV completed...       0.3007 seconds
                 HDIFF completed...       0.2232 seconds
              DECOUPLE completed...       0.0439 seconds
                  PHOT completed...       0.1696 seconds
               CLDPROC completed...       0.1920 seconds
                  CHEM completed...       0.5839 seconds
                  AERO completed...       0.8643 seconds
            Master Time Step
            Processing completed...       5.7269 seconds

     Processing Day/Time [YYYYDDD:HHMMSS]: 2017356:134500
       Which is Equivalent to (UTC): 13:45:00 Friday,  Dec. 22, 2017
       Time-Step Length (HHMMSS): 000500
                 VDIFF completed...       0.6277 seconds
                COUPLE completed...       0.0848 seconds
                  HADV completed...       2.6675 seconds
                  ZADV completed...       0.3023 seconds
                 HDIFF completed...       0.2211 seconds
              DECOUPLE completed...       0.0440 seconds
                  PHOT completed...       0.1693 seconds
               CLDPROC completed...       0.1884 seconds
                  CHEM completed...       0.5784 seconds
                  AERO completed...       0.8609 seconds
            Master Time Step
            Processing completed...       5.7498 seconds

     Processing Day/Time [YYYYDDD:HHMMSS]: 2017356:135000
       Which is Equivalent to (UTC): 13:50:00 Friday,  Dec. 22, 2017
       Time-Step Length (HHMMSS): 000500
                 VDIFF completed...       0.6368 seconds
                COUPLE completed...       0.0704 seconds
                  HADV completed...       2.7331 seconds
                  ZADV completed...       0.3111 seconds
                 HDIFF completed...       0.2106 seconds
              DECOUPLE completed...       0.0440 seconds
                  PHOT completed...       0.1686 seconds
               CLDPROC completed...       0.1838 seconds
                  CHEM completed...       0.5776 seconds
                  AERO completed...       0.8566 seconds
            Master Time Step
            Processing completed...       5.7974 seconds

     Processing Day/Time [YYYYDDD:HHMMSS]: 2017356:135500
       Which is Equivalent to (UTC): 13:55:00 Friday,  Dec. 22, 2017
       Time-Step Length (HHMMSS): 000500
                 VDIFF completed...       3.0395 seconds
                COUPLE completed...       0.1687 seconds
                  HADV completed...       1.2996 seconds
                  ZADV completed...       0.3032 seconds
                 HDIFF completed...       0.2198 seconds
              DECOUPLE completed...       0.0439 seconds
                  PHOT completed...       0.1692 seconds
               CLDPROC completed...       1.5797 seconds
                  CHEM completed...       0.5589 seconds
                  AERO completed...       0.8737 seconds
            Master Time Step
            Processing completed...       8.2614 seconds

      =--> Data Output completed...       1.4088 seconds

     Processing Day/Time [YYYYDDD:HHMMSS]: 2017356:140000
       Which is Equivalent to (UTC): 14:00:00 Friday,  Dec. 22, 2017
       Time-Step Length (HHMMSS): 000500
                 VDIFF completed...       4.8869 seconds
                COUPLE completed...       0.1725 seconds
                  HADV completed...       2.9249 seconds
                  ZADV completed...       0.3022 seconds
                 HDIFF completed...       0.2227 seconds
              DECOUPLE completed...       0.0443 seconds
                  PHOT completed...       0.9805 seconds
               CLDPROC completed...       0.1797 seconds
                  CHEM completed...       0.5775 seconds
                  AERO completed...       0.8537 seconds
            Master Time Step
            Processing completed...      11.1476 seconds

     Processing Day/Time [YYYYDDD:HHMMSS]: 2017356:140500
       Which is Equivalent to (UTC): 14:05:00 Friday,  Dec. 22, 2017
       Time-Step Length (HHMMSS): 000500
                 VDIFF completed...       0.6923 seconds
                COUPLE completed...       0.0815 seconds
                  HADV completed...       2.7165 seconds
                  ZADV completed...       0.3030 seconds
                 HDIFF completed...       0.2203 seconds
              DECOUPLE completed...       0.0437 seconds
                  PHOT completed...       0.1682 seconds
               CLDPROC completed...       0.1811 seconds
                  CHEM completed...       0.5716 seconds
                  AERO completed...       0.8533 seconds
            Master Time Step
            Processing completed...       5.8364 seconds

     Processing Day/Time [YYYYDDD:HHMMSS]: 2017356:141000
       Which is Equivalent to (UTC): 14:10:00 Friday,  Dec. 22, 2017
       Time-Step Length (HHMMSS): 000500
                 VDIFF completed...       0.7664 seconds
                COUPLE completed...       0.0838 seconds
                  HADV completed...       2.6017 seconds
                  ZADV completed...       0.3028 seconds
                 HDIFF completed...       0.2216 seconds
              DECOUPLE completed...       0.0439 seconds
                  PHOT completed...       0.1701 seconds
               CLDPROC completed...       0.1826 seconds
                  CHEM completed...       0.5664 seconds
                  AERO completed...       0.8565 seconds
            Master Time Step
            Processing completed...       5.7974 seconds

     Processing Day/Time [YYYYDDD:HHMMSS]: 2017356:141500
       Which is Equivalent to (UTC): 14:15:00 Friday,  Dec. 22, 2017
       Time-Step Length (HHMMSS): 000500
                 VDIFF completed...       0.8188 seconds
                COUPLE completed...       0.0857 seconds
                  HADV completed...       2.5484 seconds
                  ZADV completed...       0.3016 seconds
                 HDIFF completed...       0.2221 seconds
              DECOUPLE completed...       0.0447 seconds
                  PHOT completed...       0.1684 seconds
               CLDPROC completed...       0.1873 seconds
                  CHEM completed...       0.5647 seconds
                  AERO completed...       0.8535 seconds
            Master Time Step
            Processing completed...       5.7983 seconds

     Processing Day/Time [YYYYDDD:HHMMSS]: 2017356:142000
       Which is Equivalent to (UTC): 14:20:00 Friday,  Dec. 22, 2017
       Time-Step Length (HHMMSS): 000500
                 VDIFF completed...       0.8364 seconds
                COUPLE completed...       0.0996 seconds
                  HADV completed...       2.5523 seconds
                  ZADV completed...       0.3036 seconds
                 HDIFF completed...       0.2195 seconds
              DECOUPLE completed...       0.0437 seconds
                  PHOT completed...       0.1885 seconds
               CLDPROC completed...       0.1904 seconds
                  CHEM completed...       0.5647 seconds
                  AERO completed...       0.8506 seconds
            Master Time Step
            Processing completed...       5.8540 seconds

     Processing Day/Time [YYYYDDD:HHMMSS]: 2017356:142500
       Which is Equivalent to (UTC): 14:25:00 Friday,  Dec. 22, 2017
       Time-Step Length (HHMMSS): 000500
                 VDIFF completed...       0.8399 seconds
                COUPLE completed...       0.1014 seconds
                  HADV completed...       2.7617 seconds
                  ZADV completed...       0.2966 seconds
                 HDIFF completed...       0.4038 seconds
              DECOUPLE completed...       0.0463 seconds
                  PHOT completed...       0.2197 seconds
               CLDPROC completed...       0.1902 seconds
                  CHEM completed...       0.5639 seconds
                  AERO completed...       0.8504 seconds
            Master Time Step
            Processing completed...       6.2782 seconds

     Processing Day/Time [YYYYDDD:HHMMSS]: 2017356:143000
       Which is Equivalent to (UTC): 14:30:00 Friday,  Dec. 22, 2017
       Time-Step Length (HHMMSS): 000500
                 VDIFF completed...       0.9353 seconds
                COUPLE completed...       0.0642 seconds
                  HADV completed...       2.4745 seconds
                  ZADV completed...       0.3024 seconds
                 HDIFF completed...       0.2216 seconds
              DECOUPLE completed...       0.0441 seconds
                  PHOT completed...       0.2662 seconds
               CLDPROC completed...       0.1983 seconds
                  CHEM completed...       0.5645 seconds
                  AERO completed...       0.8534 seconds
            Master Time Step
            Processing completed...       5.9261 seconds

     Processing Day/Time [YYYYDDD:HHMMSS]: 2017356:143500
       Which is Equivalent to (UTC): 14:35:00 Friday,  Dec. 22, 2017
       Time-Step Length (HHMMSS): 000500
                 VDIFF completed...       0.9665 seconds
                COUPLE completed...       0.0623 seconds
                  HADV completed...       2.3939 seconds
                  ZADV completed...       0.3028 seconds
                 HDIFF completed...       0.2211 seconds
              DECOUPLE completed...       0.0440 seconds
                  PHOT completed...       0.3090 seconds
               CLDPROC completed...       0.2009 seconds
                  CHEM completed...       0.5660 seconds
                  AERO completed...       0.8522 seconds
            Master Time Step
            Processing completed...       5.9214 seconds

     Processing Day/Time [YYYYDDD:HHMMSS]: 2017356:144000
       Which is Equivalent to (UTC): 14:40:00 Friday,  Dec. 22, 2017
       Time-Step Length (HHMMSS): 000500
                 VDIFF completed...       1.0310 seconds
                COUPLE completed...       0.0812 seconds
                  HADV completed...       2.2737 seconds
                  ZADV completed...       0.3038 seconds
                 HDIFF completed...       0.2193 seconds
              DECOUPLE completed...       0.0443 seconds
                  PHOT completed...       0.3518 seconds
               CLDPROC completed...       0.1948 seconds
                  CHEM completed...       0.5676 seconds
                  AERO completed...       0.8511 seconds
            Master Time Step
            Processing completed...       5.9231 seconds

     Processing Day/Time [YYYYDDD:HHMMSS]: 2017356:144500
       Which is Equivalent to (UTC): 14:45:00 Friday,  Dec. 22, 2017
       Time-Step Length (HHMMSS): 000500
                 VDIFF completed...       1.1767 seconds
                COUPLE completed...       0.0803 seconds
                  HADV completed...       2.0890 seconds
                  ZADV completed...       0.3032 seconds
                 HDIFF completed...       0.2202 seconds
              DECOUPLE completed...       0.0437 seconds
                  PHOT completed...       0.3801 seconds
               CLDPROC completed...       0.1949 seconds
                  CHEM completed...       0.5855 seconds
                  AERO completed...       0.8515 seconds
            Master Time Step
            Processing completed...       5.9288 seconds

     Processing Day/Time [YYYYDDD:HHMMSS]: 2017356:145000
       Which is Equivalent to (UTC): 14:50:00 Friday,  Dec. 22, 2017
       Time-Step Length (HHMMSS): 000500
                 VDIFF completed...       1.2390 seconds
                COUPLE completed...       0.0653 seconds
                  HADV completed...       1.9858 seconds
                  ZADV completed...       0.3059 seconds
                 HDIFF completed...       0.2172 seconds
              DECOUPLE completed...       0.0435 seconds
                  PHOT completed...       0.3986 seconds
               CLDPROC completed...       0.2122 seconds
                  CHEM completed...       0.6640 seconds
                  AERO completed...       0.8529 seconds
            Master Time Step
            Processing completed...       5.9889 seconds

     Processing Day/Time [YYYYDDD:HHMMSS]: 2017356:145500
       Which is Equivalent to (UTC): 14:55:00 Friday,  Dec. 22, 2017
       Time-Step Length (HHMMSS): 000500
                 VDIFF completed...       2.8768 seconds
                COUPLE completed...       0.1707 seconds
                  HADV completed...       1.2291 seconds
                  ZADV completed...       0.3059 seconds
                 HDIFF completed...       0.2172 seconds
              DECOUPLE completed...       0.0444 seconds
                  PHOT completed...       0.4151 seconds
               CLDPROC completed...       1.4307 seconds
                  CHEM completed...       0.7444 seconds
                  AERO completed...       0.8659 seconds
            Master Time Step
            Processing completed...       8.3054 seconds

      =--> Data Output completed...       1.4463 seconds

     Processing Day/Time [YYYYDDD:HHMMSS]: 2017356:150000
       Which is Equivalent to (UTC): 15:00:00 Friday,  Dec. 22, 2017
       Time-Step Length (HHMMSS): 000500
                 VDIFF completed...       4.9992 seconds
                COUPLE completed...       0.1676 seconds
                  HADV completed...       3.0725 seconds
                  ZADV completed...       0.3050 seconds
                 HDIFF completed...       0.2182 seconds
              DECOUPLE completed...       0.0439 seconds
                  PHOT completed...       1.2973 seconds
               CLDPROC completed...       0.2293 seconds
                  CHEM completed...       0.8377 seconds
                  AERO completed...       0.8797 seconds
            Master Time Step
            Processing completed...      12.0547 seconds

     Processing Day/Time [YYYYDDD:HHMMSS]: 2017356:150500
       Which is Equivalent to (UTC): 15:05:00 Friday,  Dec. 22, 2017
       Time-Step Length (HHMMSS): 000500
                 VDIFF completed...       0.8247 seconds
                COUPLE completed...       0.0653 seconds
                  HADV completed...       2.1192 seconds
                  ZADV completed...       0.3069 seconds
                 HDIFF completed...       0.2163 seconds
              DECOUPLE completed...       0.0437 seconds
                  PHOT completed...       0.4533 seconds
               CLDPROC completed...       0.2254 seconds
                  CHEM completed...       0.8955 seconds
                  AERO completed...       0.8754 seconds
            Master Time Step
            Processing completed...       6.0288 seconds

     Processing Day/Time [YYYYDDD:HHMMSS]: 2017356:151000
       Which is Equivalent to (UTC): 15:10:00 Friday,  Dec. 22, 2017
       Time-Step Length (HHMMSS): 000500
                 VDIFF completed...       0.7155 seconds
                COUPLE completed...       0.0668 seconds
                  HADV completed...       2.1084 seconds
                  ZADV completed...       0.3069 seconds
                 HDIFF completed...       0.2166 seconds
              DECOUPLE completed...       0.0442 seconds
                  PHOT completed...       0.4658 seconds
               CLDPROC completed...       0.2289 seconds
                  CHEM completed...       0.9100 seconds
                  AERO completed...       0.8648 seconds
            Master Time Step
            Processing completed...       5.9306 seconds

     Processing Day/Time [YYYYDDD:HHMMSS]: 2017356:151500
       Which is Equivalent to (UTC): 15:15:00 Friday,  Dec. 22, 2017
       Time-Step Length (HHMMSS): 000500
                 VDIFF completed...       0.6940 seconds
                COUPLE completed...       0.0639 seconds
                  HADV completed...       2.1097 seconds
                  ZADV completed...       0.3043 seconds
                 HDIFF completed...       0.2181 seconds
              DECOUPLE completed...       0.0437 seconds
                  PHOT completed...       0.4644 seconds
               CLDPROC completed...       0.2315 seconds
                  CHEM completed...       0.8868 seconds
                  AERO completed...       0.8799 seconds
            Master Time Step
            Processing completed...       5.8999 seconds

     Processing Day/Time [YYYYDDD:HHMMSS]: 2017356:152000
       Which is Equivalent to (UTC): 15:20:00 Friday,  Dec. 22, 2017
       Time-Step Length (HHMMSS): 000500
                 VDIFF completed...       0.7066 seconds
                COUPLE completed...       0.0684 seconds
                  HADV completed...       2.1051 seconds
                  ZADV completed...       0.3076 seconds
                 HDIFF completed...       0.2156 seconds
              DECOUPLE completed...       0.0440 seconds
                  PHOT completed...       0.4649 seconds
               CLDPROC completed...       0.2345 seconds
                  CHEM completed...       0.8800 seconds
                  AERO completed...       0.8819 seconds
            Master Time Step
            Processing completed...       5.9123 seconds

     Processing Day/Time [YYYYDDD:HHMMSS]: 2017356:152500
       Which is Equivalent to (UTC): 15:25:00 Friday,  Dec. 22, 2017
       Time-Step Length (HHMMSS): 000500
                 VDIFF completed...       0.7233 seconds
                COUPLE completed...       0.0650 seconds
                  HADV completed...       2.1043 seconds
                  ZADV completed...       0.3075 seconds
                 HDIFF completed...       0.2152 seconds
              DECOUPLE completed...       0.0441 seconds
                  PHOT completed...       0.4652 seconds
               CLDPROC completed...       0.2388 seconds
                  CHEM completed...       0.8816 seconds
                  AERO completed...       0.8728 seconds
            Master Time Step
            Processing completed...       5.9211 seconds

     Processing Day/Time [YYYYDDD:HHMMSS]: 2017356:153000
       Which is Equivalent to (UTC): 15:30:00 Friday,  Dec. 22, 2017
       Time-Step Length (HHMMSS): 000500
                 VDIFF completed...       0.7217 seconds
                COUPLE completed...       0.0644 seconds
                  HADV completed...       2.1350 seconds
                  ZADV completed...       0.3069 seconds
                 HDIFF completed...       0.2159 seconds
              DECOUPLE completed...       0.0435 seconds
                  PHOT completed...       0.4646 seconds
               CLDPROC completed...       0.2401 seconds
                  CHEM completed...       0.8850 seconds
                  AERO completed...       0.8789 seconds
            Master Time Step
            Processing completed...       5.9606 seconds

     Processing Day/Time [YYYYDDD:HHMMSS]: 2017356:153500
       Which is Equivalent to (UTC): 15:35:00 Friday,  Dec. 22, 2017
       Time-Step Length (HHMMSS): 000500
                 VDIFF completed...       0.7263 seconds
                COUPLE completed...       0.0669 seconds
                  HADV completed...       2.1177 seconds
                  ZADV completed...       0.3067 seconds
                 HDIFF completed...       0.2155 seconds
              DECOUPLE completed...       0.0446 seconds
                  PHOT completed...       0.4639 seconds
               CLDPROC completed...       0.2415 seconds
                  CHEM completed...       0.8910 seconds
                  AERO completed...       0.8767 seconds
            Master Time Step
            Processing completed...       5.9546 seconds

     Processing Day/Time [YYYYDDD:HHMMSS]: 2017356:154000
       Which is Equivalent to (UTC): 15:40:00 Friday,  Dec. 22, 2017
       Time-Step Length (HHMMSS): 000500
                 VDIFF completed...       0.7228 seconds
                COUPLE completed...       0.0682 seconds
                  HADV completed...       2.1245 seconds
                  ZADV completed...       0.3072 seconds
                 HDIFF completed...       0.2149 seconds
              DECOUPLE completed...       0.0440 seconds
                  PHOT completed...       0.4651 seconds
               CLDPROC completed...       0.2430 seconds
                  CHEM completed...       0.8943 seconds
                  AERO completed...       0.8773 seconds
            Master Time Step
            Processing completed...       5.9652 seconds

     Processing Day/Time [YYYYDDD:HHMMSS]: 2017356:154500
       Which is Equivalent to (UTC): 15:45:00 Friday,  Dec. 22, 2017
       Time-Step Length (HHMMSS): 000500
                 VDIFF completed...       0.7292 seconds
                COUPLE completed...       0.0640 seconds
                  HADV completed...       2.1313 seconds
                  ZADV completed...       0.3083 seconds
                 HDIFF completed...       0.2136 seconds
              DECOUPLE completed...       0.0441 seconds
                  PHOT completed...       0.4627 seconds
               CLDPROC completed...       0.2440 seconds
                  CHEM completed...       0.9081 seconds
                  AERO completed...       0.8694 seconds
            Master Time Step
            Processing completed...       5.9794 seconds

     Processing Day/Time [YYYYDDD:HHMMSS]: 2017356:155000
       Which is Equivalent to (UTC): 15:50:00 Friday,  Dec. 22, 2017
       Time-Step Length (HHMMSS): 000500
                 VDIFF completed...       0.7254 seconds
                COUPLE completed...       0.0637 seconds
                  HADV completed...       2.1332 seconds
                  ZADV completed...       0.3082 seconds
                 HDIFF completed...       0.2238 seconds
              DECOUPLE completed...       0.0477 seconds
                  PHOT completed...       0.4541 seconds
               CLDPROC completed...       0.2412 seconds
                  CHEM completed...       0.9007 seconds
                  AERO completed...       0.8699 seconds
            Master Time Step
            Processing completed...       5.9725 seconds

     Processing Day/Time [YYYYDDD:HHMMSS]: 2017356:155500
       Which is Equivalent to (UTC): 15:55:00 Friday,  Dec. 22, 2017
       Time-Step Length (HHMMSS): 000500
                 VDIFF completed...       2.6280 seconds
                COUPLE completed...       0.1708 seconds
                  HADV completed...       1.2296 seconds
                  ZADV completed...       0.3090 seconds
                 HDIFF completed...       0.2134 seconds
              DECOUPLE completed...       0.0436 seconds
                  PHOT completed...       0.4645 seconds
               CLDPROC completed...       1.4632 seconds
                  CHEM completed...       0.9177 seconds
                  AERO completed...       0.8866 seconds
            Master Time Step
            Processing completed...       8.3331 seconds

      =--> Data Output completed...       1.3318 seconds

     Processing Day/Time [YYYYDDD:HHMMSS]: 2017356:160000
       Which is Equivalent to (UTC): 16:00:00 Friday,  Dec. 22, 2017
       Time-Step Length (HHMMSS): 000500
                 VDIFF completed...       4.4968 seconds
                COUPLE completed...       0.1731 seconds
                  HADV completed...       3.0189 seconds
                  ZADV completed...       0.3097 seconds
                 HDIFF completed...       0.2131 seconds
              DECOUPLE completed...       0.0444 seconds
                  PHOT completed...       1.3894 seconds
               CLDPROC completed...       0.2474 seconds
                  CHEM completed...       0.8996 seconds
                  AERO completed...       0.8783 seconds
            Master Time Step
            Processing completed...      11.6752 seconds

     Processing Day/Time [YYYYDDD:HHMMSS]: 2017356:160500
       Which is Equivalent to (UTC): 16:05:00 Friday,  Dec. 22, 2017
       Time-Step Length (HHMMSS): 000500
                 VDIFF completed...       0.7325 seconds
                COUPLE completed...       0.0670 seconds
                  HADV completed...       2.1785 seconds
                  ZADV completed...       0.3108 seconds
                 HDIFF completed...       0.2128 seconds
              DECOUPLE completed...       0.0451 seconds
                  PHOT completed...       0.4642 seconds
               CLDPROC completed...       0.2477 seconds
                  CHEM completed...       0.8954 seconds
                  AERO completed...       0.8669 seconds
            Master Time Step
            Processing completed...       6.0257 seconds

     Processing Day/Time [YYYYDDD:HHMMSS]: 2017356:161000
       Which is Equivalent to (UTC): 16:10:00 Friday,  Dec. 22, 2017
       Time-Step Length (HHMMSS): 000500
                 VDIFF completed...       0.7257 seconds
                COUPLE completed...       0.0663 seconds
                  HADV completed...       2.1648 seconds
                  ZADV completed...       0.3100 seconds
                 HDIFF completed...       0.2131 seconds
              DECOUPLE completed...       0.0458 seconds
                  PHOT completed...       0.4671 seconds
               CLDPROC completed...       0.2490 seconds
                  CHEM completed...       0.8927 seconds
                  AERO completed...       0.8642 seconds
            Master Time Step
            Processing completed...       6.0019 seconds

     Processing Day/Time [YYYYDDD:HHMMSS]: 2017356:161500
       Which is Equivalent to (UTC): 16:15:00 Friday,  Dec. 22, 2017
       Time-Step Length (HHMMSS): 000500
                 VDIFF completed...       0.7323 seconds
                COUPLE completed...       0.0643 seconds
                  HADV completed...       2.1713 seconds
                  ZADV completed...       0.3103 seconds
                 HDIFF completed...       0.2130 seconds
              DECOUPLE completed...       0.0445 seconds
                  PHOT completed...       0.4646 seconds
               CLDPROC completed...       0.2526 seconds
                  CHEM completed...       0.8894 seconds
                  AERO completed...       0.8655 seconds
            Master Time Step
            Processing completed...       6.0120 seconds

     Processing Day/Time [YYYYDDD:HHMMSS]: 2017356:162000
       Which is Equivalent to (UTC): 16:20:00 Friday,  Dec. 22, 2017
       Time-Step Length (HHMMSS): 000500
                 VDIFF completed...       0.7298 seconds
                COUPLE completed...       0.0664 seconds
                  HADV completed...       2.1885 seconds
                  ZADV completed...       0.3121 seconds
                 HDIFF completed...       0.2105 seconds
              DECOUPLE completed...       0.0449 seconds
                  PHOT completed...       0.4646 seconds
               CLDPROC completed...       0.2529 seconds
                  CHEM completed...       0.8859 seconds
                  AERO completed...       0.8661 seconds
            Master Time Step
            Processing completed...       6.0270 seconds

     Processing Day/Time [YYYYDDD:HHMMSS]: 2017356:162500
       Which is Equivalent to (UTC): 16:25:00 Friday,  Dec. 22, 2017
       Time-Step Length (HHMMSS): 000500
                 VDIFF completed...       0.7173 seconds
                COUPLE completed...       0.0692 seconds
                  HADV completed...       2.1979 seconds
                  ZADV completed...       0.3117 seconds
                 HDIFF completed...       0.2110 seconds
              DECOUPLE completed...       0.0453 seconds
                  PHOT completed...       0.4669 seconds
               CLDPROC completed...       0.2508 seconds
                  CHEM completed...       0.8837 seconds
                  AERO completed...       0.8636 seconds
            Master Time Step
            Processing completed...       6.0222 seconds

     Processing Day/Time [YYYYDDD:HHMMSS]: 2017356:163000
       Which is Equivalent to (UTC): 16:30:00 Friday,  Dec. 22, 2017
       Time-Step Length (HHMMSS): 000500
                 VDIFF completed...       0.7204 seconds
                COUPLE completed...       0.0669 seconds
                  HADV completed...       2.2042 seconds
                  ZADV completed...       0.3106 seconds
                 HDIFF completed...       0.2125 seconds
              DECOUPLE completed...       0.0454 seconds
                  PHOT completed...       0.4725 seconds
               CLDPROC completed...       0.2447 seconds
                  CHEM completed...       0.8809 seconds
                  AERO completed...       0.8604 seconds
            Master Time Step
            Processing completed...       6.0239 seconds

     Processing Day/Time [YYYYDDD:HHMMSS]: 2017356:163500
       Which is Equivalent to (UTC): 16:35:00 Friday,  Dec. 22, 2017
       Time-Step Length (HHMMSS): 000500
                 VDIFF completed...       0.7181 seconds
                COUPLE completed...       0.0688 seconds
                  HADV completed...       2.2155 seconds
                  ZADV completed...       0.3119 seconds
                 HDIFF completed...       0.2115 seconds
              DECOUPLE completed...       0.0445 seconds
                  PHOT completed...       0.4665 seconds
               CLDPROC completed...       0.2505 seconds
                  CHEM completed...       0.8792 seconds
                  AERO completed...       0.8627 seconds
            Master Time Step
            Processing completed...       6.0345 seconds

     Processing Day/Time [YYYYDDD:HHMMSS]: 2017356:164000
       Which is Equivalent to (UTC): 16:40:00 Friday,  Dec. 22, 2017
       Time-Step Length (HHMMSS): 000500
                 VDIFF completed...       0.7245 seconds
                COUPLE completed...       0.0684 seconds
                  HADV completed...       2.2167 seconds
                  ZADV completed...       0.3142 seconds
                 HDIFF completed...       0.2087 seconds
              DECOUPLE completed...       0.0449 seconds
                  PHOT completed...       0.4665 seconds
               CLDPROC completed...       0.2493 seconds
                  CHEM completed...       0.8783 seconds
                  AERO completed...       0.8627 seconds
            Master Time Step
            Processing completed...       6.0393 seconds

     Processing Day/Time [YYYYDDD:HHMMSS]: 2017356:164500
       Which is Equivalent to (UTC): 16:45:00 Friday,  Dec. 22, 2017
       Time-Step Length (HHMMSS): 000500
                 VDIFF completed...       0.7395 seconds
                COUPLE completed...       0.0646 seconds
                  HADV completed...       2.2079 seconds
                  ZADV completed...       0.3117 seconds
                 HDIFF completed...       0.2114 seconds
              DECOUPLE completed...       0.0448 seconds
                  PHOT completed...       0.4655 seconds
               CLDPROC completed...       0.2478 seconds
                  CHEM completed...       0.8777 seconds
                  AERO completed...       0.8640 seconds
            Master Time Step
            Processing completed...       6.0400 seconds

     Processing Day/Time [YYYYDDD:HHMMSS]: 2017356:165000
       Which is Equivalent to (UTC): 16:50:00 Friday,  Dec. 22, 2017
       Time-Step Length (HHMMSS): 000500
                 VDIFF completed...       0.7329 seconds
                COUPLE completed...       0.0664 seconds
                  HADV completed...       2.2206 seconds
                  ZADV completed...       0.3121 seconds
                 HDIFF completed...       0.2106 seconds
              DECOUPLE completed...       0.0450 seconds
                  PHOT completed...       0.4646 seconds
               CLDPROC completed...       0.2484 seconds
                  CHEM completed...       0.8844 seconds
                  AERO completed...       0.8586 seconds
            Master Time Step
            Processing completed...       6.0486 seconds

     Processing Day/Time [YYYYDDD:HHMMSS]: 2017356:165500
       Which is Equivalent to (UTC): 16:55:00 Friday,  Dec. 22, 2017
       Time-Step Length (HHMMSS): 000500
                 VDIFF completed...       2.7430 seconds
                COUPLE completed...       0.1707 seconds
                  HADV completed...       1.2253 seconds
                  ZADV completed...       0.3121 seconds
                 HDIFF completed...       0.2098 seconds
              DECOUPLE completed...       0.0444 seconds
                  PHOT completed...       0.4665 seconds
               CLDPROC completed...       1.5706 seconds
                  CHEM completed...       0.8994 seconds
                  AERO completed...       0.8800 seconds
            Master Time Step
            Processing completed...       8.5279 seconds

      =--> Data Output completed...       1.3420 seconds

     Processing Day/Time [YYYYDDD:HHMMSS]: 2017356:170000
       Which is Equivalent to (UTC): 17:00:00 Friday,  Dec. 22, 2017
       Time-Step Length (HHMMSS): 000500
                 VDIFF completed...       4.9128 seconds
                COUPLE completed...       0.1708 seconds
                  HADV completed...       3.0532 seconds
                  ZADV completed...       0.3071 seconds
                 HDIFF completed...       0.2146 seconds
              DECOUPLE completed...       0.0440 seconds
                  PHOT completed...       1.2820 seconds
               CLDPROC completed...       0.2484 seconds
                  CHEM completed...       0.8772 seconds
                  AERO completed...       0.8616 seconds
            Master Time Step
            Processing completed...      11.9773 seconds

     Processing Day/Time [YYYYDDD:HHMMSS]: 2017356:170500
       Which is Equivalent to (UTC): 17:05:00 Friday,  Dec. 22, 2017
       Time-Step Length (HHMMSS): 000500
                 VDIFF completed...       0.7482 seconds
                COUPLE completed...       0.0704 seconds
                  HADV completed...       2.2788 seconds
                  ZADV completed...       0.3093 seconds
                 HDIFF completed...       0.2129 seconds
              DECOUPLE completed...       0.0444 seconds
                  PHOT completed...       0.4646 seconds
               CLDPROC completed...       0.2505 seconds
                  CHEM completed...       0.8726 seconds
                  AERO completed...       0.8561 seconds
            Master Time Step
            Processing completed...       6.1094 seconds

     Processing Day/Time [YYYYDDD:HHMMSS]: 2017356:171000
       Which is Equivalent to (UTC): 17:10:00 Friday,  Dec. 22, 2017
       Time-Step Length (HHMMSS): 000500
                 VDIFF completed...       0.7538 seconds
                COUPLE completed...       0.0649 seconds
                  HADV completed...       2.2575 seconds
                  ZADV completed...       0.3096 seconds
                 HDIFF completed...       0.2118 seconds
              DECOUPLE completed...       0.0440 seconds
                  PHOT completed...       0.4644 seconds
               CLDPROC completed...       0.2517 seconds
                  CHEM completed...       0.8712 seconds
                  AERO completed...       0.8559 seconds
            Master Time Step
            Processing completed...       6.0886 seconds

     Processing Day/Time [YYYYDDD:HHMMSS]: 2017356:171500
       Which is Equivalent to (UTC): 17:15:00 Friday,  Dec. 22, 2017
       Time-Step Length (HHMMSS): 000500
                 VDIFF completed...       0.7538 seconds
                COUPLE completed...       0.0659 seconds
                  HADV completed...       2.2780 seconds
                  ZADV completed...       0.3098 seconds
                 HDIFF completed...       0.2123 seconds
              DECOUPLE completed...       0.0442 seconds
                  PHOT completed...       0.4647 seconds
               CLDPROC completed...       0.2513 seconds
                  CHEM completed...       0.8717 seconds
                  AERO completed...       0.8555 seconds
            Master Time Step
            Processing completed...       6.1109 seconds

     Processing Day/Time [YYYYDDD:HHMMSS]: 2017356:172000
       Which is Equivalent to (UTC): 17:20:00 Friday,  Dec. 22, 2017
       Time-Step Length (HHMMSS): 000500
                 VDIFF completed...       0.7466 seconds
                COUPLE completed...       0.0684 seconds
                  HADV completed...       2.2579 seconds
                  ZADV completed...       0.3077 seconds
                 HDIFF completed...       0.2137 seconds
              DECOUPLE completed...       0.0441 seconds
                  PHOT completed...       0.4639 seconds
               CLDPROC completed...       0.2522 seconds
                  CHEM completed...       0.8697 seconds
                  AERO completed...       0.8571 seconds
            Master Time Step
            Processing completed...       6.0862 seconds

     Processing Day/Time [YYYYDDD:HHMMSS]: 2017356:172500
       Which is Equivalent to (UTC): 17:25:00 Friday,  Dec. 22, 2017
       Time-Step Length (HHMMSS): 000500
                 VDIFF completed...       0.7526 seconds
                COUPLE completed...       0.0680 seconds
                  HADV completed...       2.2770 seconds
                  ZADV completed...       0.3093 seconds
                 HDIFF completed...       0.2117 seconds
              DECOUPLE completed...       0.0447 seconds
                  PHOT completed...       0.4654 seconds
               CLDPROC completed...       0.2510 seconds
                  CHEM completed...       0.8694 seconds
                  AERO completed...       0.8564 seconds
            Master Time Step
            Processing completed...       6.1102 seconds

     Processing Day/Time [YYYYDDD:HHMMSS]: 2017356:173000
       Which is Equivalent to (UTC): 17:30:00 Friday,  Dec. 22, 2017
       Time-Step Length (HHMMSS): 000500
                 VDIFF completed...       0.7485 seconds
                COUPLE completed...       0.0679 seconds
                  HADV completed...       2.2759 seconds
                  ZADV completed...       0.3106 seconds
                 HDIFF completed...       0.2114 seconds
              DECOUPLE completed...       0.0445 seconds
                  PHOT completed...       0.4664 seconds
               CLDPROC completed...       0.2494 seconds
                  CHEM completed...       0.8692 seconds
                  AERO completed...       0.8557 seconds
            Master Time Step
            Processing completed...       6.1046 seconds

     Processing Day/Time [YYYYDDD:HHMMSS]: 2017356:173500
       Which is Equivalent to (UTC): 17:35:00 Friday,  Dec. 22, 2017
       Time-Step Length (HHMMSS): 000500
                 VDIFF completed...       0.7591 seconds
                COUPLE completed...       0.0659 seconds
                  HADV completed...       2.2768 seconds
                  ZADV completed...       0.3113 seconds
                 HDIFF completed...       0.2107 seconds
              DECOUPLE completed...       0.0459 seconds
                  PHOT completed...       0.4812 seconds
               CLDPROC completed...       0.2366 seconds
                  CHEM completed...       0.8675 seconds
                  AERO completed...       0.8579 seconds
            Master Time Step
            Processing completed...       6.1182 seconds

     Processing Day/Time [YYYYDDD:HHMMSS]: 2017356:174000
       Which is Equivalent to (UTC): 17:40:00 Friday,  Dec. 22, 2017
       Time-Step Length (HHMMSS): 000500
                 VDIFF completed...       0.7555 seconds
                COUPLE completed...       0.0652 seconds
                  HADV completed...       2.2926 seconds
                  ZADV completed...       0.3102 seconds
                 HDIFF completed...       0.2132 seconds
              DECOUPLE completed...       0.0447 seconds
                  PHOT completed...       0.4658 seconds
               CLDPROC completed...       0.2493 seconds
                  CHEM completed...       0.8704 seconds
                  AERO completed...       0.8554 seconds
            Master Time Step
            Processing completed...       6.1248 seconds

     Processing Day/Time [YYYYDDD:HHMMSS]: 2017356:174500
       Which is Equivalent to (UTC): 17:45:00 Friday,  Dec. 22, 2017
       Time-Step Length (HHMMSS): 000500
                 VDIFF completed...       0.7644 seconds
                COUPLE completed...       0.0650 seconds
                  HADV completed...       2.2854 seconds
                  ZADV completed...       0.3077 seconds
                 HDIFF completed...       0.2141 seconds
              DECOUPLE completed...       0.0441 seconds
                  PHOT completed...       0.4663 seconds
               CLDPROC completed...       0.2508 seconds
                  CHEM completed...       0.8720 seconds
                  AERO completed...       0.8568 seconds
            Master Time Step
            Processing completed...       6.1275 seconds

     Processing Day/Time [YYYYDDD:HHMMSS]: 2017356:175000
       Which is Equivalent to (UTC): 17:50:00 Friday,  Dec. 22, 2017
       Time-Step Length (HHMMSS): 000500
                 VDIFF completed...       0.7689 seconds
                COUPLE completed...       0.0645 seconds
                  HADV completed...       2.2802 seconds
                  ZADV completed...       0.3109 seconds
                 HDIFF completed...       0.2106 seconds
              DECOUPLE completed...       0.0445 seconds
                  PHOT completed...       0.4653 seconds
               CLDPROC completed...       0.2492 seconds
                  CHEM completed...       0.8737 seconds
                  AERO completed...       0.8557 seconds
            Master Time Step
            Processing completed...       6.1281 seconds

     Processing Day/Time [YYYYDDD:HHMMSS]: 2017356:175500
       Which is Equivalent to (UTC): 17:55:00 Friday,  Dec. 22, 2017
       Time-Step Length (HHMMSS): 000500
                 VDIFF completed...       2.8203 seconds
                COUPLE completed...       0.1704 seconds
                  HADV completed...       1.2702 seconds
                  ZADV completed...       0.3104 seconds
                 HDIFF completed...       0.2105 seconds
              DECOUPLE completed...       0.0442 seconds
                  PHOT completed...       0.4656 seconds
               CLDPROC completed...       1.5909 seconds
                  CHEM completed...       0.9041 seconds
                  AERO completed...       0.8715 seconds
            Master Time Step
            Processing completed...       8.6642 seconds

      =--> Data Output completed...       1.3297 seconds

     Processing Day/Time [YYYYDDD:HHMMSS]: 2017356:180000
       Which is Equivalent to (UTC): 18:00:00 Friday,  Dec. 22, 2017
       Time-Step Length (HHMMSS): 000500
                 VDIFF completed...       4.9528 seconds
                COUPLE completed...       0.1685 seconds
                  HADV completed...       3.0744 seconds
                  ZADV completed...       0.3098 seconds
                 HDIFF completed...       0.2131 seconds
              DECOUPLE completed...       0.0451 seconds
                  PHOT completed...       1.3600 seconds
               CLDPROC completed...       0.2517 seconds
                  CHEM completed...       0.8746 seconds
                  AERO completed...       0.8623 seconds
            Master Time Step
            Processing completed...      12.1158 seconds

     Processing Day/Time [YYYYDDD:HHMMSS]: 2017356:180500
       Which is Equivalent to (UTC): 18:05:00 Friday,  Dec. 22, 2017
       Time-Step Length (HHMMSS): 000500
                 VDIFF completed...       0.7824 seconds
                COUPLE completed...       0.0639 seconds
                  HADV completed...       2.2691 seconds
                  ZADV completed...       0.3073 seconds
                 HDIFF completed...       0.2143 seconds
              DECOUPLE completed...       0.0442 seconds
                  PHOT completed...       0.4648 seconds
               CLDPROC completed...       0.2520 seconds
                  CHEM completed...       0.8730 seconds
                  AERO completed...       0.8564 seconds
            Master Time Step
            Processing completed...       6.1286 seconds

     Processing Day/Time [YYYYDDD:HHMMSS]: 2017356:181000
       Which is Equivalent to (UTC): 18:10:00 Friday,  Dec. 22, 2017
       Time-Step Length (HHMMSS): 000500
                 VDIFF completed...       0.7823 seconds
                COUPLE completed...       0.0621 seconds
                  HADV completed...       2.2633 seconds
                  ZADV completed...       0.3093 seconds
                 HDIFF completed...       0.3980 seconds
              DECOUPLE completed...       0.0442 seconds
                  PHOT completed...       0.4645 seconds
               CLDPROC completed...       0.2539 seconds
                  CHEM completed...       0.8744 seconds
                  AERO completed...       0.8579 seconds
            Master Time Step
            Processing completed...       6.3136 seconds

     Processing Day/Time [YYYYDDD:HHMMSS]: 2017356:181500
       Which is Equivalent to (UTC): 18:15:00 Friday,  Dec. 22, 2017
       Time-Step Length (HHMMSS): 000500
                 VDIFF completed...       0.7866 seconds
                COUPLE completed...       0.0636 seconds
                  HADV completed...       2.2546 seconds
                  ZADV completed...       0.3260 seconds
                 HDIFF completed...       0.1973 seconds
              DECOUPLE completed...       0.0441 seconds
                  PHOT completed...       0.4653 seconds
               CLDPROC completed...       0.2557 seconds
                  CHEM completed...       0.8715 seconds
                  AERO completed...       0.8582 seconds
            Master Time Step
            Processing completed...       6.1246 seconds

     Processing Day/Time [YYYYDDD:HHMMSS]: 2017356:182000
       Which is Equivalent to (UTC): 18:20:00 Friday,  Dec. 22, 2017
       Time-Step Length (HHMMSS): 000500
                 VDIFF completed...       0.7846 seconds
                COUPLE completed...       0.0625 seconds
                  HADV completed...       2.2673 seconds
                  ZADV completed...       0.3093 seconds
                 HDIFF completed...       0.2112 seconds
              DECOUPLE completed...       0.0446 seconds
                  PHOT completed...       0.4652 seconds
               CLDPROC completed...       0.2559 seconds
                  CHEM completed...       0.8712 seconds
                  AERO completed...       0.8604 seconds
            Master Time Step
            Processing completed...       6.1356 seconds

     Processing Day/Time [YYYYDDD:HHMMSS]: 2017356:182500
       Which is Equivalent to (UTC): 18:25:00 Friday,  Dec. 22, 2017
       Time-Step Length (HHMMSS): 000500
                 VDIFF completed...       0.7783 seconds
                COUPLE completed...       0.0631 seconds
                  HADV completed...       2.2670 seconds
                  ZADV completed...       0.3114 seconds
                 HDIFF completed...       0.2078 seconds
              DECOUPLE completed...       0.0438 seconds
                  PHOT completed...       0.4649 seconds
               CLDPROC completed...       0.2563 seconds
                  CHEM completed...       0.8727 seconds
                  AERO completed...       0.8593 seconds
            Master Time Step
            Processing completed...       6.1293 seconds

     Processing Day/Time [YYYYDDD:HHMMSS]: 2017356:183000
       Which is Equivalent to (UTC): 18:30:00 Friday,  Dec. 22, 2017
       Time-Step Length (HHMMSS): 000500
                 VDIFF completed...       0.7850 seconds
                COUPLE completed...       0.0642 seconds
                  HADV completed...       2.2612 seconds
                  ZADV completed...       0.3084 seconds
                 HDIFF completed...       0.2128 seconds
              DECOUPLE completed...       0.0446 seconds
                  PHOT completed...       0.4654 seconds
               CLDPROC completed...       0.2544 seconds
                  CHEM completed...       0.8713 seconds
                  AERO completed...       0.8598 seconds
            Master Time Step
            Processing completed...       6.1306 seconds

     Processing Day/Time [YYYYDDD:HHMMSS]: 2017356:183500
       Which is Equivalent to (UTC): 18:35:00 Friday,  Dec. 22, 2017
       Time-Step Length (HHMMSS): 000500
                 VDIFF completed...       0.7850 seconds
                COUPLE completed...       0.0664 seconds
                  HADV completed...       2.2674 seconds
                  ZADV completed...       0.3087 seconds
                 HDIFF completed...       0.2136 seconds
              DECOUPLE completed...       0.0443 seconds
                  PHOT completed...       0.4653 seconds
               CLDPROC completed...       0.2545 seconds
                  CHEM completed...       0.8724 seconds
                  AERO completed...       0.8588 seconds
            Master Time Step
            Processing completed...       6.1400 seconds

     Processing Day/Time [YYYYDDD:HHMMSS]: 2017356:184000
       Which is Equivalent to (UTC): 18:40:00 Friday,  Dec. 22, 2017
       Time-Step Length (HHMMSS): 000500
                 VDIFF completed...       0.7868 seconds
                COUPLE completed...       0.0651 seconds
                  HADV completed...       2.2802 seconds
                  ZADV completed...       0.3092 seconds
                 HDIFF completed...       0.2120 seconds
              DECOUPLE completed...       0.0446 seconds
                  PHOT completed...       0.4638 seconds
               CLDPROC completed...       0.2564 seconds
                  CHEM completed...       0.8728 seconds
                  AERO completed...       0.8602 seconds
            Master Time Step
            Processing completed...       6.1557 seconds

     Processing Day/Time [YYYYDDD:HHMMSS]: 2017356:184500
       Which is Equivalent to (UTC): 18:45:00 Friday,  Dec. 22, 2017
       Time-Step Length (HHMMSS): 000500
                 VDIFF completed...       0.7924 seconds
                COUPLE completed...       0.0640 seconds
                  HADV completed...       2.2835 seconds
                  ZADV completed...       0.3081 seconds
                 HDIFF completed...       0.2132 seconds
              DECOUPLE completed...       0.0448 seconds
                  PHOT completed...       0.4642 seconds
               CLDPROC completed...       0.2552 seconds
                  CHEM completed...       0.8742 seconds
                  AERO completed...       0.8620 seconds
            Master Time Step
            Processing completed...       6.1655 seconds

     Processing Day/Time [YYYYDDD:HHMMSS]: 2017356:185000
       Which is Equivalent to (UTC): 18:50:00 Friday,  Dec. 22, 2017
       Time-Step Length (HHMMSS): 000500
                 VDIFF completed...       0.7949 seconds
                COUPLE completed...       0.0644 seconds
                  HADV completed...       2.2771 seconds
                  ZADV completed...       0.3091 seconds
                 HDIFF completed...       0.2120 seconds
              DECOUPLE completed...       0.0444 seconds
                  PHOT completed...       0.4644 seconds
               CLDPROC completed...       0.2553 seconds
                  CHEM completed...       0.8752 seconds
                  AERO completed...       0.8648 seconds
            Master Time Step
            Processing completed...       6.1661 seconds

     Processing Day/Time [YYYYDDD:HHMMSS]: 2017356:185500
       Which is Equivalent to (UTC): 18:55:00 Friday,  Dec. 22, 2017
       Time-Step Length (HHMMSS): 000500
                 VDIFF completed...       2.9083 seconds
                COUPLE completed...       0.1716 seconds
                  HADV completed...       1.2701 seconds
                  ZADV completed...       0.3085 seconds
                 HDIFF completed...       0.2131 seconds
              DECOUPLE completed...       0.0439 seconds
                  PHOT completed...       0.4705 seconds
               CLDPROC completed...       1.5652 seconds
                  CHEM completed...       0.9132 seconds
                  AERO completed...       0.8851 seconds
            Master Time Step
            Processing completed...       8.7521 seconds

      =--> Data Output completed...       1.2505 seconds

     Processing Day/Time [YYYYDDD:HHMMSS]: 2017356:190000
       Which is Equivalent to (UTC): 19:00:00 Friday,  Dec. 22, 2017
       Time-Step Length (HHMMSS): 000500
                 VDIFF completed...       4.3014 seconds
                COUPLE completed...       0.1564 seconds
                  HADV completed...       3.4957 seconds
                  ZADV completed...       0.3080 seconds
                 HDIFF completed...       0.2130 seconds
              DECOUPLE completed...       0.0448 seconds
                  PHOT completed...       0.9839 seconds
               CLDPROC completed...       0.2553 seconds
                  CHEM completed...       0.8755 seconds
                  AERO completed...       0.8624 seconds
            Master Time Step
            Processing completed...      11.5003 seconds

     Processing Day/Time [YYYYDDD:HHMMSS]: 2017356:190500
       Which is Equivalent to (UTC): 19:05:00 Friday,  Dec. 22, 2017
       Time-Step Length (HHMMSS): 000500
                 VDIFF completed...       0.7973 seconds
                COUPLE completed...       0.0597 seconds
                  HADV completed...       2.3063 seconds
                  ZADV completed...       0.3053 seconds
                 HDIFF completed...       0.2156 seconds
              DECOUPLE completed...       0.0446 seconds
                  PHOT completed...       0.4643 seconds
               CLDPROC completed...       0.2555 seconds
                  CHEM completed...       0.8743 seconds
                  AERO completed...       0.8618 seconds
            Master Time Step
            Processing completed...       6.1884 seconds

     Processing Day/Time [YYYYDDD:HHMMSS]: 2017356:191000
       Which is Equivalent to (UTC): 19:10:00 Friday,  Dec. 22, 2017
       Time-Step Length (HHMMSS): 000500
                 VDIFF completed...       0.8043 seconds
                COUPLE completed...       0.0628 seconds
                  HADV completed...       2.2855 seconds
                  ZADV completed...       0.3070 seconds
                 HDIFF completed...       0.2148 seconds
              DECOUPLE completed...       0.0442 seconds
                  PHOT completed...       0.4641 seconds
               CLDPROC completed...       0.2575 seconds
                  CHEM completed...       0.8729 seconds
                  AERO completed...       0.8627 seconds
            Master Time Step
            Processing completed...       6.1773 seconds

     Processing Day/Time [YYYYDDD:HHMMSS]: 2017356:191500
       Which is Equivalent to (UTC): 19:15:00 Friday,  Dec. 22, 2017
       Time-Step Length (HHMMSS): 000500
                 VDIFF completed...       0.8068 seconds
                COUPLE completed...       0.0621 seconds
                  HADV completed...       2.2835 seconds
                  ZADV completed...       0.3056 seconds
                 HDIFF completed...       0.2151 seconds
              DECOUPLE completed...       0.0437 seconds
                  PHOT completed...       0.4649 seconds
               CLDPROC completed...       0.2587 seconds
                  CHEM completed...       0.8714 seconds
                  AERO completed...       0.8718 seconds
            Master Time Step
            Processing completed...       6.1858 seconds

     Processing Day/Time [YYYYDDD:HHMMSS]: 2017356:192000
       Which is Equivalent to (UTC): 19:20:00 Friday,  Dec. 22, 2017
       Time-Step Length (HHMMSS): 000500
                 VDIFF completed...       0.7990 seconds
                COUPLE completed...       0.0648 seconds
                  HADV completed...       2.2820 seconds
                  ZADV completed...       0.3058 seconds
                 HDIFF completed...       0.2151 seconds
              DECOUPLE completed...       0.0442 seconds
                  PHOT completed...       0.4654 seconds
               CLDPROC completed...       0.2570 seconds
                  CHEM completed...       0.8705 seconds
                  AERO completed...       0.8648 seconds
            Master Time Step
            Processing completed...       6.1718 seconds

     Processing Day/Time [YYYYDDD:HHMMSS]: 2017356:192500
       Which is Equivalent to (UTC): 19:25:00 Friday,  Dec. 22, 2017
       Time-Step Length (HHMMSS): 000500
                 VDIFF completed...       0.8113 seconds
                COUPLE completed...       0.0643 seconds
                  HADV completed...       2.2759 seconds
                  ZADV completed...       0.3040 seconds
                 HDIFF completed...       0.2158 seconds
              DECOUPLE completed...       0.0439 seconds
                  PHOT completed...       0.4698 seconds
               CLDPROC completed...       0.2541 seconds
                  CHEM completed...       0.8681 seconds
                  AERO completed...       0.8631 seconds
            Master Time Step
            Processing completed...       6.1741 seconds

     Processing Day/Time [YYYYDDD:HHMMSS]: 2017356:193000
       Which is Equivalent to (UTC): 19:30:00 Friday,  Dec. 22, 2017
       Time-Step Length (HHMMSS): 000500
                 VDIFF completed...       0.8167 seconds
                COUPLE completed...       0.0661 seconds
                  HADV completed...       2.2777 seconds
                  ZADV completed...       0.3077 seconds
                 HDIFF completed...       0.2134 seconds
              DECOUPLE completed...       0.0439 seconds
                  PHOT completed...       0.4638 seconds
               CLDPROC completed...       0.2588 seconds
                  CHEM completed...       0.8686 seconds
                  AERO completed...       0.8631 seconds
            Master Time Step
            Processing completed...       6.1842 seconds

     Processing Day/Time [YYYYDDD:HHMMSS]: 2017356:193500
       Which is Equivalent to (UTC): 19:35:00 Friday,  Dec. 22, 2017
       Time-Step Length (HHMMSS): 000500
                 VDIFF completed...       0.8223 seconds
                COUPLE completed...       0.0645 seconds
                  HADV completed...       2.2743 seconds
                  ZADV completed...       0.3054 seconds
                 HDIFF completed...       0.2147 seconds
              DECOUPLE completed...       0.0442 seconds
                  PHOT completed...       0.4641 seconds
               CLDPROC completed...       0.2579 seconds
                  CHEM completed...       0.8660 seconds
                  AERO completed...       0.8655 seconds
            Master Time Step
            Processing completed...       6.1829 seconds

     Processing Day/Time [YYYYDDD:HHMMSS]: 2017356:194000
       Which is Equivalent to (UTC): 19:40:00 Friday,  Dec. 22, 2017
       Time-Step Length (HHMMSS): 000500
                 VDIFF completed...       0.8345 seconds
                COUPLE completed...       0.0569 seconds
                  HADV completed...       2.2608 seconds
                  ZADV completed...       0.3054 seconds
                 HDIFF completed...       0.2152 seconds
              DECOUPLE completed...       0.0436 seconds
                  PHOT completed...       0.4658 seconds
               CLDPROC completed...       0.2580 seconds
                  CHEM completed...       0.8726 seconds
                  AERO completed...       0.8679 seconds
            Master Time Step
            Processing completed...       6.1827 seconds

     Processing Day/Time [YYYYDDD:HHMMSS]: 2017356:194500
       Which is Equivalent to (UTC): 19:45:00 Friday,  Dec. 22, 2017
       Time-Step Length (HHMMSS): 000500
                 VDIFF completed...       0.8172 seconds
                COUPLE completed...       0.0611 seconds
                  HADV completed...       2.2738 seconds
                  ZADV completed...       0.3022 seconds
                 HDIFF completed...       0.2273 seconds
              DECOUPLE completed...       0.0471 seconds
                  PHOT completed...       0.4573 seconds
               CLDPROC completed...       0.2519 seconds
                  CHEM completed...       0.8687 seconds
                  AERO completed...       0.8689 seconds
            Master Time Step
            Processing completed...       6.1802 seconds

     Processing Day/Time [YYYYDDD:HHMMSS]: 2017356:195000
       Which is Equivalent to (UTC): 19:50:00 Friday,  Dec. 22, 2017
       Time-Step Length (HHMMSS): 000500
                 VDIFF completed...       0.8277 seconds
                COUPLE completed...       0.0618 seconds
                  HADV completed...       2.2825 seconds
                  ZADV completed...       0.3064 seconds
                 HDIFF completed...       0.2139 seconds
              DECOUPLE completed...       0.0440 seconds
                  PHOT completed...       0.4644 seconds
               CLDPROC completed...       0.2561 seconds
                  CHEM completed...       0.8702 seconds
                  AERO completed...       0.8614 seconds
            Master Time Step
            Processing completed...       6.1931 seconds

     Processing Day/Time [YYYYDDD:HHMMSS]: 2017356:195500
       Which is Equivalent to (UTC): 19:55:00 Friday,  Dec. 22, 2017
       Time-Step Length (HHMMSS): 000500
                 VDIFF completed...       2.9774 seconds
                COUPLE completed...       0.1706 seconds
                  HADV completed...       1.2681 seconds
                  ZADV completed...       0.3048 seconds
                 HDIFF completed...       0.2146 seconds
              DECOUPLE completed...       0.0435 seconds
                  PHOT completed...       0.4644 seconds
               CLDPROC completed...       1.5768 seconds
                  CHEM completed...       0.8953 seconds
                  AERO completed...       0.8786 seconds
            Master Time Step
            Processing completed...       8.7988 seconds

      =--> Data Output completed...       1.2993 seconds

     Processing Day/Time [YYYYDDD:HHMMSS]: 2017356:200000
       Which is Equivalent to (UTC): 20:00:00 Friday,  Dec. 22, 2017
       Time-Step Length (HHMMSS): 000500
                 VDIFF completed...       4.8097 seconds
                COUPLE completed...       0.1640 seconds
                  HADV completed...       3.3298 seconds
                  ZADV completed...       0.3120 seconds
                 HDIFF completed...       0.2095 seconds
              DECOUPLE completed...       0.0444 seconds
                  PHOT completed...       1.3189 seconds
               CLDPROC completed...       0.2560 seconds
                  CHEM completed...       0.8677 seconds
                  AERO completed...       0.8627 seconds
            Master Time Step
            Processing completed...      12.1792 seconds

     Processing Day/Time [YYYYDDD:HHMMSS]: 2017356:200500
       Which is Equivalent to (UTC): 20:05:00 Friday,  Dec. 22, 2017
       Time-Step Length (HHMMSS): 000500
                 VDIFF completed...       0.8384 seconds
                COUPLE completed...       0.0592 seconds
                  HADV completed...       2.3530 seconds
                  ZADV completed...       0.3090 seconds
                 HDIFF completed...       0.2117 seconds
              DECOUPLE completed...       0.0448 seconds
                  PHOT completed...       0.4654 seconds
               CLDPROC completed...       0.2557 seconds
                  CHEM completed...       0.8654 seconds
                  AERO completed...       0.8644 seconds
            Master Time Step
            Processing completed...       6.2720 seconds

     Processing Day/Time [YYYYDDD:HHMMSS]: 2017356:201000
       Which is Equivalent to (UTC): 20:10:00 Friday,  Dec. 22, 2017
       Time-Step Length (HHMMSS): 000500
                 VDIFF completed...       0.8246 seconds
                COUPLE completed...       0.0610 seconds
                  HADV completed...       2.3576 seconds
                  ZADV completed...       0.3091 seconds
                 HDIFF completed...       0.2125 seconds
              DECOUPLE completed...       0.0444 seconds
                  PHOT completed...       0.4659 seconds
               CLDPROC completed...       0.2568 seconds
                  CHEM completed...       0.8654 seconds
                  AERO completed...       0.8651 seconds
            Master Time Step
            Processing completed...       6.2654 seconds

     Processing Day/Time [YYYYDDD:HHMMSS]: 2017356:201500
       Which is Equivalent to (UTC): 20:15:00 Friday,  Dec. 22, 2017
       Time-Step Length (HHMMSS): 000500
                 VDIFF completed...       0.8262 seconds
                COUPLE completed...       0.0609 seconds
                  HADV completed...       2.3622 seconds
                  ZADV completed...       0.3082 seconds
                 HDIFF completed...       0.2117 seconds
              DECOUPLE completed...       0.0453 seconds
                  PHOT completed...       0.4675 seconds
               CLDPROC completed...       0.2556 seconds
                  CHEM completed...       0.8653 seconds
                  AERO completed...       0.8646 seconds
            Master Time Step
            Processing completed...       6.2712 seconds

     Processing Day/Time [YYYYDDD:HHMMSS]: 2017356:202000
       Which is Equivalent to (UTC): 20:20:00 Friday,  Dec. 22, 2017
       Time-Step Length (HHMMSS): 000500
                 VDIFF completed...       0.8322 seconds
                COUPLE completed...       0.0612 seconds
                  HADV completed...       2.3485 seconds
                  ZADV completed...       0.3071 seconds
                 HDIFF completed...       0.2139 seconds
              DECOUPLE completed...       0.0447 seconds
                  PHOT completed...       0.4661 seconds
               CLDPROC completed...       0.2565 seconds
                  CHEM completed...       0.8645 seconds
                  AERO completed...       0.8622 seconds
            Master Time Step
            Processing completed...       6.2603 seconds

     Processing Day/Time [YYYYDDD:HHMMSS]: 2017356:202500
       Which is Equivalent to (UTC): 20:25:00 Friday,  Dec. 22, 2017
       Time-Step Length (HHMMSS): 000500
                 VDIFF completed...       0.8370 seconds
                COUPLE completed...       0.0623 seconds
                  HADV completed...       2.3349 seconds
                  ZADV completed...       0.3080 seconds
                 HDIFF completed...       0.2117 seconds
              DECOUPLE completed...       0.0441 seconds
                  PHOT completed...       0.4661 seconds
               CLDPROC completed...       0.2578 seconds
                  CHEM completed...       0.8628 seconds
                  AERO completed...       0.8614 seconds
            Master Time Step
            Processing completed...       6.2507 seconds

     Processing Day/Time [YYYYDDD:HHMMSS]: 2017356:203000
       Which is Equivalent to (UTC): 20:30:00 Friday,  Dec. 22, 2017
       Time-Step Length (HHMMSS): 000500
                 VDIFF completed...       0.8466 seconds
                COUPLE completed...       0.0617 seconds
                  HADV completed...       2.3288 seconds
                  ZADV completed...       0.3083 seconds
                 HDIFF completed...       0.2115 seconds
              DECOUPLE completed...       0.0448 seconds
                  PHOT completed...       0.4663 seconds
               CLDPROC completed...       0.2570 seconds
                  CHEM completed...       0.8630 seconds
                  AERO completed...       0.8616 seconds
            Master Time Step
            Processing completed...       6.2544 seconds

     Processing Day/Time [YYYYDDD:HHMMSS]: 2017356:203500
       Which is Equivalent to (UTC): 20:35:00 Friday,  Dec. 22, 2017
       Time-Step Length (HHMMSS): 000500
                 VDIFF completed...       0.8504 seconds
                COUPLE completed...       0.0617 seconds
                  HADV completed...       2.3218 seconds
                  ZADV completed...       0.3067 seconds
                 HDIFF completed...       0.2138 seconds
              DECOUPLE completed...       0.0443 seconds
                  PHOT completed...       0.4662 seconds
               CLDPROC completed...       0.2575 seconds
                  CHEM completed...       0.8640 seconds
                  AERO completed...       0.8619 seconds
            Master Time Step
            Processing completed...       6.2516 seconds

     Processing Day/Time [YYYYDDD:HHMMSS]: 2017356:204000
       Which is Equivalent to (UTC): 20:40:00 Friday,  Dec. 22, 2017
       Time-Step Length (HHMMSS): 000500
                 VDIFF completed...       0.8484 seconds
                COUPLE completed...       0.0617 seconds
                  HADV completed...       2.3293 seconds
                  ZADV completed...       0.3087 seconds
                 HDIFF completed...       0.2121 seconds
              DECOUPLE completed...       0.0446 seconds
                  PHOT completed...       0.4667 seconds
               CLDPROC completed...       0.2550 seconds
                  CHEM completed...       0.8650 seconds
                  AERO completed...       0.8597 seconds
            Master Time Step
            Processing completed...       6.2560 seconds

     Processing Day/Time [YYYYDDD:HHMMSS]: 2017356:204500
       Which is Equivalent to (UTC): 20:45:00 Friday,  Dec. 22, 2017
       Time-Step Length (HHMMSS): 000500
                 VDIFF completed...       0.8582 seconds
                COUPLE completed...       0.0749 seconds
                  HADV completed...       2.3066 seconds
                  ZADV completed...       0.3062 seconds
                 HDIFF completed...       0.2140 seconds
              DECOUPLE completed...       0.0447 seconds
                  PHOT completed...       0.4672 seconds
               CLDPROC completed...       0.2533 seconds
                  CHEM completed...       0.8660 seconds
                  AERO completed...       0.8611 seconds
            Master Time Step
            Processing completed...       6.2571 seconds

     Processing Day/Time [YYYYDDD:HHMMSS]: 2017356:205000
       Which is Equivalent to (UTC): 20:50:00 Friday,  Dec. 22, 2017
       Time-Step Length (HHMMSS): 000500
                 VDIFF completed...       0.8609 seconds
                COUPLE completed...       0.0798 seconds
                  HADV completed...       2.2984 seconds
                  ZADV completed...       0.3075 seconds
                 HDIFF completed...       0.2130 seconds
              DECOUPLE completed...       0.0443 seconds
                  PHOT completed...       0.4669 seconds
               CLDPROC completed...       0.2523 seconds
                  CHEM completed...       0.8655 seconds
                  AERO completed...       0.8595 seconds
            Master Time Step
            Processing completed...       6.2526 seconds

     Processing Day/Time [YYYYDDD:HHMMSS]: 2017356:205500
       Which is Equivalent to (UTC): 20:55:00 Friday,  Dec. 22, 2017
       Time-Step Length (HHMMSS): 000500
                 VDIFF completed...       3.0654 seconds
                COUPLE completed...       0.1706 seconds
                  HADV completed...       1.3493 seconds
                  ZADV completed...       0.3089 seconds
                 HDIFF completed...       0.2111 seconds
              DECOUPLE completed...       0.0451 seconds
                  PHOT completed...       0.4644 seconds
               CLDPROC completed...       1.5876 seconds
                  CHEM completed...       0.8669 seconds
                  AERO completed...       0.8759 seconds
            Master Time Step
            Processing completed...       8.9505 seconds

      =--> Data Output completed...       1.3078 seconds

     Processing Day/Time [YYYYDDD:HHMMSS]: 2017356:210000
       Which is Equivalent to (UTC): 21:00:00 Friday,  Dec. 22, 2017
       Time-Step Length (HHMMSS): 000500
                 VDIFF completed...       4.6295 seconds
                COUPLE completed...       0.1755 seconds
                  HADV completed...       3.6164 seconds
                  ZADV completed...       0.3067 seconds
                 HDIFF completed...       0.2140 seconds
              DECOUPLE completed...       0.0448 seconds
                  PHOT completed...       1.3294 seconds
               CLDPROC completed...       0.2542 seconds
                  CHEM completed...       0.8601 seconds
                  AERO completed...       0.8594 seconds
            Master Time Step
            Processing completed...      12.2942 seconds

     Processing Day/Time [YYYYDDD:HHMMSS]: 2017356:210500
       Which is Equivalent to (UTC): 21:05:00 Friday,  Dec. 22, 2017
       Time-Step Length (HHMMSS): 000500
                 VDIFF completed...       0.9005 seconds
                COUPLE completed...       0.0922 seconds
                  HADV completed...       2.2703 seconds
                  ZADV completed...       0.3074 seconds
                 HDIFF completed...       0.2121 seconds
              DECOUPLE completed...       0.0446 seconds
                  PHOT completed...       0.4651 seconds
               CLDPROC completed...       0.2491 seconds
                  CHEM completed...       0.8622 seconds
                  AERO completed...       0.8610 seconds
            Master Time Step
            Processing completed...       6.2681 seconds

     Processing Day/Time [YYYYDDD:HHMMSS]: 2017356:211000
       Which is Equivalent to (UTC): 21:10:00 Friday,  Dec. 22, 2017
       Time-Step Length (HHMMSS): 000500
                 VDIFF completed...       0.8940 seconds
                COUPLE completed...       0.0835 seconds
                  HADV completed...       2.2744 seconds
                  ZADV completed...       0.3078 seconds
                 HDIFF completed...       0.2121 seconds
              DECOUPLE completed...       0.0441 seconds
                  PHOT completed...       0.4643 seconds
               CLDPROC completed...       0.2488 seconds
                  CHEM completed...       0.8600 seconds
                  AERO completed...       0.8595 seconds
            Master Time Step
            Processing completed...       6.2532 seconds

     Processing Day/Time [YYYYDDD:HHMMSS]: 2017356:211500
       Which is Equivalent to (UTC): 21:15:00 Friday,  Dec. 22, 2017
       Time-Step Length (HHMMSS): 000500
                 VDIFF completed...       0.8672 seconds
                COUPLE completed...       0.0874 seconds
                  HADV completed...       2.3007 seconds
                  ZADV completed...       0.3055 seconds
                 HDIFF completed...       0.2149 seconds
              DECOUPLE completed...       0.0441 seconds
                  PHOT completed...       0.4654 seconds
               CLDPROC completed...       0.2475 seconds
                  CHEM completed...       0.8566 seconds
                  AERO completed...       0.8616 seconds
            Master Time Step
            Processing completed...       6.2547 seconds

     Processing Day/Time [YYYYDDD:HHMMSS]: 2017356:212000
       Which is Equivalent to (UTC): 21:20:00 Friday,  Dec. 22, 2017
       Time-Step Length (HHMMSS): 000500
                 VDIFF completed...       0.8542 seconds
                COUPLE completed...       0.0804 seconds
                  HADV completed...       2.3061 seconds
                  ZADV completed...       0.3068 seconds
                 HDIFF completed...       0.2131 seconds
              DECOUPLE completed...       0.0442 seconds
                  PHOT completed...       0.4646 seconds
               CLDPROC completed...       0.2436 seconds
                  CHEM completed...       0.8535 seconds
                  AERO completed...       0.8568 seconds
            Master Time Step
            Processing completed...       6.2277 seconds

     Processing Day/Time [YYYYDDD:HHMMSS]: 2017356:212500
       Which is Equivalent to (UTC): 21:25:00 Friday,  Dec. 22, 2017
       Time-Step Length (HHMMSS): 000500
                 VDIFF completed...       0.8743 seconds
                COUPLE completed...       0.0723 seconds
                  HADV completed...       2.2852 seconds
                  ZADV completed...       0.3042 seconds
                 HDIFF completed...       0.2149 seconds
              DECOUPLE completed...       0.0447 seconds
                  PHOT completed...       0.4672 seconds
               CLDPROC completed...       0.2416 seconds
                  CHEM completed...       0.8413 seconds
                  AERO completed...       0.8580 seconds
            Master Time Step
            Processing completed...       6.2084 seconds

     Processing Day/Time [YYYYDDD:HHMMSS]: 2017356:213000
       Which is Equivalent to (UTC): 21:30:00 Friday,  Dec. 22, 2017
       Time-Step Length (HHMMSS): 000500
                 VDIFF completed...       0.8959 seconds
                COUPLE completed...       0.0786 seconds
                  HADV completed...       2.2640 seconds
                  ZADV completed...       0.3053 seconds
                 HDIFF completed...       0.2143 seconds
              DECOUPLE completed...       0.0455 seconds
                  PHOT completed...       0.4662 seconds
               CLDPROC completed...       0.2398 seconds
                  CHEM completed...       0.8357 seconds
                  AERO completed...       0.8585 seconds
            Master Time Step
            Processing completed...       6.2075 seconds

     Processing Day/Time [YYYYDDD:HHMMSS]: 2017356:213500
       Which is Equivalent to (UTC): 21:35:00 Friday,  Dec. 22, 2017
       Time-Step Length (HHMMSS): 000500
                 VDIFF completed...       0.9001 seconds
                COUPLE completed...       0.0781 seconds
                  HADV completed...       2.2639 seconds
                  ZADV completed...       0.3070 seconds
                 HDIFF completed...       0.2128 seconds
              DECOUPLE completed...       0.0444 seconds
                  PHOT completed...       0.4677 seconds
               CLDPROC completed...       0.2348 seconds
                  CHEM completed...       0.8441 seconds
                  AERO completed...       0.8580 seconds
            Master Time Step
            Processing completed...       6.2159 seconds

     Processing Day/Time [YYYYDDD:HHMMSS]: 2017356:214000
       Which is Equivalent to (UTC): 21:40:00 Friday,  Dec. 22, 2017
       Time-Step Length (HHMMSS): 000500
                 VDIFF completed...       0.8458 seconds
                COUPLE completed...       0.0765 seconds
                  HADV completed...       2.3008 seconds
                  ZADV completed...       0.3076 seconds
                 HDIFF completed...       0.2122 seconds
              DECOUPLE completed...       0.0440 seconds
                  PHOT completed...       0.4653 seconds
               CLDPROC completed...       0.2345 seconds
                  CHEM completed...       0.8392 seconds
                  AERO completed...       0.8563 seconds
            Master Time Step
            Processing completed...       6.1875 seconds

     Processing Day/Time [YYYYDDD:HHMMSS]: 2017356:214500
       Which is Equivalent to (UTC): 21:45:00 Friday,  Dec. 22, 2017
       Time-Step Length (HHMMSS): 000500
                 VDIFF completed...       0.8076 seconds
                COUPLE completed...       0.0612 seconds
                  HADV completed...       2.3283 seconds
                  ZADV completed...       0.3060 seconds
                 HDIFF completed...       0.2146 seconds
              DECOUPLE completed...       0.0443 seconds
                  PHOT completed...       0.4658 seconds
               CLDPROC completed...       0.2291 seconds
                  CHEM completed...       0.8410 seconds
                  AERO completed...       0.8540 seconds
            Master Time Step
            Processing completed...       6.1534 seconds

     Processing Day/Time [YYYYDDD:HHMMSS]: 2017356:215000
       Which is Equivalent to (UTC): 21:50:00 Friday,  Dec. 22, 2017
       Time-Step Length (HHMMSS): 000500
                 VDIFF completed...       0.8247 seconds
                COUPLE completed...       0.0588 seconds
                  HADV completed...       2.3118 seconds
                  ZADV completed...       0.3061 seconds
                 HDIFF completed...       0.2158 seconds
              DECOUPLE completed...       0.0441 seconds
                  PHOT completed...       0.4669 seconds
               CLDPROC completed...       0.2240 seconds
                  CHEM completed...       0.8429 seconds
                  AERO completed...       0.8474 seconds
            Master Time Step
            Processing completed...       6.1435 seconds

     Processing Day/Time [YYYYDDD:HHMMSS]: 2017356:215500
       Which is Equivalent to (UTC): 21:55:00 Friday,  Dec. 22, 2017
       Time-Step Length (HHMMSS): 000500
                 VDIFF completed...       2.9248 seconds
                COUPLE completed...       0.1714 seconds
                  HADV completed...       1.3483 seconds
                  ZADV completed...       0.3074 seconds
                 HDIFF completed...       0.2126 seconds
              DECOUPLE completed...       0.0443 seconds
                  PHOT completed...       0.4638 seconds
               CLDPROC completed...       1.5498 seconds
                  CHEM completed...       0.8405 seconds
                  AERO completed...       0.8608 seconds
            Master Time Step
            Processing completed...       8.7280 seconds

      =--> Data Output completed...       1.2786 seconds

     Processing Day/Time [YYYYDDD:HHMMSS]: 2017356:220000
       Which is Equivalent to (UTC): 22:00:00 Friday,  Dec. 22, 2017
       Time-Step Length (HHMMSS): 000500
                 VDIFF completed...       4.9506 seconds
                COUPLE completed...       0.1695 seconds
                  HADV completed...       3.3370 seconds
                  ZADV completed...       0.3058 seconds
                 HDIFF completed...       0.2164 seconds
              DECOUPLE completed...       0.0447 seconds
                  PHOT completed...       1.3279 seconds
               CLDPROC completed...       0.2221 seconds
                  CHEM completed...       0.8340 seconds
                  AERO completed...       0.8546 seconds
            Master Time Step
            Processing completed...      12.2671 seconds

     Processing Day/Time [YYYYDDD:HHMMSS]: 2017356:220500
       Which is Equivalent to (UTC): 22:05:00 Friday,  Dec. 22, 2017
       Time-Step Length (HHMMSS): 000500
                 VDIFF completed...       0.8783 seconds
                COUPLE completed...       0.0735 seconds
                  HADV completed...       2.2197 seconds
                  ZADV completed...       0.3060 seconds
                 HDIFF completed...       0.2140 seconds
              DECOUPLE completed...       0.0445 seconds
                  PHOT completed...       0.4641 seconds
               CLDPROC completed...       0.2178 seconds
                  CHEM completed...       0.8337 seconds
                  AERO completed...       0.8627 seconds
            Master Time Step
            Processing completed...       6.1189 seconds

     Processing Day/Time [YYYYDDD:HHMMSS]: 2017356:221000
       Which is Equivalent to (UTC): 22:10:00 Friday,  Dec. 22, 2017
       Time-Step Length (HHMMSS): 000500
                 VDIFF completed...       0.8780 seconds
                COUPLE completed...       0.0640 seconds
                  HADV completed...       2.2040 seconds
                  ZADV completed...       0.3057 seconds
                 HDIFF completed...       0.2144 seconds
              DECOUPLE completed...       0.0442 seconds
                  PHOT completed...       0.4654 seconds
               CLDPROC completed...       0.2173 seconds
                  CHEM completed...       0.8361 seconds
                  AERO completed...       0.8616 seconds
            Master Time Step
            Processing completed...       6.0946 seconds

     Processing Day/Time [YYYYDDD:HHMMSS]: 2017356:221500
       Which is Equivalent to (UTC): 22:15:00 Friday,  Dec. 22, 2017
       Time-Step Length (HHMMSS): 000500
                 VDIFF completed...       0.8405 seconds
                COUPLE completed...       0.0789 seconds
                  HADV completed...       2.2651 seconds
                  ZADV completed...       0.3024 seconds
                 HDIFF completed...       0.3493 seconds
              DECOUPLE completed...       0.0448 seconds
                  PHOT completed...       0.4654 seconds
               CLDPROC completed...       0.2170 seconds
                  CHEM completed...       0.8410 seconds
                  AERO completed...       0.8673 seconds
            Master Time Step
            Processing completed...       6.2726 seconds

     Processing Day/Time [YYYYDDD:HHMMSS]: 2017356:222000
       Which is Equivalent to (UTC): 22:20:00 Friday,  Dec. 22, 2017
       Time-Step Length (HHMMSS): 000500
                 VDIFF completed...       0.8460 seconds
                COUPLE completed...       0.0559 seconds
                  HADV completed...       2.1787 seconds
                  ZADV completed...       0.3062 seconds
                 HDIFF completed...       0.2141 seconds
              DECOUPLE completed...       0.0445 seconds
                  PHOT completed...       0.4647 seconds
               CLDPROC completed...       0.2159 seconds
                  CHEM completed...       0.8815 seconds
                  AERO completed...       0.8624 seconds
            Master Time Step
            Processing completed...       6.0743 seconds

     Processing Day/Time [YYYYDDD:HHMMSS]: 2017356:222500
       Which is Equivalent to (UTC): 22:25:00 Friday,  Dec. 22, 2017
       Time-Step Length (HHMMSS): 000500
                 VDIFF completed...       0.8395 seconds
                COUPLE completed...       0.0571 seconds
                  HADV completed...       2.1243 seconds
                  ZADV completed...       0.3033 seconds
                 HDIFF completed...       0.2176 seconds
              DECOUPLE completed...       0.0445 seconds
                  PHOT completed...       0.4657 seconds
               CLDPROC completed...       0.2138 seconds
                  CHEM completed...       0.8370 seconds
                  AERO completed...       0.8662 seconds
            Master Time Step
            Processing completed...       5.9725 seconds

     Processing Day/Time [YYYYDDD:HHMMSS]: 2017356:223000
       Which is Equivalent to (UTC): 22:30:00 Friday,  Dec. 22, 2017
       Time-Step Length (HHMMSS): 000500
                 VDIFF completed...       0.8632 seconds
                COUPLE completed...       0.0592 seconds
                  HADV completed...       2.1152 seconds
                  ZADV completed...       0.3034 seconds
                 HDIFF completed...       0.2169 seconds
              DECOUPLE completed...       0.0438 seconds
                  PHOT completed...       0.4656 seconds
               CLDPROC completed...       0.2129 seconds
                  CHEM completed...       0.8408 seconds
                  AERO completed...       0.8743 seconds
            Master Time Step
            Processing completed...       6.0000 seconds

     Processing Day/Time [YYYYDDD:HHMMSS]: 2017356:223500
       Which is Equivalent to (UTC): 22:35:00 Friday,  Dec. 22, 2017
       Time-Step Length (HHMMSS): 000500
                 VDIFF completed...       0.8411 seconds
                COUPLE completed...       0.0583 seconds
                  HADV completed...       2.0971 seconds
                  ZADV completed...       0.3034 seconds
                 HDIFF completed...       0.2162 seconds
              DECOUPLE completed...       0.0442 seconds
                  PHOT completed...       0.4662 seconds
               CLDPROC completed...       0.2087 seconds
                  CHEM completed...       0.8415 seconds
                  AERO completed...       0.8694 seconds
            Master Time Step
            Processing completed...       5.9500 seconds

     Processing Day/Time [YYYYDDD:HHMMSS]: 2017356:224000
       Which is Equivalent to (UTC): 22:40:00 Friday,  Dec. 22, 2017
       Time-Step Length (HHMMSS): 000500
                 VDIFF completed...       0.8370 seconds
                COUPLE completed...       0.0577 seconds
                  HADV completed...       2.0481 seconds
                  ZADV completed...       0.3043 seconds
                 HDIFF completed...       0.2150 seconds
              DECOUPLE completed...       0.0436 seconds
                  PHOT completed...       0.4674 seconds
               CLDPROC completed...       0.2063 seconds
                  CHEM completed...       0.8418 seconds
                  AERO completed...       0.8694 seconds
            Master Time Step
            Processing completed...       5.8950 seconds

     Processing Day/Time [YYYYDDD:HHMMSS]: 2017356:224500
       Which is Equivalent to (UTC): 22:45:00 Friday,  Dec. 22, 2017
       Time-Step Length (HHMMSS): 000500
                 VDIFF completed...       0.8521 seconds
                COUPLE completed...       0.0567 seconds
                  HADV completed...       1.9612 seconds
                  ZADV completed...       0.3028 seconds
                 HDIFF completed...       0.2386 seconds
              DECOUPLE completed...       0.0442 seconds
                  PHOT completed...       0.4661 seconds
               CLDPROC completed...       0.2045 seconds
                  CHEM completed...       0.8490 seconds
                  AERO completed...       0.8753 seconds
            Master Time Step
            Processing completed...       5.8551 seconds

     Processing Day/Time [YYYYDDD:HHMMSS]: 2017356:225000
       Which is Equivalent to (UTC): 22:50:00 Friday,  Dec. 22, 2017
       Time-Step Length (HHMMSS): 000500
                 VDIFF completed...       0.8461 seconds
                COUPLE completed...       0.0576 seconds
                  HADV completed...       1.8961 seconds
                  ZADV completed...       0.3015 seconds
                 HDIFF completed...       0.2185 seconds
              DECOUPLE completed...       0.0439 seconds
                  PHOT completed...       0.4661 seconds
               CLDPROC completed...       0.2008 seconds
                  CHEM completed...       0.8509 seconds
                  AERO completed...       0.8889 seconds
            Master Time Step
            Processing completed...       5.7757 seconds

     Processing Day/Time [YYYYDDD:HHMMSS]: 2017356:225500
       Which is Equivalent to (UTC): 22:55:00 Friday,  Dec. 22, 2017
       Time-Step Length (HHMMSS): 000500
                 VDIFF completed...       2.5774 seconds
                COUPLE completed...       0.1696 seconds
                  HADV completed...       1.2872 seconds
                  ZADV completed...       0.3034 seconds
                 HDIFF completed...       0.2164 seconds
              DECOUPLE completed...       0.0447 seconds
                  PHOT completed...       0.4627 seconds
               CLDPROC completed...       1.3610 seconds
                  CHEM completed...       0.8513 seconds
                  AERO completed...       0.8559 seconds
            Master Time Step
            Processing completed...       8.1351 seconds

      =--> Data Output completed...       1.2441 seconds

     Processing Day/Time [YYYYDDD:HHMMSS]: 2017356:230000
       Which is Equivalent to (UTC): 23:00:00 Friday,  Dec. 22, 2017
       Time-Step Length (HHMMSS): 000500
                 VDIFF completed...       4.5174 seconds
                COUPLE completed...       0.1571 seconds
                  HADV completed...       3.5580 seconds
                  ZADV completed...       0.3046 seconds
                 HDIFF completed...       0.2165 seconds
              DECOUPLE completed...       0.0442 seconds
                  PHOT completed...       1.2324 seconds
               CLDPROC completed...       0.1953 seconds
                  CHEM completed...       0.8502 seconds
                  AERO completed...       0.8710 seconds
            Master Time Step
            Processing completed...      11.9518 seconds

     Processing Day/Time [YYYYDDD:HHMMSS]: 2017356:230500
       Which is Equivalent to (UTC): 23:05:00 Friday,  Dec. 22, 2017
       Time-Step Length (HHMMSS): 000500
                 VDIFF completed...       0.8541 seconds
                COUPLE completed...       0.0756 seconds
                  HADV completed...       1.7744 seconds
                  ZADV completed...       0.3042 seconds
                 HDIFF completed...       0.2156 seconds
              DECOUPLE completed...       0.0441 seconds
                  PHOT completed...       0.4678 seconds
               CLDPROC completed...       0.1943 seconds
                  CHEM completed...       0.8537 seconds
                  AERO completed...       0.8686 seconds
            Master Time Step
            Processing completed...       5.6571 seconds

     Processing Day/Time [YYYYDDD:HHMMSS]: 2017356:231000
       Which is Equivalent to (UTC): 23:10:00 Friday,  Dec. 22, 2017
       Time-Step Length (HHMMSS): 000500
                 VDIFF completed...       0.8577 seconds
                COUPLE completed...       0.0779 seconds
                  HADV completed...       1.7573 seconds
                  ZADV completed...       0.3037 seconds
                 HDIFF completed...       0.2167 seconds
              DECOUPLE completed...       0.0441 seconds
                  PHOT completed...       0.4682 seconds
               CLDPROC completed...       0.1935 seconds
                  CHEM completed...       0.8566 seconds
                  AERO completed...       0.8713 seconds
            Master Time Step
            Processing completed...       5.6516 seconds

     Processing Day/Time [YYYYDDD:HHMMSS]: 2017356:231500
       Which is Equivalent to (UTC): 23:15:00 Friday,  Dec. 22, 2017
       Time-Step Length (HHMMSS): 000500
                 VDIFF completed...       0.8389 seconds
                COUPLE completed...       0.0711 seconds
                  HADV completed...       1.7593 seconds
                  ZADV completed...       0.3016 seconds
                 HDIFF completed...       0.2204 seconds
              DECOUPLE completed...       0.0445 seconds
                  PHOT completed...       0.4694 seconds
               CLDPROC completed...       0.1955 seconds
                  CHEM completed...       0.8581 seconds
                  AERO completed...       0.8738 seconds
            Master Time Step
            Processing completed...       5.6373 seconds

     Processing Day/Time [YYYYDDD:HHMMSS]: 2017356:232000
       Which is Equivalent to (UTC): 23:20:00 Friday,  Dec. 22, 2017
       Time-Step Length (HHMMSS): 000500
                 VDIFF completed...       0.8262 seconds
                COUPLE completed...       0.0647 seconds
                  HADV completed...       1.7720 seconds
                  ZADV completed...       0.3014 seconds
                 HDIFF completed...       0.2189 seconds
              DECOUPLE completed...       0.0443 seconds
                  PHOT completed...       0.4684 seconds
               CLDPROC completed...       0.1972 seconds
                  CHEM completed...       0.8591 seconds
                  AERO completed...       0.8841 seconds
            Master Time Step
            Processing completed...       5.6406 seconds

     Processing Day/Time [YYYYDDD:HHMMSS]: 2017356:232500
       Which is Equivalent to (UTC): 23:25:00 Friday,  Dec. 22, 2017
       Time-Step Length (HHMMSS): 000500
                 VDIFF completed...       0.8296 seconds
                COUPLE completed...       0.0577 seconds
                  HADV completed...       1.7713 seconds
                  ZADV completed...       0.3004 seconds
                 HDIFF completed...       0.2201 seconds
              DECOUPLE completed...       0.0440 seconds
                  PHOT completed...       0.4701 seconds
               CLDPROC completed...       0.1976 seconds
                  CHEM completed...       0.8572 seconds
                  AERO completed...       0.8742 seconds
            Master Time Step
            Processing completed...       5.6268 seconds

     Processing Day/Time [YYYYDDD:HHMMSS]: 2017356:233000
       Which is Equivalent to (UTC): 23:30:00 Friday,  Dec. 22, 2017
       Time-Step Length (HHMMSS): 000500
                 VDIFF completed...       0.8557 seconds
                COUPLE completed...       0.0759 seconds
                  HADV completed...       1.7243 seconds
                  ZADV completed...       0.3021 seconds
                 HDIFF completed...       0.2183 seconds
              DECOUPLE completed...       0.0434 seconds
                  PHOT completed...       0.4708 seconds
               CLDPROC completed...       0.1970 seconds
                  CHEM completed...       0.8573 seconds
                  AERO completed...       0.8743 seconds
            Master Time Step
            Processing completed...       5.6236 seconds

     Processing Day/Time [YYYYDDD:HHMMSS]: 2017356:233500
       Which is Equivalent to (UTC): 23:35:00 Friday,  Dec. 22, 2017
       Time-Step Length (HHMMSS): 000500
                 VDIFF completed...       0.8662 seconds
                COUPLE completed...       0.0647 seconds
                  HADV completed...       1.7161 seconds
                  ZADV completed...       0.2999 seconds
                 HDIFF completed...       0.2203 seconds
              DECOUPLE completed...       0.0437 seconds
                  PHOT completed...       0.4699 seconds
               CLDPROC completed...       0.1943 seconds
                  CHEM completed...       0.8607 seconds
                  AERO completed...       0.8931 seconds
            Master Time Step
            Processing completed...       5.6336 seconds

     Processing Day/Time [YYYYDDD:HHMMSS]: 2017356:234000
       Which is Equivalent to (UTC): 23:40:00 Friday,  Dec. 22, 2017
       Time-Step Length (HHMMSS): 000500
                 VDIFF completed...       0.8581 seconds
                COUPLE completed...       0.0663 seconds
                  HADV completed...       1.6918 seconds
                  ZADV completed...       0.3016 seconds
                 HDIFF completed...       0.2193 seconds
              DECOUPLE completed...       0.0442 seconds
                  PHOT completed...       0.4700 seconds
               CLDPROC completed...       0.1912 seconds
                  CHEM completed...       0.8592 seconds
                  AERO completed...       0.8806 seconds
            Master Time Step
            Processing completed...       5.5865 seconds

     Processing Day/Time [YYYYDDD:HHMMSS]: 2017356:234500
       Which is Equivalent to (UTC): 23:45:00 Friday,  Dec. 22, 2017
       Time-Step Length (HHMMSS): 000500
                 VDIFF completed...       0.8666 seconds
                COUPLE completed...       0.0627 seconds
                  HADV completed...       1.8850 seconds
                  ZADV completed...       0.2974 seconds
                 HDIFF completed...       0.2371 seconds
              DECOUPLE completed...       0.0443 seconds
                  PHOT completed...       0.4712 seconds
               CLDPROC completed...       0.1863 seconds
                  CHEM completed...       0.8596 seconds
                  AERO completed...       0.8866 seconds
            Master Time Step
            Processing completed...       5.8012 seconds

     Processing Day/Time [YYYYDDD:HHMMSS]: 2017356:235000
       Which is Equivalent to (UTC): 23:50:00 Friday,  Dec. 22, 2017
       Time-Step Length (HHMMSS): 000500
                 VDIFF completed...       0.8488 seconds
                COUPLE completed...       0.0509 seconds
                  HADV completed...       1.7107 seconds
                  ZADV completed...       0.2982 seconds
                 HDIFF completed...       0.2236 seconds
              DECOUPLE completed...       0.0441 seconds
                  PHOT completed...       0.4722 seconds
               CLDPROC completed...       0.1799 seconds
                  CHEM completed...       0.8623 seconds
                  AERO completed...       0.9090 seconds
            Master Time Step
            Processing completed...       5.6032 seconds

     Processing Day/Time [YYYYDDD:HHMMSS]: 2017356:235500
       Which is Equivalent to (UTC): 23:55:00 Friday,  Dec. 22, 2017
       Time-Step Length (HHMMSS): 000500
                 VDIFF completed...       2.5237 seconds
                COUPLE completed...       0.1704 seconds
                  HADV completed...       1.2870 seconds
                  ZADV completed...       0.2995 seconds
                 HDIFF completed...       0.2217 seconds
              DECOUPLE completed...       0.0442 seconds
                  PHOT completed...       0.4635 seconds
               CLDPROC completed...       1.3885 seconds
                  CHEM completed...       0.8741 seconds
                  AERO completed...       0.8499 seconds
            Master Time Step
            Processing completed...       8.1287 seconds

      =--> Data Output completed...       1.2940 seconds


     ==============================================
     |>---   PROGRAM COMPLETED SUCCESSFULLY   ---<|
     ==============================================
     Date and time 0:00:00   Dec. 23, 2017  (2017357:000000)

     The elapsed time for this simulation was    2085.6 seconds.

119012.473u 3264.688s 34:57.47 5829.7%	0+0k 45243872+52928976io 144833pf+0w

CMAQ Processing of Day 20171222 Finished at Thu Mar  6 23:51:06 UTC 2025

\\\\\=====\\\\\=====\\\\\=====\\\\\=====/////=====/////=====/////=====/////


Set up input and output files for Day 2017-12-23.
cp: cannot stat '/home/ubuntu/build-nc4/openmpi_gcc/CCTM/scripts/BLD_CCTM_v54+_gcc/CCTM_v54+.cfg': No such file or directory

Existing Logs and Output Files for Day 2017-12-23 Will Be Deleted
rm: No match.

CMAQ Processing of Day 20171223 Began at Thu Mar  6 23:51:06 UTC 2025

        CTM_APPL  |  v54+_cb6r5_ae7_aq_WR413_MYR_gcc_2018_12US1_2x64_nc4_20171223
#================================================================================#        
#|                                                                              |#        
#|               The Community Multiscale Air Quality (CMAQ) Model              |#        
#|                                   Version 5.4                                |#        
#|                                                                              |#        
#|                          Built and Maintained by the                         |#        
#|                        Office of Research and Development                    |#        
#|                   United States Environmental Protection Agency              |#        
#|                                                                              |#        
#|                            https://www.epa.gov/cmaq                          |#        
#|                                                                              |#        
#|       Source Code:   https://www.github.com/USEPA/cmaq/tree/master           |#        
#|       Documentation: https://www.github.com/USEPA/cmaq/tree/master/DOCS      |#        
#|                                                                              |#        
#|         The CMAQ Model is tested and released with cooperation from          |#        
#|         the Community Modeling and Analysis System (CMAS) Center via         |#        
#|         contract support. CMAS is managed by the Institute for the           |#        
#|         Environment, University of North Carolina at Chapel Hill.            |#        
#|         CMAS URL: (https://www.cmascenter.org)                               |#        
#|                                                                              |#        
#================================================================================#        
                                                                     
     This program uses the EPA-AREAL/MCNC-EnvPgms/BAMS/ UNC IE       
     Models-3 I/O Applications Programming Interface, [I/O API]      
     which is built on top of the netCDF I/O library (Copyright      
     993, 1996 University Corporation for Atmospheric Research       
     Unidata Program) and the PVM parallel-programming library       
     (from Oak Ridge National Laboratory).                           
     Copyright (C) 1992-2002 MCNC,                                   
     (C) 1992-2018 Carlie J. Coats, Jr.,                             
     (C) 2003-2012 Baron Advanced Meteorological Systems, LLC, and   
     (C) 2014-2023 UNC Institute for the Environment.                
     Released under the GNU LGPL  License, version 2.1.  See URL     
                                                                     
         https://www.gnu.org/licenses/old-licenses/lgpl-2.1.html     
                                                                     
     for conditions of use.                                          
                                                                     
     ioapi-3.2: $Id: init3.F90 247 2023-03-22 15:59:19Z coats $
     netCDF version 4.8.1 of Mar  6 2025 20:29:13 $
      

     ===========================================
     |>---   ENVIRONMENT VARIABLE REPORT   ---<|
     ===========================================

     |> Grid and High-Level Model Parameters:
     +=========================================
      --Env Variable-- | --Value--
      --------------------------------------------------------------------------------
             BLD  |             (default)
          OUTDIR  |  //fsx/data/output/output_v54+_cb6r5_ae7_aq_WR413_MYR_gcc_2018_12US1_2x64_nc4
       NEW_START  |          F
  IGNORE_SOILINP  |          F (default)
    EXECUTION_ID  |  CMAQ_CCTMv54+_ubuntu_20250306_231608_627075219
       GRID_NAME  |  12US1
       CTM_TSTEP  |       10000
      CTM_RUNLEN  |      240000
    CTM_PROGNAME  |  DRIVER (default)
      CTM_STDATE  |     2017357
      CTM_STTIME  |           0
     NPCOL_NPROW  |  8 16
     CTM_MAXSYNC  |         300
     CTM_MINSYNC  |          60

     |> Multiprocess control, output and error checking:
     +====================================================
      --Env Variable-- | --Value--
      --------------------------------------------------------------------------------
 PRINT_PROC_TIME  |          T
     FL_ERR_STOP  |          F
       CTM_CKSUM  |          T
AVG_FILE_ENDTIME  |          F
   AVG_CONC_SPCS  |  ALL
       CONC_SPCS  |  O3 NO ANO3I ANO3J NO2 FORM ISOP NH3 ANH4I ANH4J ASO4I ASO4J
 ACONC_BLEV_ELEV  |   1 1
  CONC_BLEV_ELEV  |   1 1
 IOAPI_LOG_WRITE  |          F
         VERTEXT  |          F
VERTEXT_COORD_PA  |  /home/ubuntu/build-nc4/openmpi_gcc/CCTM/scripts/lonlat.csv
   gc_matrix_nml  |  /home/ubuntu/build-nc4/openmpi_gcc/CCTM/scripts/BLD_CCTM_v54+_gcc/GC_cb6r5_ae7_aq.nml
   ae_matrix_nml  |  /home/ubuntu/build-nc4/openmpi_gcc/CCTM/scripts/BLD_CCTM_v54+_gcc/AE_cb6r5_ae7_aq.nml
   nr_matrix_nml  |  /home/ubuntu/build-nc4/openmpi_gcc/CCTM/scripts/BLD_CCTM_v54+_gcc/NR_cb6r5_ae7_aq.nml
   tr_matrix_nml  |  /home/ubuntu/build-nc4/openmpi_gcc/CCTM/scripts/BLD_CCTM_v54+_gcc/Species_Table_TR_0.nml

     |> Chemistry and Photolysis:
     +=============================
      --Env Variable-- | --Value--
      --------------------------------------------------------------------------------
    CTM_PHOTDIAG  |          F
CORE_SHELL_OPTIC  |          F (default)
 OPTICS_MIE_CALC  |          F (default)
       GEAR_ATOL  |   0.100E-08 (default)
       GEAR_RTOL  |   0.100E-02 (default)
         RB_RTOL  |   0.100E-02 (default)
         RB_ATOL  |   0.100E-06 (default)

     |> Aerosols:
     +=============
      --Env Variable-- | --Value--
      --------------------------------------------------------------------------------
   IC_AERO_M2WET  |          F
   BC_AERO_M2WET  |          F
   IC_AERO_M2USE  |          F
   BC_AERO_M2USE  |          F
    STM_SO4TRACK  |          F

     |> Cloud Processes:
     +====================
      --Env Variable-- | --Value--
      --------------------------------------------------------------------------------
        CLD_DIAG  |          F

     |> Air-Surface Exchange Processes:
     +===================================
      --Env Variable-- | --Value--
      --------------------------------------------------------------------------------
      PX_VERSION  |          T
      CTM_ABFLUX  |          T
      CTM_MOSAIC  |          F
    CTM_SFC_HONO  |          T
     CLM_VERSION  |          F
    NOAH_VERSION  |          F
   CTM_DEPV_FILE  |          F
      CTM_HGBIDI  |          F
CTM_BIDI_FERT_NH  |          T
 CTM_WBDUST_BELD  |  UNKNOWN (default)
   STAGECTRL_NML  |  /home/ubuntu/build-nc4/openmpi_gcc/CCTM/scripts/BLD_CCTM_v54+_gcc/CMAQ_Control_STAGE.nml
   CTM_STAGE_P22  |          F
   CTM_STAGE_E20  |          T
   CTM_STAGE_S22  |          F

     |> Transport Processes:
     +========================
      --Env Variable-- | --Value--
      --------------------------------------------------------------------------------
CTM_VDIFF_DIAG_F  |          F (default)
  SIGMA_SYNC_TOP  |   0.700E+00
    ADV_HDIV_LIM  |   0.900E+00 (default)
     CTM_ADV_CFL  |   0.950E+00
           KZMIN  |          T
        CTM_WVEL  |          T
   CTM_GRAV_SETL  |          T

     |> Emissions Parameters:
     +=========================
      --Env Variable-- | --Value--
      --------------------------------------------------------------------------------
      CTM_EMLAYS  |           0 (default)
   MISC_CTRL_NML  |  /home/ubuntu/build-nc4/openmpi_gcc/CCTM/scripts/BLD_CCTM_v54+_gcc/CMAQ_Control_Misc.nml
  DESID_CTRL_NML  |  /home/ubuntu/build-nc4/openmpi_gcc/CCTM/scripts/BLD_CCTM_v54+_gcc/CMAQ_Control_DESID.nml
DESID_CHEM_CTRL_  |  /home/ubuntu/build-nc4/openmpi_gcc/CCTM/scripts/BLD_CCTM_v54+_gcc/CMAQ_Control_DESID_cb6r5_ae7_aq.nml
       N_EMIS_GR  |           2
       N_EMIS_TR  |           0 (default)
     CTM_EMISCHK  |          F
 CTM_BIOGEMIS_BE  |          T
 CTM_BIOGEMIS_MG  |          F
   USE_MEGAN_LAI  |          F (default)
    MGN_ONLN_DEP  |          F (default)
     BDSNP_MEGAN  |          F
       BIOG_SPRO  |  DEFAULT (default)
      B3GTS_DIAG  |          F
    CTM_MGEMDIAG  |          F (default)
  CTM_OCEAN_CHEM  |          T
     CTM_WB_DUST  |          F
 CTM_DUSTEM_DIAG  |          F
    CTM_SSEMDIAG  |          F
     CTM_LTNG_NO  |          F
   LTNG_ASSIM_DT  |           0 (default)
          LTNGNO  |  InLine (default)
        USE_NLDN  |          F (default)
        LTNGDIAG  |          F
         MOLSNCG  |   0.350E+03 (default)
         MOLSNIC  |   0.350E+03 (default)
       N_EMIS_PT  |          10
          IPVERT  |           0 (default)
   EMIS_SYM_DATE  |          F (default)

     |> Process Analysis Parameters:
     +================================
      --Env Variable-- | --Value--
      --------------------------------------------------------------------------------
      CTM_PROCAN  |          F
    PA_BCOL_ECOL  |             (default)
    PA_BROW_EROW  |             (default)
    PA_BLEV_ELEV  |             (default)
       MET_TSTEP  |       10000 (default)

     MET data determined based on WRF ARW version 4.3.3


          -=-  MPP Processor-to-Subdomain Map  -=-
                 Number of Processors = 128
    ____________________________________________________
    |                                                  |
    |  PE    #Cols    Col_Range     #Rows    Row_Range |
    |__________________________________________________|
    |                                                  |
    |  0       58      1:  58         19      1:  19   |
    |  1       58     59: 116         19      1:  19   |
    |  2       58    117: 174         19      1:  19   |
    |  3       57    175: 231         19      1:  19   |
    |  4       57    232: 288         19      1:  19   |
    |  5       57    289: 345         19      1:  19   |
    |  6       57    346: 402         19      1:  19   |
    |  7       57    403: 459         19      1:  19   |
    |  8       58      1:  58         19     20:  38   |
    |  9       58     59: 116         19     20:  38   |
    | 10       58    117: 174         19     20:  38   |
    | 11       57    175: 231         19     20:  38   |
    | 12       57    232: 288         19     20:  38   |
    | 13       57    289: 345         19     20:  38   |
    | 14       57    346: 402         19     20:  38   |
    | 15       57    403: 459         19     20:  38   |
    | 16       58      1:  58         19     39:  57   |
    | 17       58     59: 116         19     39:  57   |
    | 18       58    117: 174         19     39:  57   |
    | 19       57    175: 231         19     39:  57   |
    | 20       57    232: 288         19     39:  57   |
    | 21       57    289: 345         19     39:  57   |
    | 22       57    346: 402         19     39:  57   |
    | 23       57    403: 459         19     39:  57   |
    | 24       58      1:  58         19     58:  76   |
    | 25       58     59: 116         19     58:  76   |
    | 26       58    117: 174         19     58:  76   |
    | 27       57    175: 231         19     58:  76   |
    | 28       57    232: 288         19     58:  76   |
    | 29       57    289: 345         19     58:  76   |
    | 30       57    346: 402         19     58:  76   |
    | 31       57    403: 459         19     58:  76   |
    | 32       58      1:  58         19     77:  95   |
    | 33       58     59: 116         19     77:  95   |
    | 34       58    117: 174         19     77:  95   |
    | 35       57    175: 231         19     77:  95   |
    | 36       57    232: 288         19     77:  95   |
    | 37       57    289: 345         19     77:  95   |
    | 38       57    346: 402         19     77:  95   |
    | 39       57    403: 459         19     77:  95   |
    | 40       58      1:  58         19     96: 114   |
    | 41       58     59: 116         19     96: 114   |
    | 42       58    117: 174         19     96: 114   |
    | 43       57    175: 231         19     96: 114   |
    | 44       57    232: 288         19     96: 114   |
    | 45       57    289: 345         19     96: 114   |
    | 46       57    346: 402         19     96: 114   |
    | 47       57    403: 459         19     96: 114   |
    | 48       58      1:  58         19    115: 133   |
    | 49       58     59: 116         19    115: 133   |
    | 50       58    117: 174         19    115: 133   |
    | 51       57    175: 231         19    115: 133   |
    | 52       57    232: 288         19    115: 133   |
    | 53       57    289: 345         19    115: 133   |
    | 54       57    346: 402         19    115: 133   |
    | 55       57    403: 459         19    115: 133   |
    | 56       58      1:  58         19    134: 152   |
    | 57       58     59: 116         19    134: 152   |
    | 58       58    117: 174         19    134: 152   |
    | 59       57    175: 231         19    134: 152   |
    | 60       57    232: 288         19    134: 152   |
    | 61       57    289: 345         19    134: 152   |
    | 62       57    346: 402         19    134: 152   |
    | 63       57    403: 459         19    134: 152   |
    | 64       58      1:  58         19    153: 171   |
    | 65       58     59: 116         19    153: 171   |
    | 66       58    117: 174         19    153: 171   |
    | 67       57    175: 231         19    153: 171   |
    | 68       57    232: 288         19    153: 171   |
    | 69       57    289: 345         19    153: 171   |
    | 70       57    346: 402         19    153: 171   |
    | 71       57    403: 459         19    153: 171   |
    | 72       58      1:  58         19    172: 190   |
    | 73       58     59: 116         19    172: 190   |
    | 74       58    117: 174         19    172: 190   |
    | 75       57    175: 231         19    172: 190   |
    | 76       57    232: 288         19    172: 190   |
    | 77       57    289: 345         19    172: 190   |
    | 78       57    346: 402         19    172: 190   |
    | 79       57    403: 459         19    172: 190   |
    | 80       58      1:  58         19    191: 209   |
    | 81       58     59: 116         19    191: 209   |
    | 82       58    117: 174         19    191: 209   |
    | 83       57    175: 231         19    191: 209   |
    | 84       57    232: 288         19    191: 209   |
    | 85       57    289: 345         19    191: 209   |
    | 86       57    346: 402         19    191: 209   |
    | 87       57    403: 459         19    191: 209   |
    | 88       58      1:  58         18    210: 227   |
    | 89       58     59: 116         18    210: 227   |
    | 90       58    117: 174         18    210: 227   |
    | 91       57    175: 231         18    210: 227   |
    | 92       57    232: 288         18    210: 227   |
    | 93       57    289: 345         18    210: 227   |
    | 94       57    346: 402         18    210: 227   |
    | 95       57    403: 459         18    210: 227   |
    | 96       58      1:  58         18    228: 245   |
    | 97       58     59: 116         18    228: 245   |
    | 98       58    117: 174         18    228: 245   |
    | 99       57    175: 231         18    228: 245   |
    |100       57    232: 288         18    228: 245   |
    |101       57    289: 345         18    228: 245   |
    |102       57    346: 402         18    228: 245   |
    |103       57    403: 459         18    228: 245   |
    |104       58      1:  58         18    246: 263   |
    |105       58     59: 116         18    246: 263   |
    |106       58    117: 174         18    246: 263   |
    |107       57    175: 231         18    246: 263   |
    |108       57    232: 288         18    246: 263   |
    |109       57    289: 345         18    246: 263   |
    |110       57    346: 402         18    246: 263   |
    |111       57    403: 459         18    246: 263   |
    |112       58      1:  58         18    264: 281   |
    |113       58     59: 116         18    264: 281   |
    |114       58    117: 174         18    264: 281   |
    |115       57    175: 231         18    264: 281   |
    |116       57    232: 288         18    264: 281   |
    |117       57    289: 345         18    264: 281   |
    |118       57    346: 402         18    264: 281   |
    |119       57    403: 459         18    264: 281   |
    |120       58      1:  58         18    282: 299   |
    |121       58     59: 116         18    282: 299   |
    |122       58    117: 174         18    282: 299   |
    |123       57    175: 231         18    282: 299   |
    |124       57    232: 288         18    282: 299   |
    |125       57    289: 345         18    282: 299   |
    |126       57    346: 402         18    282: 299   |
    |127       57    403: 459         18    282: 299   |
    |__________________________________________________|



     ================================
     |>---   TIME INTEGRATION   ---<|
     ================================

     Processing Day/Time [YYYYDDD:HHMMSS]: 2017357:000000
       Which is Equivalent to (UTC): 0:00:00  Saturday,  Dec. 23, 2017
       Time-Step Length (HHMMSS): 000500
                 VDIFF completed...       2.0360 seconds
                COUPLE completed...       0.1155 seconds
                  HADV completed...       2.0455 seconds
                  ZADV completed...       0.3045 seconds
                 HDIFF completed...       0.2219 seconds
              DECOUPLE completed...       0.0434 seconds
                  PHOT completed...       0.6484 seconds
               CLDPROC completed...       0.1768 seconds
                  CHEM completed...       0.8647 seconds
                  AERO completed...       0.8936 seconds
            Master Time Step
            Processing completed...       7.3529 seconds

     Processing Day/Time [YYYYDDD:HHMMSS]: 2017357:000500
       Which is Equivalent to (UTC): 0:05:00  Saturday,  Dec. 23, 2017
       Time-Step Length (HHMMSS): 000500
                 VDIFF completed...       0.8190 seconds
                COUPLE completed...       0.0578 seconds
                  HADV completed...       1.7643 seconds
                  ZADV completed...       0.3051 seconds
                 HDIFF completed...       0.2208 seconds
              DECOUPLE completed...       0.0438 seconds
                  PHOT completed...       0.4752 seconds
               CLDPROC completed...       0.1787 seconds
                  CHEM completed...       0.8742 seconds
                  AERO completed...       0.8705 seconds
            Master Time Step
            Processing completed...       5.6138 seconds

     Processing Day/Time [YYYYDDD:HHMMSS]: 2017357:001000
       Which is Equivalent to (UTC): 0:10:00  Saturday,  Dec. 23, 2017
       Time-Step Length (HHMMSS): 000500
                 VDIFF completed...       0.8342 seconds
                COUPLE completed...       0.0540 seconds
                  HADV completed...       1.7500 seconds
                  ZADV completed...       0.3052 seconds
                 HDIFF completed...       0.2176 seconds
              DECOUPLE completed...       0.0438 seconds
                  PHOT completed...       0.4765 seconds
               CLDPROC completed...       0.1819 seconds
                  CHEM completed...       0.8789 seconds
                  AERO completed...       0.8701 seconds
            Master Time Step
            Processing completed...       5.6167 seconds

     Processing Day/Time [YYYYDDD:HHMMSS]: 2017357:001500
       Which is Equivalent to (UTC): 0:15:00  Saturday,  Dec. 23, 2017
       Time-Step Length (HHMMSS): 000500
                 VDIFF completed...       0.7760 seconds
                COUPLE completed...       0.0498 seconds
                  HADV completed...       1.8047 seconds
                  ZADV completed...       0.3041 seconds
                 HDIFF completed...       0.2180 seconds
              DECOUPLE completed...       0.0440 seconds
                  PHOT completed...       0.4763 seconds
               CLDPROC completed...       0.1962 seconds
                  CHEM completed...       0.8837 seconds
                  AERO completed...       0.8809 seconds
            Master Time Step
            Processing completed...       5.6381 seconds

     Processing Day/Time [YYYYDDD:HHMMSS]: 2017357:002000
       Which is Equivalent to (UTC): 0:20:00  Saturday,  Dec. 23, 2017
       Time-Step Length (HHMMSS): 000500
                 VDIFF completed...       0.6985 seconds
                COUPLE completed...       0.0492 seconds
                  HADV completed...       1.8606 seconds
                  ZADV completed...       0.3054 seconds
                 HDIFF completed...       0.2235 seconds
              DECOUPLE completed...       0.0460 seconds
                  PHOT completed...       0.4716 seconds
               CLDPROC completed...       0.1839 seconds
                  CHEM completed...       0.8875 seconds
                  AERO completed...       0.8935 seconds
            Master Time Step
            Processing completed...       5.6240 seconds

     Processing Day/Time [YYYYDDD:HHMMSS]: 2017357:002500
       Which is Equivalent to (UTC): 0:25:00  Saturday,  Dec. 23, 2017
       Time-Step Length (HHMMSS): 000500
                 VDIFF completed...       0.6929 seconds
                COUPLE completed...       0.0490 seconds
                  HADV completed...       1.8943 seconds
                  ZADV completed...       0.3061 seconds
                 HDIFF completed...       0.2150 seconds
              DECOUPLE completed...       0.0437 seconds
                  PHOT completed...       0.4789 seconds
               CLDPROC completed...       0.1844 seconds
                  CHEM completed...       0.8931 seconds
                  AERO completed...       0.8954 seconds
            Master Time Step
            Processing completed...       5.6571 seconds

     Processing Day/Time [YYYYDDD:HHMMSS]: 2017357:003000
       Which is Equivalent to (UTC): 0:30:00  Saturday,  Dec. 23, 2017
       Time-Step Length (HHMMSS): 000500
                 VDIFF completed...       0.7019 seconds
                COUPLE completed...       0.0457 seconds
                  HADV completed...       1.8978 seconds
                  ZADV completed...       0.3051 seconds
                 HDIFF completed...       0.2283 seconds
              DECOUPLE completed...       0.0435 seconds
                  PHOT completed...       0.4712 seconds
               CLDPROC completed...       0.1844 seconds
                  CHEM completed...       0.9002 seconds
                  AERO completed...       0.8815 seconds
            Master Time Step
            Processing completed...       5.6646 seconds

     Processing Day/Time [YYYYDDD:HHMMSS]: 2017357:003500
       Which is Equivalent to (UTC): 0:35:00  Saturday,  Dec. 23, 2017
       Time-Step Length (HHMMSS): 000500
                 VDIFF completed...       0.7166 seconds
                COUPLE completed...       0.0457 seconds
                  HADV completed...       1.8970 seconds
                  ZADV completed...       0.3051 seconds
                 HDIFF completed...       0.2169 seconds
              DECOUPLE completed...       0.0435 seconds
                  PHOT completed...       0.4609 seconds
               CLDPROC completed...       0.1836 seconds
                  CHEM completed...       0.9000 seconds
                  AERO completed...       0.8935 seconds
            Master Time Step
            Processing completed...       5.6679 seconds

     Processing Day/Time [YYYYDDD:HHMMSS]: 2017357:004000
       Which is Equivalent to (UTC): 0:40:00  Saturday,  Dec. 23, 2017
       Time-Step Length (HHMMSS): 000500
                 VDIFF completed...       0.7139 seconds
                COUPLE completed...       0.0451 seconds
                  HADV completed...       1.9059 seconds
                  ZADV completed...       0.3055 seconds
                 HDIFF completed...       0.2164 seconds
              DECOUPLE completed...       0.0442 seconds
                  PHOT completed...       0.4460 seconds
               CLDPROC completed...       0.1816 seconds
                  CHEM completed...       0.8822 seconds
                  AERO completed...       0.8687 seconds
            Master Time Step
            Processing completed...       5.6146 seconds

     Processing Day/Time [YYYYDDD:HHMMSS]: 2017357:004500
       Which is Equivalent to (UTC): 0:45:00  Saturday,  Dec. 23, 2017
       Time-Step Length (HHMMSS): 000500
                 VDIFF completed...       0.7298 seconds
                COUPLE completed...       0.0476 seconds
                  HADV completed...       1.9134 seconds
                  ZADV completed...       0.3064 seconds
                 HDIFF completed...       0.2156 seconds
              DECOUPLE completed...       0.0437 seconds
                  PHOT completed...       0.4336 seconds
               CLDPROC completed...       0.1780 seconds
                  CHEM completed...       0.8564 seconds
                  AERO completed...       0.8783 seconds
            Master Time Step
            Processing completed...       5.6079 seconds

     Processing Day/Time [YYYYDDD:HHMMSS]: 2017357:005000
       Which is Equivalent to (UTC): 0:50:00  Saturday,  Dec. 23, 2017
       Time-Step Length (HHMMSS): 000500
                 VDIFF completed...       0.7537 seconds
                COUPLE completed...       0.0484 seconds
                  HADV completed...       1.9310 seconds
                  ZADV completed...       0.3043 seconds
                 HDIFF completed...       0.2182 seconds
              DECOUPLE completed...       0.0436 seconds
                  PHOT completed...       0.4208 seconds
               CLDPROC completed...       0.1747 seconds
                  CHEM completed...       0.8359 seconds
                  AERO completed...       0.8740 seconds
            Master Time Step
            Processing completed...       5.6092 seconds

     Processing Day/Time [YYYYDDD:HHMMSS]: 2017357:005500
       Which is Equivalent to (UTC): 0:55:00  Saturday,  Dec. 23, 2017
       Time-Step Length (HHMMSS): 000500
                 VDIFF completed...       2.2755 seconds
                COUPLE completed...       0.1708 seconds
                  HADV completed...       1.3563 seconds
                  ZADV completed...       0.3068 seconds
                 HDIFF completed...       0.2154 seconds
              DECOUPLE completed...       0.0439 seconds
                  PHOT completed...       0.3708 seconds
               CLDPROC completed...       1.4899 seconds
                  CHEM completed...       0.8120 seconds
                  AERO completed...       0.8370 seconds
            Master Time Step
            Processing completed...       7.8827 seconds

      =--> Data Output completed...       1.3880 seconds

     Processing Day/Time [YYYYDDD:HHMMSS]: 2017357:010000
       Which is Equivalent to (UTC): 1:00:00  Saturday,  Dec. 23, 2017
       Time-Step Length (HHMMSS): 000500
                 VDIFF completed...       4.6020 seconds
                COUPLE completed...       0.1502 seconds
                  HADV completed...       2.9196 seconds
                  ZADV completed...       0.3055 seconds
                 HDIFF completed...       0.2175 seconds
              DECOUPLE completed...       0.0441 seconds
                  PHOT completed...       1.2710 seconds
               CLDPROC completed...       0.1828 seconds
                  CHEM completed...       0.7509 seconds
                  AERO completed...       0.8574 seconds
            Master Time Step
            Processing completed...      11.3053 seconds

     Processing Day/Time [YYYYDDD:HHMMSS]: 2017357:010500
       Which is Equivalent to (UTC): 1:05:00  Saturday,  Dec. 23, 2017
       Time-Step Length (HHMMSS): 000500
                 VDIFF completed...       0.7423 seconds
                COUPLE completed...       0.0694 seconds
                  HADV completed...       2.1644 seconds
                  ZADV completed...       0.3055 seconds
                 HDIFF completed...       0.2171 seconds
              DECOUPLE completed...       0.0438 seconds
                  PHOT completed...       0.3194 seconds
               CLDPROC completed...       0.1962 seconds
                  CHEM completed...       0.7218 seconds
                  AERO completed...       0.8453 seconds
            Master Time Step
            Processing completed...       5.6302 seconds

     Processing Day/Time [YYYYDDD:HHMMSS]: 2017357:011000
       Which is Equivalent to (UTC): 1:10:00  Saturday,  Dec. 23, 2017
       Time-Step Length (HHMMSS): 000500
                 VDIFF completed...       0.8186 seconds
                COUPLE completed...       0.0714 seconds
                  HADV completed...       2.1483 seconds
                  ZADV completed...       0.3062 seconds
                 HDIFF completed...       0.2162 seconds
              DECOUPLE completed...       0.0446 seconds
                  PHOT completed...       0.2642 seconds
               CLDPROC completed...       0.1911 seconds
                  CHEM completed...       0.7121 seconds
                  AERO completed...       0.8182 seconds
            Master Time Step
            Processing completed...       5.5956 seconds

     Processing Day/Time [YYYYDDD:HHMMSS]: 2017357:011500
       Which is Equivalent to (UTC): 1:15:00  Saturday,  Dec. 23, 2017
       Time-Step Length (HHMMSS): 000500
                 VDIFF completed...       0.9149 seconds
                COUPLE completed...       0.0722 seconds
                  HADV completed...       2.1407 seconds
                  ZADV completed...       0.3043 seconds
                 HDIFF completed...       0.2194 seconds
              DECOUPLE completed...       0.0443 seconds
                  PHOT completed...       0.2301 seconds
               CLDPROC completed...       0.2109 seconds
                  CHEM completed...       0.7190 seconds
                  AERO completed...       0.8215 seconds
            Master Time Step
            Processing completed...       5.6792 seconds

     Processing Day/Time [YYYYDDD:HHMMSS]: 2017357:012000
       Which is Equivalent to (UTC): 1:20:00  Saturday,  Dec. 23, 2017
       Time-Step Length (HHMMSS): 000500
                 VDIFF completed...       0.9211 seconds
                COUPLE completed...       0.0707 seconds
                  HADV completed...       2.1467 seconds
                  ZADV completed...       0.3042 seconds
                 HDIFF completed...       0.2185 seconds
              DECOUPLE completed...       0.0443 seconds
                  PHOT completed...       0.2014 seconds
               CLDPROC completed...       0.2272 seconds
                  CHEM completed...       0.7236 seconds
                  AERO completed...       0.8220 seconds
            Master Time Step
            Processing completed...       5.6841 seconds

     Processing Day/Time [YYYYDDD:HHMMSS]: 2017357:012500
       Which is Equivalent to (UTC): 1:25:00  Saturday,  Dec. 23, 2017
       Time-Step Length (HHMMSS): 000500
                 VDIFF completed...       0.9271 seconds
                COUPLE completed...       0.0718 seconds
                  HADV completed...       2.1482 seconds
                  ZADV completed...       0.3066 seconds
                 HDIFF completed...       0.2161 seconds
              DECOUPLE completed...       0.0438 seconds
                  PHOT completed...       0.1788 seconds
               CLDPROC completed...       0.2468 seconds
                  CHEM completed...       0.7238 seconds
                  AERO completed...       0.8228 seconds
            Master Time Step
            Processing completed...       5.6901 seconds

     Processing Day/Time [YYYYDDD:HHMMSS]: 2017357:013000
       Which is Equivalent to (UTC): 1:30:00  Saturday,  Dec. 23, 2017
       Time-Step Length (HHMMSS): 000500
                 VDIFF completed...       0.9244 seconds
                COUPLE completed...       0.0696 seconds
                  HADV completed...       2.1575 seconds
                  ZADV completed...       0.3263 seconds
                 HDIFF completed...       0.1975 seconds
              DECOUPLE completed...       0.0444 seconds
                  PHOT completed...       0.1782 seconds
               CLDPROC completed...       0.2468 seconds
                  CHEM completed...       0.7211 seconds
                  AERO completed...       0.8218 seconds
            Master Time Step
            Processing completed...       5.6924 seconds

     Processing Day/Time [YYYYDDD:HHMMSS]: 2017357:013500
       Which is Equivalent to (UTC): 1:35:00  Saturday,  Dec. 23, 2017
       Time-Step Length (HHMMSS): 000500
                 VDIFF completed...       0.9341 seconds
                COUPLE completed...       0.0703 seconds
                  HADV completed...       2.1535 seconds
                  ZADV completed...       0.3075 seconds
                 HDIFF completed...       0.2153 seconds
              DECOUPLE completed...       0.0445 seconds
                  PHOT completed...       0.1784 seconds
               CLDPROC completed...       0.2467 seconds
                  CHEM completed...       0.7172 seconds
                  AERO completed...       0.8205 seconds
            Master Time Step
            Processing completed...       5.6928 seconds

     Processing Day/Time [YYYYDDD:HHMMSS]: 2017357:014000
       Which is Equivalent to (UTC): 1:40:00  Saturday,  Dec. 23, 2017
       Time-Step Length (HHMMSS): 000500
                 VDIFF completed...       0.9391 seconds
                COUPLE completed...       0.0721 seconds
                  HADV completed...       2.1482 seconds
                  ZADV completed...       0.3062 seconds
                 HDIFF completed...       0.2166 seconds
              DECOUPLE completed...       0.0439 seconds
                  PHOT completed...       0.1790 seconds
               CLDPROC completed...       0.2457 seconds
                  CHEM completed...       0.7142 seconds
                  AERO completed...       0.8215 seconds
            Master Time Step
            Processing completed...       5.6914 seconds

     Processing Day/Time [YYYYDDD:HHMMSS]: 2017357:014500
       Which is Equivalent to (UTC): 1:45:00  Saturday,  Dec. 23, 2017
       Time-Step Length (HHMMSS): 000500
                 VDIFF completed...       0.9423 seconds
                COUPLE completed...       0.0714 seconds
                  HADV completed...       2.1494 seconds
                  ZADV completed...       0.3055 seconds
                 HDIFF completed...       0.2174 seconds
              DECOUPLE completed...       0.0438 seconds
                  PHOT completed...       0.1792 seconds
               CLDPROC completed...       0.2442 seconds
                  CHEM completed...       0.7127 seconds
                  AERO completed...       0.8243 seconds
            Master Time Step
            Processing completed...       5.6954 seconds

     Processing Day/Time [YYYYDDD:HHMMSS]: 2017357:015000
       Which is Equivalent to (UTC): 1:50:00  Saturday,  Dec. 23, 2017
       Time-Step Length (HHMMSS): 000500
                 VDIFF completed...       0.9429 seconds
                COUPLE completed...       0.0757 seconds
                  HADV completed...       2.1384 seconds
                  ZADV completed...       0.3055 seconds
                 HDIFF completed...       0.2180 seconds
              DECOUPLE completed...       0.0445 seconds
                  PHOT completed...       0.1780 seconds
               CLDPROC completed...       0.2418 seconds
                  CHEM completed...       0.7110 seconds
                  AERO completed...       0.8265 seconds
            Master Time Step
            Processing completed...       5.6879 seconds

     Processing Day/Time [YYYYDDD:HHMMSS]: 2017357:015500
       Which is Equivalent to (UTC): 1:55:00  Saturday,  Dec. 23, 2017
       Time-Step Length (HHMMSS): 000500
                 VDIFF completed...       2.7070 seconds
                COUPLE completed...       0.1705 seconds
                  HADV completed...       1.3549 seconds
                  ZADV completed...       0.3046 seconds
                 HDIFF completed...       0.2196 seconds
              DECOUPLE completed...       0.0439 seconds
                  PHOT completed...       0.1791 seconds
               CLDPROC completed...       1.7461 seconds
                  CHEM completed...       0.7358 seconds
                  AERO completed...       0.8461 seconds
            Master Time Step
            Processing completed...       8.3131 seconds

      =--> Data Output completed...       1.2778 seconds

     Processing Day/Time [YYYYDDD:HHMMSS]: 2017357:020000
       Which is Equivalent to (UTC): 2:00:00  Saturday,  Dec. 23, 2017
       Time-Step Length (HHMMSS): 000500
                 VDIFF completed...       5.1829 seconds
                COUPLE completed...       0.1546 seconds
                  HADV completed...       3.0300 seconds
                  ZADV completed...       0.3050 seconds
                 HDIFF completed...       0.2177 seconds
              DECOUPLE completed...       0.0442 seconds
                  PHOT completed...       1.0837 seconds
               CLDPROC completed...       0.2432 seconds
                  CHEM completed...       0.7043 seconds
                  AERO completed...       0.8239 seconds
            Master Time Step
            Processing completed...      11.7940 seconds

     Processing Day/Time [YYYYDDD:HHMMSS]: 2017357:020500
       Which is Equivalent to (UTC): 2:05:00  Saturday,  Dec. 23, 2017
       Time-Step Length (HHMMSS): 000500
                 VDIFF completed...       0.9822 seconds
                COUPLE completed...       0.0741 seconds
                  HADV completed...       2.0483 seconds
                  ZADV completed...       0.3068 seconds
                 HDIFF completed...       0.2167 seconds
              DECOUPLE completed...       0.0440 seconds
                  PHOT completed...       0.1787 seconds
               CLDPROC completed...       0.2413 seconds
                  CHEM completed...       0.7001 seconds
                  AERO completed...       0.8222 seconds
            Master Time Step
            Processing completed...       5.6196 seconds

     Processing Day/Time [YYYYDDD:HHMMSS]: 2017357:021000
       Which is Equivalent to (UTC): 2:10:00  Saturday,  Dec. 23, 2017
       Time-Step Length (HHMMSS): 000500
                 VDIFF completed...       0.9679 seconds
                COUPLE completed...       0.0750 seconds
                  HADV completed...       2.0637 seconds
                  ZADV completed...       0.3045 seconds
                 HDIFF completed...       0.2195 seconds
              DECOUPLE completed...       0.0442 seconds
                  PHOT completed...       0.1791 seconds
               CLDPROC completed...       0.2416 seconds
                  CHEM completed...       0.6950 seconds
                  AERO completed...       0.8185 seconds
            Master Time Step
            Processing completed...       5.6129 seconds

     Processing Day/Time [YYYYDDD:HHMMSS]: 2017357:021500
       Which is Equivalent to (UTC): 2:15:00  Saturday,  Dec. 23, 2017
       Time-Step Length (HHMMSS): 000500
                 VDIFF completed...       0.9743 seconds
                COUPLE completed...       0.0729 seconds
                  HADV completed...       2.0618 seconds
                  ZADV completed...       0.3052 seconds
                 HDIFF completed...       0.2191 seconds
              DECOUPLE completed...       0.0441 seconds
                  PHOT completed...       0.1798 seconds
               CLDPROC completed...       0.2421 seconds
                  CHEM completed...       0.6908 seconds
                  AERO completed...       0.8223 seconds
            Master Time Step
            Processing completed...       5.6142 seconds

     Processing Day/Time [YYYYDDD:HHMMSS]: 2017357:022000
       Which is Equivalent to (UTC): 2:20:00  Saturday,  Dec. 23, 2017
       Time-Step Length (HHMMSS): 000500
                 VDIFF completed...       1.0155 seconds
                COUPLE completed...       0.0799 seconds
                  HADV completed...       2.0178 seconds
                  ZADV completed...       0.3039 seconds
                 HDIFF completed...       0.2205 seconds
              DECOUPLE completed...       0.0437 seconds
                  PHOT completed...       0.1803 seconds
               CLDPROC completed...       0.2424 seconds
                  CHEM completed...       0.6888 seconds
                  AERO completed...       0.8189 seconds
            Master Time Step
            Processing completed...       5.6127 seconds

     Processing Day/Time [YYYYDDD:HHMMSS]: 2017357:022500
       Which is Equivalent to (UTC): 2:25:00  Saturday,  Dec. 23, 2017
       Time-Step Length (HHMMSS): 000500
                 VDIFF completed...       1.0048 seconds
                COUPLE completed...       0.0742 seconds
                  HADV completed...       2.0427 seconds
                  ZADV completed...       0.3062 seconds
                 HDIFF completed...       0.2183 seconds
              DECOUPLE completed...       0.0437 seconds
                  PHOT completed...       0.1800 seconds
               CLDPROC completed...       0.2430 seconds
                  CHEM completed...       0.6838 seconds
                  AERO completed...       0.8198 seconds
            Master Time Step
            Processing completed...       5.6175 seconds

     Processing Day/Time [YYYYDDD:HHMMSS]: 2017357:023000
       Which is Equivalent to (UTC): 2:30:00  Saturday,  Dec. 23, 2017
       Time-Step Length (HHMMSS): 000500
                 VDIFF completed...       1.0045 seconds
                COUPLE completed...       0.0741 seconds
                  HADV completed...       2.0523 seconds
                  ZADV completed...       0.3031 seconds
                 HDIFF completed...       0.2221 seconds
              DECOUPLE completed...       0.0436 seconds
                  PHOT completed...       0.1803 seconds
               CLDPROC completed...       0.2434 seconds
                  CHEM completed...       0.6806 seconds
                  AERO completed...       0.8167 seconds
            Master Time Step
            Processing completed...       5.6217 seconds

     Processing Day/Time [YYYYDDD:HHMMSS]: 2017357:023500
       Which is Equivalent to (UTC): 2:35:00  Saturday,  Dec. 23, 2017
       Time-Step Length (HHMMSS): 000500
                 VDIFF completed...       1.0033 seconds
                COUPLE completed...       0.0703 seconds
                  HADV completed...       2.0523 seconds
                  ZADV completed...       0.3053 seconds
                 HDIFF completed...       0.2187 seconds
              DECOUPLE completed...       0.0438 seconds
                  PHOT completed...       0.1797 seconds
               CLDPROC completed...       0.2435 seconds
                  CHEM completed...       0.6796 seconds
                  AERO completed...       0.8185 seconds
            Master Time Step
            Processing completed...       5.6161 seconds

     Processing Day/Time [YYYYDDD:HHMMSS]: 2017357:024000
       Which is Equivalent to (UTC): 2:40:00  Saturday,  Dec. 23, 2017
       Time-Step Length (HHMMSS): 000500
                 VDIFF completed...       1.0102 seconds
                COUPLE completed...       0.0710 seconds
                  HADV completed...       2.0391 seconds
                  ZADV completed...       0.3027 seconds
                 HDIFF completed...       0.2222 seconds
              DECOUPLE completed...       0.0438 seconds
                  PHOT completed...       0.1802 seconds
               CLDPROC completed...       0.2420 seconds
                  CHEM completed...       0.6803 seconds
                  AERO completed...       0.8185 seconds
            Master Time Step
            Processing completed...       5.6109 seconds

     Processing Day/Time [YYYYDDD:HHMMSS]: 2017357:024500
       Which is Equivalent to (UTC): 2:45:00  Saturday,  Dec. 23, 2017
       Time-Step Length (HHMMSS): 000500
                 VDIFF completed...       1.0189 seconds
                COUPLE completed...       0.0759 seconds
                  HADV completed...       2.0251 seconds
                  ZADV completed...       0.3062 seconds
                 HDIFF completed...       0.2181 seconds
              DECOUPLE completed...       0.0438 seconds
                  PHOT completed...       0.1803 seconds
               CLDPROC completed...       0.2408 seconds
                  CHEM completed...       0.6813 seconds
                  AERO completed...       0.8178 seconds
            Master Time Step
            Processing completed...       5.6093 seconds

     Processing Day/Time [YYYYDDD:HHMMSS]: 2017357:025000
       Which is Equivalent to (UTC): 2:50:00  Saturday,  Dec. 23, 2017
       Time-Step Length (HHMMSS): 000500
                 VDIFF completed...       1.0195 seconds
                COUPLE completed...       0.0780 seconds
                  HADV completed...       2.0232 seconds
                  ZADV completed...       0.3025 seconds
                 HDIFF completed...       0.2228 seconds
              DECOUPLE completed...       0.0437 seconds
                  PHOT completed...       0.1803 seconds
               CLDPROC completed...       0.2400 seconds
                  CHEM completed...       0.6811 seconds
                  AERO completed...       0.8198 seconds
            Master Time Step
            Processing completed...       5.6127 seconds

     Processing Day/Time [YYYYDDD:HHMMSS]: 2017357:025500
       Which is Equivalent to (UTC): 2:55:00  Saturday,  Dec. 23, 2017
       Time-Step Length (HHMMSS): 000500
                 VDIFF completed...       2.7333 seconds
                COUPLE completed...       0.1706 seconds
                  HADV completed...       1.3036 seconds
                  ZADV completed...       0.3056 seconds
                 HDIFF completed...       0.2195 seconds
              DECOUPLE completed...       0.0437 seconds
                  PHOT completed...       0.1805 seconds
               CLDPROC completed...       1.7079 seconds
                  CHEM completed...       0.6742 seconds
                  AERO completed...       0.8601 seconds
            Master Time Step
            Processing completed...       8.2016 seconds

      =--> Data Output completed...       1.2847 seconds

     Processing Day/Time [YYYYDDD:HHMMSS]: 2017357:030000
       Which is Equivalent to (UTC): 3:00:00  Saturday,  Dec. 23, 2017
       Time-Step Length (HHMMSS): 000500
                 VDIFF completed...       4.8785 seconds
                COUPLE completed...       0.1409 seconds
                  HADV completed...       2.9469 seconds
                  ZADV completed...       0.3022 seconds
                 HDIFF completed...       0.2227 seconds
              DECOUPLE completed...       0.0439 seconds
                  PHOT completed...       1.0273 seconds
               CLDPROC completed...       0.2414 seconds
                  CHEM completed...       0.6827 seconds
                  AERO completed...       0.8184 seconds
            Master Time Step
            Processing completed...      11.3104 seconds

     Processing Day/Time [YYYYDDD:HHMMSS]: 2017357:030500
       Which is Equivalent to (UTC): 3:05:00  Saturday,  Dec. 23, 2017
       Time-Step Length (HHMMSS): 000500
                 VDIFF completed...       1.0572 seconds
                COUPLE completed...       0.0767 seconds
                  HADV completed...       1.9856 seconds
                  ZADV completed...       0.3066 seconds
                 HDIFF completed...       0.2194 seconds
              DECOUPLE completed...       0.0453 seconds
                  PHOT completed...       0.1790 seconds
               CLDPROC completed...       0.2389 seconds
                  CHEM completed...       0.6782 seconds
                  AERO completed...       0.8193 seconds
            Master Time Step
            Processing completed...       5.6079 seconds

     Processing Day/Time [YYYYDDD:HHMMSS]: 2017357:031000
       Which is Equivalent to (UTC): 3:10:00  Saturday,  Dec. 23, 2017
       Time-Step Length (HHMMSS): 000500
                 VDIFF completed...       1.0213 seconds
                COUPLE completed...       0.0716 seconds
                  HADV completed...       2.0322 seconds
                  ZADV completed...       0.3061 seconds
                 HDIFF completed...       0.2188 seconds
              DECOUPLE completed...       0.0440 seconds
                  PHOT completed...       0.1794 seconds
               CLDPROC completed...       0.2380 seconds
                  CHEM completed...       0.6757 seconds
                  AERO completed...       0.8193 seconds
            Master Time Step
            Processing completed...       5.6122 seconds

     Processing Day/Time [YYYYDDD:HHMMSS]: 2017357:031500
       Which is Equivalent to (UTC): 3:15:00  Saturday,  Dec. 23, 2017
       Time-Step Length (HHMMSS): 000500
                 VDIFF completed...       1.0048 seconds
                COUPLE completed...       0.0713 seconds
                  HADV completed...       2.0387 seconds
                  ZADV completed...       0.3067 seconds
                 HDIFF completed...       0.2179 seconds
              DECOUPLE completed...       0.0442 seconds
                  PHOT completed...       0.1788 seconds
               CLDPROC completed...       0.2400 seconds
                  CHEM completed...       0.6738 seconds
                  AERO completed...       0.8190 seconds
            Master Time Step
            Processing completed...       5.6007 seconds

     Processing Day/Time [YYYYDDD:HHMMSS]: 2017357:032000
       Which is Equivalent to (UTC): 3:20:00  Saturday,  Dec. 23, 2017
       Time-Step Length (HHMMSS): 000500
                 VDIFF completed...       1.0092 seconds
                COUPLE completed...       0.0706 seconds
                  HADV completed...       2.0368 seconds
                  ZADV completed...       0.3026 seconds
                 HDIFF completed...       0.2221 seconds
              DECOUPLE completed...       0.0440 seconds
                  PHOT completed...       0.1791 seconds
               CLDPROC completed...       0.2403 seconds
                  CHEM completed...       0.6716 seconds
                  AERO completed...       0.8191 seconds
            Master Time Step
            Processing completed...       5.6011 seconds

     Processing Day/Time [YYYYDDD:HHMMSS]: 2017357:032500
       Which is Equivalent to (UTC): 3:25:00  Saturday,  Dec. 23, 2017
       Time-Step Length (HHMMSS): 000500
                 VDIFF completed...       0.9999 seconds
                COUPLE completed...       0.0698 seconds
                  HADV completed...       2.0379 seconds
                  ZADV completed...       0.3049 seconds
                 HDIFF completed...       0.2994 seconds
              DECOUPLE completed...       0.0433 seconds
                  PHOT completed...       0.1767 seconds
               CLDPROC completed...       0.2430 seconds
                  CHEM completed...       0.6820 seconds
                  AERO completed...       0.8160 seconds
            Master Time Step
            Processing completed...       5.6785 seconds

     Processing Day/Time [YYYYDDD:HHMMSS]: 2017357:033000
       Which is Equivalent to (UTC): 3:30:00  Saturday,  Dec. 23, 2017
       Time-Step Length (HHMMSS): 000500
                 VDIFF completed...       0.9907 seconds
                COUPLE completed...       0.0709 seconds
                  HADV completed...       2.0436 seconds
                  ZADV completed...       0.3064 seconds
                 HDIFF completed...       0.2183 seconds
              DECOUPLE completed...       0.0445 seconds
                  PHOT completed...       0.1779 seconds
               CLDPROC completed...       0.2457 seconds
                  CHEM completed...       0.6699 seconds
                  AERO completed...       0.8189 seconds
            Master Time Step
            Processing completed...       5.5925 seconds

     Processing Day/Time [YYYYDDD:HHMMSS]: 2017357:033500
       Which is Equivalent to (UTC): 3:35:00  Saturday,  Dec. 23, 2017
       Time-Step Length (HHMMSS): 000500
                 VDIFF completed...       1.0068 seconds
                COUPLE completed...       0.0705 seconds
                  HADV completed...       2.0323 seconds
                  ZADV completed...       0.3185 seconds
                 HDIFF completed...       0.2064 seconds
              DECOUPLE completed...       0.0439 seconds
                  PHOT completed...       0.1791 seconds
               CLDPROC completed...       0.2412 seconds
                  CHEM completed...       0.6690 seconds
                  AERO completed...       0.8208 seconds
            Master Time Step
            Processing completed...       5.5940 seconds

     Processing Day/Time [YYYYDDD:HHMMSS]: 2017357:034000
       Which is Equivalent to (UTC): 3:40:00  Saturday,  Dec. 23, 2017
       Time-Step Length (HHMMSS): 000500
                 VDIFF completed...       1.0177 seconds
                COUPLE completed...       0.0739 seconds
                  HADV completed...       2.0191 seconds
                  ZADV completed...       0.3044 seconds
                 HDIFF completed...       0.2203 seconds
              DECOUPLE completed...       0.0438 seconds
                  PHOT completed...       0.1795 seconds
               CLDPROC completed...       0.2411 seconds
                  CHEM completed...       0.6685 seconds
                  AERO completed...       0.8222 seconds
            Master Time Step
            Processing completed...       5.5958 seconds

     Processing Day/Time [YYYYDDD:HHMMSS]: 2017357:034500
       Which is Equivalent to (UTC): 3:45:00  Saturday,  Dec. 23, 2017
       Time-Step Length (HHMMSS): 000500
                 VDIFF completed...       1.0164 seconds
                COUPLE completed...       0.0722 seconds
                  HADV completed...       2.0191 seconds
                  ZADV completed...       0.3067 seconds
                 HDIFF completed...       0.2180 seconds
              DECOUPLE completed...       0.0443 seconds
                  PHOT completed...       0.1790 seconds
               CLDPROC completed...       0.2393 seconds
                  CHEM completed...       0.6665 seconds
                  AERO completed...       0.8214 seconds
            Master Time Step
            Processing completed...       5.5888 seconds

     Processing Day/Time [YYYYDDD:HHMMSS]: 2017357:035000
       Which is Equivalent to (UTC): 3:50:00  Saturday,  Dec. 23, 2017
       Time-Step Length (HHMMSS): 000500
                 VDIFF completed...       1.0326 seconds
                COUPLE completed...       0.0762 seconds
                  HADV completed...       1.9951 seconds
                  ZADV completed...       0.3078 seconds
                 HDIFF completed...       0.2170 seconds
              DECOUPLE completed...       0.0431 seconds
                  PHOT completed...       0.1797 seconds
               CLDPROC completed...       0.2397 seconds
                  CHEM completed...       0.6674 seconds
                  AERO completed...       0.8226 seconds
            Master Time Step
            Processing completed...       5.5868 seconds

     Processing Day/Time [YYYYDDD:HHMMSS]: 2017357:035500
       Which is Equivalent to (UTC): 3:55:00  Saturday,  Dec. 23, 2017
       Time-Step Length (HHMMSS): 000500
                 VDIFF completed...       2.6845 seconds
                COUPLE completed...       0.1708 seconds
                  HADV completed...       1.2964 seconds
                  ZADV completed...       0.3036 seconds
                 HDIFF completed...       0.2220 seconds
              DECOUPLE completed...       0.0448 seconds
                  PHOT completed...       0.1780 seconds
               CLDPROC completed...       1.6459 seconds
                  CHEM completed...       0.6374 seconds
                  AERO completed...       0.8597 seconds
            Master Time Step
            Processing completed...       8.0499 seconds

      =--> Data Output completed...       1.3040 seconds

     Processing Day/Time [YYYYDDD:HHMMSS]: 2017357:040000
       Which is Equivalent to (UTC): 4:00:00  Saturday,  Dec. 23, 2017
       Time-Step Length (HHMMSS): 000400
                 VDIFF completed...       4.5655 seconds
                COUPLE completed...       0.1686 seconds
                  HADV completed...       2.8753 seconds
                  ZADV completed...       0.3111 seconds
                 HDIFF completed...       0.2122 seconds
              DECOUPLE completed...       0.0447 seconds
                  PHOT completed...       0.9762 seconds
               CLDPROC completed...       0.2421 seconds
                  CHEM completed...       0.6617 seconds
                  AERO completed...       0.7979 seconds
            Master Time Step
            Processing completed...      10.8601 seconds

     Processing Day/Time [YYYYDDD:HHMMSS]: 2017357:040400
       Which is Equivalent to (UTC): 4:04:00  Saturday,  Dec. 23, 2017
       Time-Step Length (HHMMSS): 000400
                 VDIFF completed...       1.0319 seconds
                COUPLE completed...       0.0801 seconds
                  HADV completed...       1.7465 seconds
                  ZADV completed...       0.3102 seconds
                 HDIFF completed...       0.2143 seconds
              DECOUPLE completed...       0.0450 seconds
                  PHOT completed...       0.1788 seconds
               CLDPROC completed...       0.2404 seconds
                  CHEM completed...       0.6618 seconds
                  AERO completed...       0.8004 seconds
            Master Time Step
            Processing completed...       5.3105 seconds

     Processing Day/Time [YYYYDDD:HHMMSS]: 2017357:040800
       Which is Equivalent to (UTC): 4:08:00  Saturday,  Dec. 23, 2017
       Time-Step Length (HHMMSS): 000400
                 VDIFF completed...       1.0064 seconds
                COUPLE completed...       0.0772 seconds
                  HADV completed...       1.7657 seconds
                  ZADV completed...       0.3084 seconds
                 HDIFF completed...       0.2147 seconds
              DECOUPLE completed...       0.0448 seconds
                  PHOT completed...       0.1789 seconds
               CLDPROC completed...       0.2416 seconds
                  CHEM completed...       0.6600 seconds
                  AERO completed...       0.7985 seconds
            Master Time Step
            Processing completed...       5.3000 seconds

     Processing Day/Time [YYYYDDD:HHMMSS]: 2017357:041200
       Which is Equivalent to (UTC): 4:12:00  Saturday,  Dec. 23, 2017
       Time-Step Length (HHMMSS): 000400
                 VDIFF completed...       1.0016 seconds
                COUPLE completed...       0.0780 seconds
                  HADV completed...       1.7704 seconds
                  ZADV completed...       0.3088 seconds
                 HDIFF completed...       0.2169 seconds
              DECOUPLE completed...       0.0451 seconds
                  PHOT completed...       0.1780 seconds
               CLDPROC completed...       0.2417 seconds
                  CHEM completed...       0.6601 seconds
                  AERO completed...       0.7963 seconds
            Master Time Step
            Processing completed...       5.3010 seconds

     Processing Day/Time [YYYYDDD:HHMMSS]: 2017357:041600
       Which is Equivalent to (UTC): 4:16:00  Saturday,  Dec. 23, 2017
       Time-Step Length (HHMMSS): 000400
                 VDIFF completed...       1.0009 seconds
                COUPLE completed...       0.0799 seconds
                  HADV completed...       1.7733 seconds
                  ZADV completed...       0.3083 seconds
                 HDIFF completed...       0.2145 seconds
              DECOUPLE completed...       0.0452 seconds
                  PHOT completed...       0.1785 seconds
               CLDPROC completed...       0.2414 seconds
                  CHEM completed...       0.6588 seconds
                  AERO completed...       0.7944 seconds
            Master Time Step
            Processing completed...       5.3003 seconds

     Processing Day/Time [YYYYDDD:HHMMSS]: 2017357:042000
       Which is Equivalent to (UTC): 4:20:00  Saturday,  Dec. 23, 2017
       Time-Step Length (HHMMSS): 000400
                 VDIFF completed...       1.0003 seconds
                COUPLE completed...       0.0809 seconds
                  HADV completed...       1.7708 seconds
                  ZADV completed...       0.3084 seconds
                 HDIFF completed...       0.2153 seconds
              DECOUPLE completed...       0.0452 seconds
                  PHOT completed...       0.1788 seconds
               CLDPROC completed...       0.2434 seconds
                  CHEM completed...       0.6586 seconds
                  AERO completed...       0.7958 seconds
            Master Time Step
            Processing completed...       5.3005 seconds

     Processing Day/Time [YYYYDDD:HHMMSS]: 2017357:042400
       Which is Equivalent to (UTC): 4:24:00  Saturday,  Dec. 23, 2017
       Time-Step Length (HHMMSS): 000400
                 VDIFF completed...       0.9956 seconds
                COUPLE completed...       0.0813 seconds
                  HADV completed...       1.7711 seconds
                  ZADV completed...       0.3096 seconds
                 HDIFF completed...       0.2137 seconds
              DECOUPLE completed...       0.0450 seconds
                  PHOT completed...       0.1780 seconds
               CLDPROC completed...       0.2438 seconds
                  CHEM completed...       0.6572 seconds
                  AERO completed...       0.7994 seconds
            Master Time Step
            Processing completed...       5.2982 seconds

     Processing Day/Time [YYYYDDD:HHMMSS]: 2017357:042800
       Which is Equivalent to (UTC): 4:28:00  Saturday,  Dec. 23, 2017
       Time-Step Length (HHMMSS): 000400
                 VDIFF completed...       0.9926 seconds
                COUPLE completed...       0.0800 seconds
                  HADV completed...       1.7701 seconds
                  ZADV completed...       0.3089 seconds
                 HDIFF completed...       0.2150 seconds
              DECOUPLE completed...       0.0447 seconds
                  PHOT completed...       0.1789 seconds
               CLDPROC completed...       0.2434 seconds
                  CHEM completed...       0.6560 seconds
                  AERO completed...       0.7961 seconds
            Master Time Step
            Processing completed...       5.2900 seconds

     Processing Day/Time [YYYYDDD:HHMMSS]: 2017357:043200
       Which is Equivalent to (UTC): 4:32:00  Saturday,  Dec. 23, 2017
       Time-Step Length (HHMMSS): 000400
                 VDIFF completed...       0.9929 seconds
                COUPLE completed...       0.0803 seconds
                  HADV completed...       1.7755 seconds
                  ZADV completed...       0.3089 seconds
                 HDIFF completed...       0.2142 seconds
              DECOUPLE completed...       0.0447 seconds
                  PHOT completed...       0.1783 seconds
               CLDPROC completed...       0.2440 seconds
                  CHEM completed...       0.6558 seconds
                  AERO completed...       0.7999 seconds
            Master Time Step
            Processing completed...       5.2993 seconds

     Processing Day/Time [YYYYDDD:HHMMSS]: 2017357:043600
       Which is Equivalent to (UTC): 4:36:00  Saturday,  Dec. 23, 2017
       Time-Step Length (HHMMSS): 000400
                 VDIFF completed...       0.9970 seconds
                COUPLE completed...       0.0780 seconds
                  HADV completed...       1.7634 seconds
                  ZADV completed...       0.3097 seconds
                 HDIFF completed...       0.2136 seconds
              DECOUPLE completed...       0.0450 seconds
                  PHOT completed...       0.1783 seconds
               CLDPROC completed...       0.2442 seconds
                  CHEM completed...       0.6567 seconds
                  AERO completed...       0.8000 seconds
            Master Time Step
            Processing completed...       5.2907 seconds

     Processing Day/Time [YYYYDDD:HHMMSS]: 2017357:044000
       Which is Equivalent to (UTC): 4:40:00  Saturday,  Dec. 23, 2017
       Time-Step Length (HHMMSS): 000400
                 VDIFF completed...       0.9822 seconds
                COUPLE completed...       0.0830 seconds
                  HADV completed...       1.7705 seconds
                  ZADV completed...       0.3106 seconds
                 HDIFF completed...       0.2127 seconds
              DECOUPLE completed...       0.0447 seconds
                  PHOT completed...       0.1783 seconds
               CLDPROC completed...       0.2438 seconds
                  CHEM completed...       0.6557 seconds
                  AERO completed...       0.8024 seconds
            Master Time Step
            Processing completed...       5.2888 seconds

     Processing Day/Time [YYYYDDD:HHMMSS]: 2017357:044400
       Which is Equivalent to (UTC): 4:44:00  Saturday,  Dec. 23, 2017
       Time-Step Length (HHMMSS): 000400
                 VDIFF completed...       0.9881 seconds
                COUPLE completed...       0.0812 seconds
                  HADV completed...       1.7625 seconds
                  ZADV completed...       0.3111 seconds
                 HDIFF completed...       0.2123 seconds
              DECOUPLE completed...       0.0447 seconds
                  PHOT completed...       0.1786 seconds
               CLDPROC completed...       0.2430 seconds
                  CHEM completed...       0.6558 seconds
                  AERO completed...       0.8187 seconds
            Master Time Step
            Processing completed...       5.3013 seconds

     Processing Day/Time [YYYYDDD:HHMMSS]: 2017357:044800
       Which is Equivalent to (UTC): 4:48:00  Saturday,  Dec. 23, 2017
       Time-Step Length (HHMMSS): 000400
                 VDIFF completed...       0.9711 seconds
                COUPLE completed...       0.0830 seconds
                  HADV completed...       1.7611 seconds
                  ZADV completed...       0.3084 seconds
                 HDIFF completed...       0.2143 seconds
              DECOUPLE completed...       0.0448 seconds
                  PHOT completed...       0.1785 seconds
               CLDPROC completed...       0.2438 seconds
                  CHEM completed...       0.6555 seconds
                  AERO completed...       0.8034 seconds
            Master Time Step
            Processing completed...       5.2690 seconds

     Processing Day/Time [YYYYDDD:HHMMSS]: 2017357:045200
       Which is Equivalent to (UTC): 4:52:00  Saturday,  Dec. 23, 2017
       Time-Step Length (HHMMSS): 000400
                 VDIFF completed...       0.9604 seconds
                COUPLE completed...       0.0752 seconds
                  HADV completed...       1.7799 seconds
                  ZADV completed...       0.3106 seconds
                 HDIFF completed...       0.2126 seconds
              DECOUPLE completed...       0.0452 seconds
                  PHOT completed...       0.1780 seconds
               CLDPROC completed...       0.2435 seconds
                  CHEM completed...       0.6561 seconds
                  AERO completed...       0.8025 seconds
            Master Time Step
            Processing completed...       5.2686 seconds

     Processing Day/Time [YYYYDDD:HHMMSS]: 2017357:045600
       Which is Equivalent to (UTC): 4:56:00  Saturday,  Dec. 23, 2017
       Time-Step Length (HHMMSS): 000400
                 VDIFF completed...       2.6373 seconds
                COUPLE completed...       0.1701 seconds
                  HADV completed...       1.0437 seconds
                  ZADV completed...       0.3107 seconds
                 HDIFF completed...       0.2120 seconds
              DECOUPLE completed...       0.0448 seconds
                  PHOT completed...       0.1785 seconds
               CLDPROC completed...       1.5887 seconds
                  CHEM completed...       0.6337 seconds
                  AERO completed...       0.8399 seconds
            Master Time Step
            Processing completed...       7.6648 seconds

      =--> Data Output completed...       1.2597 seconds

     Processing Day/Time [YYYYDDD:HHMMSS]: 2017357:050000
       Which is Equivalent to (UTC): 5:00:00  Saturday,  Dec. 23, 2017
       Time-Step Length (HHMMSS): 000400
                 VDIFF completed...       5.0889 seconds
                COUPLE completed...       0.1612 seconds
                  HADV completed...       2.7134 seconds
                  ZADV completed...       0.3070 seconds
                 HDIFF completed...       0.2158 seconds
              DECOUPLE completed...       0.0440 seconds
                  PHOT completed...       0.8669 seconds
               CLDPROC completed...       0.2476 seconds
                  CHEM completed...       0.6560 seconds
                  AERO completed...       0.8252 seconds
            Master Time Step
            Processing completed...      11.1303 seconds

     Processing Day/Time [YYYYDDD:HHMMSS]: 2017357:050400
       Which is Equivalent to (UTC): 5:04:00  Saturday,  Dec. 23, 2017
       Time-Step Length (HHMMSS): 000400
                 VDIFF completed...       0.9957 seconds
                COUPLE completed...       0.0787 seconds
                  HADV completed...       1.7464 seconds
                  ZADV completed...       0.3117 seconds
                 HDIFF completed...       0.2123 seconds
              DECOUPLE completed...       0.0447 seconds
                  PHOT completed...       0.1789 seconds
               CLDPROC completed...       0.2446 seconds
                  CHEM completed...       0.6547 seconds
                  AERO completed...       0.8060 seconds
            Master Time Step
            Processing completed...       5.2758 seconds

     Processing Day/Time [YYYYDDD:HHMMSS]: 2017357:050800
       Which is Equivalent to (UTC): 5:08:00  Saturday,  Dec. 23, 2017
       Time-Step Length (HHMMSS): 000400
                 VDIFF completed...       0.9832 seconds
                COUPLE completed...       0.0803 seconds
                  HADV completed...       1.7606 seconds
                  ZADV completed...       0.3166 seconds
                 HDIFF completed...       0.2077 seconds
              DECOUPLE completed...       0.0455 seconds
                  PHOT completed...       0.1794 seconds
               CLDPROC completed...       0.2454 seconds
                  CHEM completed...       0.6542 seconds
                  AERO completed...       0.8031 seconds
            Master Time Step
            Processing completed...       5.2783 seconds

     Processing Day/Time [YYYYDDD:HHMMSS]: 2017357:051200
       Which is Equivalent to (UTC): 5:12:00  Saturday,  Dec. 23, 2017
       Time-Step Length (HHMMSS): 000400
                 VDIFF completed...       0.9839 seconds
                COUPLE completed...       0.0722 seconds
                  HADV completed...       1.7830 seconds
                  ZADV completed...       0.3102 seconds
                 HDIFF completed...       0.2137 seconds
              DECOUPLE completed...       0.0445 seconds
                  PHOT completed...       0.1794 seconds
               CLDPROC completed...       0.2462 seconds
                  CHEM completed...       0.6538 seconds
                  AERO completed...       0.8067 seconds
            Master Time Step
            Processing completed...       5.2961 seconds

     Processing Day/Time [YYYYDDD:HHMMSS]: 2017357:051600
       Which is Equivalent to (UTC): 5:16:00  Saturday,  Dec. 23, 2017
       Time-Step Length (HHMMSS): 000400
                 VDIFF completed...       0.9781 seconds
                COUPLE completed...       0.0835 seconds
                  HADV completed...       1.7587 seconds
                  ZADV completed...       0.3101 seconds
                 HDIFF completed...       0.2146 seconds
              DECOUPLE completed...       0.0444 seconds
                  PHOT completed...       0.1793 seconds
               CLDPROC completed...       0.2468 seconds
                  CHEM completed...       0.6486 seconds
                  AERO completed...       0.8020 seconds
            Master Time Step
            Processing completed...       5.2676 seconds

     Processing Day/Time [YYYYDDD:HHMMSS]: 2017357:052000
       Which is Equivalent to (UTC): 5:20:00  Saturday,  Dec. 23, 2017
       Time-Step Length (HHMMSS): 000400
                 VDIFF completed...       0.9648 seconds
                COUPLE completed...       0.0815 seconds
                  HADV completed...       1.7779 seconds
                  ZADV completed...       0.3080 seconds
                 HDIFF completed...       0.2161 seconds
              DECOUPLE completed...       0.0445 seconds
                  PHOT completed...       0.1797 seconds
               CLDPROC completed...       0.2457 seconds
                  CHEM completed...       0.6492 seconds
                  AERO completed...       0.8033 seconds
            Master Time Step
            Processing completed...       5.2717 seconds

     Processing Day/Time [YYYYDDD:HHMMSS]: 2017357:052400
       Which is Equivalent to (UTC): 5:24:00  Saturday,  Dec. 23, 2017
       Time-Step Length (HHMMSS): 000400
                 VDIFF completed...       0.9763 seconds
                COUPLE completed...       0.0783 seconds
                  HADV completed...       1.9088 seconds
                  ZADV completed...       0.3099 seconds
                 HDIFF completed...       0.2143 seconds
              DECOUPLE completed...       0.0445 seconds
                  PHOT completed...       0.1790 seconds
               CLDPROC completed...       0.2462 seconds
                  CHEM completed...       0.6473 seconds
                  AERO completed...       0.7996 seconds
            Master Time Step
            Processing completed...       5.4053 seconds

     Processing Day/Time [YYYYDDD:HHMMSS]: 2017357:052800
       Which is Equivalent to (UTC): 5:28:00  Saturday,  Dec. 23, 2017
       Time-Step Length (HHMMSS): 000400
                 VDIFF completed...       0.9486 seconds
                COUPLE completed...       0.0835 seconds
                  HADV completed...       1.7928 seconds
                  ZADV completed...       0.3092 seconds
                 HDIFF completed...       0.2143 seconds
              DECOUPLE completed...       0.0446 seconds
                  PHOT completed...       0.1790 seconds
               CLDPROC completed...       0.2471 seconds
                  CHEM completed...       0.6478 seconds
                  AERO completed...       0.8004 seconds
            Master Time Step
            Processing completed...       5.2681 seconds

     Processing Day/Time [YYYYDDD:HHMMSS]: 2017357:053200
       Which is Equivalent to (UTC): 5:32:00  Saturday,  Dec. 23, 2017
       Time-Step Length (HHMMSS): 000400
                 VDIFF completed...       0.9725 seconds
                COUPLE completed...       0.0803 seconds
                  HADV completed...       1.7679 seconds
                  ZADV completed...       0.3098 seconds
                 HDIFF completed...       0.2140 seconds
              DECOUPLE completed...       0.0442 seconds
                  PHOT completed...       0.1799 seconds
               CLDPROC completed...       0.2471 seconds
                  CHEM completed...       0.6476 seconds
                  AERO completed...       0.8031 seconds
            Master Time Step
            Processing completed...       5.2674 seconds

     Processing Day/Time [YYYYDDD:HHMMSS]: 2017357:053600
       Which is Equivalent to (UTC): 5:36:00  Saturday,  Dec. 23, 2017
       Time-Step Length (HHMMSS): 000400
                 VDIFF completed...       0.9693 seconds
                COUPLE completed...       0.0825 seconds
                  HADV completed...       1.7686 seconds
                  ZADV completed...       0.3094 seconds
                 HDIFF completed...       0.2137 seconds
              DECOUPLE completed...       0.0449 seconds
                  PHOT completed...       0.1782 seconds
               CLDPROC completed...       0.2454 seconds
                  CHEM completed...       0.6469 seconds
                  AERO completed...       0.8024 seconds
            Master Time Step
            Processing completed...       5.2657 seconds

     Processing Day/Time [YYYYDDD:HHMMSS]: 2017357:054000
       Which is Equivalent to (UTC): 5:40:00  Saturday,  Dec. 23, 2017
       Time-Step Length (HHMMSS): 000400
                 VDIFF completed...       0.9730 seconds
                COUPLE completed...       0.0809 seconds
                  HADV completed...       1.7627 seconds
                  ZADV completed...       0.3108 seconds
                 HDIFF completed...       0.2131 seconds
              DECOUPLE completed...       0.0444 seconds
                  PHOT completed...       0.1787 seconds
               CLDPROC completed...       0.2464 seconds
                  CHEM completed...       0.6472 seconds
                  AERO completed...       0.8005 seconds
            Master Time Step
            Processing completed...       5.2618 seconds

     Processing Day/Time [YYYYDDD:HHMMSS]: 2017357:054400
       Which is Equivalent to (UTC): 5:44:00  Saturday,  Dec. 23, 2017
       Time-Step Length (HHMMSS): 000400
                 VDIFF completed...       0.9781 seconds
                COUPLE completed...       0.0804 seconds
                  HADV completed...       1.7526 seconds
                  ZADV completed...       0.3109 seconds
                 HDIFF completed...       0.2120 seconds
              DECOUPLE completed...       0.0447 seconds
                  PHOT completed...       0.1783 seconds
               CLDPROC completed...       0.2464 seconds
                  CHEM completed...       0.6471 seconds
                  AERO completed...       0.8012 seconds
            Master Time Step
            Processing completed...       5.2563 seconds

     Processing Day/Time [YYYYDDD:HHMMSS]: 2017357:054800
       Which is Equivalent to (UTC): 5:48:00  Saturday,  Dec. 23, 2017
       Time-Step Length (HHMMSS): 000400
                 VDIFF completed...       0.9733 seconds
                COUPLE completed...       0.0816 seconds
                  HADV completed...       1.7588 seconds
                  ZADV completed...       0.3103 seconds
                 HDIFF completed...       0.2131 seconds
              DECOUPLE completed...       0.0455 seconds
                  PHOT completed...       0.1786 seconds
               CLDPROC completed...       0.2452 seconds
                  CHEM completed...       0.6487 seconds
                  AERO completed...       0.8019 seconds
            Master Time Step
            Processing completed...       5.2616 seconds

     Processing Day/Time [YYYYDDD:HHMMSS]: 2017357:055200
       Which is Equivalent to (UTC): 5:52:00  Saturday,  Dec. 23, 2017
       Time-Step Length (HHMMSS): 000400
                 VDIFF completed...       0.9736 seconds
                COUPLE completed...       0.0806 seconds
                  HADV completed...       1.7501 seconds
                  ZADV completed...       0.3111 seconds
                 HDIFF completed...       0.2129 seconds
              DECOUPLE completed...       0.0443 seconds
                  PHOT completed...       0.1790 seconds
               CLDPROC completed...       0.2466 seconds
                  CHEM completed...       0.6481 seconds
                  AERO completed...       0.8036 seconds
            Master Time Step
            Processing completed...       5.2544 seconds

     Processing Day/Time [YYYYDDD:HHMMSS]: 2017357:055600
       Which is Equivalent to (UTC): 5:56:00  Saturday,  Dec. 23, 2017
       Time-Step Length (HHMMSS): 000400
                 VDIFF completed...       2.6565 seconds
                COUPLE completed...       0.1704 seconds
                  HADV completed...       1.0334 seconds
                  ZADV completed...       0.3119 seconds
                 HDIFF completed...       0.2114 seconds
              DECOUPLE completed...       0.0447 seconds
                  PHOT completed...       0.1787 seconds
               CLDPROC completed...       1.5767 seconds
                  CHEM completed...       0.6424 seconds
                  AERO completed...       0.8437 seconds
            Master Time Step
            Processing completed...       7.6763 seconds

      =--> Data Output completed...       1.2743 seconds

     Processing Day/Time [YYYYDDD:HHMMSS]: 2017357:060000
       Which is Equivalent to (UTC): 6:00:00  Saturday,  Dec. 23, 2017
       Time-Step Length (HHMMSS): 000400
                 VDIFF completed...       4.7944 seconds
                COUPLE completed...       0.1704 seconds
                  HADV completed...       2.9137 seconds
                  ZADV completed...       0.3099 seconds
                 HDIFF completed...       0.2133 seconds
              DECOUPLE completed...       0.0439 seconds
                  PHOT completed...       0.8561 seconds
               CLDPROC completed...       0.2483 seconds
                  CHEM completed...       0.6470 seconds
                  AERO completed...       0.8016 seconds
            Master Time Step
            Processing completed...      11.0033 seconds

     Processing Day/Time [YYYYDDD:HHMMSS]: 2017357:060400
       Which is Equivalent to (UTC): 6:04:00  Saturday,  Dec. 23, 2017
       Time-Step Length (HHMMSS): 000400
                 VDIFF completed...       0.9408 seconds
                COUPLE completed...       0.1166 seconds
                  HADV completed...       2.1049 seconds
                  ZADV completed...       0.3113 seconds
                 HDIFF completed...       0.2131 seconds
              DECOUPLE completed...       0.0440 seconds
                  PHOT completed...       0.1795 seconds
               CLDPROC completed...       0.2481 seconds
                  CHEM completed...       0.6481 seconds
                  AERO completed...       0.8010 seconds
            Master Time Step
            Processing completed...       5.6093 seconds

     Processing Day/Time [YYYYDDD:HHMMSS]: 2017357:060800
       Which is Equivalent to (UTC): 6:08:00  Saturday,  Dec. 23, 2017
       Time-Step Length (HHMMSS): 000400
                 VDIFF completed...       1.0137 seconds
                COUPLE completed...       0.0805 seconds
                  HADV completed...       3.1559 seconds
                  ZADV completed...       0.3101 seconds
                 HDIFF completed...       0.2679 seconds
              DECOUPLE completed...       0.0436 seconds
                  PHOT completed...       0.1803 seconds
               CLDPROC completed...       0.2485 seconds
                  CHEM completed...       0.6446 seconds
                  AERO completed...       0.8015 seconds
            Master Time Step
            Processing completed...       6.7481 seconds

     Processing Day/Time [YYYYDDD:HHMMSS]: 2017357:061200
       Which is Equivalent to (UTC): 6:12:00  Saturday,  Dec. 23, 2017
       Time-Step Length (HHMMSS): 000400
                 VDIFF completed...       1.0053 seconds
                COUPLE completed...       0.0810 seconds
                  HADV completed...       1.7009 seconds
                  ZADV completed...       0.3089 seconds
                 HDIFF completed...       0.2144 seconds
              DECOUPLE completed...       0.0445 seconds
                  PHOT completed...       0.1794 seconds
               CLDPROC completed...       0.2481 seconds
                  CHEM completed...       0.6429 seconds
                  AERO completed...       0.8035 seconds
            Master Time Step
            Processing completed...       5.2330 seconds

     Processing Day/Time [YYYYDDD:HHMMSS]: 2017357:061600
       Which is Equivalent to (UTC): 6:16:00  Saturday,  Dec. 23, 2017
       Time-Step Length (HHMMSS): 000400
                 VDIFF completed...       0.9813 seconds
                COUPLE completed...       0.0950 seconds
                  HADV completed...       2.5301 seconds
                  ZADV completed...       0.3058 seconds
                 HDIFF completed...       0.2986 seconds
              DECOUPLE completed...       0.0438 seconds
                  PHOT completed...       0.1793 seconds
               CLDPROC completed...       0.2486 seconds
                  CHEM completed...       0.6433 seconds
                  AERO completed...       0.8009 seconds
            Master Time Step
            Processing completed...       6.1283 seconds

     Processing Day/Time [YYYYDDD:HHMMSS]: 2017357:062000
       Which is Equivalent to (UTC): 6:20:00  Saturday,  Dec. 23, 2017
       Time-Step Length (HHMMSS): 000400
                 VDIFF completed...       0.9778 seconds
                COUPLE completed...       0.0863 seconds
                  HADV completed...       1.7392 seconds
                  ZADV completed...       0.3088 seconds
                 HDIFF completed...       0.2146 seconds
              DECOUPLE completed...       0.0456 seconds
                  PHOT completed...       0.1789 seconds
               CLDPROC completed...       0.2488 seconds
                  CHEM completed...       0.6413 seconds
                  AERO completed...       0.8022 seconds
            Master Time Step
            Processing completed...       5.2447 seconds

     Processing Day/Time [YYYYDDD:HHMMSS]: 2017357:062400
       Which is Equivalent to (UTC): 6:24:00  Saturday,  Dec. 23, 2017
       Time-Step Length (HHMMSS): 000400
                 VDIFF completed...       0.9696 seconds
                COUPLE completed...       0.0878 seconds
                  HADV completed...       1.7374 seconds
                  ZADV completed...       0.3098 seconds
                 HDIFF completed...       0.2132 seconds
              DECOUPLE completed...       0.0442 seconds
                  PHOT completed...       0.1789 seconds
               CLDPROC completed...       0.2482 seconds
                  CHEM completed...       0.6402 seconds
                  AERO completed...       0.8009 seconds
            Master Time Step
            Processing completed...       5.2346 seconds

     Processing Day/Time [YYYYDDD:HHMMSS]: 2017357:062800
       Which is Equivalent to (UTC): 6:28:00  Saturday,  Dec. 23, 2017
       Time-Step Length (HHMMSS): 000400
                 VDIFF completed...       0.9773 seconds
                COUPLE completed...       0.0877 seconds
                  HADV completed...       1.7355 seconds
                  ZADV completed...       0.3104 seconds
                 HDIFF completed...       0.2134 seconds
              DECOUPLE completed...       0.0441 seconds
                  PHOT completed...       0.1788 seconds
               CLDPROC completed...       0.2476 seconds
                  CHEM completed...       0.6395 seconds
                  AERO completed...       0.8019 seconds
            Master Time Step
            Processing completed...       5.2410 seconds

     Processing Day/Time [YYYYDDD:HHMMSS]: 2017357:063200
       Which is Equivalent to (UTC): 6:32:00  Saturday,  Dec. 23, 2017
       Time-Step Length (HHMMSS): 000400
                 VDIFF completed...       0.9738 seconds
                COUPLE completed...       0.0892 seconds
                  HADV completed...       1.7303 seconds
                  ZADV completed...       0.3085 seconds
                 HDIFF completed...       0.2147 seconds
              DECOUPLE completed...       0.0443 seconds
                  PHOT completed...       0.1782 seconds
               CLDPROC completed...       0.2478 seconds
                  CHEM completed...       0.6388 seconds
                  AERO completed...       0.8038 seconds
            Master Time Step
            Processing completed...       5.2342 seconds

     Processing Day/Time [YYYYDDD:HHMMSS]: 2017357:063600
       Which is Equivalent to (UTC): 6:36:00  Saturday,  Dec. 23, 2017
       Time-Step Length (HHMMSS): 000400
                 VDIFF completed...       0.9738 seconds
                COUPLE completed...       0.0863 seconds
                  HADV completed...       1.7373 seconds
                  ZADV completed...       0.3091 seconds
                 HDIFF completed...       0.2145 seconds
              DECOUPLE completed...       0.0444 seconds
                  PHOT completed...       0.1785 seconds
               CLDPROC completed...       0.2472 seconds
                  CHEM completed...       0.6388 seconds
                  AERO completed...       0.8038 seconds
            Master Time Step
            Processing completed...       5.2384 seconds

     Processing Day/Time [YYYYDDD:HHMMSS]: 2017357:064000
       Which is Equivalent to (UTC): 6:40:00  Saturday,  Dec. 23, 2017
       Time-Step Length (HHMMSS): 000400
                 VDIFF completed...       0.9763 seconds
                COUPLE completed...       0.0897 seconds
                  HADV completed...       1.7190 seconds
                  ZADV completed...       0.3105 seconds
                 HDIFF completed...       0.2125 seconds
              DECOUPLE completed...       0.0435 seconds
                  PHOT completed...       0.1797 seconds
               CLDPROC completed...       0.2476 seconds
                  CHEM completed...       0.6403 seconds
                  AERO completed...       0.9922 seconds
            Master Time Step
            Processing completed...       5.4163 seconds

     Processing Day/Time [YYYYDDD:HHMMSS]: 2017357:064400
       Which is Equivalent to (UTC): 6:44:00  Saturday,  Dec. 23, 2017
       Time-Step Length (HHMMSS): 000400
                 VDIFF completed...       0.8435 seconds
                COUPLE completed...       0.0890 seconds
                  HADV completed...       1.7075 seconds
                  ZADV completed...       0.3107 seconds
                 HDIFF completed...       0.2123 seconds
              DECOUPLE completed...       0.0442 seconds
                  PHOT completed...       0.1789 seconds
               CLDPROC completed...       0.2464 seconds
                  CHEM completed...       0.6404 seconds
                  AERO completed...       0.8025 seconds
            Master Time Step
            Processing completed...       5.0810 seconds

     Processing Day/Time [YYYYDDD:HHMMSS]: 2017357:064800
       Which is Equivalent to (UTC): 6:48:00  Saturday,  Dec. 23, 2017
       Time-Step Length (HHMMSS): 000400
                 VDIFF completed...       0.9837 seconds
                COUPLE completed...       0.0905 seconds
                  HADV completed...       1.7013 seconds
                  ZADV completed...       0.3079 seconds
                 HDIFF completed...       0.2152 seconds
              DECOUPLE completed...       0.0441 seconds
                  PHOT completed...       0.1789 seconds
               CLDPROC completed...       0.2472 seconds
                  CHEM completed...       0.6410 seconds
                  AERO completed...       0.8028 seconds
            Master Time Step
            Processing completed...       5.2182 seconds

     Processing Day/Time [YYYYDDD:HHMMSS]: 2017357:065200
       Which is Equivalent to (UTC): 6:52:00  Saturday,  Dec. 23, 2017
       Time-Step Length (HHMMSS): 000400
                 VDIFF completed...       0.9803 seconds
                COUPLE completed...       0.0884 seconds
                  HADV completed...       1.6895 seconds
                  ZADV completed...       0.3100 seconds
                 HDIFF completed...       0.2137 seconds
              DECOUPLE completed...       0.0444 seconds
                  PHOT completed...       0.1783 seconds
               CLDPROC completed...       0.2475 seconds
                  CHEM completed...       0.6428 seconds
                  AERO completed...       0.8033 seconds
            Master Time Step
            Processing completed...       5.2040 seconds

     Processing Day/Time [YYYYDDD:HHMMSS]: 2017357:065600
       Which is Equivalent to (UTC): 6:56:00  Saturday,  Dec. 23, 2017
       Time-Step Length (HHMMSS): 000400
                 VDIFF completed...       2.6149 seconds
                COUPLE completed...       0.1712 seconds
                  HADV completed...       1.0330 seconds
                  ZADV completed...       0.3089 seconds
                 HDIFF completed...       0.2140 seconds
              DECOUPLE completed...       0.0438 seconds
                  PHOT completed...       0.1794 seconds
               CLDPROC completed...       1.4872 seconds
                  CHEM completed...       0.6354 seconds
                  AERO completed...       0.8487 seconds
            Master Time Step
            Processing completed...       7.5439 seconds

      =--> Data Output completed...       1.2305 seconds

     Processing Day/Time [YYYYDDD:HHMMSS]: 2017357:070000
       Which is Equivalent to (UTC): 7:00:00  Saturday,  Dec. 23, 2017
       Time-Step Length (HHMMSS): 000500
                 VDIFF completed...       4.7627 seconds
                COUPLE completed...       0.1349 seconds
                  HADV completed...       3.1667 seconds
                  ZADV completed...       0.3114 seconds
                 HDIFF completed...       0.2148 seconds
              DECOUPLE completed...       0.0447 seconds
                  PHOT completed...       1.0717 seconds
               CLDPROC completed...       0.2511 seconds
                  CHEM completed...       0.6566 seconds
                  AERO completed...       0.8287 seconds
            Master Time Step
            Processing completed...      11.4479 seconds

     Processing Day/Time [YYYYDDD:HHMMSS]: 2017357:070500
       Which is Equivalent to (UTC): 7:05:00  Saturday,  Dec. 23, 2017
       Time-Step Length (HHMMSS): 000500
                 VDIFF completed...       0.9424 seconds
                COUPLE completed...       0.0880 seconds
                  HADV completed...       2.1362 seconds
                  ZADV completed...       0.3086 seconds
                 HDIFF completed...       0.2162 seconds
              DECOUPLE completed...       0.0452 seconds
                  PHOT completed...       0.1788 seconds
               CLDPROC completed...       0.2474 seconds
                  CHEM completed...       0.6540 seconds
                  AERO completed...       0.8270 seconds
            Master Time Step
            Processing completed...       5.6491 seconds

     Processing Day/Time [YYYYDDD:HHMMSS]: 2017357:071000
       Which is Equivalent to (UTC): 7:10:00  Saturday,  Dec. 23, 2017
       Time-Step Length (HHMMSS): 000500
                 VDIFF completed...       0.9525 seconds
                COUPLE completed...       0.0928 seconds
                  HADV completed...       2.1260 seconds
                  ZADV completed...       0.3119 seconds
                 HDIFF completed...       0.2128 seconds
              DECOUPLE completed...       0.0441 seconds
                  PHOT completed...       0.1787 seconds
               CLDPROC completed...       0.2498 seconds
                  CHEM completed...       0.6527 seconds
                  AERO completed...       0.8288 seconds
            Master Time Step
            Processing completed...       5.6551 seconds

     Processing Day/Time [YYYYDDD:HHMMSS]: 2017357:071500
       Which is Equivalent to (UTC): 7:15:00  Saturday,  Dec. 23, 2017
       Time-Step Length (HHMMSS): 000500
                 VDIFF completed...       0.9442 seconds
                COUPLE completed...       0.0910 seconds
                  HADV completed...       2.1683 seconds
                  ZADV completed...       0.3097 seconds
                 HDIFF completed...       0.2152 seconds
              DECOUPLE completed...       0.0441 seconds
                  PHOT completed...       0.1790 seconds
               CLDPROC completed...       0.2502 seconds
                  CHEM completed...       0.6520 seconds
                  AERO completed...       0.8276 seconds
            Master Time Step
            Processing completed...       5.6862 seconds

     Processing Day/Time [YYYYDDD:HHMMSS]: 2017357:072000
       Which is Equivalent to (UTC): 7:20:00  Saturday,  Dec. 23, 2017
       Time-Step Length (HHMMSS): 000500
                 VDIFF completed...       0.9552 seconds
                COUPLE completed...       0.0893 seconds
                  HADV completed...       2.1691 seconds
                  ZADV completed...       0.3096 seconds
                 HDIFF completed...       0.2862 seconds
              DECOUPLE completed...       0.0456 seconds
                  PHOT completed...       0.1788 seconds
               CLDPROC completed...       0.2509 seconds
                  CHEM completed...       0.6509 seconds
                  AERO completed...       0.8253 seconds
            Master Time Step
            Processing completed...       5.7657 seconds

     Processing Day/Time [YYYYDDD:HHMMSS]: 2017357:072500
       Which is Equivalent to (UTC): 7:25:00  Saturday,  Dec. 23, 2017
       Time-Step Length (HHMMSS): 000500
                 VDIFF completed...       0.9452 seconds
                COUPLE completed...       0.0874 seconds
                  HADV completed...       2.1917 seconds
                  ZADV completed...       0.3087 seconds
                 HDIFF completed...       0.2164 seconds
              DECOUPLE completed...       0.0439 seconds
                  PHOT completed...       0.1787 seconds
               CLDPROC completed...       0.2515 seconds
                  CHEM completed...       0.6506 seconds
                  AERO completed...       0.8276 seconds
            Master Time Step
            Processing completed...       5.7063 seconds

     Processing Day/Time [YYYYDDD:HHMMSS]: 2017357:073000
       Which is Equivalent to (UTC): 7:30:00  Saturday,  Dec. 23, 2017
       Time-Step Length (HHMMSS): 000500
                 VDIFF completed...       0.9457 seconds
                COUPLE completed...       0.0869 seconds
                  HADV completed...       2.1930 seconds
                  ZADV completed...       0.3117 seconds
                 HDIFF completed...       0.2124 seconds
              DECOUPLE completed...       0.0445 seconds
                  PHOT completed...       0.1787 seconds
               CLDPROC completed...       0.2516 seconds
                  CHEM completed...       0.6499 seconds
                  AERO completed...       0.8285 seconds
            Master Time Step
            Processing completed...       5.7073 seconds

     Processing Day/Time [YYYYDDD:HHMMSS]: 2017357:073500
       Which is Equivalent to (UTC): 7:35:00  Saturday,  Dec. 23, 2017
       Time-Step Length (HHMMSS): 000500
                 VDIFF completed...       0.9453 seconds
                COUPLE completed...       0.0887 seconds
                  HADV completed...       2.2093 seconds
                  ZADV completed...       0.3107 seconds
                 HDIFF completed...       0.2155 seconds
              DECOUPLE completed...       0.0452 seconds
                  PHOT completed...       0.1777 seconds
               CLDPROC completed...       0.2506 seconds
                  CHEM completed...       0.6492 seconds
                  AERO completed...       0.8292 seconds
            Master Time Step
            Processing completed...       5.7257 seconds

     Processing Day/Time [YYYYDDD:HHMMSS]: 2017357:074000
       Which is Equivalent to (UTC): 7:40:00  Saturday,  Dec. 23, 2017
       Time-Step Length (HHMMSS): 000500
                 VDIFF completed...       0.9461 seconds
                COUPLE completed...       0.0884 seconds
                  HADV completed...       2.2206 seconds
                  ZADV completed...       0.3116 seconds
                 HDIFF completed...       0.2127 seconds
              DECOUPLE completed...       0.0446 seconds
                  PHOT completed...       0.1782 seconds
               CLDPROC completed...       0.2507 seconds
                  CHEM completed...       0.6487 seconds
                  AERO completed...       0.8272 seconds
            Master Time Step
            Processing completed...       5.7336 seconds

     Processing Day/Time [YYYYDDD:HHMMSS]: 2017357:074500
       Which is Equivalent to (UTC): 7:45:00  Saturday,  Dec. 23, 2017
       Time-Step Length (HHMMSS): 000500
                 VDIFF completed...       0.9471 seconds
                COUPLE completed...       0.0885 seconds
                  HADV completed...       2.2264 seconds
                  ZADV completed...       0.3085 seconds
                 HDIFF completed...       0.2167 seconds
              DECOUPLE completed...       0.0442 seconds
                  PHOT completed...       0.1793 seconds
               CLDPROC completed...       0.2500 seconds
                  CHEM completed...       0.6501 seconds
                  AERO completed...       0.8267 seconds
            Master Time Step
            Processing completed...       5.7426 seconds

     Processing Day/Time [YYYYDDD:HHMMSS]: 2017357:075000
       Which is Equivalent to (UTC): 7:50:00  Saturday,  Dec. 23, 2017
       Time-Step Length (HHMMSS): 000500
                 VDIFF completed...       0.9553 seconds
                COUPLE completed...       0.0907 seconds
                  HADV completed...       2.2361 seconds
                  ZADV completed...       0.3125 seconds
                 HDIFF completed...       0.2122 seconds
              DECOUPLE completed...       0.0439 seconds
                  PHOT completed...       0.1792 seconds
               CLDPROC completed...       0.2497 seconds
                  CHEM completed...       0.6484 seconds
                  AERO completed...       0.8285 seconds
            Master Time Step
            Processing completed...       5.7616 seconds

     Processing Day/Time [YYYYDDD:HHMMSS]: 2017357:075500
       Which is Equivalent to (UTC): 7:55:00  Saturday,  Dec. 23, 2017
       Time-Step Length (HHMMSS): 000500
                 VDIFF completed...       2.6467 seconds
                COUPLE completed...       0.1705 seconds
                  HADV completed...       1.5011 seconds
                  ZADV completed...       0.3093 seconds
                 HDIFF completed...       0.2165 seconds
              DECOUPLE completed...       0.0442 seconds
                  PHOT completed...       0.1783 seconds
               CLDPROC completed...       1.5791 seconds
                  CHEM completed...       0.6389 seconds
                  AERO completed...       0.8720 seconds
            Master Time Step
            Processing completed...       8.1615 seconds

      =--> Data Output completed...       1.2026 seconds

     Processing Day/Time [YYYYDDD:HHMMSS]: 2017357:080000
       Which is Equivalent to (UTC): 8:00:00  Saturday,  Dec. 23, 2017
       Time-Step Length (HHMMSS): 000500
                 VDIFF completed...       4.2335 seconds
                COUPLE completed...       0.1600 seconds
                  HADV completed...       3.7214 seconds
                  ZADV completed...       0.3059 seconds
                 HDIFF completed...       0.2186 seconds
              DECOUPLE completed...       0.0437 seconds
                  PHOT completed...       1.1309 seconds
               CLDPROC completed...       0.2532 seconds
                  CHEM completed...       0.6453 seconds
                  AERO completed...       0.8290 seconds
            Master Time Step
            Processing completed...      11.5468 seconds

     Processing Day/Time [YYYYDDD:HHMMSS]: 2017357:080500
       Which is Equivalent to (UTC): 8:05:00  Saturday,  Dec. 23, 2017
       Time-Step Length (HHMMSS): 000500
                 VDIFF completed...       0.9915 seconds
                COUPLE completed...       0.0879 seconds
                  HADV completed...       2.2174 seconds
                  ZADV completed...       0.3054 seconds
                 HDIFF completed...       0.2188 seconds
              DECOUPLE completed...       0.0434 seconds
                  PHOT completed...       0.1795 seconds
               CLDPROC completed...       0.2497 seconds
                  CHEM completed...       0.6456 seconds
                  AERO completed...       0.8289 seconds
            Master Time Step
            Processing completed...       5.7737 seconds

     Processing Day/Time [YYYYDDD:HHMMSS]: 2017357:081000
       Which is Equivalent to (UTC): 8:10:00  Saturday,  Dec. 23, 2017
       Time-Step Length (HHMMSS): 000500
                 VDIFF completed...       0.9964 seconds
                COUPLE completed...       0.0890 seconds
                  HADV completed...       2.2114 seconds
                  ZADV completed...       0.3076 seconds
                 HDIFF completed...       0.2166 seconds
              DECOUPLE completed...       0.0439 seconds
                  PHOT completed...       0.1789 seconds
               CLDPROC completed...       0.2497 seconds
                  CHEM completed...       0.6449 seconds
                  AERO completed...       0.8267 seconds
            Master Time Step
            Processing completed...       5.7708 seconds

     Processing Day/Time [YYYYDDD:HHMMSS]: 2017357:081500
       Which is Equivalent to (UTC): 8:15:00  Saturday,  Dec. 23, 2017
       Time-Step Length (HHMMSS): 000500
                 VDIFF completed...       0.9988 seconds
                COUPLE completed...       0.0880 seconds
                  HADV completed...       2.2184 seconds
                  ZADV completed...       0.3068 seconds
                 HDIFF completed...       0.2169 seconds
              DECOUPLE completed...       0.0433 seconds
                  PHOT completed...       0.1799 seconds
               CLDPROC completed...       0.2504 seconds
                  CHEM completed...       0.6448 seconds
                  AERO completed...       0.8261 seconds
            Master Time Step
            Processing completed...       5.7791 seconds

     Processing Day/Time [YYYYDDD:HHMMSS]: 2017357:082000
       Which is Equivalent to (UTC): 8:20:00  Saturday,  Dec. 23, 2017
       Time-Step Length (HHMMSS): 000500
                 VDIFF completed...       0.9951 seconds
                COUPLE completed...       0.0870 seconds
                  HADV completed...       2.2305 seconds
                  ZADV completed...       0.3045 seconds
                 HDIFF completed...       0.2197 seconds
              DECOUPLE completed...       0.0436 seconds
                  PHOT completed...       0.1788 seconds
               CLDPROC completed...       0.2503 seconds
                  CHEM completed...       0.6449 seconds
                  AERO completed...       0.8258 seconds
            Master Time Step
            Processing completed...       5.7856 seconds

     Processing Day/Time [YYYYDDD:HHMMSS]: 2017357:082500
       Which is Equivalent to (UTC): 8:25:00  Saturday,  Dec. 23, 2017
       Time-Step Length (HHMMSS): 000500
                 VDIFF completed...       0.9984 seconds
                COUPLE completed...       0.0870 seconds
                  HADV completed...       2.2390 seconds
                  ZADV completed...       0.3061 seconds
                 HDIFF completed...       0.2175 seconds
              DECOUPLE completed...       0.0435 seconds
                  PHOT completed...       0.1796 seconds
               CLDPROC completed...       0.2507 seconds
                  CHEM completed...       0.6450 seconds
                  AERO completed...       0.8266 seconds
            Master Time Step
            Processing completed...       5.7988 seconds

     Processing Day/Time [YYYYDDD:HHMMSS]: 2017357:083000
       Which is Equivalent to (UTC): 8:30:00  Saturday,  Dec. 23, 2017
       Time-Step Length (HHMMSS): 000500
                 VDIFF completed...       0.9980 seconds
                COUPLE completed...       0.0870 seconds
                  HADV completed...       2.2386 seconds
                  ZADV completed...       0.3074 seconds
                 HDIFF completed...       0.2165 seconds
              DECOUPLE completed...       0.0437 seconds
                  PHOT completed...       0.1790 seconds
               CLDPROC completed...       0.2504 seconds
                  CHEM completed...       0.6447 seconds
                  AERO completed...       0.8271 seconds
            Master Time Step
            Processing completed...       5.7981 seconds

     Processing Day/Time [YYYYDDD:HHMMSS]: 2017357:083500
       Which is Equivalent to (UTC): 8:35:00  Saturday,  Dec. 23, 2017
       Time-Step Length (HHMMSS): 000500
                 VDIFF completed...       1.0011 seconds
                COUPLE completed...       0.0863 seconds
                  HADV completed...       2.2282 seconds
                  ZADV completed...       0.3064 seconds
                 HDIFF completed...       0.2180 seconds
              DECOUPLE completed...       0.0434 seconds
                  PHOT completed...       0.1792 seconds
               CLDPROC completed...       0.2505 seconds
                  CHEM completed...       0.6461 seconds
                  AERO completed...       0.8307 seconds
            Master Time Step
            Processing completed...       5.7952 seconds

     Processing Day/Time [YYYYDDD:HHMMSS]: 2017357:084000
       Which is Equivalent to (UTC): 8:40:00  Saturday,  Dec. 23, 2017
       Time-Step Length (HHMMSS): 000500
                 VDIFF completed...       1.0217 seconds
                COUPLE completed...       0.0802 seconds
                  HADV completed...       2.2087 seconds
                  ZADV completed...       0.3052 seconds
                 HDIFF completed...       0.2184 seconds
              DECOUPLE completed...       0.0434 seconds
                  PHOT completed...       0.1795 seconds
               CLDPROC completed...       0.2502 seconds
                  CHEM completed...       0.6457 seconds
                  AERO completed...       0.8461 seconds
            Master Time Step
            Processing completed...       5.8050 seconds

     Processing Day/Time [YYYYDDD:HHMMSS]: 2017357:084500
       Which is Equivalent to (UTC): 8:45:00  Saturday,  Dec. 23, 2017
       Time-Step Length (HHMMSS): 000500
                 VDIFF completed...       0.9893 seconds
                COUPLE completed...       0.0839 seconds
                  HADV completed...       2.2279 seconds
                  ZADV completed...       0.3060 seconds
                 HDIFF completed...       0.2182 seconds
              DECOUPLE completed...       0.0437 seconds
                  PHOT completed...       0.1788 seconds
               CLDPROC completed...       0.2508 seconds
                  CHEM completed...       0.6505 seconds
                  AERO completed...       0.8308 seconds
            Master Time Step
            Processing completed...       5.7857 seconds

     Processing Day/Time [YYYYDDD:HHMMSS]: 2017357:085000
       Which is Equivalent to (UTC): 8:50:00  Saturday,  Dec. 23, 2017
       Time-Step Length (HHMMSS): 000500
                 VDIFF completed...       1.0156 seconds
                COUPLE completed...       0.0777 seconds
                  HADV completed...       2.2175 seconds
                  ZADV completed...       0.3035 seconds
                 HDIFF completed...       0.2206 seconds
              DECOUPLE completed...       0.0435 seconds
                  PHOT completed...       0.1853 seconds
               CLDPROC completed...       0.2420 seconds
                  CHEM completed...       0.6432 seconds
                  AERO completed...       0.8407 seconds
            Master Time Step
            Processing completed...       5.7951 seconds

     Processing Day/Time [YYYYDDD:HHMMSS]: 2017357:085500
       Which is Equivalent to (UTC): 8:55:00  Saturday,  Dec. 23, 2017
       Time-Step Length (HHMMSS): 000500
                 VDIFF completed...       2.7165 seconds
                COUPLE completed...       0.1708 seconds
                  HADV completed...       1.4968 seconds
                  ZADV completed...       0.3038 seconds
                 HDIFF completed...       0.2211 seconds
              DECOUPLE completed...       0.0437 seconds
                  PHOT completed...       0.1786 seconds
               CLDPROC completed...       1.7010 seconds
                  CHEM completed...       0.6317 seconds
                  AERO completed...       0.8793 seconds
            Master Time Step
            Processing completed...       8.3507 seconds

      =--> Data Output completed...       1.2234 seconds

     Processing Day/Time [YYYYDDD:HHMMSS]: 2017357:090000
       Which is Equivalent to (UTC): 9:00:00  Saturday,  Dec. 23, 2017
       Time-Step Length (HHMMSS): 000400
                 VDIFF completed...       4.9419 seconds
                COUPLE completed...       0.1569 seconds
                  HADV completed...       2.6995 seconds
                  ZADV completed...       0.3099 seconds
                 HDIFF completed...       0.2129 seconds
              DECOUPLE completed...       0.0445 seconds
                  PHOT completed...       1.0323 seconds
               CLDPROC completed...       0.2551 seconds
                  CHEM completed...       0.6368 seconds
                  AERO completed...       0.8171 seconds
            Master Time Step
            Processing completed...      11.1119 seconds

     Processing Day/Time [YYYYDDD:HHMMSS]: 2017357:090400
       Which is Equivalent to (UTC): 9:04:00  Saturday,  Dec. 23, 2017
       Time-Step Length (HHMMSS): 000400
                 VDIFF completed...       1.0042 seconds
                COUPLE completed...       0.0887 seconds
                  HADV completed...       1.8674 seconds
                  ZADV completed...       0.3106 seconds
                 HDIFF completed...       0.2132 seconds
              DECOUPLE completed...       0.0439 seconds
                  PHOT completed...       0.1800 seconds
               CLDPROC completed...       0.2516 seconds
                  CHEM completed...       0.6372 seconds
                  AERO completed...       0.8155 seconds
            Master Time Step
            Processing completed...       5.4135 seconds

     Processing Day/Time [YYYYDDD:HHMMSS]: 2017357:090800
       Which is Equivalent to (UTC): 9:08:00  Saturday,  Dec. 23, 2017
       Time-Step Length (HHMMSS): 000400
                 VDIFF completed...       1.0104 seconds
                COUPLE completed...       0.0860 seconds
                  HADV completed...       1.8540 seconds
                  ZADV completed...       0.3109 seconds
                 HDIFF completed...       0.2117 seconds
              DECOUPLE completed...       0.0437 seconds
                  PHOT completed...       0.1791 seconds
               CLDPROC completed...       0.2512 seconds
                  CHEM completed...       0.6359 seconds
                  AERO completed...       0.8195 seconds
            Master Time Step
            Processing completed...       5.4065 seconds

     Processing Day/Time [YYYYDDD:HHMMSS]: 2017357:091200
       Which is Equivalent to (UTC): 9:12:00  Saturday,  Dec. 23, 2017
       Time-Step Length (HHMMSS): 000400
                 VDIFF completed...       1.0046 seconds
                COUPLE completed...       0.0829 seconds
                  HADV completed...       1.8648 seconds
                  ZADV completed...       0.3098 seconds
                 HDIFF completed...       0.2131 seconds
              DECOUPLE completed...       0.0440 seconds
                  PHOT completed...       0.1793 seconds
               CLDPROC completed...       0.2500 seconds
                  CHEM completed...       0.6366 seconds
                  AERO completed...       0.8392 seconds
            Master Time Step
            Processing completed...       5.4286 seconds

     Processing Day/Time [YYYYDDD:HHMMSS]: 2017357:091600
       Which is Equivalent to (UTC): 9:16:00  Saturday,  Dec. 23, 2017
       Time-Step Length (HHMMSS): 000400
                 VDIFF completed...       0.9937 seconds
                COUPLE completed...       0.0808 seconds
                  HADV completed...       1.8635 seconds
                  ZADV completed...       0.3112 seconds
                 HDIFF completed...       0.2118 seconds
              DECOUPLE completed...       0.0440 seconds
                  PHOT completed...       0.1785 seconds
               CLDPROC completed...       0.2506 seconds
                  CHEM completed...       0.6399 seconds
                  AERO completed...       0.8208 seconds
            Master Time Step
            Processing completed...       5.3999 seconds

     Processing Day/Time [YYYYDDD:HHMMSS]: 2017357:092000
       Which is Equivalent to (UTC): 9:20:00  Saturday,  Dec. 23, 2017
       Time-Step Length (HHMMSS): 000400
                 VDIFF completed...       1.0009 seconds
                COUPLE completed...       0.0820 seconds
                  HADV completed...       1.8576 seconds
                  ZADV completed...       0.3095 seconds
                 HDIFF completed...       0.2133 seconds
              DECOUPLE completed...       0.0442 seconds
                  PHOT completed...       0.1785 seconds
               CLDPROC completed...       0.2505 seconds
                  CHEM completed...       0.6338 seconds
                  AERO completed...       0.8204 seconds
            Master Time Step
            Processing completed...       5.3961 seconds

     Processing Day/Time [YYYYDDD:HHMMSS]: 2017357:092400
       Which is Equivalent to (UTC): 9:24:00  Saturday,  Dec. 23, 2017
       Time-Step Length (HHMMSS): 000400
                 VDIFF completed...       0.9995 seconds
                COUPLE completed...       0.0865 seconds
                  HADV completed...       1.8600 seconds
                  ZADV completed...       0.3099 seconds
                 HDIFF completed...       0.2129 seconds
              DECOUPLE completed...       0.0441 seconds
                  PHOT completed...       0.1785 seconds
               CLDPROC completed...       0.2511 seconds
                  CHEM completed...       0.6370 seconds
                  AERO completed...       0.8191 seconds
            Master Time Step
            Processing completed...       5.4032 seconds

     Processing Day/Time [YYYYDDD:HHMMSS]: 2017357:092800
       Which is Equivalent to (UTC): 9:28:00  Saturday,  Dec. 23, 2017
       Time-Step Length (HHMMSS): 000400
                 VDIFF completed...       0.9988 seconds
                COUPLE completed...       0.0850 seconds
                  HADV completed...       1.8563 seconds
                  ZADV completed...       0.3200 seconds
                 HDIFF completed...       0.2031 seconds
              DECOUPLE completed...       0.0450 seconds
                  PHOT completed...       0.1780 seconds
               CLDPROC completed...       0.2494 seconds
                  CHEM completed...       0.6364 seconds
                  AERO completed...       0.8179 seconds
            Master Time Step
            Processing completed...       5.3952 seconds

     Processing Day/Time [YYYYDDD:HHMMSS]: 2017357:093200
       Which is Equivalent to (UTC): 9:32:00  Saturday,  Dec. 23, 2017
       Time-Step Length (HHMMSS): 000400
                 VDIFF completed...       0.9997 seconds
                COUPLE completed...       0.0840 seconds
                  HADV completed...       1.8649 seconds
                  ZADV completed...       0.3094 seconds
                 HDIFF completed...       0.2129 seconds
              DECOUPLE completed...       0.0439 seconds
                  PHOT completed...       0.1787 seconds
               CLDPROC completed...       0.2509 seconds
                  CHEM completed...       0.6345 seconds
                  AERO completed...       0.8152 seconds
            Master Time Step
            Processing completed...       5.3997 seconds

     Processing Day/Time [YYYYDDD:HHMMSS]: 2017357:093600
       Which is Equivalent to (UTC): 9:36:00  Saturday,  Dec. 23, 2017
       Time-Step Length (HHMMSS): 000400
                 VDIFF completed...       1.0027 seconds
                COUPLE completed...       0.0850 seconds
                  HADV completed...       1.8670 seconds
                  ZADV completed...       0.3102 seconds
                 HDIFF completed...       0.2126 seconds
              DECOUPLE completed...       0.0439 seconds
                  PHOT completed...       0.1786 seconds
               CLDPROC completed...       0.2509 seconds
                  CHEM completed...       0.6341 seconds
                  AERO completed...       0.8159 seconds
            Master Time Step
            Processing completed...       5.4062 seconds

     Processing Day/Time [YYYYDDD:HHMMSS]: 2017357:094000
       Which is Equivalent to (UTC): 9:40:00  Saturday,  Dec. 23, 2017
       Time-Step Length (HHMMSS): 000400
                 VDIFF completed...       1.0024 seconds
                COUPLE completed...       0.0831 seconds
                  HADV completed...       1.8522 seconds
                  ZADV completed...       0.3101 seconds
                 HDIFF completed...       0.2124 seconds
              DECOUPLE completed...       0.0436 seconds
                  PHOT completed...       0.1791 seconds
               CLDPROC completed...       0.2506 seconds
                  CHEM completed...       0.6340 seconds
                  AERO completed...       0.8198 seconds
            Master Time Step
            Processing completed...       5.3929 seconds

     Processing Day/Time [YYYYDDD:HHMMSS]: 2017357:094400
       Which is Equivalent to (UTC): 9:44:00  Saturday,  Dec. 23, 2017
       Time-Step Length (HHMMSS): 000400
                 VDIFF completed...       0.9978 seconds
                COUPLE completed...       0.0942 seconds
                  HADV completed...       1.8479 seconds
                  ZADV completed...       0.3094 seconds
                 HDIFF completed...       0.2135 seconds
              DECOUPLE completed...       0.0437 seconds
                  PHOT completed...       0.1792 seconds
               CLDPROC completed...       0.2514 seconds
                  CHEM completed...       0.6330 seconds
                  AERO completed...       0.8192 seconds
            Master Time Step
            Processing completed...       5.3949 seconds

     Processing Day/Time [YYYYDDD:HHMMSS]: 2017357:094800
       Which is Equivalent to (UTC): 9:48:00  Saturday,  Dec. 23, 2017
       Time-Step Length (HHMMSS): 000400
                 VDIFF completed...       1.0128 seconds
                COUPLE completed...       0.0823 seconds
                  HADV completed...       1.8430 seconds
                  ZADV completed...       0.3103 seconds
                 HDIFF completed...       0.2115 seconds
              DECOUPLE completed...       0.0434 seconds
                  PHOT completed...       0.1794 seconds
               CLDPROC completed...       0.2516 seconds
                  CHEM completed...       0.6315 seconds
                  AERO completed...       0.8212 seconds
            Master Time Step
            Processing completed...       5.3928 seconds

     Processing Day/Time [YYYYDDD:HHMMSS]: 2017357:095200
       Which is Equivalent to (UTC): 9:52:00  Saturday,  Dec. 23, 2017
       Time-Step Length (HHMMSS): 000400
                 VDIFF completed...       1.0035 seconds
                COUPLE completed...       0.0866 seconds
                  HADV completed...       1.8459 seconds
                  ZADV completed...       0.3101 seconds
                 HDIFF completed...       0.2129 seconds
              DECOUPLE completed...       0.0449 seconds
                  PHOT completed...       0.1783 seconds
               CLDPROC completed...       0.2515 seconds
                  CHEM completed...       0.6325 seconds
                  AERO completed...       0.8412 seconds
            Master Time Step
            Processing completed...       5.4130 seconds

     Processing Day/Time [YYYYDDD:HHMMSS]: 2017357:095600
       Which is Equivalent to (UTC): 9:56:00  Saturday,  Dec. 23, 2017
       Time-Step Length (HHMMSS): 000400
                 VDIFF completed...       2.7226 seconds
                COUPLE completed...       0.1705 seconds
                  HADV completed...       1.1003 seconds
                  ZADV completed...       0.3107 seconds
                 HDIFF completed...       0.2111 seconds
              DECOUPLE completed...       0.0434 seconds
                  PHOT completed...       0.1798 seconds
               CLDPROC completed...       1.6696 seconds
                  CHEM completed...       0.6114 seconds
                  AERO completed...       0.8651 seconds
            Master Time Step
            Processing completed...       7.8914 seconds

      =--> Data Output completed...       1.2184 seconds

     Processing Day/Time [YYYYDDD:HHMMSS]: 2017357:100000
       Which is Equivalent to (UTC): 10:00:00 Saturday,  Dec. 23, 2017
       Time-Step Length (HHMMSS): 000400
                 VDIFF completed...       4.7495 seconds
                COUPLE completed...       0.1686 seconds
                  HADV completed...       2.9314 seconds
                  ZADV completed...       0.3086 seconds
                 HDIFF completed...       0.2139 seconds
              DECOUPLE completed...       0.0438 seconds
                  PHOT completed...       1.0026 seconds
               CLDPROC completed...       0.2578 seconds
                  CHEM completed...       0.6329 seconds
                  AERO completed...       0.8218 seconds
            Master Time Step
            Processing completed...      11.1354 seconds

     Processing Day/Time [YYYYDDD:HHMMSS]: 2017357:100400
       Which is Equivalent to (UTC): 10:04:00 Saturday,  Dec. 23, 2017
       Time-Step Length (HHMMSS): 000400
                 VDIFF completed...       0.9555 seconds
                COUPLE completed...       0.0872 seconds
                  HADV completed...       1.9210 seconds
                  ZADV completed...       0.3073 seconds
                 HDIFF completed...       0.2149 seconds
              DECOUPLE completed...       0.0445 seconds
                  PHOT completed...       0.1787 seconds
               CLDPROC completed...       0.2530 seconds
                  CHEM completed...       0.6325 seconds
                  AERO completed...       0.8236 seconds
            Master Time Step
            Processing completed...       5.4224 seconds

     Processing Day/Time [YYYYDDD:HHMMSS]: 2017357:100800
       Which is Equivalent to (UTC): 10:08:00 Saturday,  Dec. 23, 2017
       Time-Step Length (HHMMSS): 000400
                 VDIFF completed...       0.9961 seconds
                COUPLE completed...       0.1042 seconds
                  HADV completed...       1.8554 seconds
                  ZADV completed...       0.3090 seconds
                 HDIFF completed...       0.2135 seconds
              DECOUPLE completed...       0.0436 seconds
                  PHOT completed...       0.1797 seconds
               CLDPROC completed...       0.2528 seconds
                  CHEM completed...       0.6332 seconds
                  AERO completed...       0.8221 seconds
            Master Time Step
            Processing completed...       5.4129 seconds

     Processing Day/Time [YYYYDDD:HHMMSS]: 2017357:101200
       Which is Equivalent to (UTC): 10:12:00 Saturday,  Dec. 23, 2017
       Time-Step Length (HHMMSS): 000400
                 VDIFF completed...       0.9979 seconds
                COUPLE completed...       0.0943 seconds
                  HADV completed...       1.8605 seconds
                  ZADV completed...       0.3106 seconds
                 HDIFF completed...       0.2121 seconds
              DECOUPLE completed...       0.0440 seconds
                  PHOT completed...       0.1794 seconds
               CLDPROC completed...       0.2538 seconds
                  CHEM completed...       0.6338 seconds
                  AERO completed...       0.8232 seconds
            Master Time Step
            Processing completed...       5.4109 seconds

     Processing Day/Time [YYYYDDD:HHMMSS]: 2017357:101600
       Which is Equivalent to (UTC): 10:16:00 Saturday,  Dec. 23, 2017
       Time-Step Length (HHMMSS): 000400
                 VDIFF completed...       0.9954 seconds
                COUPLE completed...       0.0920 seconds
                  HADV completed...       1.8639 seconds
                  ZADV completed...       0.3085 seconds
                 HDIFF completed...       0.2136 seconds
              DECOUPLE completed...       0.0435 seconds
                  PHOT completed...       0.1805 seconds
               CLDPROC completed...       0.2537 seconds
                  CHEM completed...       0.6326 seconds
                  AERO completed...       0.8239 seconds
            Master Time Step
            Processing completed...       5.4088 seconds

     Processing Day/Time [YYYYDDD:HHMMSS]: 2017357:102000
       Which is Equivalent to (UTC): 10:20:00 Saturday,  Dec. 23, 2017
       Time-Step Length (HHMMSS): 000400
                 VDIFF completed...       0.9907 seconds
                COUPLE completed...       0.0877 seconds
                  HADV completed...       1.8642 seconds
                  ZADV completed...       0.3069 seconds
                 HDIFF completed...       0.2144 seconds
              DECOUPLE completed...       0.0433 seconds
                  PHOT completed...       0.1796 seconds
               CLDPROC completed...       0.2538 seconds
                  CHEM completed...       0.6332 seconds
                  AERO completed...       0.8200 seconds
            Master Time Step
            Processing completed...       5.3982 seconds

     Processing Day/Time [YYYYDDD:HHMMSS]: 2017357:102400
       Which is Equivalent to (UTC): 10:24:00 Saturday,  Dec. 23, 2017
       Time-Step Length (HHMMSS): 000400
                 VDIFF completed...       0.9962 seconds
                COUPLE completed...       0.0895 seconds
                  HADV completed...       1.8586 seconds
                  ZADV completed...       0.3089 seconds
                 HDIFF completed...       0.2131 seconds
              DECOUPLE completed...       0.0438 seconds
                  PHOT completed...       0.1790 seconds
               CLDPROC completed...       0.2534 seconds
                  CHEM completed...       0.6323 seconds
                  AERO completed...       0.8225 seconds
            Master Time Step
            Processing completed...       5.4018 seconds

     Processing Day/Time [YYYYDDD:HHMMSS]: 2017357:102800
       Which is Equivalent to (UTC): 10:28:00 Saturday,  Dec. 23, 2017
       Time-Step Length (HHMMSS): 000400
                 VDIFF completed...       0.9882 seconds
                COUPLE completed...       0.0979 seconds
                  HADV completed...       1.8528 seconds
                  ZADV completed...       0.3099 seconds
                 HDIFF completed...       0.2111 seconds
              DECOUPLE completed...       0.0440 seconds
                  PHOT completed...       0.1798 seconds
               CLDPROC completed...       0.2538 seconds
                  CHEM completed...       0.6327 seconds
                  AERO completed...       0.8214 seconds
            Master Time Step
            Processing completed...       5.3964 seconds

     Processing Day/Time [YYYYDDD:HHMMSS]: 2017357:103200
       Which is Equivalent to (UTC): 10:32:00 Saturday,  Dec. 23, 2017
       Time-Step Length (HHMMSS): 000400
                 VDIFF completed...       0.9894 seconds
                COUPLE completed...       0.0982 seconds
                  HADV completed...       1.8525 seconds
                  ZADV completed...       0.3082 seconds
                 HDIFF completed...       0.2134 seconds
              DECOUPLE completed...       0.0439 seconds
                  PHOT completed...       0.1790 seconds
               CLDPROC completed...       0.2534 seconds
                  CHEM completed...       0.6333 seconds
                  AERO completed...       0.8232 seconds
            Master Time Step
            Processing completed...       5.3995 seconds

     Processing Day/Time [YYYYDDD:HHMMSS]: 2017357:103600
       Which is Equivalent to (UTC): 10:36:00 Saturday,  Dec. 23, 2017
       Time-Step Length (HHMMSS): 000400
                 VDIFF completed...       0.9936 seconds
                COUPLE completed...       0.0993 seconds
                  HADV completed...       1.8440 seconds
                  ZADV completed...       0.3076 seconds
                 HDIFF completed...       0.2159 seconds
              DECOUPLE completed...       0.0436 seconds
                  PHOT completed...       0.1796 seconds
               CLDPROC completed...       0.2535 seconds
                  CHEM completed...       0.6341 seconds
                  AERO completed...       0.8247 seconds
            Master Time Step
            Processing completed...       5.3998 seconds

     Processing Day/Time [YYYYDDD:HHMMSS]: 2017357:104000
       Which is Equivalent to (UTC): 10:40:00 Saturday,  Dec. 23, 2017
       Time-Step Length (HHMMSS): 000400
                 VDIFF completed...       0.9976 seconds
                COUPLE completed...       0.1048 seconds
                  HADV completed...       1.8448 seconds
                  ZADV completed...       0.3097 seconds
                 HDIFF completed...       0.2114 seconds
              DECOUPLE completed...       0.0440 seconds
                  PHOT completed...       0.1790 seconds
               CLDPROC completed...       0.2534 seconds
                  CHEM completed...       0.6331 seconds
                  AERO completed...       0.8216 seconds
            Master Time Step
            Processing completed...       5.4044 seconds

     Processing Day/Time [YYYYDDD:HHMMSS]: 2017357:104400
       Which is Equivalent to (UTC): 10:44:00 Saturday,  Dec. 23, 2017
       Time-Step Length (HHMMSS): 000400
                 VDIFF completed...       0.9917 seconds
                COUPLE completed...       0.1027 seconds
                  HADV completed...       2.0309 seconds
                  ZADV completed...       0.3113 seconds
                 HDIFF completed...       0.2097 seconds
              DECOUPLE completed...       0.0435 seconds
                  PHOT completed...       0.1798 seconds
               CLDPROC completed...       0.2528 seconds
                  CHEM completed...       0.6339 seconds
                  AERO completed...       0.8268 seconds
            Master Time Step
            Processing completed...       5.5887 seconds

     Processing Day/Time [YYYYDDD:HHMMSS]: 2017357:104800
       Which is Equivalent to (UTC): 10:48:00 Saturday,  Dec. 23, 2017
       Time-Step Length (HHMMSS): 000400
                 VDIFF completed...       0.9897 seconds
                COUPLE completed...       0.1054 seconds
                  HADV completed...       1.8515 seconds
                  ZADV completed...       0.3111 seconds
                 HDIFF completed...       0.2110 seconds
              DECOUPLE completed...       0.0448 seconds
                  PHOT completed...       0.1785 seconds
               CLDPROC completed...       0.2523 seconds
                  CHEM completed...       0.6352 seconds
                  AERO completed...       0.8284 seconds
            Master Time Step
            Processing completed...       5.4136 seconds

     Processing Day/Time [YYYYDDD:HHMMSS]: 2017357:105200
       Which is Equivalent to (UTC): 10:52:00 Saturday,  Dec. 23, 2017
       Time-Step Length (HHMMSS): 000400
                 VDIFF completed...       0.9892 seconds
                COUPLE completed...       0.1066 seconds
                  HADV completed...       1.8385 seconds
                  ZADV completed...       0.3082 seconds
                 HDIFF completed...       0.2129 seconds
              DECOUPLE completed...       0.0437 seconds
                  PHOT completed...       0.1790 seconds
               CLDPROC completed...       0.2534 seconds
                  CHEM completed...       0.6356 seconds
                  AERO completed...       0.8297 seconds
            Master Time Step
            Processing completed...       5.4028 seconds

     Processing Day/Time [YYYYDDD:HHMMSS]: 2017357:105600
       Which is Equivalent to (UTC): 10:56:00 Saturday,  Dec. 23, 2017
       Time-Step Length (HHMMSS): 000400
                 VDIFF completed...       2.7318 seconds
                COUPLE completed...       0.1706 seconds
                  HADV completed...       1.1026 seconds
                  ZADV completed...       0.3099 seconds
                 HDIFF completed...       0.2120 seconds
              DECOUPLE completed...       0.0437 seconds
                  PHOT completed...       0.1788 seconds
               CLDPROC completed...       1.6026 seconds
                  CHEM completed...       0.6113 seconds
                  AERO completed...       0.8738 seconds
            Master Time Step
            Processing completed...       7.8440 seconds

      =--> Data Output completed...       1.1960 seconds

     Processing Day/Time [YYYYDDD:HHMMSS]: 2017357:110000
       Which is Equivalent to (UTC): 11:00:00 Saturday,  Dec. 23, 2017
       Time-Step Length (HHMMSS): 000400
                 VDIFF completed...       4.7481 seconds
                COUPLE completed...       0.1746 seconds
                  HADV completed...       2.8092 seconds
                  ZADV completed...       0.3102 seconds
                 HDIFF completed...       0.2117 seconds
              DECOUPLE completed...       0.0439 seconds
                  PHOT completed...       1.1285 seconds
               CLDPROC completed...       0.2576 seconds
                  CHEM completed...       0.6362 seconds
                  AERO completed...       0.8286 seconds
            Master Time Step
            Processing completed...      11.1539 seconds

     Processing Day/Time [YYYYDDD:HHMMSS]: 2017357:110400
       Which is Equivalent to (UTC): 11:04:00 Saturday,  Dec. 23, 2017
       Time-Step Length (HHMMSS): 000400
                 VDIFF completed...       1.0028 seconds
                COUPLE completed...       0.0994 seconds
                  HADV completed...       1.8261 seconds
                  ZADV completed...       0.3080 seconds
                 HDIFF completed...       0.2145 seconds
              DECOUPLE completed...       0.0434 seconds
                  PHOT completed...       0.1792 seconds
               CLDPROC completed...       0.2539 seconds
                  CHEM completed...       0.6333 seconds
                  AERO completed...       0.8330 seconds
            Master Time Step
            Processing completed...       5.3991 seconds

     Processing Day/Time [YYYYDDD:HHMMSS]: 2017357:110800
       Which is Equivalent to (UTC): 11:08:00 Saturday,  Dec. 23, 2017
       Time-Step Length (HHMMSS): 000400
                 VDIFF completed...       0.9946 seconds
                COUPLE completed...       0.1020 seconds
                  HADV completed...       1.8181 seconds
                  ZADV completed...       0.3090 seconds
                 HDIFF completed...       0.2141 seconds
              DECOUPLE completed...       0.0439 seconds
                  PHOT completed...       0.1798 seconds
               CLDPROC completed...       0.2537 seconds
                  CHEM completed...       0.6354 seconds
                  AERO completed...       0.8293 seconds
            Master Time Step
            Processing completed...       5.3814 seconds

     Processing Day/Time [YYYYDDD:HHMMSS]: 2017357:111200
       Which is Equivalent to (UTC): 11:12:00 Saturday,  Dec. 23, 2017
       Time-Step Length (HHMMSS): 000400
                 VDIFF completed...       0.9942 seconds
                COUPLE completed...       0.1035 seconds
                  HADV completed...       1.8176 seconds
                  ZADV completed...       0.3093 seconds
                 HDIFF completed...       0.2132 seconds
              DECOUPLE completed...       0.0436 seconds
                  PHOT completed...       0.1801 seconds
               CLDPROC completed...       0.2540 seconds
                  CHEM completed...       0.6355 seconds
                  AERO completed...       0.8297 seconds
            Master Time Step
            Processing completed...       5.3840 seconds

     Processing Day/Time [YYYYDDD:HHMMSS]: 2017357:111600
       Which is Equivalent to (UTC): 11:16:00 Saturday,  Dec. 23, 2017
       Time-Step Length (HHMMSS): 000400
                 VDIFF completed...       0.9906 seconds
                COUPLE completed...       0.1037 seconds
                  HADV completed...       1.8196 seconds
                  ZADV completed...       0.3103 seconds
                 HDIFF completed...       0.2111 seconds
              DECOUPLE completed...       0.0442 seconds
                  PHOT completed...       0.1787 seconds
               CLDPROC completed...       0.2534 seconds
                  CHEM completed...       0.6354 seconds
                  AERO completed...       0.8335 seconds
            Master Time Step
            Processing completed...       5.3864 seconds

     Processing Day/Time [YYYYDDD:HHMMSS]: 2017357:112000
       Which is Equivalent to (UTC): 11:20:00 Saturday,  Dec. 23, 2017
       Time-Step Length (HHMMSS): 000400
                 VDIFF completed...       0.9827 seconds
                COUPLE completed...       0.0978 seconds
                  HADV completed...       1.8291 seconds
                  ZADV completed...       0.3093 seconds
                 HDIFF completed...       0.2131 seconds
              DECOUPLE completed...       0.0433 seconds
                  PHOT completed...       0.1780 seconds
               CLDPROC completed...       0.2527 seconds
                  CHEM completed...       0.6395 seconds
                  AERO completed...       0.8309 seconds
            Master Time Step
            Processing completed...       5.3821 seconds

     Processing Day/Time [YYYYDDD:HHMMSS]: 2017357:112400
       Which is Equivalent to (UTC): 11:24:00 Saturday,  Dec. 23, 2017
       Time-Step Length (HHMMSS): 000400
                 VDIFF completed...       0.9823 seconds
                COUPLE completed...       0.1052 seconds
                  HADV completed...       1.8243 seconds
                  ZADV completed...       0.3092 seconds
                 HDIFF completed...       0.2125 seconds
              DECOUPLE completed...       0.0444 seconds
                  PHOT completed...       0.1818 seconds
               CLDPROC completed...       0.2449 seconds
                  CHEM completed...       0.6341 seconds
                  AERO completed...       0.8284 seconds
            Master Time Step
            Processing completed...       5.3729 seconds

     Processing Day/Time [YYYYDDD:HHMMSS]: 2017357:112800
       Which is Equivalent to (UTC): 11:28:00 Saturday,  Dec. 23, 2017
       Time-Step Length (HHMMSS): 000400
                 VDIFF completed...       0.9887 seconds
                COUPLE completed...       0.1049 seconds
                  HADV completed...       1.8292 seconds
                  ZADV completed...       0.3271 seconds
                 HDIFF completed...       0.1965 seconds
              DECOUPLE completed...       0.0436 seconds
                  PHOT completed...       0.1775 seconds
               CLDPROC completed...       0.2427 seconds
                  CHEM completed...       0.6332 seconds
                  AERO completed...       0.8278 seconds
            Master Time Step
            Processing completed...       5.3763 seconds

     Processing Day/Time [YYYYDDD:HHMMSS]: 2017357:113200
       Which is Equivalent to (UTC): 11:32:00 Saturday,  Dec. 23, 2017
       Time-Step Length (HHMMSS): 000400
                 VDIFF completed...       0.9904 seconds
                COUPLE completed...       0.1070 seconds
                  HADV completed...       1.8319 seconds
                  ZADV completed...       0.3090 seconds
                 HDIFF completed...       0.2126 seconds
              DECOUPLE completed...       0.0435 seconds
                  PHOT completed...       0.1778 seconds
               CLDPROC completed...       0.2391 seconds
                  CHEM completed...       0.6289 seconds
                  AERO completed...       0.8232 seconds
            Master Time Step
            Processing completed...       5.3691 seconds

     Processing Day/Time [YYYYDDD:HHMMSS]: 2017357:113600
       Which is Equivalent to (UTC): 11:36:00 Saturday,  Dec. 23, 2017
       Time-Step Length (HHMMSS): 000400
                 VDIFF completed...       1.0010 seconds
                COUPLE completed...       0.1046 seconds
                  HADV completed...       1.8227 seconds
                  ZADV completed...       0.3086 seconds
                 HDIFF completed...       0.2132 seconds
              DECOUPLE completed...       0.0435 seconds
                  PHOT completed...       0.1776 seconds
               CLDPROC completed...       0.2372 seconds
                  CHEM completed...       0.6236 seconds
                  AERO completed...       0.8229 seconds
            Master Time Step
            Processing completed...       5.3606 seconds

     Processing Day/Time [YYYYDDD:HHMMSS]: 2017357:114000
       Which is Equivalent to (UTC): 11:40:00 Saturday,  Dec. 23, 2017
       Time-Step Length (HHMMSS): 000400
                 VDIFF completed...       1.0206 seconds
                COUPLE completed...       0.0991 seconds
                  HADV completed...       1.8113 seconds
                  ZADV completed...       0.3103 seconds
                 HDIFF completed...       0.2111 seconds
              DECOUPLE completed...       0.0440 seconds
                  PHOT completed...       0.1768 seconds
               CLDPROC completed...       0.2369 seconds
                  CHEM completed...       0.6207 seconds
                  AERO completed...       0.8218 seconds
            Master Time Step
            Processing completed...       5.3580 seconds

     Processing Day/Time [YYYYDDD:HHMMSS]: 2017357:114400
       Which is Equivalent to (UTC): 11:44:00 Saturday,  Dec. 23, 2017
       Time-Step Length (HHMMSS): 000400
                 VDIFF completed...       1.0378 seconds
                COUPLE completed...       0.0994 seconds
                  HADV completed...       1.7991 seconds
                  ZADV completed...       0.3090 seconds
                 HDIFF completed...       0.2128 seconds
              DECOUPLE completed...       0.0433 seconds
                  PHOT completed...       0.1774 seconds
               CLDPROC completed...       0.2356 seconds
                  CHEM completed...       0.6185 seconds
                  AERO completed...       0.8158 seconds
            Master Time Step
            Processing completed...       5.3539 seconds

     Processing Day/Time [YYYYDDD:HHMMSS]: 2017357:114800
       Which is Equivalent to (UTC): 11:48:00 Saturday,  Dec. 23, 2017
       Time-Step Length (HHMMSS): 000400
                 VDIFF completed...       1.0756 seconds
                COUPLE completed...       0.1021 seconds
                  HADV completed...       1.7751 seconds
                  ZADV completed...       0.3090 seconds
                 HDIFF completed...       0.2127 seconds
              DECOUPLE completed...       0.0439 seconds
                  PHOT completed...       0.1765 seconds
               CLDPROC completed...       0.2341 seconds
                  CHEM completed...       0.6151 seconds
                  AERO completed...       0.8313 seconds
            Master Time Step
            Processing completed...       5.3814 seconds

     Processing Day/Time [YYYYDDD:HHMMSS]: 2017357:115200
       Which is Equivalent to (UTC): 11:52:00 Saturday,  Dec. 23, 2017
       Time-Step Length (HHMMSS): 000400
                 VDIFF completed...       1.0884 seconds
                COUPLE completed...       0.1182 seconds
                  HADV completed...       1.7594 seconds
                  ZADV completed...       0.3095 seconds
                 HDIFF completed...       0.2131 seconds
              DECOUPLE completed...       0.0440 seconds
                  PHOT completed...       0.1749 seconds
               CLDPROC completed...       0.2332 seconds
                  CHEM completed...       0.6120 seconds
                  AERO completed...       0.8275 seconds
            Master Time Step
            Processing completed...       5.3859 seconds

     Processing Day/Time [YYYYDDD:HHMMSS]: 2017357:115600
       Which is Equivalent to (UTC): 11:56:00 Saturday,  Dec. 23, 2017
       Time-Step Length (HHMMSS): 000400
                 VDIFF completed...       2.7565 seconds
                COUPLE completed...       0.1711 seconds
                  HADV completed...       1.1021 seconds
                  ZADV completed...       0.3093 seconds
                 HDIFF completed...       0.2130 seconds
              DECOUPLE completed...       0.0437 seconds
                  PHOT completed...       0.1755 seconds
               CLDPROC completed...       1.5351 seconds
                  CHEM completed...       0.5883 seconds
                  AERO completed...       0.8589 seconds
            Master Time Step
            Processing completed...       7.7605 seconds

      =--> Data Output completed...       1.2008 seconds

     Processing Day/Time [YYYYDDD:HHMMSS]: 2017357:120000
       Which is Equivalent to (UTC): 12:00:00 Saturday,  Dec. 23, 2017
       Time-Step Length (HHMMSS): 000400
                 VDIFF completed...       5.0862 seconds
                COUPLE completed...       0.1703 seconds
                  HADV completed...       2.8165 seconds
                  ZADV completed...       0.3081 seconds
                 HDIFF completed...       0.2152 seconds
              DECOUPLE completed...       0.0439 seconds
                  PHOT completed...       1.0262 seconds
               CLDPROC completed...       0.2251 seconds
                  CHEM completed...       0.6110 seconds
                  AERO completed...       0.8180 seconds
            Master Time Step
            Processing completed...      11.3249 seconds

     Processing Day/Time [YYYYDDD:HHMMSS]: 2017357:120400
       Which is Equivalent to (UTC): 12:04:00 Saturday,  Dec. 23, 2017
       Time-Step Length (HHMMSS): 000400
                 VDIFF completed...       1.0347 seconds
                COUPLE completed...       0.1298 seconds
                  HADV completed...       1.8240 seconds
                  ZADV completed...       0.3110 seconds
                 HDIFF completed...       0.2118 seconds
              DECOUPLE completed...       0.0448 seconds
                  PHOT completed...       0.1741 seconds
               CLDPROC completed...       0.2196 seconds
                  CHEM completed...       0.6042 seconds
                  AERO completed...       0.8192 seconds
            Master Time Step
            Processing completed...       5.3783 seconds

     Processing Day/Time [YYYYDDD:HHMMSS]: 2017357:120800
       Which is Equivalent to (UTC): 12:08:00 Saturday,  Dec. 23, 2017
       Time-Step Length (HHMMSS): 000400
                 VDIFF completed...       1.0556 seconds
                COUPLE completed...       0.1263 seconds
                  HADV completed...       1.8057 seconds
                  ZADV completed...       0.3101 seconds
                 HDIFF completed...       0.2125 seconds
              DECOUPLE completed...       0.0445 seconds
                  PHOT completed...       0.1747 seconds
               CLDPROC completed...       0.2180 seconds
                  CHEM completed...       0.5994 seconds
                  AERO completed...       0.8198 seconds
            Master Time Step
            Processing completed...       5.3720 seconds

     Processing Day/Time [YYYYDDD:HHMMSS]: 2017357:121200
       Which is Equivalent to (UTC): 12:12:00 Saturday,  Dec. 23, 2017
       Time-Step Length (HHMMSS): 000400
                 VDIFF completed...       1.0684 seconds
                COUPLE completed...       0.1215 seconds
                  HADV completed...       1.8009 seconds
                  ZADV completed...       0.3105 seconds
                 HDIFF completed...       0.2124 seconds
              DECOUPLE completed...       0.0449 seconds
                  PHOT completed...       0.1737 seconds
               CLDPROC completed...       0.2164 seconds
                  CHEM completed...       0.5960 seconds
                  AERO completed...       0.8166 seconds
            Master Time Step
            Processing completed...       5.3662 seconds

     Processing Day/Time [YYYYDDD:HHMMSS]: 2017357:121600
       Which is Equivalent to (UTC): 12:16:00 Saturday,  Dec. 23, 2017
       Time-Step Length (HHMMSS): 000400
                 VDIFF completed...       1.0492 seconds
                COUPLE completed...       0.1248 seconds
                  HADV completed...       1.8202 seconds
                  ZADV completed...       0.3081 seconds
                 HDIFF completed...       0.2144 seconds
              DECOUPLE completed...       0.0446 seconds
                  PHOT completed...       0.1739 seconds
               CLDPROC completed...       0.2162 seconds
                  CHEM completed...       0.5959 seconds
                  AERO completed...       0.8151 seconds
            Master Time Step
            Processing completed...       5.3679 seconds

     Processing Day/Time [YYYYDDD:HHMMSS]: 2017357:122000
       Which is Equivalent to (UTC): 12:20:00 Saturday,  Dec. 23, 2017
       Time-Step Length (HHMMSS): 000400
                 VDIFF completed...       1.0147 seconds
                COUPLE completed...       0.1291 seconds
                  HADV completed...       1.8334 seconds
                  ZADV completed...       0.3110 seconds
                 HDIFF completed...       0.2118 seconds
              DECOUPLE completed...       0.0455 seconds
                  PHOT completed...       0.1727 seconds
               CLDPROC completed...       0.2139 seconds
                  CHEM completed...       0.5951 seconds
                  AERO completed...       0.8258 seconds
            Master Time Step
            Processing completed...       5.3585 seconds

     Processing Day/Time [YYYYDDD:HHMMSS]: 2017357:122400
       Which is Equivalent to (UTC): 12:24:00 Saturday,  Dec. 23, 2017
       Time-Step Length (HHMMSS): 000400
                 VDIFF completed...       0.9867 seconds
                COUPLE completed...       0.1340 seconds
                  HADV completed...       1.8310 seconds
                  ZADV completed...       0.3101 seconds
                 HDIFF completed...       0.2121 seconds
              DECOUPLE completed...       0.0439 seconds
                  PHOT completed...       0.1743 seconds
               CLDPROC completed...       0.2126 seconds
                  CHEM completed...       0.5948 seconds
                  AERO completed...       0.8250 seconds
            Master Time Step
            Processing completed...       5.3300 seconds

     Processing Day/Time [YYYYDDD:HHMMSS]: 2017357:122800
       Which is Equivalent to (UTC): 12:28:00 Saturday,  Dec. 23, 2017
       Time-Step Length (HHMMSS): 000400
                 VDIFF completed...       0.9751 seconds
                COUPLE completed...       0.1318 seconds
                  HADV completed...       1.8523 seconds
                  ZADV completed...       0.3111 seconds
                 HDIFF completed...       0.2117 seconds
              DECOUPLE completed...       0.0447 seconds
                  PHOT completed...       0.1721 seconds
               CLDPROC completed...       0.2116 seconds
                  CHEM completed...       0.5948 seconds
                  AERO completed...       0.8231 seconds
            Master Time Step
            Processing completed...       5.3338 seconds

     Processing Day/Time [YYYYDDD:HHMMSS]: 2017357:123200
       Which is Equivalent to (UTC): 12:32:00 Saturday,  Dec. 23, 2017
       Time-Step Length (HHMMSS): 000400
                 VDIFF completed...       0.9819 seconds
                COUPLE completed...       0.1269 seconds
                  HADV completed...       1.8539 seconds
                  ZADV completed...       0.3105 seconds
                 HDIFF completed...       0.2124 seconds
              DECOUPLE completed...       0.0441 seconds
                  PHOT completed...       0.1723 seconds
               CLDPROC completed...       0.2127 seconds
                  CHEM completed...       0.5979 seconds
                  AERO completed...       0.8104 seconds
            Master Time Step
            Processing completed...       5.3285 seconds

     Processing Day/Time [YYYYDDD:HHMMSS]: 2017357:123600
       Which is Equivalent to (UTC): 12:36:00 Saturday,  Dec. 23, 2017
       Time-Step Length (HHMMSS): 000400
                 VDIFF completed...       1.0054 seconds
                COUPLE completed...       0.1302 seconds
                  HADV completed...       2.1042 seconds
                  ZADV completed...       0.3107 seconds
                 HDIFF completed...       0.2203 seconds
              DECOUPLE completed...       0.0477 seconds
                  PHOT completed...       0.1641 seconds
               CLDPROC completed...       0.2079 seconds
                  CHEM completed...       0.5919 seconds
                  AERO completed...       0.8123 seconds
            Master Time Step
            Processing completed...       5.6008 seconds

     Processing Day/Time [YYYYDDD:HHMMSS]: 2017357:124000
       Which is Equivalent to (UTC): 12:40:00 Saturday,  Dec. 23, 2017
       Time-Step Length (HHMMSS): 000400
                 VDIFF completed...       1.0073 seconds
                COUPLE completed...       0.1359 seconds
                  HADV completed...       1.8138 seconds
                  ZADV completed...       0.3140 seconds
                 HDIFF completed...       0.2072 seconds
              DECOUPLE completed...       0.0452 seconds
                  PHOT completed...       0.1715 seconds
               CLDPROC completed...       0.2109 seconds
                  CHEM completed...       0.5925 seconds
                  AERO completed...       0.8103 seconds
            Master Time Step
            Processing completed...       5.3136 seconds

     Processing Day/Time [YYYYDDD:HHMMSS]: 2017357:124400
       Which is Equivalent to (UTC): 12:44:00 Saturday,  Dec. 23, 2017
       Time-Step Length (HHMMSS): 000400
                 VDIFF completed...       1.0012 seconds
                COUPLE completed...       0.1371 seconds
                  HADV completed...       1.8635 seconds
                  ZADV completed...       0.3126 seconds
                 HDIFF completed...       0.2098 seconds
              DECOUPLE completed...       0.0444 seconds
                  PHOT completed...       0.1723 seconds
               CLDPROC completed...       0.2083 seconds
                  CHEM completed...       0.5919 seconds
                  AERO completed...       0.8110 seconds
            Master Time Step
            Processing completed...       5.3572 seconds

     Processing Day/Time [YYYYDDD:HHMMSS]: 2017357:124800
       Which is Equivalent to (UTC): 12:48:00 Saturday,  Dec. 23, 2017
       Time-Step Length (HHMMSS): 000400
                 VDIFF completed...       0.9745 seconds
                COUPLE completed...       0.1392 seconds
                  HADV completed...       1.8977 seconds
                  ZADV completed...       0.3110 seconds
                 HDIFF completed...       0.2116 seconds
              DECOUPLE completed...       0.0449 seconds
                  PHOT completed...       0.1719 seconds
               CLDPROC completed...       0.2075 seconds
                  CHEM completed...       0.5920 seconds
                  AERO completed...       0.8111 seconds
            Master Time Step
            Processing completed...       5.3659 seconds

     Processing Day/Time [YYYYDDD:HHMMSS]: 2017357:125200
       Which is Equivalent to (UTC): 12:52:00 Saturday,  Dec. 23, 2017
       Time-Step Length (HHMMSS): 000400
                 VDIFF completed...       0.9685 seconds
                COUPLE completed...       0.1395 seconds
                  HADV completed...       1.9316 seconds
                  ZADV completed...       0.3119 seconds
                 HDIFF completed...       0.2112 seconds
              DECOUPLE completed...       0.0446 seconds
                  PHOT completed...       0.1717 seconds
               CLDPROC completed...       0.2071 seconds
                  CHEM completed...       0.5919 seconds
                  AERO completed...       0.8133 seconds
            Master Time Step
            Processing completed...       5.3958 seconds

     Processing Day/Time [YYYYDDD:HHMMSS]: 2017357:125600
       Which is Equivalent to (UTC): 12:56:00 Saturday,  Dec. 23, 2017
       Time-Step Length (HHMMSS): 000400
                 VDIFF completed...       2.8937 seconds
                COUPLE completed...       0.1707 seconds
                  HADV completed...       1.1002 seconds
                  ZADV completed...       0.3104 seconds
                 HDIFF completed...       0.2118 seconds
              DECOUPLE completed...       0.0444 seconds
                  PHOT completed...       0.1712 seconds
               CLDPROC completed...       1.7455 seconds
                  CHEM completed...       0.5737 seconds
                  AERO completed...       0.8427 seconds
            Master Time Step
            Processing completed...       8.0693 seconds

      =--> Data Output completed...       1.2622 seconds

     Processing Day/Time [YYYYDDD:HHMMSS]: 2017357:130000
       Which is Equivalent to (UTC): 13:00:00 Saturday,  Dec. 23, 2017
       Time-Step Length (HHMMSS): 000400
                 VDIFF completed...       4.7295 seconds
                COUPLE completed...       0.1760 seconds
                  HADV completed...       2.9325 seconds
                  ZADV completed...       0.3106 seconds
                 HDIFF completed...       0.2121 seconds
              DECOUPLE completed...       0.0443 seconds
                  PHOT completed...       0.9819 seconds
               CLDPROC completed...       0.2083 seconds
                  CHEM completed...       0.5941 seconds
                  AERO completed...       0.8145 seconds
            Master Time Step
            Processing completed...      11.0070 seconds

     Processing Day/Time [YYYYDDD:HHMMSS]: 2017357:130400
       Which is Equivalent to (UTC): 13:04:00 Saturday,  Dec. 23, 2017
       Time-Step Length (HHMMSS): 000400
                 VDIFF completed...       0.9467 seconds
                COUPLE completed...       0.1419 seconds
                  HADV completed...       2.0382 seconds
                  ZADV completed...       0.3126 seconds
                 HDIFF completed...       0.2111 seconds
              DECOUPLE completed...       0.0447 seconds
                  PHOT completed...       0.1713 seconds
               CLDPROC completed...       0.2060 seconds
                  CHEM completed...       0.5943 seconds
                  AERO completed...       0.8127 seconds
            Master Time Step
            Processing completed...       5.4813 seconds

     Processing Day/Time [YYYYDDD:HHMMSS]: 2017357:130800
       Which is Equivalent to (UTC): 13:08:00 Saturday,  Dec. 23, 2017
       Time-Step Length (HHMMSS): 000400
                 VDIFF completed...       0.9863 seconds
                COUPLE completed...       0.1320 seconds
                  HADV completed...       2.1454 seconds
                  ZADV completed...       0.3101 seconds
                 HDIFF completed...       0.2147 seconds
              DECOUPLE completed...       0.0441 seconds
                  PHOT completed...       0.1721 seconds
               CLDPROC completed...       0.2051 seconds
                  CHEM completed...       0.5935 seconds
                  AERO completed...       0.8170 seconds
            Master Time Step
            Processing completed...       5.6212 seconds

     Processing Day/Time [YYYYDDD:HHMMSS]: 2017357:131200
       Which is Equivalent to (UTC): 13:12:00 Saturday,  Dec. 23, 2017
       Time-Step Length (HHMMSS): 000400
                 VDIFF completed...       0.9073 seconds
                COUPLE completed...       0.1233 seconds
                  HADV completed...       2.2898 seconds
                  ZADV completed...       0.3120 seconds
                 HDIFF completed...       0.2113 seconds
              DECOUPLE completed...       0.0445 seconds
                  PHOT completed...       0.1712 seconds
               CLDPROC completed...       0.2045 seconds
                  CHEM completed...       0.5945 seconds
                  AERO completed...       0.8151 seconds
            Master Time Step
            Processing completed...       5.6747 seconds

     Processing Day/Time [YYYYDDD:HHMMSS]: 2017357:131600
       Which is Equivalent to (UTC): 13:16:00 Saturday,  Dec. 23, 2017
       Time-Step Length (HHMMSS): 000400
                 VDIFF completed...       0.9131 seconds
                COUPLE completed...       0.1247 seconds
                  HADV completed...       2.3299 seconds
                  ZADV completed...       0.3137 seconds
                 HDIFF completed...       0.2099 seconds
              DECOUPLE completed...       0.0449 seconds
                  PHOT completed...       0.1702 seconds
               CLDPROC completed...       0.2035 seconds
                  CHEM completed...       0.5935 seconds
                  AERO completed...       0.8145 seconds
            Master Time Step
            Processing completed...       5.7191 seconds

     Processing Day/Time [YYYYDDD:HHMMSS]: 2017357:132000
       Which is Equivalent to (UTC): 13:20:00 Saturday,  Dec. 23, 2017
       Time-Step Length (HHMMSS): 000400
                 VDIFF completed...       0.9056 seconds
                COUPLE completed...       0.1197 seconds
                  HADV completed...       2.3687 seconds
                  ZADV completed...       0.3119 seconds
                 HDIFF completed...       0.2122 seconds
              DECOUPLE completed...       0.0442 seconds
                  PHOT completed...       0.1701 seconds
               CLDPROC completed...       0.2028 seconds
                  CHEM completed...       0.5911 seconds
                  AERO completed...       0.8129 seconds
            Master Time Step
            Processing completed...       5.7425 seconds

     Processing Day/Time [YYYYDDD:HHMMSS]: 2017357:132400
       Which is Equivalent to (UTC): 13:24:00 Saturday,  Dec. 23, 2017
       Time-Step Length (HHMMSS): 000400
                 VDIFF completed...       0.8988 seconds
                COUPLE completed...       0.1220 seconds
                  HADV completed...       2.3876 seconds
                  ZADV completed...       0.3118 seconds
                 HDIFF completed...       0.2106 seconds
              DECOUPLE completed...       0.0441 seconds
                  PHOT completed...       0.1696 seconds
               CLDPROC completed...       0.2009 seconds
                  CHEM completed...       0.5866 seconds
                  AERO completed...       0.8130 seconds
            Master Time Step
            Processing completed...       5.7494 seconds

     Processing Day/Time [YYYYDDD:HHMMSS]: 2017357:132800
       Which is Equivalent to (UTC): 13:28:00 Saturday,  Dec. 23, 2017
       Time-Step Length (HHMMSS): 000400
                 VDIFF completed...       0.8899 seconds
                COUPLE completed...       0.1161 seconds
                  HADV completed...       2.4092 seconds
                  ZADV completed...       0.3127 seconds
                 HDIFF completed...       0.2099 seconds
              DECOUPLE completed...       0.0446 seconds
                  PHOT completed...       0.1699 seconds
               CLDPROC completed...       0.1980 seconds
                  CHEM completed...       0.5837 seconds
                  AERO completed...       0.8164 seconds
            Master Time Step
            Processing completed...       5.7545 seconds

     Processing Day/Time [YYYYDDD:HHMMSS]: 2017357:133200
       Which is Equivalent to (UTC): 13:32:00 Saturday,  Dec. 23, 2017
       Time-Step Length (HHMMSS): 000400
                 VDIFF completed...       0.8701 seconds
                COUPLE completed...       0.1053 seconds
                  HADV completed...       2.4466 seconds
                  ZADV completed...       0.3129 seconds
                 HDIFF completed...       0.2100 seconds
              DECOUPLE completed...       0.0452 seconds
                  PHOT completed...       0.1700 seconds
               CLDPROC completed...       0.1961 seconds
                  CHEM completed...       0.5821 seconds
                  AERO completed...       0.8131 seconds
            Master Time Step
            Processing completed...       5.7535 seconds

     Processing Day/Time [YYYYDDD:HHMMSS]: 2017357:133600
       Which is Equivalent to (UTC): 13:36:00 Saturday,  Dec. 23, 2017
       Time-Step Length (HHMMSS): 000400
                 VDIFF completed...       0.8743 seconds
                COUPLE completed...       0.1213 seconds
                  HADV completed...       2.4325 seconds
                  ZADV completed...       0.3118 seconds
                 HDIFF completed...       0.2109 seconds
              DECOUPLE completed...       0.0447 seconds
                  PHOT completed...       0.1700 seconds
               CLDPROC completed...       0.1927 seconds
                  CHEM completed...       0.5803 seconds
                  AERO completed...       0.8145 seconds
            Master Time Step
            Processing completed...       5.7575 seconds

     Processing Day/Time [YYYYDDD:HHMMSS]: 2017357:134000
       Which is Equivalent to (UTC): 13:40:00 Saturday,  Dec. 23, 2017
       Time-Step Length (HHMMSS): 000400
                 VDIFF completed...       0.8485 seconds
                COUPLE completed...       0.1198 seconds
                  HADV completed...       2.4854 seconds
                  ZADV completed...       0.3113 seconds
                 HDIFF completed...       0.2109 seconds
              DECOUPLE completed...       0.0441 seconds
                  PHOT completed...       0.1699 seconds
               CLDPROC completed...       0.1898 seconds
                  CHEM completed...       0.5796 seconds
                  AERO completed...       0.8148 seconds
            Master Time Step
            Processing completed...       5.7787 seconds

     Processing Day/Time [YYYYDDD:HHMMSS]: 2017357:134400
       Which is Equivalent to (UTC): 13:44:00 Saturday,  Dec. 23, 2017
       Time-Step Length (HHMMSS): 000400
                 VDIFF completed...       0.8169 seconds
                COUPLE completed...       0.1045 seconds
                  HADV completed...       2.5353 seconds
                  ZADV completed...       0.3131 seconds
                 HDIFF completed...       0.2094 seconds
              DECOUPLE completed...       0.0437 seconds
                  PHOT completed...       0.1692 seconds
               CLDPROC completed...       0.1880 seconds
                  CHEM completed...       0.5790 seconds
                  AERO completed...       0.8125 seconds
            Master Time Step
            Processing completed...       5.7769 seconds

     Processing Day/Time [YYYYDDD:HHMMSS]: 2017357:134800
       Which is Equivalent to (UTC): 13:48:00 Saturday,  Dec. 23, 2017
       Time-Step Length (HHMMSS): 000400
                 VDIFF completed...       0.7955 seconds
                COUPLE completed...       0.0800 seconds
                  HADV completed...       2.5717 seconds
                  ZADV completed...       0.3138 seconds
                 HDIFF completed...       0.2086 seconds
              DECOUPLE completed...       0.0461 seconds
                  PHOT completed...       0.1679 seconds
               CLDPROC completed...       0.1836 seconds
                  CHEM completed...       0.5762 seconds
                  AERO completed...       0.8127 seconds
            Master Time Step
            Processing completed...       5.7607 seconds

     Processing Day/Time [YYYYDDD:HHMMSS]: 2017357:135200
       Which is Equivalent to (UTC): 13:52:00 Saturday,  Dec. 23, 2017
       Time-Step Length (HHMMSS): 000400
                 VDIFF completed...       0.7955 seconds
                COUPLE completed...       0.0825 seconds
                  HADV completed...       2.5863 seconds
                  ZADV completed...       0.3123 seconds
                 HDIFF completed...       0.2104 seconds
              DECOUPLE completed...       0.0449 seconds
                  PHOT completed...       0.1689 seconds
               CLDPROC completed...       0.1819 seconds
                  CHEM completed...       0.5739 seconds
                  AERO completed...       0.8106 seconds
            Master Time Step
            Processing completed...       5.7710 seconds

     Processing Day/Time [YYYYDDD:HHMMSS]: 2017357:135600
       Which is Equivalent to (UTC): 13:56:00 Saturday,  Dec. 23, 2017
       Time-Step Length (HHMMSS): 000400
                 VDIFF completed...       3.2010 seconds
                COUPLE completed...       0.1699 seconds
                  HADV completed...       1.1134 seconds
                  ZADV completed...       0.3129 seconds
                 HDIFF completed...       0.2101 seconds
              DECOUPLE completed...       0.0443 seconds
                  PHOT completed...       0.1688 seconds
               CLDPROC completed...       1.9660 seconds
                  CHEM completed...       0.5703 seconds
                  AERO completed...       0.8371 seconds
            Master Time Step
            Processing completed...       8.5997 seconds

      =--> Data Output completed...       1.4435 seconds

     Processing Day/Time [YYYYDDD:HHMMSS]: 2017357:140000
       Which is Equivalent to (UTC): 14:00:00 Saturday,  Dec. 23, 2017
       Time-Step Length (HHMMSS): 000400
                 VDIFF completed...       4.9392 seconds
                COUPLE completed...       0.1739 seconds
                  HADV completed...       2.9424 seconds
                  ZADV completed...       0.3121 seconds
                 HDIFF completed...       0.2106 seconds
              DECOUPLE completed...       0.0439 seconds
                  PHOT completed...       1.0018 seconds
               CLDPROC completed...       0.1786 seconds
                  CHEM completed...       0.5648 seconds
                  AERO completed...       0.8100 seconds
            Master Time Step
            Processing completed...      11.1818 seconds

     Processing Day/Time [YYYYDDD:HHMMSS]: 2017357:140400
       Which is Equivalent to (UTC): 14:04:00 Saturday,  Dec. 23, 2017
       Time-Step Length (HHMMSS): 000400
                 VDIFF completed...       0.7622 seconds
                COUPLE completed...       0.0700 seconds
                  HADV completed...       2.5029 seconds
                  ZADV completed...       0.3105 seconds
                 HDIFF completed...       0.2112 seconds
              DECOUPLE completed...       0.0434 seconds
                  PHOT completed...       0.1702 seconds
               CLDPROC completed...       0.1787 seconds
                  CHEM completed...       0.5597 seconds
                  AERO completed...       0.8111 seconds
            Master Time Step
            Processing completed...       5.6243 seconds

     Processing Day/Time [YYYYDDD:HHMMSS]: 2017357:140800
       Which is Equivalent to (UTC): 14:08:00 Saturday,  Dec. 23, 2017
       Time-Step Length (HHMMSS): 000400
                 VDIFF completed...       0.8067 seconds
                COUPLE completed...       0.0800 seconds
                  HADV completed...       2.6022 seconds
                  ZADV completed...       0.3109 seconds
                 HDIFF completed...       0.2111 seconds
              DECOUPLE completed...       0.0447 seconds
                  PHOT completed...       0.1683 seconds
               CLDPROC completed...       0.1791 seconds
                  CHEM completed...       0.5553 seconds
                  AERO completed...       0.8126 seconds
            Master Time Step
            Processing completed...       5.7752 seconds

     Processing Day/Time [YYYYDDD:HHMMSS]: 2017357:141200
       Which is Equivalent to (UTC): 14:12:00 Saturday,  Dec. 23, 2017
       Time-Step Length (HHMMSS): 000400
                 VDIFF completed...       0.8253 seconds
                COUPLE completed...       0.0992 seconds
                  HADV completed...       2.5898 seconds
                  ZADV completed...       0.3108 seconds
                 HDIFF completed...       0.2120 seconds
              DECOUPLE completed...       0.0438 seconds
                  PHOT completed...       0.1703 seconds
               CLDPROC completed...       0.1785 seconds
                  CHEM completed...       0.5511 seconds
                  AERO completed...       0.8108 seconds
            Master Time Step
            Processing completed...       5.7928 seconds

     Processing Day/Time [YYYYDDD:HHMMSS]: 2017357:141600
       Which is Equivalent to (UTC): 14:16:00 Saturday,  Dec. 23, 2017
       Time-Step Length (HHMMSS): 000400
                 VDIFF completed...       0.8311 seconds
                COUPLE completed...       0.1011 seconds
                  HADV completed...       2.6041 seconds
                  ZADV completed...       0.3104 seconds
                 HDIFF completed...       0.2117 seconds
              DECOUPLE completed...       0.0440 seconds
                  PHOT completed...       0.1692 seconds
               CLDPROC completed...       0.1795 seconds
                  CHEM completed...       0.5495 seconds
                  AERO completed...       0.8121 seconds
            Master Time Step
            Processing completed...       5.8169 seconds

     Processing Day/Time [YYYYDDD:HHMMSS]: 2017357:142000
       Which is Equivalent to (UTC): 14:20:00 Saturday,  Dec. 23, 2017
       Time-Step Length (HHMMSS): 000400
                 VDIFF completed...       0.8855 seconds
                COUPLE completed...       0.0916 seconds
                  HADV completed...       2.5550 seconds
                  ZADV completed...       0.3129 seconds
                 HDIFF completed...       0.2096 seconds
              DECOUPLE completed...       0.0700 seconds
                  PHOT completed...       0.1632 seconds
               CLDPROC completed...       0.1773 seconds
                  CHEM completed...       0.5494 seconds
                  AERO completed...       0.8124 seconds
            Master Time Step
            Processing completed...       5.8309 seconds

     Processing Day/Time [YYYYDDD:HHMMSS]: 2017357:142400
       Which is Equivalent to (UTC): 14:24:00 Saturday,  Dec. 23, 2017
       Time-Step Length (HHMMSS): 000400
                 VDIFF completed...       0.9350 seconds
                COUPLE completed...       0.0841 seconds
                  HADV completed...       2.5054 seconds
                  ZADV completed...       0.3098 seconds
                 HDIFF completed...       0.2124 seconds
              DECOUPLE completed...       0.0441 seconds
                  PHOT completed...       0.2076 seconds
               CLDPROC completed...       0.1764 seconds
                  CHEM completed...       0.5501 seconds
                  AERO completed...       0.8152 seconds
            Master Time Step
            Processing completed...       5.8444 seconds

     Processing Day/Time [YYYYDDD:HHMMSS]: 2017357:142800
       Which is Equivalent to (UTC): 14:28:00 Saturday,  Dec. 23, 2017
       Time-Step Length (HHMMSS): 000400
                 VDIFF completed...       0.9732 seconds
                COUPLE completed...       0.0688 seconds
                  HADV completed...       2.4712 seconds
                  ZADV completed...       0.3125 seconds
                 HDIFF completed...       0.2094 seconds
              DECOUPLE completed...       0.0443 seconds
                  PHOT completed...       0.2409 seconds
               CLDPROC completed...       0.1754 seconds
                  CHEM completed...       0.5489 seconds
                  AERO completed...       0.8111 seconds
            Master Time Step
            Processing completed...       5.8601 seconds

     Processing Day/Time [YYYYDDD:HHMMSS]: 2017357:143200
       Which is Equivalent to (UTC): 14:32:00 Saturday,  Dec. 23, 2017
       Time-Step Length (HHMMSS): 000400
                 VDIFF completed...       1.0323 seconds
                COUPLE completed...       0.0942 seconds
                  HADV completed...       2.3724 seconds
                  ZADV completed...       0.3101 seconds
                 HDIFF completed...       0.2117 seconds
              DECOUPLE completed...       0.0439 seconds
                  PHOT completed...       0.2775 seconds
               CLDPROC completed...       0.1773 seconds
                  CHEM completed...       0.5515 seconds
                  AERO completed...       0.8150 seconds
            Master Time Step
            Processing completed...       5.8904 seconds

     Processing Day/Time [YYYYDDD:HHMMSS]: 2017357:143600
       Which is Equivalent to (UTC): 14:36:00 Saturday,  Dec. 23, 2017
       Time-Step Length (HHMMSS): 000400
                 VDIFF completed...       1.1510 seconds
                COUPLE completed...       0.1158 seconds
                  HADV completed...       2.1775 seconds
                  ZADV completed...       0.3110 seconds
                 HDIFF completed...       0.2113 seconds
              DECOUPLE completed...       0.0447 seconds
                  PHOT completed...       0.3110 seconds
               CLDPROC completed...       0.1879 seconds
                  CHEM completed...       0.5529 seconds
                  AERO completed...       0.8127 seconds
            Master Time Step
            Processing completed...       5.8800 seconds

     Processing Day/Time [YYYYDDD:HHMMSS]: 2017357:144000
       Which is Equivalent to (UTC): 14:40:00 Saturday,  Dec. 23, 2017
       Time-Step Length (HHMMSS): 000400
                 VDIFF completed...       1.2069 seconds
                COUPLE completed...       0.0920 seconds
                  HADV completed...       2.1038 seconds
                  ZADV completed...       0.3121 seconds
                 HDIFF completed...       0.2100 seconds
              DECOUPLE completed...       0.0443 seconds
                  PHOT completed...       0.3461 seconds
               CLDPROC completed...       0.1831 seconds
                  CHEM completed...       0.5545 seconds
                  AERO completed...       0.8140 seconds
            Master Time Step
            Processing completed...       5.8711 seconds

     Processing Day/Time [YYYYDDD:HHMMSS]: 2017357:144400
       Which is Equivalent to (UTC): 14:44:00 Saturday,  Dec. 23, 2017
       Time-Step Length (HHMMSS): 000400
                 VDIFF completed...       1.2243 seconds
                COUPLE completed...       0.0874 seconds
                  HADV completed...       2.0660 seconds
                  ZADV completed...       0.3139 seconds
                 HDIFF completed...       0.2092 seconds
              DECOUPLE completed...       0.0449 seconds
                  PHOT completed...       0.3739 seconds
               CLDPROC completed...       0.1765 seconds
                  CHEM completed...       0.5558 seconds
                  AERO completed...       0.8175 seconds
            Master Time Step
            Processing completed...       5.8729 seconds

     Processing Day/Time [YYYYDDD:HHMMSS]: 2017357:144800
       Which is Equivalent to (UTC): 14:48:00 Saturday,  Dec. 23, 2017
       Time-Step Length (HHMMSS): 000400
                 VDIFF completed...       1.2921 seconds
                COUPLE completed...       0.0897 seconds
                  HADV completed...       1.9569 seconds
                  ZADV completed...       0.3110 seconds
                 HDIFF completed...       0.2117 seconds
              DECOUPLE completed...       0.0445 seconds
                  PHOT completed...       0.3895 seconds
               CLDPROC completed...       0.1793 seconds
                  CHEM completed...       0.5958 seconds
                  AERO completed...       0.8189 seconds
            Master Time Step
            Processing completed...       5.8928 seconds

     Processing Day/Time [YYYYDDD:HHMMSS]: 2017357:145200
       Which is Equivalent to (UTC): 14:52:00 Saturday,  Dec. 23, 2017
       Time-Step Length (HHMMSS): 000400
                 VDIFF completed...       1.2997 seconds
                COUPLE completed...       0.0887 seconds
                  HADV completed...       1.8736 seconds
                  ZADV completed...       0.3144 seconds
                 HDIFF completed...       0.2070 seconds
              DECOUPLE completed...       0.0437 seconds
                  PHOT completed...       0.4044 seconds
               CLDPROC completed...       0.1956 seconds
                  CHEM completed...       0.6593 seconds
                  AERO completed...       0.8227 seconds
            Master Time Step
            Processing completed...       5.9142 seconds

     Processing Day/Time [YYYYDDD:HHMMSS]: 2017357:145600
       Which is Equivalent to (UTC): 14:56:00 Saturday,  Dec. 23, 2017
       Time-Step Length (HHMMSS): 000400
                 VDIFF completed...       2.8300 seconds
                COUPLE completed...       0.1701 seconds
                  HADV completed...       1.1127 seconds
                  ZADV completed...       0.3123 seconds
                 HDIFF completed...       0.2099 seconds
              DECOUPLE completed...       0.0443 seconds
                  PHOT completed...       0.4169 seconds
               CLDPROC completed...       1.8422 seconds
                  CHEM completed...       0.7134 seconds
                  AERO completed...       0.8468 seconds
            Master Time Step
            Processing completed...       8.5037 seconds

      =--> Data Output completed...       1.2566 seconds

     Processing Day/Time [YYYYDDD:HHMMSS]: 2017357:150000
       Which is Equivalent to (UTC): 15:00:00 Saturday,  Dec. 23, 2017
       Time-Step Length (HHMMSS): 000500
                 VDIFF completed...       4.8281 seconds
                COUPLE completed...       0.1603 seconds
                  HADV completed...       3.3984 seconds
                  ZADV completed...       0.3119 seconds
                 HDIFF completed...       0.2129 seconds
              DECOUPLE completed...       0.0443 seconds
                  PHOT completed...       1.0787 seconds
               CLDPROC completed...       0.2227 seconds
                  CHEM completed...       0.8275 seconds
                  AERO completed...       0.8793 seconds
            Master Time Step
            Processing completed...      11.9689 seconds

     Processing Day/Time [YYYYDDD:HHMMSS]: 2017357:150500
       Which is Equivalent to (UTC): 15:05:00 Saturday,  Dec. 23, 2017
       Time-Step Length (HHMMSS): 000500
                 VDIFF completed...       1.0487 seconds
                COUPLE completed...       0.0809 seconds
                  HADV completed...       2.4104 seconds
                  ZADV completed...       0.3111 seconds
                 HDIFF completed...       0.2141 seconds
              DECOUPLE completed...       0.0441 seconds
                  PHOT completed...       0.4554 seconds
               CLDPROC completed...       0.2243 seconds
                  CHEM completed...       0.9205 seconds
                  AERO completed...       0.8637 seconds
            Master Time Step
            Processing completed...       6.5780 seconds

     Processing Day/Time [YYYYDDD:HHMMSS]: 2017357:151000
       Which is Equivalent to (UTC): 15:10:00 Saturday,  Dec. 23, 2017
       Time-Step Length (HHMMSS): 000500
                 VDIFF completed...       1.0127 seconds
                COUPLE completed...       0.0766 seconds
                  HADV completed...       2.1459 seconds
                  ZADV completed...       0.3102 seconds
                 HDIFF completed...       0.2150 seconds
              DECOUPLE completed...       0.0441 seconds
                  PHOT completed...       0.4704 seconds
               CLDPROC completed...       0.2191 seconds
                  CHEM completed...       0.9305 seconds
                  AERO completed...       0.8671 seconds
            Master Time Step
            Processing completed...       6.2961 seconds

     Processing Day/Time [YYYYDDD:HHMMSS]: 2017357:151500
       Which is Equivalent to (UTC): 15:15:00 Saturday,  Dec. 23, 2017
       Time-Step Length (HHMMSS): 000500
                 VDIFF completed...       0.9906 seconds
                COUPLE completed...       0.0711 seconds
                  HADV completed...       2.1782 seconds
                  ZADV completed...       0.3108 seconds
                 HDIFF completed...       0.2144 seconds
              DECOUPLE completed...       0.0444 seconds
                  PHOT completed...       0.4710 seconds
               CLDPROC completed...       0.2213 seconds
                  CHEM completed...       0.9141 seconds
                  AERO completed...       0.8716 seconds
            Master Time Step
            Processing completed...       6.2924 seconds

     Processing Day/Time [YYYYDDD:HHMMSS]: 2017357:152000
       Which is Equivalent to (UTC): 15:20:00 Saturday,  Dec. 23, 2017
       Time-Step Length (HHMMSS): 000500
                 VDIFF completed...       0.9758 seconds
                COUPLE completed...       0.0721 seconds
                  HADV completed...       2.2145 seconds
                  ZADV completed...       0.3119 seconds
                 HDIFF completed...       0.2131 seconds
              DECOUPLE completed...       0.0446 seconds
                  PHOT completed...       0.4703 seconds
               CLDPROC completed...       0.2247 seconds
                  CHEM completed...       0.9132 seconds
                  AERO completed...       0.8722 seconds
            Master Time Step
            Processing completed...       6.3167 seconds

     Processing Day/Time [YYYYDDD:HHMMSS]: 2017357:152500
       Which is Equivalent to (UTC): 15:25:00 Saturday,  Dec. 23, 2017
       Time-Step Length (HHMMSS): 000500
                 VDIFF completed...       0.9904 seconds
                COUPLE completed...       0.0693 seconds
                  HADV completed...       2.1864 seconds
                  ZADV completed...       0.3105 seconds
                 HDIFF completed...       0.2145 seconds
              DECOUPLE completed...       0.0440 seconds
                  PHOT completed...       0.4698 seconds
               CLDPROC completed...       0.2278 seconds
                  CHEM completed...       0.9130 seconds
                  AERO completed...       0.8697 seconds
            Master Time Step
            Processing completed...       6.2994 seconds

     Processing Day/Time [YYYYDDD:HHMMSS]: 2017357:153000
       Which is Equivalent to (UTC): 15:30:00 Saturday,  Dec. 23, 2017
       Time-Step Length (HHMMSS): 000500
                 VDIFF completed...       0.9923 seconds
                COUPLE completed...       0.0674 seconds
                  HADV completed...       2.1880 seconds
                  ZADV completed...       0.3105 seconds
                 HDIFF completed...       0.2144 seconds
              DECOUPLE completed...       0.0439 seconds
                  PHOT completed...       0.4695 seconds
               CLDPROC completed...       0.2317 seconds
                  CHEM completed...       0.9148 seconds
                  AERO completed...       0.8740 seconds
            Master Time Step
            Processing completed...       6.3111 seconds

     Processing Day/Time [YYYYDDD:HHMMSS]: 2017357:153500
       Which is Equivalent to (UTC): 15:35:00 Saturday,  Dec. 23, 2017
       Time-Step Length (HHMMSS): 000500
                 VDIFF completed...       0.9947 seconds
                COUPLE completed...       0.0693 seconds
                  HADV completed...       2.1659 seconds
                  ZADV completed...       0.3114 seconds
                 HDIFF completed...       0.2132 seconds
              DECOUPLE completed...       0.0442 seconds
                  PHOT completed...       0.4702 seconds
               CLDPROC completed...       0.2323 seconds
                  CHEM completed...       0.9252 seconds
                  AERO completed...       0.8710 seconds
            Master Time Step
            Processing completed...       6.3026 seconds

     Processing Day/Time [YYYYDDD:HHMMSS]: 2017357:154000
       Which is Equivalent to (UTC): 15:40:00 Saturday,  Dec. 23, 2017
       Time-Step Length (HHMMSS): 000500
                 VDIFF completed...       0.9854 seconds
                COUPLE completed...       0.0704 seconds
                  HADV completed...       2.1744 seconds
                  ZADV completed...       0.3211 seconds
                 HDIFF completed...       0.3153 seconds
              DECOUPLE completed...       0.0448 seconds
                  PHOT completed...       0.4692 seconds
               CLDPROC completed...       0.2339 seconds
                  CHEM completed...       0.9173 seconds
                  AERO completed...       0.8796 seconds
            Master Time Step
            Processing completed...       6.4166 seconds

     Processing Day/Time [YYYYDDD:HHMMSS]: 2017357:154500
       Which is Equivalent to (UTC): 15:45:00 Saturday,  Dec. 23, 2017
       Time-Step Length (HHMMSS): 000500
                 VDIFF completed...       0.9973 seconds
                COUPLE completed...       0.0701 seconds
                  HADV completed...       2.1758 seconds
                  ZADV completed...       0.3114 seconds
                 HDIFF completed...       0.2132 seconds
              DECOUPLE completed...       0.0442 seconds
                  PHOT completed...       0.4707 seconds
               CLDPROC completed...       0.2346 seconds
                  CHEM completed...       0.9170 seconds
                  AERO completed...       0.8768 seconds
            Master Time Step
            Processing completed...       6.3166 seconds

     Processing Day/Time [YYYYDDD:HHMMSS]: 2017357:155000
       Which is Equivalent to (UTC): 15:50:00 Saturday,  Dec. 23, 2017
       Time-Step Length (HHMMSS): 000500
                 VDIFF completed...       0.9989 seconds
                COUPLE completed...       0.0717 seconds
                  HADV completed...       2.1543 seconds
                  ZADV completed...       0.3104 seconds
                 HDIFF completed...       0.2140 seconds
              DECOUPLE completed...       0.0443 seconds
                  PHOT completed...       0.4698 seconds
               CLDPROC completed...       0.2366 seconds
                  CHEM completed...       0.9193 seconds
                  AERO completed...       0.8789 seconds
            Master Time Step
            Processing completed...       6.3036 seconds

     Processing Day/Time [YYYYDDD:HHMMSS]: 2017357:155500
       Which is Equivalent to (UTC): 15:55:00 Saturday,  Dec. 23, 2017
       Time-Step Length (HHMMSS): 000500
                 VDIFF completed...       2.6449 seconds
                COUPLE completed...       0.1703 seconds
                  HADV completed...       1.4925 seconds
                  ZADV completed...       0.3115 seconds
                 HDIFF completed...       0.2129 seconds
              DECOUPLE completed...       0.0441 seconds
                  PHOT completed...       0.4703 seconds
               CLDPROC completed...       1.8107 seconds
                  CHEM completed...       0.9384 seconds
                  AERO completed...       0.9007 seconds
            Master Time Step
            Processing completed...       9.0024 seconds

      =--> Data Output completed...       1.1472 seconds

     Processing Day/Time [YYYYDDD:HHMMSS]: 2017357:160000
       Which is Equivalent to (UTC): 16:00:00 Saturday,  Dec. 23, 2017
       Time-Step Length (HHMMSS): 000500
                 VDIFF completed...       4.5429 seconds
                COUPLE completed...       0.1715 seconds
                  HADV completed...       3.2828 seconds
                  ZADV completed...       0.3129 seconds
                 HDIFF completed...       0.2128 seconds
              DECOUPLE completed...       0.0460 seconds
                  PHOT completed...       1.2460 seconds
               CLDPROC completed...       0.2427 seconds
                  CHEM completed...       0.9164 seconds
                  AERO completed...       0.8813 seconds
            Master Time Step
            Processing completed...      11.8597 seconds

     Processing Day/Time [YYYYDDD:HHMMSS]: 2017357:160500
       Which is Equivalent to (UTC): 16:05:00 Saturday,  Dec. 23, 2017
       Time-Step Length (HHMMSS): 000500
                 VDIFF completed...       0.9990 seconds
                COUPLE completed...       0.0828 seconds
                  HADV completed...       2.1206 seconds
                  ZADV completed...       0.3135 seconds
                 HDIFF completed...       0.2140 seconds
              DECOUPLE completed...       0.0449 seconds
                  PHOT completed...       0.4717 seconds
               CLDPROC completed...       0.2396 seconds
                  CHEM completed...       0.9131 seconds
                  AERO completed...       0.8801 seconds
            Master Time Step
            Processing completed...       6.2808 seconds

     Processing Day/Time [YYYYDDD:HHMMSS]: 2017357:161000
       Which is Equivalent to (UTC): 16:10:00 Saturday,  Dec. 23, 2017
       Time-Step Length (HHMMSS): 000500
                 VDIFF completed...       0.9938 seconds
                COUPLE completed...       0.0760 seconds
                  HADV completed...       2.0327 seconds
                  ZADV completed...       0.3143 seconds
                 HDIFF completed...       0.2116 seconds
              DECOUPLE completed...       0.0452 seconds
                  PHOT completed...       0.4708 seconds
               CLDPROC completed...       0.2386 seconds
                  CHEM completed...       0.9089 seconds
                  AERO completed...       0.8817 seconds
            Master Time Step
            Processing completed...       6.1782 seconds

     Processing Day/Time [YYYYDDD:HHMMSS]: 2017357:161500
       Which is Equivalent to (UTC): 16:15:00 Saturday,  Dec. 23, 2017
       Time-Step Length (HHMMSS): 000500
                 VDIFF completed...       0.9858 seconds
                COUPLE completed...       0.0692 seconds
                  HADV completed...       2.0454 seconds
                  ZADV completed...       0.3133 seconds
                 HDIFF completed...       0.2122 seconds
              DECOUPLE completed...       0.0450 seconds
                  PHOT completed...       0.4726 seconds
               CLDPROC completed...       0.2376 seconds
                  CHEM completed...       0.9065 seconds
                  AERO completed...       0.8845 seconds
            Master Time Step
            Processing completed...       6.1772 seconds

     Processing Day/Time [YYYYDDD:HHMMSS]: 2017357:162000
       Which is Equivalent to (UTC): 16:20:00 Saturday,  Dec. 23, 2017
       Time-Step Length (HHMMSS): 000500
                 VDIFF completed...       0.9711 seconds
                COUPLE completed...       0.0712 seconds
                  HADV completed...       2.0682 seconds
                  ZADV completed...       0.3122 seconds
                 HDIFF completed...       0.2135 seconds
              DECOUPLE completed...       0.0449 seconds
                  PHOT completed...       0.4708 seconds
               CLDPROC completed...       0.2389 seconds
                  CHEM completed...       0.9036 seconds
                  AERO completed...       0.8837 seconds
            Master Time Step
            Processing completed...       6.1822 seconds

     Processing Day/Time [YYYYDDD:HHMMSS]: 2017357:162500
       Which is Equivalent to (UTC): 16:25:00 Saturday,  Dec. 23, 2017
       Time-Step Length (HHMMSS): 000500
                 VDIFF completed...       0.9705 seconds
                COUPLE completed...       0.0685 seconds
                  HADV completed...       2.0756 seconds
                  ZADV completed...       0.3127 seconds
                 HDIFF completed...       0.2131 seconds
              DECOUPLE completed...       0.0452 seconds
                  PHOT completed...       0.4717 seconds
               CLDPROC completed...       0.2366 seconds
                  CHEM completed...       0.9000 seconds
                  AERO completed...       0.8884 seconds
            Master Time Step
            Processing completed...       6.1871 seconds

     Processing Day/Time [YYYYDDD:HHMMSS]: 2017357:163000
       Which is Equivalent to (UTC): 16:30:00 Saturday,  Dec. 23, 2017
       Time-Step Length (HHMMSS): 000500
                 VDIFF completed...       0.9658 seconds
                COUPLE completed...       0.0702 seconds
                  HADV completed...       2.0962 seconds
                  ZADV completed...       0.3132 seconds
                 HDIFF completed...       0.2122 seconds
              DECOUPLE completed...       0.0448 seconds
                  PHOT completed...       0.4722 seconds
               CLDPROC completed...       0.2371 seconds
                  CHEM completed...       0.8988 seconds
                  AERO completed...       0.8882 seconds
            Master Time Step
            Processing completed...       6.2038 seconds

     Processing Day/Time [YYYYDDD:HHMMSS]: 2017357:163500
       Which is Equivalent to (UTC): 16:35:00 Saturday,  Dec. 23, 2017
       Time-Step Length (HHMMSS): 000500
                 VDIFF completed...       0.9665 seconds
                COUPLE completed...       0.0696 seconds
                  HADV completed...       2.1053 seconds
                  ZADV completed...       0.3135 seconds
                 HDIFF completed...       0.2116 seconds
              DECOUPLE completed...       0.0446 seconds
                  PHOT completed...       0.4718 seconds
               CLDPROC completed...       0.2360 seconds
                  CHEM completed...       0.8995 seconds
                  AERO completed...       0.8929 seconds
            Master Time Step
            Processing completed...       6.2147 seconds

     Processing Day/Time [YYYYDDD:HHMMSS]: 2017357:164000
       Which is Equivalent to (UTC): 16:40:00 Saturday,  Dec. 23, 2017
       Time-Step Length (HHMMSS): 000500
                 VDIFF completed...       0.9506 seconds
                COUPLE completed...       0.0738 seconds
                  HADV completed...       2.2460 seconds
                  ZADV completed...       0.3111 seconds
                 HDIFF completed...       0.2127 seconds
              DECOUPLE completed...       0.0437 seconds
                  PHOT completed...       0.4698 seconds
               CLDPROC completed...       0.2411 seconds
                  CHEM completed...       0.8930 seconds
                  AERO completed...       0.8887 seconds
            Master Time Step
            Processing completed...       6.3356 seconds

     Processing Day/Time [YYYYDDD:HHMMSS]: 2017357:164500
       Which is Equivalent to (UTC): 16:45:00 Saturday,  Dec. 23, 2017
       Time-Step Length (HHMMSS): 000500
                 VDIFF completed...       0.9609 seconds
                COUPLE completed...       0.0644 seconds
                  HADV completed...       2.1344 seconds
                  ZADV completed...       0.3109 seconds
                 HDIFF completed...       0.2131 seconds
              DECOUPLE completed...       0.0437 seconds
                  PHOT completed...       0.4704 seconds
               CLDPROC completed...       0.2416 seconds
                  CHEM completed...       0.8900 seconds
                  AERO completed...       0.8875 seconds
            Master Time Step
            Processing completed...       6.2220 seconds

     Processing Day/Time [YYYYDDD:HHMMSS]: 2017357:165000
       Which is Equivalent to (UTC): 16:50:00 Saturday,  Dec. 23, 2017
       Time-Step Length (HHMMSS): 000500
                 VDIFF completed...       0.9638 seconds
                COUPLE completed...       0.0631 seconds
                  HADV completed...       2.1981 seconds
                  ZADV completed...       0.3096 seconds
                 HDIFF completed...       0.2140 seconds
              DECOUPLE completed...       0.0444 seconds
                  PHOT completed...       0.4700 seconds
               CLDPROC completed...       0.2408 seconds
                  CHEM completed...       0.8874 seconds
                  AERO completed...       0.8889 seconds
            Master Time Step
            Processing completed...       6.2852 seconds

     Processing Day/Time [YYYYDDD:HHMMSS]: 2017357:165500
       Which is Equivalent to (UTC): 16:55:00 Saturday,  Dec. 23, 2017
       Time-Step Length (HHMMSS): 000500
                 VDIFF completed...       2.6942 seconds
                COUPLE completed...       0.1678 seconds
                  HADV completed...       1.4123 seconds
                  ZADV completed...       0.3111 seconds
                 HDIFF completed...       0.2128 seconds
              DECOUPLE completed...       0.0434 seconds
                  PHOT completed...       0.4726 seconds
               CLDPROC completed...       1.6518 seconds
                  CHEM completed...       0.8984 seconds
                  AERO completed...       0.9045 seconds
            Master Time Step
            Processing completed...       8.7733 seconds

      =--> Data Output completed...       1.2806 seconds

     Processing Day/Time [YYYYDDD:HHMMSS]: 2017357:170000
       Which is Equivalent to (UTC): 17:00:00 Saturday,  Dec. 23, 2017
       Time-Step Length (HHMMSS): 000500
                 VDIFF completed...       4.9886 seconds
                COUPLE completed...       0.1732 seconds
                  HADV completed...       3.2025 seconds
                  ZADV completed...       0.3104 seconds
                 HDIFF completed...       0.2129 seconds
              DECOUPLE completed...       0.0439 seconds
                  PHOT completed...       1.3163 seconds
               CLDPROC completed...       0.2439 seconds
                  CHEM completed...       0.8813 seconds
                  AERO completed...       0.8989 seconds
            Master Time Step
            Processing completed...      12.2762 seconds

     Processing Day/Time [YYYYDDD:HHMMSS]: 2017357:170500
       Which is Equivalent to (UTC): 17:05:00 Saturday,  Dec. 23, 2017
       Time-Step Length (HHMMSS): 000500
                 VDIFF completed...       0.9665 seconds
                COUPLE completed...       0.0684 seconds
                  HADV completed...       2.0025 seconds
                  ZADV completed...       0.3138 seconds
                 HDIFF completed...       0.2113 seconds
              DECOUPLE completed...       0.0445 seconds
                  PHOT completed...       0.4730 seconds
               CLDPROC completed...       0.2384 seconds
                  CHEM completed...       0.8832 seconds
                  AERO completed...       0.8959 seconds
            Master Time Step
            Processing completed...       6.0987 seconds

     Processing Day/Time [YYYYDDD:HHMMSS]: 2017357:171000
       Which is Equivalent to (UTC): 17:10:00 Saturday,  Dec. 23, 2017
       Time-Step Length (HHMMSS): 000500
                 VDIFF completed...       0.9529 seconds
                COUPLE completed...       0.0629 seconds
                  HADV completed...       2.0310 seconds
                  ZADV completed...       0.3129 seconds
                 HDIFF completed...       0.2112 seconds
              DECOUPLE completed...       0.0446 seconds
                  PHOT completed...       0.4723 seconds
               CLDPROC completed...       0.2362 seconds
                  CHEM completed...       0.8816 seconds
                  AERO completed...       0.8943 seconds
            Master Time Step
            Processing completed...       6.1053 seconds

     Processing Day/Time [YYYYDDD:HHMMSS]: 2017357:171500
       Which is Equivalent to (UTC): 17:15:00 Saturday,  Dec. 23, 2017
       Time-Step Length (HHMMSS): 000500
                 VDIFF completed...       0.9797 seconds
                COUPLE completed...       0.0615 seconds
                  HADV completed...       2.0419 seconds
                  ZADV completed...       0.3145 seconds
                 HDIFF completed...       0.2087 seconds
              DECOUPLE completed...       0.0449 seconds
                  PHOT completed...       0.4715 seconds
               CLDPROC completed...       0.2387 seconds
                  CHEM completed...       0.8813 seconds
                  AERO completed...       0.9137 seconds
            Master Time Step
            Processing completed...       6.1622 seconds

     Processing Day/Time [YYYYDDD:HHMMSS]: 2017357:172000
       Which is Equivalent to (UTC): 17:20:00 Saturday,  Dec. 23, 2017
       Time-Step Length (HHMMSS): 000500
                 VDIFF completed...       0.9481 seconds
                COUPLE completed...       0.0611 seconds
                  HADV completed...       2.0820 seconds
                  ZADV completed...       0.3147 seconds
                 HDIFF completed...       0.2101 seconds
              DECOUPLE completed...       0.0460 seconds
                  PHOT completed...       0.4724 seconds
               CLDPROC completed...       0.2372 seconds
                  CHEM completed...       0.8871 seconds
                  AERO completed...       0.8927 seconds
            Master Time Step
            Processing completed...       6.1527 seconds

     Processing Day/Time [YYYYDDD:HHMMSS]: 2017357:172500
       Which is Equivalent to (UTC): 17:25:00 Saturday,  Dec. 23, 2017
       Time-Step Length (HHMMSS): 000500
                 VDIFF completed...       0.9599 seconds
                COUPLE completed...       0.0620 seconds
                  HADV completed...       2.0915 seconds
                  ZADV completed...       0.3139 seconds
                 HDIFF completed...       0.2194 seconds
              DECOUPLE completed...       0.0475 seconds
                  PHOT completed...       0.4648 seconds
               CLDPROC completed...       0.2348 seconds
                  CHEM completed...       0.8805 seconds
                  AERO completed...       0.8980 seconds
            Master Time Step
            Processing completed...       6.1746 seconds

     Processing Day/Time [YYYYDDD:HHMMSS]: 2017357:173000
       Which is Equivalent to (UTC): 17:30:00 Saturday,  Dec. 23, 2017
       Time-Step Length (HHMMSS): 000500
                 VDIFF completed...       0.9710 seconds
                COUPLE completed...       0.0582 seconds
                  HADV completed...       2.1083 seconds
                  ZADV completed...       0.3141 seconds
                 HDIFF completed...       0.2098 seconds
              DECOUPLE completed...       0.0445 seconds
                  PHOT completed...       0.4722 seconds
               CLDPROC completed...       0.2394 seconds
                  CHEM completed...       0.8788 seconds
                  AERO completed...       0.8996 seconds
            Master Time Step
            Processing completed...       6.2006 seconds

     Processing Day/Time [YYYYDDD:HHMMSS]: 2017357:173500
       Which is Equivalent to (UTC): 17:35:00 Saturday,  Dec. 23, 2017
       Time-Step Length (HHMMSS): 000500
                 VDIFF completed...       0.9706 seconds
                COUPLE completed...       0.0602 seconds
                  HADV completed...       2.0988 seconds
                  ZADV completed...       0.3136 seconds
                 HDIFF completed...       0.2098 seconds
              DECOUPLE completed...       0.0450 seconds
                  PHOT completed...       0.4728 seconds
               CLDPROC completed...       0.2391 seconds
                  CHEM completed...       0.8783 seconds
                  AERO completed...       0.9025 seconds
            Master Time Step
            Processing completed...       6.1954 seconds

     Processing Day/Time [YYYYDDD:HHMMSS]: 2017357:174000
       Which is Equivalent to (UTC): 17:40:00 Saturday,  Dec. 23, 2017
       Time-Step Length (HHMMSS): 000500
                 VDIFF completed...       0.9656 seconds
                COUPLE completed...       0.0584 seconds
                  HADV completed...       2.0978 seconds
                  ZADV completed...       0.3143 seconds
                 HDIFF completed...       0.2090 seconds
              DECOUPLE completed...       0.0448 seconds
                  PHOT completed...       0.4726 seconds
               CLDPROC completed...       0.2395 seconds
                  CHEM completed...       0.8829 seconds
                  AERO completed...       0.9052 seconds
            Master Time Step
            Processing completed...       6.1951 seconds

     Processing Day/Time [YYYYDDD:HHMMSS]: 2017357:174500
       Which is Equivalent to (UTC): 17:45:00 Saturday,  Dec. 23, 2017
       Time-Step Length (HHMMSS): 000500
                 VDIFF completed...       0.9641 seconds
                COUPLE completed...       0.0589 seconds
                  HADV completed...       2.0831 seconds
                  ZADV completed...       0.3262 seconds
                 HDIFF completed...       0.1982 seconds
              DECOUPLE completed...       0.0444 seconds
                  PHOT completed...       0.4716 seconds
               CLDPROC completed...       0.2410 seconds
                  CHEM completed...       0.8756 seconds
                  AERO completed...       0.9040 seconds
            Master Time Step
            Processing completed...       6.1714 seconds

     Processing Day/Time [YYYYDDD:HHMMSS]: 2017357:175000
       Which is Equivalent to (UTC): 17:50:00 Saturday,  Dec. 23, 2017
       Time-Step Length (HHMMSS): 000500
                 VDIFF completed...       0.9647 seconds
                COUPLE completed...       0.0566 seconds
                  HADV completed...       2.0625 seconds
                  ZADV completed...       0.3146 seconds
                 HDIFF completed...       0.2083 seconds
              DECOUPLE completed...       0.0446 seconds
                  PHOT completed...       0.4716 seconds
               CLDPROC completed...       0.2414 seconds
                  CHEM completed...       0.8754 seconds
                  AERO completed...       0.8988 seconds
            Master Time Step
            Processing completed...       6.1435 seconds

     Processing Day/Time [YYYYDDD:HHMMSS]: 2017357:175500
       Which is Equivalent to (UTC): 17:55:00 Saturday,  Dec. 23, 2017
       Time-Step Length (HHMMSS): 000500
                 VDIFF completed...       2.7955 seconds
                COUPLE completed...       0.1706 seconds
                  HADV completed...       1.3756 seconds
                  ZADV completed...       0.3146 seconds
                 HDIFF completed...       0.2090 seconds
              DECOUPLE completed...       0.0440 seconds
                  PHOT completed...       0.4736 seconds
               CLDPROC completed...       1.6134 seconds
                  CHEM completed...       0.8958 seconds
                  AERO completed...       0.9255 seconds
            Master Time Step
            Processing completed...       8.8221 seconds

      =--> Data Output completed...       1.1466 seconds

     Processing Day/Time [YYYYDDD:HHMMSS]: 2017357:180000
       Which is Equivalent to (UTC): 18:00:00 Saturday,  Dec. 23, 2017
       Time-Step Length (HHMMSS): 000500
                 VDIFF completed...       5.1915 seconds
                COUPLE completed...       0.1469 seconds
                  HADV completed...       3.1042 seconds
                  ZADV completed...       0.3126 seconds
                 HDIFF completed...       0.2103 seconds
              DECOUPLE completed...       0.0440 seconds
                  PHOT completed...       1.3234 seconds
               CLDPROC completed...       0.2455 seconds
                  CHEM completed...       0.8677 seconds
                  AERO completed...       0.9175 seconds
            Master Time Step
            Processing completed...      12.3676 seconds

     Processing Day/Time [YYYYDDD:HHMMSS]: 2017357:180500
       Which is Equivalent to (UTC): 18:05:00 Saturday,  Dec. 23, 2017
       Time-Step Length (HHMMSS): 000500
                 VDIFF completed...       0.9893 seconds
                COUPLE completed...       0.0598 seconds
                  HADV completed...       2.0739 seconds
                  ZADV completed...       0.3123 seconds
                 HDIFF completed...       0.2103 seconds
              DECOUPLE completed...       0.0440 seconds
                  PHOT completed...       0.4707 seconds
               CLDPROC completed...       0.2419 seconds
                  CHEM completed...       0.8706 seconds
                  AERO completed...       0.9105 seconds
            Master Time Step
            Processing completed...       6.1886 seconds

     Processing Day/Time [YYYYDDD:HHMMSS]: 2017357:181000
       Which is Equivalent to (UTC): 18:10:00 Saturday,  Dec. 23, 2017
       Time-Step Length (HHMMSS): 000500
                 VDIFF completed...       1.0016 seconds
                COUPLE completed...       0.0660 seconds
                  HADV completed...       2.0496 seconds
                  ZADV completed...       0.3122 seconds
                 HDIFF completed...       0.2092 seconds
              DECOUPLE completed...       0.0440 seconds
                  PHOT completed...       0.4713 seconds
               CLDPROC completed...       0.2422 seconds
                  CHEM completed...       0.8690 seconds
                  AERO completed...       0.9264 seconds
            Master Time Step
            Processing completed...       6.1964 seconds

     Processing Day/Time [YYYYDDD:HHMMSS]: 2017357:181500
       Which is Equivalent to (UTC): 18:15:00 Saturday,  Dec. 23, 2017
       Time-Step Length (HHMMSS): 000500
                 VDIFF completed...       0.9751 seconds
                COUPLE completed...       0.0557 seconds
                  HADV completed...       2.1265 seconds
                  ZADV completed...       0.3132 seconds
                 HDIFF completed...       0.2096 seconds
              DECOUPLE completed...       0.0438 seconds
                  PHOT completed...       0.4718 seconds
               CLDPROC completed...       0.2420 seconds
                  CHEM completed...       0.8733 seconds
                  AERO completed...       0.9125 seconds
            Master Time Step
            Processing completed...       6.2272 seconds

     Processing Day/Time [YYYYDDD:HHMMSS]: 2017357:182000
       Which is Equivalent to (UTC): 18:20:00 Saturday,  Dec. 23, 2017
       Time-Step Length (HHMMSS): 000500
                 VDIFF completed...       0.9812 seconds
                COUPLE completed...       0.0552 seconds
                  HADV completed...       2.2906 seconds
                  ZADV completed...       0.3108 seconds
                 HDIFF completed...       0.3322 seconds
              DECOUPLE completed...       0.0439 seconds
                  PHOT completed...       0.4731 seconds
               CLDPROC completed...       0.2394 seconds
                  CHEM completed...       0.8671 seconds
                  AERO completed...       0.9178 seconds
            Master Time Step
            Processing completed...       6.5163 seconds

     Processing Day/Time [YYYYDDD:HHMMSS]: 2017357:182500
       Which is Equivalent to (UTC): 18:25:00 Saturday,  Dec. 23, 2017
       Time-Step Length (HHMMSS): 000500
                 VDIFF completed...       0.9803 seconds
                COUPLE completed...       0.0538 seconds
                  HADV completed...       2.1333 seconds
                  ZADV completed...       0.3143 seconds
                 HDIFF completed...       0.2080 seconds
              DECOUPLE completed...       0.0445 seconds
                  PHOT completed...       0.4707 seconds
               CLDPROC completed...       0.2407 seconds
                  CHEM completed...       0.8660 seconds
                  AERO completed...       0.9160 seconds
            Master Time Step
            Processing completed...       6.2327 seconds

     Processing Day/Time [YYYYDDD:HHMMSS]: 2017357:183000
       Which is Equivalent to (UTC): 18:30:00 Saturday,  Dec. 23, 2017
       Time-Step Length (HHMMSS): 000500
                 VDIFF completed...       0.9887 seconds
                COUPLE completed...       0.0529 seconds
                  HADV completed...       2.1098 seconds
                  ZADV completed...       0.3134 seconds
                 HDIFF completed...       0.2081 seconds
              DECOUPLE completed...       0.0442 seconds
                  PHOT completed...       0.4702 seconds
               CLDPROC completed...       0.2421 seconds
                  CHEM completed...       0.8662 seconds
                  AERO completed...       0.9426 seconds
            Master Time Step
            Processing completed...       6.2438 seconds

     Processing Day/Time [YYYYDDD:HHMMSS]: 2017357:183500
       Which is Equivalent to (UTC): 18:35:00 Saturday,  Dec. 23, 2017
       Time-Step Length (HHMMSS): 000500
                 VDIFF completed...       0.9675 seconds
                COUPLE completed...       0.0535 seconds
                  HADV completed...       2.1089 seconds
                  ZADV completed...       0.3134 seconds
                 HDIFF completed...       0.2079 seconds
              DECOUPLE completed...       0.0438 seconds
                  PHOT completed...       0.4709 seconds
               CLDPROC completed...       0.2416 seconds
                  CHEM completed...       0.8707 seconds
                  AERO completed...       0.9238 seconds
            Master Time Step
            Processing completed...       6.2073 seconds

     Processing Day/Time [YYYYDDD:HHMMSS]: 2017357:184000
       Which is Equivalent to (UTC): 18:40:00 Saturday,  Dec. 23, 2017
       Time-Step Length (HHMMSS): 000500
                 VDIFF completed...       0.9770 seconds
                COUPLE completed...       0.0591 seconds
                  HADV completed...       2.0834 seconds
                  ZADV completed...       0.3134 seconds
                 HDIFF completed...       0.2074 seconds
              DECOUPLE completed...       0.0441 seconds
                  PHOT completed...       0.4866 seconds
               CLDPROC completed...       0.2279 seconds
                  CHEM completed...       0.8613 seconds
                  AERO completed...       0.9288 seconds
            Master Time Step
            Processing completed...       6.1943 seconds

     Processing Day/Time [YYYYDDD:HHMMSS]: 2017357:184500
       Which is Equivalent to (UTC): 18:45:00 Saturday,  Dec. 23, 2017
       Time-Step Length (HHMMSS): 000500
                 VDIFF completed...       0.9765 seconds
                COUPLE completed...       0.0610 seconds
                  HADV completed...       2.0961 seconds
                  ZADV completed...       0.3145 seconds
                 HDIFF completed...       0.2067 seconds
              DECOUPLE completed...       0.0442 seconds
                  PHOT completed...       0.4699 seconds
               CLDPROC completed...       0.2420 seconds
                  CHEM completed...       0.8627 seconds
                  AERO completed...       0.9343 seconds
            Master Time Step
            Processing completed...       6.2132 seconds

     Processing Day/Time [YYYYDDD:HHMMSS]: 2017357:185000
       Which is Equivalent to (UTC): 18:50:00 Saturday,  Dec. 23, 2017
       Time-Step Length (HHMMSS): 000500
                 VDIFF completed...       0.9842 seconds
                COUPLE completed...       0.0646 seconds
                  HADV completed...       2.0535 seconds
                  ZADV completed...       0.3148 seconds
                 HDIFF completed...       0.2062 seconds
              DECOUPLE completed...       0.0441 seconds
                  PHOT completed...       0.4700 seconds
               CLDPROC completed...       0.2410 seconds
                  CHEM completed...       0.8625 seconds
                  AERO completed...       0.9385 seconds
            Master Time Step
            Processing completed...       6.1849 seconds

     Processing Day/Time [YYYYDDD:HHMMSS]: 2017357:185500
       Which is Equivalent to (UTC): 18:55:00 Saturday,  Dec. 23, 2017
       Time-Step Length (HHMMSS): 000500
                 VDIFF completed...       2.7935 seconds
                COUPLE completed...       0.1704 seconds
                  HADV completed...       1.4451 seconds
                  ZADV completed...       0.3134 seconds
                 HDIFF completed...       0.2082 seconds
              DECOUPLE completed...       0.0437 seconds
                  PHOT completed...       0.4720 seconds
               CLDPROC completed...       1.6874 seconds
                  CHEM completed...       0.8807 seconds
                  AERO completed...       0.9751 seconds
            Master Time Step
            Processing completed...       8.9959 seconds

      =--> Data Output completed...       1.1059 seconds

     Processing Day/Time [YYYYDDD:HHMMSS]: 2017357:190000
       Which is Equivalent to (UTC): 19:00:00 Saturday,  Dec. 23, 2017
       Time-Step Length (HHMMSS): 000500
                 VDIFF completed...       4.1709 seconds
                COUPLE completed...       0.1585 seconds
                  HADV completed...       3.7280 seconds
                  ZADV completed...       0.3116 seconds
                 HDIFF completed...       0.2097 seconds
              DECOUPLE completed...       0.0439 seconds
                  PHOT completed...       1.0981 seconds
               CLDPROC completed...       0.2450 seconds
                  CHEM completed...       0.8534 seconds
                  AERO completed...       0.9551 seconds
            Master Time Step
            Processing completed...      11.7786 seconds

     Processing Day/Time [YYYYDDD:HHMMSS]: 2017357:190500
       Which is Equivalent to (UTC): 19:05:00 Saturday,  Dec. 23, 2017
       Time-Step Length (HHMMSS): 000500
                 VDIFF completed...       0.9721 seconds
                COUPLE completed...       0.0780 seconds
                  HADV completed...       2.1435 seconds
                  ZADV completed...       0.3160 seconds
                 HDIFF completed...       0.2062 seconds
              DECOUPLE completed...       0.0443 seconds
                  PHOT completed...       0.4728 seconds
               CLDPROC completed...       0.2413 seconds
                  CHEM completed...       0.8548 seconds
                  AERO completed...       0.9494 seconds
            Master Time Step
            Processing completed...       6.2799 seconds

     Processing Day/Time [YYYYDDD:HHMMSS]: 2017357:191000
       Which is Equivalent to (UTC): 19:10:00 Saturday,  Dec. 23, 2017
       Time-Step Length (HHMMSS): 000500
                 VDIFF completed...       0.9820 seconds
                COUPLE completed...       0.0756 seconds
                  HADV completed...       2.0326 seconds
                  ZADV completed...       0.3109 seconds
                 HDIFF completed...       0.2108 seconds
              DECOUPLE completed...       0.0441 seconds
                  PHOT completed...       0.4750 seconds
               CLDPROC completed...       0.2393 seconds
                  CHEM completed...       0.8541 seconds
                  AERO completed...       0.9601 seconds
            Master Time Step
            Processing completed...       6.1857 seconds

     Processing Day/Time [YYYYDDD:HHMMSS]: 2017357:191500
       Which is Equivalent to (UTC): 19:15:00 Saturday,  Dec. 23, 2017
       Time-Step Length (HHMMSS): 000500
                 VDIFF completed...       0.9742 seconds
                COUPLE completed...       0.0750 seconds
                  HADV completed...       2.0367 seconds
                  ZADV completed...       0.3160 seconds
                 HDIFF completed...       0.2057 seconds
              DECOUPLE completed...       0.0435 seconds
                  PHOT completed...       0.4730 seconds
               CLDPROC completed...       0.2416 seconds
                  CHEM completed...       0.8519 seconds
                  AERO completed...       0.9664 seconds
            Master Time Step
            Processing completed...       6.1851 seconds

     Processing Day/Time [YYYYDDD:HHMMSS]: 2017357:192000
       Which is Equivalent to (UTC): 19:20:00 Saturday,  Dec. 23, 2017
       Time-Step Length (HHMMSS): 000500
                 VDIFF completed...       0.9611 seconds
                COUPLE completed...       0.0805 seconds
                  HADV completed...       2.0492 seconds
                  ZADV completed...       0.3161 seconds
                 HDIFF completed...       0.2056 seconds
              DECOUPLE completed...       0.0439 seconds
                  PHOT completed...       0.4714 seconds
               CLDPROC completed...       0.2416 seconds
                  CHEM completed...       0.8493 seconds
                  AERO completed...       0.9686 seconds
            Master Time Step
            Processing completed...       6.1885 seconds

     Processing Day/Time [YYYYDDD:HHMMSS]: 2017357:192500
       Which is Equivalent to (UTC): 19:25:00 Saturday,  Dec. 23, 2017
       Time-Step Length (HHMMSS): 000500
                 VDIFF completed...       0.9446 seconds
                COUPLE completed...       0.0812 seconds
                  HADV completed...       2.0673 seconds
                  ZADV completed...       0.3178 seconds
                 HDIFF completed...       0.2051 seconds
              DECOUPLE completed...       0.0440 seconds
                  PHOT completed...       0.4721 seconds
               CLDPROC completed...       0.2399 seconds
                  CHEM completed...       0.8487 seconds
                  AERO completed...       0.9804 seconds
            Master Time Step
            Processing completed...       6.2054 seconds

     Processing Day/Time [YYYYDDD:HHMMSS]: 2017357:193000
       Which is Equivalent to (UTC): 19:30:00 Saturday,  Dec. 23, 2017
       Time-Step Length (HHMMSS): 000500
                 VDIFF completed...       0.9309 seconds
                COUPLE completed...       0.0799 seconds
                  HADV completed...       2.0781 seconds
                  ZADV completed...       0.3132 seconds
                 HDIFF completed...       0.2059 seconds
              DECOUPLE completed...       0.0436 seconds
                  PHOT completed...       0.4702 seconds
               CLDPROC completed...       0.2427 seconds
                  CHEM completed...       0.8435 seconds
                  AERO completed...       0.9692 seconds
            Master Time Step
            Processing completed...       6.1822 seconds

     Processing Day/Time [YYYYDDD:HHMMSS]: 2017357:193500
       Which is Equivalent to (UTC): 19:35:00 Saturday,  Dec. 23, 2017
       Time-Step Length (HHMMSS): 000500
                 VDIFF completed...       0.9502 seconds
                COUPLE completed...       0.0753 seconds
                  HADV completed...       2.0734 seconds
                  ZADV completed...       0.3123 seconds
                 HDIFF completed...       0.2076 seconds
              DECOUPLE completed...       0.0434 seconds
                  PHOT completed...       0.4702 seconds
               CLDPROC completed...       0.2422 seconds
                  CHEM completed...       0.8416 seconds
                  AERO completed...       0.9978 seconds
            Master Time Step
            Processing completed...       6.2192 seconds

     Processing Day/Time [YYYYDDD:HHMMSS]: 2017357:194000
       Which is Equivalent to (UTC): 19:40:00 Saturday,  Dec. 23, 2017
       Time-Step Length (HHMMSS): 000500
                 VDIFF completed...       0.9151 seconds
                COUPLE completed...       0.0801 seconds
                  HADV completed...       2.0766 seconds
                  ZADV completed...       0.3111 seconds
                 HDIFF completed...       0.2089 seconds
              DECOUPLE completed...       0.0438 seconds
                  PHOT completed...       0.4821 seconds
               CLDPROC completed...       0.2313 seconds
                  CHEM completed...       0.8424 seconds
                  AERO completed...       0.9770 seconds
            Master Time Step
            Processing completed...       6.1733 seconds

     Processing Day/Time [YYYYDDD:HHMMSS]: 2017357:194500
       Which is Equivalent to (UTC): 19:45:00 Saturday,  Dec. 23, 2017
       Time-Step Length (HHMMSS): 000500
                 VDIFF completed...       0.9286 seconds
                COUPLE completed...       0.0834 seconds
                  HADV completed...       2.4025 seconds
                  ZADV completed...       0.3143 seconds
                 HDIFF completed...       0.2060 seconds
              DECOUPLE completed...       0.0434 seconds
                  PHOT completed...       0.4701 seconds
               CLDPROC completed...       0.2422 seconds
                  CHEM completed...       0.8404 seconds
                  AERO completed...       0.9752 seconds
            Master Time Step
            Processing completed...       6.5112 seconds

     Processing Day/Time [YYYYDDD:HHMMSS]: 2017357:195000
       Which is Equivalent to (UTC): 19:50:00 Saturday,  Dec. 23, 2017
       Time-Step Length (HHMMSS): 000500
                 VDIFF completed...       0.9479 seconds
                COUPLE completed...       0.0823 seconds
                  HADV completed...       2.0559 seconds
                  ZADV completed...       0.3131 seconds
                 HDIFF completed...       0.2064 seconds
              DECOUPLE completed...       0.0437 seconds
                  PHOT completed...       0.4698 seconds
               CLDPROC completed...       0.2406 seconds
                  CHEM completed...       0.8389 seconds
                  AERO completed...       0.9756 seconds
            Master Time Step
            Processing completed...       6.1795 seconds

     Processing Day/Time [YYYYDDD:HHMMSS]: 2017357:195500
       Which is Equivalent to (UTC): 19:55:00 Saturday,  Dec. 23, 2017
       Time-Step Length (HHMMSS): 000500
                 VDIFF completed...       2.7852 seconds
                COUPLE completed...       0.1707 seconds
                  HADV completed...       1.4440 seconds
                  ZADV completed...       0.3125 seconds
                 HDIFF completed...       0.2080 seconds
              DECOUPLE completed...       0.0439 seconds
                  PHOT completed...       0.4706 seconds
               CLDPROC completed...       1.5703 seconds
                  CHEM completed...       0.8475 seconds
                  AERO completed...       0.9829 seconds
            Master Time Step
            Processing completed...       8.8420 seconds

      =--> Data Output completed...       1.1470 seconds

     Processing Day/Time [YYYYDDD:HHMMSS]: 2017357:200000
       Which is Equivalent to (UTC): 20:00:00 Saturday,  Dec. 23, 2017
       Time-Step Length (HHMMSS): 000500
                 VDIFF completed...       4.8281 seconds
                COUPLE completed...       0.1737 seconds
                  HADV completed...       3.3220 seconds
                  ZADV completed...       0.3132 seconds
                 HDIFF completed...       0.2066 seconds
              DECOUPLE completed...       0.0449 seconds
                  PHOT completed...       1.2907 seconds
               CLDPROC completed...       0.2410 seconds
                  CHEM completed...       0.8321 seconds
                  AERO completed...       0.9809 seconds
            Master Time Step
            Processing completed...      12.2390 seconds

     Processing Day/Time [YYYYDDD:HHMMSS]: 2017357:200500
       Which is Equivalent to (UTC): 20:05:00 Saturday,  Dec. 23, 2017
       Time-Step Length (HHMMSS): 000500
                 VDIFF completed...       0.9366 seconds
                COUPLE completed...       0.0810 seconds
                  HADV completed...       1.9682 seconds
                  ZADV completed...       0.3149 seconds
                 HDIFF completed...       0.2056 seconds
              DECOUPLE completed...       0.0453 seconds
                  PHOT completed...       0.4724 seconds
               CLDPROC completed...       0.2368 seconds
                  CHEM completed...       0.8341 seconds
                  AERO completed...       0.9813 seconds
            Master Time Step
            Processing completed...       6.0812 seconds

     Processing Day/Time [YYYYDDD:HHMMSS]: 2017357:201000
       Which is Equivalent to (UTC): 20:10:00 Saturday,  Dec. 23, 2017
       Time-Step Length (HHMMSS): 000500
                 VDIFF completed...       0.9377 seconds
                COUPLE completed...       0.0819 seconds
                  HADV completed...       1.9535 seconds
                  ZADV completed...       0.3150 seconds
                 HDIFF completed...       0.2045 seconds
              DECOUPLE completed...       0.0448 seconds
                  PHOT completed...       0.4725 seconds
               CLDPROC completed...       0.2365 seconds
                  CHEM completed...       0.8326 seconds
                  AERO completed...       0.9751 seconds
            Master Time Step
            Processing completed...       6.0592 seconds

     Processing Day/Time [YYYYDDD:HHMMSS]: 2017357:201500
       Which is Equivalent to (UTC): 20:15:00 Saturday,  Dec. 23, 2017
       Time-Step Length (HHMMSS): 000500
                 VDIFF completed...       0.9416 seconds
                COUPLE completed...       0.0821 seconds
                  HADV completed...       1.9503 seconds
                  ZADV completed...       0.3162 seconds
                 HDIFF completed...       0.2043 seconds
              DECOUPLE completed...       0.0445 seconds
                  PHOT completed...       0.4727 seconds
               CLDPROC completed...       0.2353 seconds
                  CHEM completed...       0.8298 seconds
                  AERO completed...       0.9744 seconds
            Master Time Step
            Processing completed...       6.0551 seconds

     Processing Day/Time [YYYYDDD:HHMMSS]: 2017357:202000
       Which is Equivalent to (UTC): 20:20:00 Saturday,  Dec. 23, 2017
       Time-Step Length (HHMMSS): 000500
                 VDIFF completed...       0.9448 seconds
                COUPLE completed...       0.0858 seconds
                  HADV completed...       1.9493 seconds
                  ZADV completed...       0.3150 seconds
                 HDIFF completed...       0.2079 seconds
              DECOUPLE completed...       0.0441 seconds
                  PHOT completed...       0.4740 seconds
               CLDPROC completed...       0.2340 seconds
                  CHEM completed...       0.8297 seconds
                  AERO completed...       0.9782 seconds
            Master Time Step
            Processing completed...       6.0680 seconds

     Processing Day/Time [YYYYDDD:HHMMSS]: 2017357:202500
       Which is Equivalent to (UTC): 20:25:00 Saturday,  Dec. 23, 2017
       Time-Step Length (HHMMSS): 000500
                 VDIFF completed...       0.9251 seconds
                COUPLE completed...       0.0920 seconds
                  HADV completed...       1.9713 seconds
                  ZADV completed...       0.3160 seconds
                 HDIFF completed...       0.2045 seconds
              DECOUPLE completed...       0.0454 seconds
                  PHOT completed...       0.4726 seconds
               CLDPROC completed...       0.2340 seconds
                  CHEM completed...       0.8351 seconds
                  AERO completed...       0.9774 seconds
            Master Time Step
            Processing completed...       6.0784 seconds

     Processing Day/Time [YYYYDDD:HHMMSS]: 2017357:203000
       Which is Equivalent to (UTC): 20:30:00 Saturday,  Dec. 23, 2017
       Time-Step Length (HHMMSS): 000500
                 VDIFF completed...       0.9405 seconds
                COUPLE completed...       0.0838 seconds
                  HADV completed...       1.9433 seconds
                  ZADV completed...       0.3163 seconds
                 HDIFF completed...       0.2037 seconds
              DECOUPLE completed...       0.0444 seconds
                  PHOT completed...       0.4723 seconds
               CLDPROC completed...       0.2344 seconds
                  CHEM completed...       0.8337 seconds
                  AERO completed...       0.9788 seconds
            Master Time Step
            Processing completed...       6.0553 seconds

     Processing Day/Time [YYYYDDD:HHMMSS]: 2017357:203500
       Which is Equivalent to (UTC): 20:35:00 Saturday,  Dec. 23, 2017
       Time-Step Length (HHMMSS): 000500
                 VDIFF completed...       0.9363 seconds
                COUPLE completed...       0.0834 seconds
                  HADV completed...       1.9403 seconds
                  ZADV completed...       0.3164 seconds
                 HDIFF completed...       0.2039 seconds
              DECOUPLE completed...       0.0443 seconds
                  PHOT completed...       0.4721 seconds
               CLDPROC completed...       0.2356 seconds
                  CHEM completed...       0.8326 seconds
                  AERO completed...       0.9794 seconds
            Master Time Step
            Processing completed...       6.0501 seconds

     Processing Day/Time [YYYYDDD:HHMMSS]: 2017357:204000
       Which is Equivalent to (UTC): 20:40:00 Saturday,  Dec. 23, 2017
       Time-Step Length (HHMMSS): 000500
                 VDIFF completed...       0.9412 seconds
                COUPLE completed...       0.0821 seconds
                  HADV completed...       1.9329 seconds
                  ZADV completed...       0.3164 seconds
                 HDIFF completed...       0.2030 seconds
              DECOUPLE completed...       0.0470 seconds
                  PHOT completed...       0.4710 seconds
               CLDPROC completed...       0.2361 seconds
                  CHEM completed...       0.8324 seconds
                  AERO completed...       0.9825 seconds
            Master Time Step
            Processing completed...       6.0484 seconds

     Processing Day/Time [YYYYDDD:HHMMSS]: 2017357:204500
       Which is Equivalent to (UTC): 20:45:00 Saturday,  Dec. 23, 2017
       Time-Step Length (HHMMSS): 000500
                 VDIFF completed...       0.9503 seconds
                COUPLE completed...       0.0814 seconds
                  HADV completed...       1.9091 seconds
                  ZADV completed...       0.3167 seconds
                 HDIFF completed...       0.2029 seconds
              DECOUPLE completed...       0.0447 seconds
                  PHOT completed...       0.4712 seconds
               CLDPROC completed...       0.2345 seconds
                  CHEM completed...       0.8386 seconds
                  AERO completed...       0.9741 seconds
            Master Time Step
            Processing completed...       6.0291 seconds

     Processing Day/Time [YYYYDDD:HHMMSS]: 2017357:205000
       Which is Equivalent to (UTC): 20:50:00 Saturday,  Dec. 23, 2017
       Time-Step Length (HHMMSS): 000500
                 VDIFF completed...       0.9574 seconds
                COUPLE completed...       0.0801 seconds
                  HADV completed...       1.8855 seconds
                  ZADV completed...       0.3160 seconds
                 HDIFF completed...       0.2041 seconds
              DECOUPLE completed...       0.0455 seconds
                  PHOT completed...       0.4717 seconds
               CLDPROC completed...       0.2317 seconds
                  CHEM completed...       0.8400 seconds
                  AERO completed...       0.9745 seconds
            Master Time Step
            Processing completed...       6.0123 seconds

     Processing Day/Time [YYYYDDD:HHMMSS]: 2017357:205500
       Which is Equivalent to (UTC): 20:55:00 Saturday,  Dec. 23, 2017
       Time-Step Length (HHMMSS): 000500
                 VDIFF completed...       2.8408 seconds
                COUPLE completed...       0.1704 seconds
                  HADV completed...       1.3773 seconds
                  ZADV completed...       0.3159 seconds
                 HDIFF completed...       0.2051 seconds
              DECOUPLE completed...       0.0452 seconds
                  PHOT completed...       0.4706 seconds
               CLDPROC completed...       1.3522 seconds
                  CHEM completed...       0.8230 seconds
                  AERO completed...       0.9599 seconds
            Master Time Step
            Processing completed...       8.5657 seconds

      =--> Data Output completed...       1.1966 seconds

     Processing Day/Time [YYYYDDD:HHMMSS]: 2017357:210000
       Which is Equivalent to (UTC): 21:00:00 Saturday,  Dec. 23, 2017
       Time-Step Length (HHMMSS): 000500
                 VDIFF completed...       3.8855 seconds
                COUPLE completed...       0.1674 seconds
                  HADV completed...       3.8314 seconds
                  ZADV completed...       0.3119 seconds
                 HDIFF completed...       0.2082 seconds
              DECOUPLE completed...       0.0440 seconds
                  PHOT completed...       1.2287 seconds
               CLDPROC completed...       0.2308 seconds
                  CHEM completed...       0.8220 seconds
                  AERO completed...       0.9662 seconds
            Master Time Step
            Processing completed...      11.6998 seconds

     Processing Day/Time [YYYYDDD:HHMMSS]: 2017357:210500
       Which is Equivalent to (UTC): 21:05:00 Saturday,  Dec. 23, 2017
       Time-Step Length (HHMMSS): 000500
                 VDIFF completed...       0.9319 seconds
                COUPLE completed...       0.0999 seconds
                  HADV completed...       1.9573 seconds
                  ZADV completed...       0.3137 seconds
                 HDIFF completed...       0.2066 seconds
              DECOUPLE completed...       0.0441 seconds
                  PHOT completed...       0.4707 seconds
               CLDPROC completed...       0.2273 seconds
                  CHEM completed...       0.8199 seconds
                  AERO completed...       0.9504 seconds
            Master Time Step
            Processing completed...       6.0269 seconds

     Processing Day/Time [YYYYDDD:HHMMSS]: 2017357:211000
       Which is Equivalent to (UTC): 21:10:00 Saturday,  Dec. 23, 2017
       Time-Step Length (HHMMSS): 000500
                 VDIFF completed...       0.9781 seconds
                COUPLE completed...       0.0860 seconds
                  HADV completed...       1.9253 seconds
                  ZADV completed...       0.3122 seconds
                 HDIFF completed...       0.2072 seconds
              DECOUPLE completed...       0.0436 seconds
                  PHOT completed...       0.4710 seconds
               CLDPROC completed...       0.2276 seconds
                  CHEM completed...       0.8129 seconds
                  AERO completed...       0.9398 seconds
            Master Time Step
            Processing completed...       6.0083 seconds

     Processing Day/Time [YYYYDDD:HHMMSS]: 2017357:211500
       Which is Equivalent to (UTC): 21:15:00 Saturday,  Dec. 23, 2017
       Time-Step Length (HHMMSS): 000500
                 VDIFF completed...       0.9911 seconds
                COUPLE completed...       0.0860 seconds
                  HADV completed...       1.9204 seconds
                  ZADV completed...       0.3134 seconds
                 HDIFF completed...       0.2058 seconds
              DECOUPLE completed...       0.0440 seconds
                  PHOT completed...       0.4713 seconds
               CLDPROC completed...       0.2254 seconds
                  CHEM completed...       0.8100 seconds
                  AERO completed...       0.9412 seconds
            Master Time Step
            Processing completed...       6.0130 seconds

     Processing Day/Time [YYYYDDD:HHMMSS]: 2017357:212000
       Which is Equivalent to (UTC): 21:20:00 Saturday,  Dec. 23, 2017
       Time-Step Length (HHMMSS): 000500
                 VDIFF completed...       1.0200 seconds
                COUPLE completed...       0.0782 seconds
                  HADV completed...       1.8976 seconds
                  ZADV completed...       0.3134 seconds
                 HDIFF completed...       0.2061 seconds
              DECOUPLE completed...       0.0440 seconds
                  PHOT completed...       0.4702 seconds
               CLDPROC completed...       0.2243 seconds
                  CHEM completed...       0.8061 seconds
                  AERO completed...       0.9432 seconds
            Master Time Step
            Processing completed...       6.0073 seconds

     Processing Day/Time [YYYYDDD:HHMMSS]: 2017357:212500
       Which is Equivalent to (UTC): 21:25:00 Saturday,  Dec. 23, 2017
       Time-Step Length (HHMMSS): 000500
                 VDIFF completed...       0.9857 seconds
                COUPLE completed...       0.0891 seconds
                  HADV completed...       1.9202 seconds
                  ZADV completed...       0.3132 seconds
                 HDIFF completed...       0.2068 seconds
              DECOUPLE completed...       0.0435 seconds
                  PHOT completed...       0.4717 seconds
               CLDPROC completed...       0.2235 seconds
                  CHEM completed...       0.8044 seconds
                  AERO completed...       0.9411 seconds
            Master Time Step
            Processing completed...       6.0036 seconds

     Processing Day/Time [YYYYDDD:HHMMSS]: 2017357:213000
       Which is Equivalent to (UTC): 21:30:00 Saturday,  Dec. 23, 2017
       Time-Step Length (HHMMSS): 000500
                 VDIFF completed...       0.9997 seconds
                COUPLE completed...       0.0815 seconds
                  HADV completed...       1.9127 seconds
                  ZADV completed...       0.3132 seconds
                 HDIFF completed...       0.2071 seconds
              DECOUPLE completed...       0.0441 seconds
                  PHOT completed...       0.4696 seconds
               CLDPROC completed...       0.2205 seconds
                  CHEM completed...       0.8065 seconds
                  AERO completed...       0.9431 seconds
            Master Time Step
            Processing completed...       6.0025 seconds

     Processing Day/Time [YYYYDDD:HHMMSS]: 2017357:213500
       Which is Equivalent to (UTC): 21:35:00 Saturday,  Dec. 23, 2017
       Time-Step Length (HHMMSS): 000500
                 VDIFF completed...       1.0152 seconds
                COUPLE completed...       0.0738 seconds
                  HADV completed...       1.8941 seconds
                  ZADV completed...       0.3143 seconds
                 HDIFF completed...       0.2056 seconds
              DECOUPLE completed...       0.0441 seconds
                  PHOT completed...       0.4679 seconds
               CLDPROC completed...       0.2169 seconds
                  CHEM completed...       0.8122 seconds
                  AERO completed...       0.9498 seconds
            Master Time Step
            Processing completed...       5.9984 seconds

     Processing Day/Time [YYYYDDD:HHMMSS]: 2017357:214000
       Which is Equivalent to (UTC): 21:40:00 Saturday,  Dec. 23, 2017
       Time-Step Length (HHMMSS): 000500
                 VDIFF completed...       0.9400 seconds
                COUPLE completed...       0.0736 seconds
                  HADV completed...       1.9183 seconds
                  ZADV completed...       0.3129 seconds
                 HDIFF completed...       0.2075 seconds
              DECOUPLE completed...       0.0446 seconds
                  PHOT completed...       0.4838 seconds
               CLDPROC completed...       0.1987 seconds
                  CHEM completed...       0.8075 seconds
                  AERO completed...       0.9416 seconds
            Master Time Step
            Processing completed...       5.9335 seconds

     Processing Day/Time [YYYYDDD:HHMMSS]: 2017357:214500
       Which is Equivalent to (UTC): 21:45:00 Saturday,  Dec. 23, 2017
       Time-Step Length (HHMMSS): 000500
                 VDIFF completed...       0.9602 seconds
                COUPLE completed...       0.0736 seconds
                  HADV completed...       1.9109 seconds
                  ZADV completed...       0.3142 seconds
                 HDIFF completed...       0.2063 seconds
              DECOUPLE completed...       0.0440 seconds
                  PHOT completed...       0.4710 seconds
               CLDPROC completed...       0.2071 seconds
                  CHEM completed...       0.8054 seconds
                  AERO completed...       0.9427 seconds
            Master Time Step
            Processing completed...       5.9396 seconds

     Processing Day/Time [YYYYDDD:HHMMSS]: 2017357:215000
       Which is Equivalent to (UTC): 21:50:00 Saturday,  Dec. 23, 2017
       Time-Step Length (HHMMSS): 000500
                 VDIFF completed...       1.0019 seconds
                COUPLE completed...       0.0662 seconds
                  HADV completed...       2.2397 seconds
                  ZADV completed...       0.3143 seconds
                 HDIFF completed...       0.2057 seconds
              DECOUPLE completed...       0.0445 seconds
                  PHOT completed...       0.4709 seconds
               CLDPROC completed...       0.2043 seconds
                  CHEM completed...       0.7989 seconds
                  AERO completed...       0.9414 seconds
            Master Time Step
            Processing completed...       6.2927 seconds

     Processing Day/Time [YYYYDDD:HHMMSS]: 2017357:215500
       Which is Equivalent to (UTC): 21:55:00 Saturday,  Dec. 23, 2017
       Time-Step Length (HHMMSS): 000500
                 VDIFF completed...       2.7813 seconds
                COUPLE completed...       0.1706 seconds
                  HADV completed...       1.4385 seconds
                  ZADV completed...       0.3137 seconds
                 HDIFF completed...       0.2063 seconds
              DECOUPLE completed...       0.0443 seconds
                  PHOT completed...       0.4675 seconds
               CLDPROC completed...       1.4440 seconds
                  CHEM completed...       0.7875 seconds
                  AERO completed...       0.9479 seconds
            Master Time Step
            Processing completed...       8.6073 seconds

      =--> Data Output completed...       1.3124 seconds

     Processing Day/Time [YYYYDDD:HHMMSS]: 2017357:220000
       Which is Equivalent to (UTC): 22:00:00 Saturday,  Dec. 23, 2017
       Time-Step Length (HHMMSS): 000400
                 VDIFF completed...       4.9466 seconds
                COUPLE completed...       0.1748 seconds
                  HADV completed...       3.0041 seconds
                  ZADV completed...       0.3115 seconds
                 HDIFF completed...       0.2075 seconds
              DECOUPLE completed...       0.0439 seconds
                  PHOT completed...       1.2991 seconds
               CLDPROC completed...       0.1995 seconds
                  CHEM completed...       0.7406 seconds
                  AERO completed...       0.9234 seconds
            Master Time Step
            Processing completed...      11.8540 seconds

     Processing Day/Time [YYYYDDD:HHMMSS]: 2017357:220400
       Which is Equivalent to (UTC): 22:04:00 Saturday,  Dec. 23, 2017
       Time-Step Length (HHMMSS): 000400
                 VDIFF completed...       1.0421 seconds
                COUPLE completed...       0.0681 seconds
                  HADV completed...       1.4229 seconds
                  ZADV completed...       0.3128 seconds
                 HDIFF completed...       0.2074 seconds
              DECOUPLE completed...       0.0437 seconds
                  PHOT completed...       0.4723 seconds
               CLDPROC completed...       0.1934 seconds
                  CHEM completed...       0.7347 seconds
                  AERO completed...       0.9246 seconds
            Master Time Step
            Processing completed...       5.4259 seconds

     Processing Day/Time [YYYYDDD:HHMMSS]: 2017357:220800
       Which is Equivalent to (UTC): 22:08:00 Saturday,  Dec. 23, 2017
       Time-Step Length (HHMMSS): 000400
                 VDIFF completed...       1.0218 seconds
                COUPLE completed...       0.0710 seconds
                  HADV completed...       1.4239 seconds
                  ZADV completed...       0.3117 seconds
                 HDIFF completed...       0.2072 seconds
              DECOUPLE completed...       0.0439 seconds
                  PHOT completed...       0.4696 seconds
               CLDPROC completed...       0.1939 seconds
                  CHEM completed...       0.7361 seconds
                  AERO completed...       0.9201 seconds
            Master Time Step
            Processing completed...       5.4042 seconds

     Processing Day/Time [YYYYDDD:HHMMSS]: 2017357:221200
       Which is Equivalent to (UTC): 22:12:00 Saturday,  Dec. 23, 2017
       Time-Step Length (HHMMSS): 000400
                 VDIFF completed...       0.9991 seconds
                COUPLE completed...       0.0687 seconds
                  HADV completed...       1.4435 seconds
                  ZADV completed...       0.3122 seconds
                 HDIFF completed...       0.2070 seconds
              DECOUPLE completed...       0.0446 seconds
                  PHOT completed...       0.4705 seconds
               CLDPROC completed...       0.1928 seconds
                  CHEM completed...       0.7364 seconds
                  AERO completed...       0.9214 seconds
            Master Time Step
            Processing completed...       5.4016 seconds

     Processing Day/Time [YYYYDDD:HHMMSS]: 2017357:221600
       Which is Equivalent to (UTC): 22:16:00 Saturday,  Dec. 23, 2017
       Time-Step Length (HHMMSS): 000400
                 VDIFF completed...       0.9781 seconds
                COUPLE completed...       0.0690 seconds
                  HADV completed...       1.4357 seconds
                  ZADV completed...       0.3125 seconds
                 HDIFF completed...       0.2070 seconds
              DECOUPLE completed...       0.0441 seconds
                  PHOT completed...       0.4700 seconds
               CLDPROC completed...       0.1927 seconds
                  CHEM completed...       0.7374 seconds
                  AERO completed...       0.9253 seconds
            Master Time Step
            Processing completed...       5.3761 seconds

     Processing Day/Time [YYYYDDD:HHMMSS]: 2017357:222000
       Which is Equivalent to (UTC): 22:20:00 Saturday,  Dec. 23, 2017
       Time-Step Length (HHMMSS): 000400
                 VDIFF completed...       0.9645 seconds
                COUPLE completed...       0.0685 seconds
                  HADV completed...       1.4458 seconds
                  ZADV completed...       0.3121 seconds
                 HDIFF completed...       0.2083 seconds
              DECOUPLE completed...       0.0444 seconds
                  PHOT completed...       0.4690 seconds
               CLDPROC completed...       0.1909 seconds
                  CHEM completed...       0.7412 seconds
                  AERO completed...       0.9398 seconds
            Master Time Step
            Processing completed...       5.3881 seconds

     Processing Day/Time [YYYYDDD:HHMMSS]: 2017357:222400
       Which is Equivalent to (UTC): 22:24:00 Saturday,  Dec. 23, 2017
       Time-Step Length (HHMMSS): 000400
                 VDIFF completed...       0.9447 seconds
                COUPLE completed...       0.0636 seconds
                  HADV completed...       1.4444 seconds
                  ZADV completed...       0.3117 seconds
                 HDIFF completed...       0.2118 seconds
              DECOUPLE completed...       0.0442 seconds
                  PHOT completed...       0.4704 seconds
               CLDPROC completed...       0.1886 seconds
                  CHEM completed...       0.7559 seconds
                  AERO completed...       0.9273 seconds
            Master Time Step
            Processing completed...       5.3679 seconds

     Processing Day/Time [YYYYDDD:HHMMSS]: 2017357:222800
       Which is Equivalent to (UTC): 22:28:00 Saturday,  Dec. 23, 2017
       Time-Step Length (HHMMSS): 000400
                 VDIFF completed...       0.9331 seconds
                COUPLE completed...       0.0655 seconds
                  HADV completed...       1.4584 seconds
                  ZADV completed...       0.3136 seconds
                 HDIFF completed...       0.2063 seconds
              DECOUPLE completed...       0.0440 seconds
                  PHOT completed...       0.4699 seconds
               CLDPROC completed...       0.1896 seconds
                  CHEM completed...       0.7460 seconds
                  AERO completed...       0.9288 seconds
            Master Time Step
            Processing completed...       5.3600 seconds

     Processing Day/Time [YYYYDDD:HHMMSS]: 2017357:223200
       Which is Equivalent to (UTC): 22:32:00 Saturday,  Dec. 23, 2017
       Time-Step Length (HHMMSS): 000400
                 VDIFF completed...       0.9652 seconds
                COUPLE completed...       0.0621 seconds
                  HADV completed...       1.4205 seconds
                  ZADV completed...       0.3130 seconds
                 HDIFF completed...       0.2060 seconds
              DECOUPLE completed...       0.0440 seconds
                  PHOT completed...       0.4704 seconds
               CLDPROC completed...       0.1885 seconds
                  CHEM completed...       0.7471 seconds
                  AERO completed...       0.9282 seconds
            Master Time Step
            Processing completed...       5.3501 seconds

     Processing Day/Time [YYYYDDD:HHMMSS]: 2017357:223600
       Which is Equivalent to (UTC): 22:36:00 Saturday,  Dec. 23, 2017
       Time-Step Length (HHMMSS): 000400
                 VDIFF completed...       0.9445 seconds
                COUPLE completed...       0.0643 seconds
                  HADV completed...       1.4223 seconds
                  ZADV completed...       0.3127 seconds
                 HDIFF completed...       0.2074 seconds
              DECOUPLE completed...       0.0442 seconds
                  PHOT completed...       0.4726 seconds
               CLDPROC completed...       0.1883 seconds
                  CHEM completed...       0.7456 seconds
                  AERO completed...       0.9343 seconds
            Master Time Step
            Processing completed...       5.3403 seconds

     Processing Day/Time [YYYYDDD:HHMMSS]: 2017357:224000
       Which is Equivalent to (UTC): 22:40:00 Saturday,  Dec. 23, 2017
       Time-Step Length (HHMMSS): 000400
                 VDIFF completed...       0.9370 seconds
                COUPLE completed...       0.0622 seconds
                  HADV completed...       1.4221 seconds
                  ZADV completed...       0.3126 seconds
                 HDIFF completed...       0.2063 seconds
              DECOUPLE completed...       0.0442 seconds
                  PHOT completed...       0.4704 seconds
               CLDPROC completed...       0.1853 seconds
                  CHEM completed...       0.7499 seconds
                  AERO completed...       0.9312 seconds
            Master Time Step
            Processing completed...       5.3263 seconds

     Processing Day/Time [YYYYDDD:HHMMSS]: 2017357:224400
       Which is Equivalent to (UTC): 22:44:00 Saturday,  Dec. 23, 2017
       Time-Step Length (HHMMSS): 000400
                 VDIFF completed...       0.9319 seconds
                COUPLE completed...       0.0652 seconds
                  HADV completed...       1.4239 seconds
                  ZADV completed...       0.3122 seconds
                 HDIFF completed...       0.2070 seconds
              DECOUPLE completed...       0.0436 seconds
                  PHOT completed...       0.4713 seconds
               CLDPROC completed...       0.1832 seconds
                  CHEM completed...       0.7512 seconds
                  AERO completed...       0.9310 seconds
            Master Time Step
            Processing completed...       5.3256 seconds

     Processing Day/Time [YYYYDDD:HHMMSS]: 2017357:224800
       Which is Equivalent to (UTC): 22:48:00 Saturday,  Dec. 23, 2017
       Time-Step Length (HHMMSS): 000400
                 VDIFF completed...       0.9282 seconds
                COUPLE completed...       0.0669 seconds
                  HADV completed...       1.4068 seconds
                  ZADV completed...       0.3104 seconds
                 HDIFF completed...       0.2089 seconds
              DECOUPLE completed...       0.0440 seconds
                  PHOT completed...       0.4712 seconds
               CLDPROC completed...       0.1811 seconds
                  CHEM completed...       0.7546 seconds
                  AERO completed...       0.9413 seconds
            Master Time Step
            Processing completed...       5.3185 seconds

     Processing Day/Time [YYYYDDD:HHMMSS]: 2017357:225200
       Which is Equivalent to (UTC): 22:52:00 Saturday,  Dec. 23, 2017
       Time-Step Length (HHMMSS): 000400
                 VDIFF completed...       0.9277 seconds
                COUPLE completed...       0.0644 seconds
                  HADV completed...       1.3961 seconds
                  ZADV completed...       0.3132 seconds
                 HDIFF completed...       0.2061 seconds
              DECOUPLE completed...       0.0444 seconds
                  PHOT completed...       0.4723 seconds
               CLDPROC completed...       0.1801 seconds
                  CHEM completed...       0.7586 seconds
                  AERO completed...       0.9633 seconds
            Master Time Step
            Processing completed...       5.3313 seconds

     Processing Day/Time [YYYYDDD:HHMMSS]: 2017357:225600
       Which is Equivalent to (UTC): 22:56:00 Saturday,  Dec. 23, 2017
       Time-Step Length (HHMMSS): 000400
                 VDIFF completed...       2.5186 seconds
                COUPLE completed...       0.1704 seconds
                  HADV completed...       1.0249 seconds
                  ZADV completed...       0.3126 seconds
                 HDIFF completed...       0.2067 seconds
              DECOUPLE completed...       0.0441 seconds
                  PHOT completed...       0.4676 seconds
               CLDPROC completed...       1.4315 seconds
                  CHEM completed...       0.7608 seconds
                  AERO completed...       0.9147 seconds
            Master Time Step
            Processing completed...       7.8575 seconds

      =--> Data Output completed...       1.1981 seconds

     Processing Day/Time [YYYYDDD:HHMMSS]: 2017357:230000
       Which is Equivalent to (UTC): 23:00:00 Saturday,  Dec. 23, 2017
       Time-Step Length (HHMMSS): 000400
                 VDIFF completed...       4.4155 seconds
                COUPLE completed...       0.1539 seconds
                  HADV completed...       3.4795 seconds
                  ZADV completed...       0.3122 seconds
                 HDIFF completed...       0.3323 seconds
              DECOUPLE completed...       0.0446 seconds
                  PHOT completed...       1.2941 seconds
               CLDPROC completed...       0.1761 seconds
                  CHEM completed...       0.7624 seconds
                  AERO completed...       0.9500 seconds
            Master Time Step
            Processing completed...      11.9246 seconds

     Processing Day/Time [YYYYDDD:HHMMSS]: 2017357:230400
       Which is Equivalent to (UTC): 23:04:00 Saturday,  Dec. 23, 2017
       Time-Step Length (HHMMSS): 000400
                 VDIFF completed...       0.9099 seconds
                COUPLE completed...       0.0576 seconds
                  HADV completed...       1.4262 seconds
                  ZADV completed...       0.3154 seconds
                 HDIFF completed...       0.2052 seconds
              DECOUPLE completed...       0.0446 seconds
                  PHOT completed...       0.4742 seconds
               CLDPROC completed...       0.1718 seconds
                  CHEM completed...       0.7654 seconds
                  AERO completed...       0.9429 seconds
            Master Time Step
            Processing completed...       5.3142 seconds

     Processing Day/Time [YYYYDDD:HHMMSS]: 2017357:230800
       Which is Equivalent to (UTC): 23:08:00 Saturday,  Dec. 23, 2017
       Time-Step Length (HHMMSS): 000400
                 VDIFF completed...       0.9037 seconds
                COUPLE completed...       0.0588 seconds
                  HADV completed...       1.4044 seconds
                  ZADV completed...       0.3134 seconds
                 HDIFF completed...       0.2066 seconds
              DECOUPLE completed...       0.0444 seconds
                  PHOT completed...       0.4740 seconds
               CLDPROC completed...       0.1644 seconds
                  CHEM completed...       0.7671 seconds
                  AERO completed...       0.9452 seconds
            Master Time Step
            Processing completed...       5.2858 seconds

     Processing Day/Time [YYYYDDD:HHMMSS]: 2017357:231200
       Which is Equivalent to (UTC): 23:12:00 Saturday,  Dec. 23, 2017
       Time-Step Length (HHMMSS): 000400
                 VDIFF completed...       0.8954 seconds
                COUPLE completed...       0.0609 seconds
                  HADV completed...       1.3950 seconds
                  ZADV completed...       0.3150 seconds
                 HDIFF completed...       0.2083 seconds
              DECOUPLE completed...       0.0440 seconds
                  PHOT completed...       0.4736 seconds
               CLDPROC completed...       0.1616 seconds
                  CHEM completed...       0.7677 seconds
                  AERO completed...       0.9480 seconds
            Master Time Step
            Processing completed...       5.2730 seconds

     Processing Day/Time [YYYYDDD:HHMMSS]: 2017357:231600
       Which is Equivalent to (UTC): 23:16:00 Saturday,  Dec. 23, 2017
       Time-Step Length (HHMMSS): 000400
                 VDIFF completed...       0.9140 seconds
                COUPLE completed...       0.0652 seconds
                  HADV completed...       1.3523 seconds
                  ZADV completed...       0.3159 seconds
                 HDIFF completed...       0.2044 seconds
              DECOUPLE completed...       0.0444 seconds
                  PHOT completed...       0.4749 seconds
               CLDPROC completed...       0.1590 seconds
                  CHEM completed...       0.7733 seconds
                  AERO completed...       0.9489 seconds
            Master Time Step
            Processing completed...       5.2569 seconds

     Processing Day/Time [YYYYDDD:HHMMSS]: 2017357:232000
       Which is Equivalent to (UTC): 23:20:00 Saturday,  Dec. 23, 2017
       Time-Step Length (HHMMSS): 000400
                 VDIFF completed...       0.9012 seconds
                COUPLE completed...       0.0703 seconds
                  HADV completed...       1.3246 seconds
                  ZADV completed...       0.3142 seconds
                 HDIFF completed...       0.2052 seconds
              DECOUPLE completed...       0.0443 seconds
                  PHOT completed...       0.4735 seconds
               CLDPROC completed...       0.1557 seconds
                  CHEM completed...       0.7760 seconds
                  AERO completed...       0.9475 seconds
            Master Time Step
            Processing completed...       5.2168 seconds

     Processing Day/Time [YYYYDDD:HHMMSS]: 2017357:232400
       Which is Equivalent to (UTC): 23:24:00 Saturday,  Dec. 23, 2017
       Time-Step Length (HHMMSS): 000400
                 VDIFF completed...       0.8916 seconds
                COUPLE completed...       0.0720 seconds
                  HADV completed...       1.3237 seconds
                  ZADV completed...       0.3150 seconds
                 HDIFF completed...       0.2048 seconds
              DECOUPLE completed...       0.0446 seconds
                  PHOT completed...       0.4728 seconds
               CLDPROC completed...       0.1530 seconds
                  CHEM completed...       0.7763 seconds
                  AERO completed...       0.9519 seconds
            Master Time Step
            Processing completed...       5.2110 seconds

     Processing Day/Time [YYYYDDD:HHMMSS]: 2017357:232800
       Which is Equivalent to (UTC): 23:28:00 Saturday,  Dec. 23, 2017
       Time-Step Length (HHMMSS): 000400
                 VDIFF completed...       0.8857 seconds
                COUPLE completed...       0.0636 seconds
                  HADV completed...       1.3091 seconds
                  ZADV completed...       0.3164 seconds
                 HDIFF completed...       0.2034 seconds
              DECOUPLE completed...       0.0446 seconds
                  PHOT completed...       0.4749 seconds
               CLDPROC completed...       0.1513 seconds
                  CHEM completed...       0.7782 seconds
                  AERO completed...       0.9569 seconds
            Master Time Step
            Processing completed...       5.1890 seconds

     Processing Day/Time [YYYYDDD:HHMMSS]: 2017357:233200
       Which is Equivalent to (UTC): 23:32:00 Saturday,  Dec. 23, 2017
       Time-Step Length (HHMMSS): 000400
                 VDIFF completed...       0.8811 seconds
                COUPLE completed...       0.0621 seconds
                  HADV completed...       1.3000 seconds
                  ZADV completed...       0.3129 seconds
                 HDIFF completed...       0.2074 seconds
              DECOUPLE completed...       0.0451 seconds
                  PHOT completed...       0.4746 seconds
               CLDPROC completed...       0.1488 seconds
                  CHEM completed...       0.7796 seconds
                  AERO completed...       0.9544 seconds
            Master Time Step
            Processing completed...       5.1712 seconds

     Processing Day/Time [YYYYDDD:HHMMSS]: 2017357:233600
       Which is Equivalent to (UTC): 23:36:00 Saturday,  Dec. 23, 2017
       Time-Step Length (HHMMSS): 000400
                 VDIFF completed...       0.8806 seconds
                COUPLE completed...       0.0581 seconds
                  HADV completed...       1.3040 seconds
                  ZADV completed...       0.3154 seconds
                 HDIFF completed...       0.2052 seconds
              DECOUPLE completed...       0.0450 seconds
                  PHOT completed...       0.4743 seconds
               CLDPROC completed...       0.1458 seconds
                  CHEM completed...       0.7844 seconds
                  AERO completed...       0.9548 seconds
            Master Time Step
            Processing completed...       5.1724 seconds

     Processing Day/Time [YYYYDDD:HHMMSS]: 2017357:234000
       Which is Equivalent to (UTC): 23:40:00 Saturday,  Dec. 23, 2017
       Time-Step Length (HHMMSS): 000400
                 VDIFF completed...       0.8822 seconds
                COUPLE completed...       0.0540 seconds
                  HADV completed...       1.2902 seconds
                  ZADV completed...       0.3153 seconds
                 HDIFF completed...       0.2048 seconds
              DECOUPLE completed...       0.0450 seconds
                  PHOT completed...       0.4753 seconds
               CLDPROC completed...       0.1406 seconds
                  CHEM completed...       0.7883 seconds
                  AERO completed...       0.9574 seconds
            Master Time Step
            Processing completed...       5.1579 seconds

     Processing Day/Time [YYYYDDD:HHMMSS]: 2017357:234400
       Which is Equivalent to (UTC): 23:44:00 Saturday,  Dec. 23, 2017
       Time-Step Length (HHMMSS): 000400
                 VDIFF completed...       0.8770 seconds
                COUPLE completed...       0.0514 seconds
                  HADV completed...       1.2984 seconds
                  ZADV completed...       0.3145 seconds
                 HDIFF completed...       0.2054 seconds
              DECOUPLE completed...       0.0448 seconds
                  PHOT completed...       0.4751 seconds
               CLDPROC completed...       0.1376 seconds
                  CHEM completed...       0.7938 seconds
                  AERO completed...       0.9613 seconds
            Master Time Step
            Processing completed...       5.1644 seconds

     Processing Day/Time [YYYYDDD:HHMMSS]: 2017357:234800
       Which is Equivalent to (UTC): 23:48:00 Saturday,  Dec. 23, 2017
       Time-Step Length (HHMMSS): 000400
                 VDIFF completed...       0.8845 seconds
                COUPLE completed...       0.0453 seconds
                  HADV completed...       1.2774 seconds
                  ZADV completed...       0.3144 seconds
                 HDIFF completed...       0.2064 seconds
              DECOUPLE completed...       0.0452 seconds
                  PHOT completed...       0.4760 seconds
               CLDPROC completed...       0.1342 seconds
                  CHEM completed...       0.7994 seconds
                  AERO completed...       0.9616 seconds
            Master Time Step
            Processing completed...       5.1492 seconds

     Processing Day/Time [YYYYDDD:HHMMSS]: 2017357:235200
       Which is Equivalent to (UTC): 23:52:00 Saturday,  Dec. 23, 2017
       Time-Step Length (HHMMSS): 000400
                 VDIFF completed...       0.8674 seconds
                COUPLE completed...       0.0441 seconds
                  HADV completed...       1.2777 seconds
                  ZADV completed...       0.3155 seconds
                 HDIFF completed...       0.2048 seconds
              DECOUPLE completed...       0.0450 seconds
                  PHOT completed...       0.4763 seconds
               CLDPROC completed...       0.1319 seconds
                  CHEM completed...       0.8051 seconds
                  AERO completed...       0.9719 seconds
            Master Time Step
            Processing completed...       5.1446 seconds

     Processing Day/Time [YYYYDDD:HHMMSS]: 2017357:235600
       Which is Equivalent to (UTC): 23:56:00 Saturday,  Dec. 23, 2017
       Time-Step Length (HHMMSS): 000400
                 VDIFF completed...       2.2527 seconds
                COUPLE completed...       0.1699 seconds
                  HADV completed...       1.1000 seconds
                  ZADV completed...       0.3138 seconds
                 HDIFF completed...       0.2072 seconds
              DECOUPLE completed...       0.0451 seconds
                  PHOT completed...       0.4659 seconds
               CLDPROC completed...       1.3401 seconds
                  CHEM completed...       0.8078 seconds
                  AERO completed...       0.9512 seconds
            Master Time Step
            Processing completed...       7.6593 seconds

      =--> Data Output completed...       1.1454 seconds


     ==============================================
     |>---   PROGRAM COMPLETED SUCCESSFULLY   ---<|
     ==============================================
     Date and time 0:00:00   Dec. 24, 2017  (2017358:000000)

     The elapsed time for this simulation was    2295.7 seconds.

133628.924u 3294.124s 38:20.18 5952.7%	0+0k 41886608+52951664io 139312pf+0w

CMAQ Processing of Day 20171223 Finished at Fri Mar  7 00:29:26 UTC 2025

\\\\\=====\\\\\=====\\\\\=====\\\\\=====/////=====/////=====/////=====/////


==================================
  ***** CMAQ TIMING REPORT *****
==================================
Start Day: 2017-12-22
End Day:   2017-12-23
Number of Simulation Days: 2
Domain Name:               12US1
Number of Grid Cells:      4803435  (ROW x COL x LAY)
Number of Layers:          35
Number of Processes:       128
   All times are in seconds.

Num  Day        Wall Time
01   2017-12-22   2085.6
02   2017-12-23   2295.7
     Total Time = 4381.30
      Avg. Time = 2190.65
