Start Model Run At  Thu Mar 6 19:44:07 UTC 2025
information about processor including whether using hyperthreading
Architecture:                       aarch64
CPU op-mode(s):                     32-bit, 64-bit
Byte Order:                         Little Endian
CPU(s):                             64
On-line CPU(s) list:                0-63
Thread(s) per core:                 1
Core(s) per socket:                 64
Socket(s):                          1
NUMA node(s):                       1
Vendor ID:                          ARM
Model:                              1
Stepping:                           r1p1
BogoMIPS:                           2100.00
L1d cache:                          4 MiB
L1i cache:                          4 MiB
L2 cache:                           64 MiB
L3 cache:                           32 MiB
NUMA node0 CPU(s):                  0-63
Vulnerability Gather data sampling: Not affected
Vulnerability Itlb multihit:        Not affected
Vulnerability L1tf:                 Not affected
Vulnerability Mds:                  Not affected
Vulnerability Meltdown:             Not affected
Vulnerability Mmio stale data:      Not affected
Vulnerability Retbleed:             Not affected
Vulnerability Spec rstack overflow: Not affected
Vulnerability Spec store bypass:    Mitigation; Speculative Store Bypass disabled via prctl
Vulnerability Spectre v1:           Mitigation; __user pointer sanitization
Vulnerability Spectre v2:           Mitigation; CSV2, BHB
Vulnerability Srbds:                Not affected
Vulnerability Tsx async abort:      Not affected
Flags:                              fp asimd evtstrm aes pmull sha1 sha2 crc32 atomics fphp asimdhp cpuid asimdrdm jscvt fcma lrcpc dcpop sha3 sm3 sm4 asimddp sha512 sve asimdfhm dit uscat ilrcpc flagm ssbs paca pacg dcpodp svei8mm svebf16 i8mm bf16 dgh rng
information about cluster
PARTITION AVAIL  TIMELIMIT  NODES  STATE NODELIST
queue1*      up   infinite     17  idle~ queue1-dy-compute-resource-1-[3-12],queue1-dy-compute-resource-2-[1-7]
queue1*      up   infinite      2  alloc queue1-dy-compute-resource-1-[1-2]
information about filesystem
Filesystem                              Size  Used Avail Use% Mounted on
/dev/root                                39G   22G   17G  57% /
devtmpfs                                 62G     0   62G   0% /dev
tmpfs                                    62G     0   62G   0% /dev/shm
tmpfs                                    13G  1.0M   13G   1% /run
tmpfs                                   5.0M     0  5.0M   0% /run/lock
tmpfs                                    62G     0   62G   0% /sys/fs/cgroup
/dev/nvme0n1p15                          98M  6.3M   92M   7% /boot/efi
/dev/loop0                               22M   22M     0 100% /snap/amazon-ssm-agent/7994
/dev/loop3                               34M   34M     0 100% /snap/snapd/21467
/dev/loop2                               92M   92M     0 100% /snap/lxd/24065
/dev/loop4                               60M   60M     0 100% /snap/core20/2321
/dev/loop1                               50M   50M     0 100% /snap/core18/2826
10.0.15.80:/opt/parallelcluster/shared   39G   23G   17G  58% /opt/parallelcluster/shared
10.0.15.80:/home                         39G   23G   17G  58% /home
10.0.15.80:/shared                      246G   88G  148G  38% /shared
10.0.4.244@tcp:/7oiolb4v                1.1T  255G  861G  23% /fsx
10.0.15.80:/opt/slurm                    39G   23G   17G  58% /opt/slurm
list the mounted volumes
clnt_create: RPC: Program not registered
Compiler is set to gcc

Working Directory is /shared/build/openmpi_gcc/CMAQ_v54+/CCTM/scripts
Build Directory is /shared/build/openmpi_gcc/CMAQ_v54+/CCTM/scripts/BLD_CCTM_v54+_gcc
Output Directory is //shared/build/openmpi_gcc/CMAQ_v54+/data/output/output_v54+_cb6r5_ae7_aq_WR413_MYR_gcc_2018_12US1_2x64_classic
Log Directory is //shared/build/openmpi_gcc/CMAQ_v54+/data/output/output_v54+_cb6r5_ae7_aq_WR413_MYR_gcc_2018_12US1_2x64_classic/LOGS
Executable Name is CCTM_v54+.exe

---CMAQ EXECUTION ID: CMAQ_CCTMv54+_sha=0fcfdaa092_ubuntu_20250306_194407_713096682 ---

Set up input and output files for Day 2017-12-22.

Existing Logs and Output Files for Day 2017-12-22 Will Be Deleted
rm: No match.

CMAQ Processing of Day 20171222 Began at Thu Mar  6 19:44:07 UTC 2025

        CTM_APPL  |  v54+_cb6r5_ae7_aq_WR413_MYR_gcc_2018_12US1_2x64_classic_20171222
#================================================================================#        
#|                                                                              |#        
#|               The Community Multiscale Air Quality (CMAQ) Model              |#        
#|                                   Version 5.4                                |#        
#|                                                                              |#        
#|                          Built and Maintained by the                         |#        
#|                        Office of Research and Development                    |#        
#|                   United States Environmental Protection Agency              |#        
#|                                                                              |#        
#|                            https://www.epa.gov/cmaq                          |#        
#|                                                                              |#        
#|       Source Code:   https://www.github.com/USEPA/cmaq/tree/master           |#        
#|       Documentation: https://www.github.com/USEPA/cmaq/tree/master/DOCS      |#        
#|                                                                              |#        
#|         The CMAQ Model is tested and released with cooperation from          |#        
#|         the Community Modeling and Analysis System (CMAS) Center via         |#        
#|         contract support. CMAS is managed by the Institute for the           |#        
#|         Environment, University of North Carolina at Chapel Hill.            |#        
#|         CMAS URL: (https://www.cmascenter.org)                               |#        
#|                                                                              |#        
#================================================================================#        
                                                                     
     This program uses the EPA-AREAL/MCNC-EnvPgms/BAMS/ UNC IE       
     Models-3 I/O Applications Programming Interface, [I/O API]      
     which is built on top of the netCDF I/O library (Copyright      
     993, 1996 University Corporation for Atmospheric Research       
     Unidata Program) and the PVM parallel-programming library       
     (from Oak Ridge National Laboratory).                           
     Copyright (C) 1992-2002 MCNC,                                   
     (C) 1992-2018 Carlie J. Coats, Jr.,                             
     (C) 2003-2012 Baron Advanced Meteorological Systems, LLC, and   
     (C) 2014-2023 UNC Institute for the Environment.                
     Released under the GNU LGPL  License, version 2.1.  See URL     
                                                                     
         https://www.gnu.org/licenses/old-licenses/lgpl-2.1.html     
                                                                     
     for conditions of use.                                          
                                                                     
     ioapi-3.2: $Id: init3.F90 247 2023-03-22 15:59:19Z coats $
     netCDF version 4.8.1 of Jun 30 2023 14:38:29 $
      

     ===========================================
     |>---   ENVIRONMENT VARIABLE REPORT   ---<|
     ===========================================

     |> Grid and High-Level Model Parameters:
     +=========================================
      --Env Variable-- | --Value--
      --------------------------------------------------------------------------------
             BLD  |             (default)
          OUTDIR  |  //shared/build/openmpi_gcc/CMAQ_v54+/data/output/output_v54+_cb6r5_ae7_aq_WR413_MYR_gcc_2018_12US1_2x64_classic
       NEW_START  |          T
  IGNORE_SOILINP  |          F (default)
    EXECUTION_ID  |  CMAQ_CCTMv54+_sha=0fcfdaa092_ubuntu_20250306_194407_713096682
       GRID_NAME  |  12US1
       CTM_TSTEP  |       10000
      CTM_RUNLEN  |      240000
    CTM_PROGNAME  |  DRIVER (default)
      CTM_STDATE  |     2017356
      CTM_STTIME  |           0
     NPCOL_NPROW  |  8 16
     CTM_MAXSYNC  |         300
     CTM_MINSYNC  |          60

     |> Multiprocess control, output and error checking:
     +====================================================
      --Env Variable-- | --Value--
      --------------------------------------------------------------------------------
 PRINT_PROC_TIME  |          T
     FL_ERR_STOP  |          F
       CTM_CKSUM  |          T
AVG_FILE_ENDTIME  |          F
   AVG_CONC_SPCS  |  ALL
       CONC_SPCS  |  O3 NO ANO3I ANO3J NO2 FORM ISOP NH3 ANH4I ANH4J ASO4I ASO4J
 ACONC_BLEV_ELEV  |   1 1
  CONC_BLEV_ELEV  |   1 1
 IOAPI_LOG_WRITE  |          F
         VERTEXT  |          F
VERTEXT_COORD_PA  |  /shared/build/openmpi_gcc/CMAQ_v54+/CCTM/scripts/lonlat.csv
   gc_matrix_nml  |  /shared/build/openmpi_gcc/CMAQ_v54+/CCTM/scripts/BLD_CCTM_v54+_gcc/GC_cb6r5_ae7_aq.nml
   ae_matrix_nml  |  /shared/build/openmpi_gcc/CMAQ_v54+/CCTM/scripts/BLD_CCTM_v54+_gcc/AE_cb6r5_ae7_aq.nml
   nr_matrix_nml  |  /shared/build/openmpi_gcc/CMAQ_v54+/CCTM/scripts/BLD_CCTM_v54+_gcc/NR_cb6r5_ae7_aq.nml
   tr_matrix_nml  |  /shared/build/openmpi_gcc/CMAQ_v54+/CCTM/scripts/BLD_CCTM_v54+_gcc/Species_Table_TR_0.nml

     |> Chemistry and Photolysis:
     +=============================
      --Env Variable-- | --Value--
      --------------------------------------------------------------------------------
    CTM_PHOTDIAG  |          F
CORE_SHELL_OPTIC  |          F (default)
 OPTICS_MIE_CALC  |          F (default)
       GEAR_ATOL  |   0.100E-08 (default)
       GEAR_RTOL  |   0.100E-02 (default)
         RB_RTOL  |   0.100E-02 (default)
         RB_ATOL  |   0.100E-06 (default)

     |> Aerosols:
     +=============
      --Env Variable-- | --Value--
      --------------------------------------------------------------------------------
   IC_AERO_M2WET  |          F
   BC_AERO_M2WET  |          F
   IC_AERO_M2USE  |          F
   BC_AERO_M2USE  |          F
    STM_SO4TRACK  |          F

     |> Cloud Processes:
     +====================
      --Env Variable-- | --Value--
      --------------------------------------------------------------------------------
        CLD_DIAG  |          F

     |> Air-Surface Exchange Processes:
     +===================================
      --Env Variable-- | --Value--
      --------------------------------------------------------------------------------
      PX_VERSION  |          T
      CTM_ABFLUX  |          T
      CTM_MOSAIC  |          F
    CTM_SFC_HONO  |          T
     CLM_VERSION  |          F
    NOAH_VERSION  |          F
   CTM_DEPV_FILE  |          F
      CTM_HGBIDI  |          F
CTM_BIDI_FERT_NH  |          T
 CTM_WBDUST_BELD  |  UNKNOWN (default)
   STAGECTRL_NML  |  /shared/build/openmpi_gcc/CMAQ_v54+/CCTM/scripts/BLD_CCTM_v54+_gcc/CMAQ_Control_STAGE.nml
   CTM_STAGE_P22  |          F
   CTM_STAGE_E20  |          T
   CTM_STAGE_S22  |          F

     |> Transport Processes:
     +========================
      --Env Variable-- | --Value--
      --------------------------------------------------------------------------------
CTM_VDIFF_DIAG_F  |          F (default)
  SIGMA_SYNC_TOP  |   0.700E+00
    ADV_HDIV_LIM  |   0.900E+00 (default)
     CTM_ADV_CFL  |   0.950E+00
           KZMIN  |          T
        CTM_WVEL  |          T
   CTM_GRAV_SETL  |          T

     |> Emissions Parameters:
     +=========================
      --Env Variable-- | --Value--
      --------------------------------------------------------------------------------
      CTM_EMLAYS  |           0 (default)
   MISC_CTRL_NML  |  /shared/build/openmpi_gcc/CMAQ_v54+/CCTM/scripts/BLD_CCTM_v54+_gcc/CMAQ_Control_Misc.nml
  DESID_CTRL_NML  |  /shared/build/openmpi_gcc/CMAQ_v54+/CCTM/scripts/BLD_CCTM_v54+_gcc/CMAQ_Control_DESID.nml
DESID_CHEM_CTRL_  |  /shared/build/openmpi_gcc/CMAQ_v54+/CCTM/scripts/BLD_CCTM_v54+_gcc/CMAQ_Control_DESID_cb6r5_ae7_aq.nml
       N_EMIS_GR  |           2
       N_EMIS_TR  |           0 (default)
     CTM_EMISCHK  |          F
 CTM_BIOGEMIS_BE  |          T
 CTM_BIOGEMIS_MG  |          F
   USE_MEGAN_LAI  |          F (default)
    MGN_ONLN_DEP  |          F (default)
     BDSNP_MEGAN  |          F
       BIOG_SPRO  |  DEFAULT (default)
      B3GTS_DIAG  |          F
    CTM_MGEMDIAG  |          F (default)
  CTM_OCEAN_CHEM  |          T
     CTM_WB_DUST  |          F
 CTM_DUSTEM_DIAG  |          F
    CTM_SSEMDIAG  |          F
     CTM_LTNG_NO  |          F
   LTNG_ASSIM_DT  |           0 (default)
          LTNGNO  |  InLine (default)
        USE_NLDN  |          F (default)
        LTNGDIAG  |          F
         MOLSNCG  |   0.350E+03 (default)
         MOLSNIC  |   0.350E+03 (default)
       N_EMIS_PT  |          10
          IPVERT  |           0 (default)
   EMIS_SYM_DATE  |          F (default)

     |> Process Analysis Parameters:
     +================================
      --Env Variable-- | --Value--
      --------------------------------------------------------------------------------
      CTM_PROCAN  |          F
    PA_BCOL_ECOL  |             (default)
    PA_BROW_EROW  |             (default)
    PA_BLEV_ELEV  |             (default)
       MET_TSTEP  |       10000 (default)

     MET data determined based on WRF ARW version 4.3.3


          -=-  MPP Processor-to-Subdomain Map  -=-
                 Number of Processors = 128
    ____________________________________________________
    |                                                  |
    |  PE    #Cols    Col_Range     #Rows    Row_Range |
    |__________________________________________________|
    |                                                  |
    |  0       58      1:  58         19      1:  19   |
    |  1       58     59: 116         19      1:  19   |
    |  2       58    117: 174         19      1:  19   |
    |  3       57    175: 231         19      1:  19   |
    |  4       57    232: 288         19      1:  19   |
    |  5       57    289: 345         19      1:  19   |
    |  6       57    346: 402         19      1:  19   |
    |  7       57    403: 459         19      1:  19   |
    |  8       58      1:  58         19     20:  38   |
    |  9       58     59: 116         19     20:  38   |
    | 10       58    117: 174         19     20:  38   |
    | 11       57    175: 231         19     20:  38   |
    | 12       57    232: 288         19     20:  38   |
    | 13       57    289: 345         19     20:  38   |
    | 14       57    346: 402         19     20:  38   |
    | 15       57    403: 459         19     20:  38   |
    | 16       58      1:  58         19     39:  57   |
    | 17       58     59: 116         19     39:  57   |
    | 18       58    117: 174         19     39:  57   |
    | 19       57    175: 231         19     39:  57   |
    | 20       57    232: 288         19     39:  57   |
    | 21       57    289: 345         19     39:  57   |
    | 22       57    346: 402         19     39:  57   |
    | 23       57    403: 459         19     39:  57   |
    | 24       58      1:  58         19     58:  76   |
    | 25       58     59: 116         19     58:  76   |
    | 26       58    117: 174         19     58:  76   |
    | 27       57    175: 231         19     58:  76   |
    | 28       57    232: 288         19     58:  76   |
    | 29       57    289: 345         19     58:  76   |
    | 30       57    346: 402         19     58:  76   |
    | 31       57    403: 459         19     58:  76   |
    | 32       58      1:  58         19     77:  95   |
    | 33       58     59: 116         19     77:  95   |
    | 34       58    117: 174         19     77:  95   |
    | 35       57    175: 231         19     77:  95   |
    | 36       57    232: 288         19     77:  95   |
    | 37       57    289: 345         19     77:  95   |
    | 38       57    346: 402         19     77:  95   |
    | 39       57    403: 459         19     77:  95   |
    | 40       58      1:  58         19     96: 114   |
    | 41       58     59: 116         19     96: 114   |
    | 42       58    117: 174         19     96: 114   |
    | 43       57    175: 231         19     96: 114   |
    | 44       57    232: 288         19     96: 114   |
    | 45       57    289: 345         19     96: 114   |
    | 46       57    346: 402         19     96: 114   |
    | 47       57    403: 459         19     96: 114   |
    | 48       58      1:  58         19    115: 133   |
    | 49       58     59: 116         19    115: 133   |
    | 50       58    117: 174         19    115: 133   |
    | 51       57    175: 231         19    115: 133   |
    | 52       57    232: 288         19    115: 133   |
    | 53       57    289: 345         19    115: 133   |
    | 54       57    346: 402         19    115: 133   |
    | 55       57    403: 459         19    115: 133   |
    | 56       58      1:  58         19    134: 152   |
    | 57       58     59: 116         19    134: 152   |
    | 58       58    117: 174         19    134: 152   |
    | 59       57    175: 231         19    134: 152   |
    | 60       57    232: 288         19    134: 152   |
    | 61       57    289: 345         19    134: 152   |
    | 62       57    346: 402         19    134: 152   |
    | 63       57    403: 459         19    134: 152   |
    | 64       58      1:  58         19    153: 171   |
    | 65       58     59: 116         19    153: 171   |
    | 66       58    117: 174         19    153: 171   |
    | 67       57    175: 231         19    153: 171   |
    | 68       57    232: 288         19    153: 171   |
    | 69       57    289: 345         19    153: 171   |
    | 70       57    346: 402         19    153: 171   |
    | 71       57    403: 459         19    153: 171   |
    | 72       58      1:  58         19    172: 190   |
    | 73       58     59: 116         19    172: 190   |
    | 74       58    117: 174         19    172: 190   |
    | 75       57    175: 231         19    172: 190   |
    | 76       57    232: 288         19    172: 190   |
    | 77       57    289: 345         19    172: 190   |
    | 78       57    346: 402         19    172: 190   |
    | 79       57    403: 459         19    172: 190   |
    | 80       58      1:  58         19    191: 209   |
    | 81       58     59: 116         19    191: 209   |
    | 82       58    117: 174         19    191: 209   |
    | 83       57    175: 231         19    191: 209   |
    | 84       57    232: 288         19    191: 209   |
    | 85       57    289: 345         19    191: 209   |
    | 86       57    346: 402         19    191: 209   |
    | 87       57    403: 459         19    191: 209   |
    | 88       58      1:  58         18    210: 227   |
    | 89       58     59: 116         18    210: 227   |
    | 90       58    117: 174         18    210: 227   |
    | 91       57    175: 231         18    210: 227   |
    | 92       57    232: 288         18    210: 227   |
    | 93       57    289: 345         18    210: 227   |
    | 94       57    346: 402         18    210: 227   |
    | 95       57    403: 459         18    210: 227   |
    | 96       58      1:  58         18    228: 245   |
    | 97       58     59: 116         18    228: 245   |
    | 98       58    117: 174         18    228: 245   |
    | 99       57    175: 231         18    228: 245   |
    |100       57    232: 288         18    228: 245   |
    |101       57    289: 345         18    228: 245   |
    |102       57    346: 402         18    228: 245   |
    |103       57    403: 459         18    228: 245   |
    |104       58      1:  58         18    246: 263   |
    |105       58     59: 116         18    246: 263   |
    |106       58    117: 174         18    246: 263   |
    |107       57    175: 231         18    246: 263   |
    |108       57    232: 288         18    246: 263   |
    |109       57    289: 345         18    246: 263   |
    |110       57    346: 402         18    246: 263   |
    |111       57    403: 459         18    246: 263   |
    |112       58      1:  58         18    264: 281   |
    |113       58     59: 116         18    264: 281   |
    |114       58    117: 174         18    264: 281   |
    |115       57    175: 231         18    264: 281   |
    |116       57    232: 288         18    264: 281   |
    |117       57    289: 345         18    264: 281   |
    |118       57    346: 402         18    264: 281   |
    |119       57    403: 459         18    264: 281   |
    |120       58      1:  58         18    282: 299   |
    |121       58     59: 116         18    282: 299   |
    |122       58    117: 174         18    282: 299   |
    |123       57    175: 231         18    282: 299   |
    |124       57    232: 288         18    282: 299   |
    |125       57    289: 345         18    282: 299   |
    |126       57    346: 402         18    282: 299   |
    |127       57    403: 459         18    282: 299   |
    |__________________________________________________|



     ================================
     |>---   TIME INTEGRATION   ---<|
     ================================

     Processing Day/Time [YYYYDDD:HHMMSS]: 2017356:000000
       Which is Equivalent to (UTC): 0:00:00  Friday,  Dec. 22, 2017
       Time-Step Length (HHMMSS): 000500
                 VDIFF completed...       1.8094 seconds
                COUPLE completed...       0.1483 seconds
                  HADV completed...       2.2843 seconds
                  ZADV completed...       0.2975 seconds
                 HDIFF completed...       0.2272 seconds
              DECOUPLE completed...       0.0448 seconds
                  PHOT completed...       0.6690 seconds
               CLDPROC completed...       0.1661 seconds
                  CHEM completed...       0.8233 seconds
                  AERO completed...       1.0225 seconds
            Master Time Step
            Processing completed...       7.4955 seconds

     Processing Day/Time [YYYYDDD:HHMMSS]: 2017356:000500
       Which is Equivalent to (UTC): 0:05:00  Friday,  Dec. 22, 2017
       Time-Step Length (HHMMSS): 000500
                 VDIFF completed...       0.8482 seconds
                COUPLE completed...       0.0481 seconds
                  HADV completed...       2.2882 seconds
                  ZADV completed...       0.2900 seconds
                 HDIFF completed...       0.2331 seconds
              DECOUPLE completed...       0.0445 seconds
                  PHOT completed...       0.4730 seconds
               CLDPROC completed...       0.1652 seconds
                  CHEM completed...       0.7878 seconds
                  AERO completed...       1.0436 seconds
            Master Time Step
            Processing completed...       6.2233 seconds

     Processing Day/Time [YYYYDDD:HHMMSS]: 2017356:001000
       Which is Equivalent to (UTC): 0:10:00  Friday,  Dec. 22, 2017
       Time-Step Length (HHMMSS): 000500
                 VDIFF completed...       0.7970 seconds
                COUPLE completed...       0.0459 seconds
                  HADV completed...       1.9457 seconds
                  ZADV completed...       0.3088 seconds
                 HDIFF completed...       0.3176 seconds
              DECOUPLE completed...       0.0466 seconds
                  PHOT completed...       0.4997 seconds
               CLDPROC completed...       0.1811 seconds
                  CHEM completed...       0.7909 seconds
                  AERO completed...       1.0690 seconds
            Master Time Step
            Processing completed...       6.0060 seconds

     Processing Day/Time [YYYYDDD:HHMMSS]: 2017356:001500
       Which is Equivalent to (UTC): 0:15:00  Friday,  Dec. 22, 2017
       Time-Step Length (HHMMSS): 000500
                 VDIFF completed...       0.6857 seconds
                COUPLE completed...       0.0484 seconds
                  HADV completed...       1.8899 seconds
                  ZADV completed...       0.2925 seconds
                 HDIFF completed...       0.2731 seconds
              DECOUPLE completed...       0.0924 seconds
                  PHOT completed...       0.4197 seconds
               CLDPROC completed...       0.1738 seconds
                  CHEM completed...       0.7944 seconds
                  AERO completed...       1.0624 seconds
            Master Time Step
            Processing completed...       5.7359 seconds

     Processing Day/Time [YYYYDDD:HHMMSS]: 2017356:002000
       Which is Equivalent to (UTC): 0:20:00  Friday,  Dec. 22, 2017
       Time-Step Length (HHMMSS): 000500
                 VDIFF completed...       0.6723 seconds
                COUPLE completed...       0.0478 seconds
                  HADV completed...       1.7344 seconds
                  ZADV completed...       0.3028 seconds
                 HDIFF completed...       0.2267 seconds
              DECOUPLE completed...       0.0441 seconds
                  PHOT completed...       0.4789 seconds
               CLDPROC completed...       0.1741 seconds
                  CHEM completed...       0.8031 seconds
                  AERO completed...       1.0473 seconds
            Master Time Step
            Processing completed...       5.5349 seconds

     Processing Day/Time [YYYYDDD:HHMMSS]: 2017356:002500
       Which is Equivalent to (UTC): 0:25:00  Friday,  Dec. 22, 2017
       Time-Step Length (HHMMSS): 000500
                 VDIFF completed...       0.7002 seconds
                COUPLE completed...       0.0492 seconds
                  HADV completed...       1.6550 seconds
                  ZADV completed...       0.2999 seconds
                 HDIFF completed...       0.2156 seconds
              DECOUPLE completed...       0.0452 seconds
                  PHOT completed...       0.4797 seconds
               CLDPROC completed...       0.1744 seconds
                  CHEM completed...       0.8074 seconds
                  AERO completed...       1.0397 seconds
            Master Time Step
            Processing completed...       5.4701 seconds

     Processing Day/Time [YYYYDDD:HHMMSS]: 2017356:003000
       Which is Equivalent to (UTC): 0:30:00  Friday,  Dec. 22, 2017
       Time-Step Length (HHMMSS): 000500
                 VDIFF completed...       0.7061 seconds
                COUPLE completed...       0.0457 seconds
                  HADV completed...       1.8016 seconds
                  ZADV completed...       0.2998 seconds
                 HDIFF completed...       0.3009 seconds
              DECOUPLE completed...       0.0446 seconds
                  PHOT completed...       0.6681 seconds
               CLDPROC completed...       0.1720 seconds
                  CHEM completed...       0.8208 seconds
                  AERO completed...       1.0177 seconds
            Master Time Step
            Processing completed...       5.8809 seconds

     Processing Day/Time [YYYYDDD:HHMMSS]: 2017356:003500
       Which is Equivalent to (UTC): 0:35:00  Friday,  Dec. 22, 2017
       Time-Step Length (HHMMSS): 000500
                 VDIFF completed...       0.5919 seconds
                COUPLE completed...       0.0421 seconds
                  HADV completed...       1.5383 seconds
                  ZADV completed...       0.2979 seconds
                 HDIFF completed...       0.2220 seconds
              DECOUPLE completed...       0.0454 seconds
                  PHOT completed...       0.4582 seconds
               CLDPROC completed...       0.1724 seconds
                  CHEM completed...       0.8223 seconds
                  AERO completed...       1.0251 seconds
            Master Time Step
            Processing completed...       5.2171 seconds

     Processing Day/Time [YYYYDDD:HHMMSS]: 2017356:004000
       Which is Equivalent to (UTC): 0:40:00  Friday,  Dec. 22, 2017
       Time-Step Length (HHMMSS): 000500
                 VDIFF completed...       0.7434 seconds
                COUPLE completed...       0.0493 seconds
                  HADV completed...       1.5826 seconds
                  ZADV completed...       0.2989 seconds
                 HDIFF completed...       0.2142 seconds
              DECOUPLE completed...       0.0452 seconds
                  PHOT completed...       0.4447 seconds
               CLDPROC completed...       0.1695 seconds
                  CHEM completed...       0.8174 seconds
                  AERO completed...       1.0151 seconds
            Master Time Step
            Processing completed...       5.3811 seconds

     Processing Day/Time [YYYYDDD:HHMMSS]: 2017356:004500
       Which is Equivalent to (UTC): 0:45:00  Friday,  Dec. 22, 2017
       Time-Step Length (HHMMSS): 000500
                 VDIFF completed...       0.7823 seconds
                COUPLE completed...       0.0576 seconds
                  HADV completed...       1.5671 seconds
                  ZADV completed...       0.2981 seconds
                 HDIFF completed...       0.2167 seconds
              DECOUPLE completed...       0.0438 seconds
                  PHOT completed...       0.4320 seconds
               CLDPROC completed...       0.1692 seconds
                  CHEM completed...       0.8067 seconds
                  AERO completed...       0.9992 seconds
            Master Time Step
            Processing completed...       5.3735 seconds

     Processing Day/Time [YYYYDDD:HHMMSS]: 2017356:005000
       Which is Equivalent to (UTC): 0:50:00  Friday,  Dec. 22, 2017
       Time-Step Length (HHMMSS): 000500
                 VDIFF completed...       0.7963 seconds
                COUPLE completed...       0.0757 seconds
                  HADV completed...       1.5785 seconds
                  ZADV completed...       0.2985 seconds
                 HDIFF completed...       0.2161 seconds
              DECOUPLE completed...       0.0444 seconds
                  PHOT completed...       0.4209 seconds
               CLDPROC completed...       0.1679 seconds
                  CHEM completed...       0.7910 seconds
                  AERO completed...       1.0086 seconds
            Master Time Step
            Processing completed...       5.3987 seconds

     Processing Day/Time [YYYYDDD:HHMMSS]: 2017356:005500
       Which is Equivalent to (UTC): 0:55:00  Friday,  Dec. 22, 2017
       Time-Step Length (HHMMSS): 000500
                 VDIFF completed...       2.2240 seconds
                COUPLE completed...       0.1712 seconds
                  HADV completed...       1.3097 seconds
                  ZADV completed...       0.2986 seconds
                 HDIFF completed...       0.2165 seconds
              DECOUPLE completed...       0.0447 seconds
                  PHOT completed...       0.3643 seconds
               CLDPROC completed...       0.6511 seconds
                  CHEM completed...       0.8085 seconds
                  AERO completed...       1.0359 seconds
            Master Time Step
            Processing completed...       7.1265 seconds

      =--> Data Output completed...       1.0108 seconds

     Processing Day/Time [YYYYDDD:HHMMSS]: 2017356:010000
       Which is Equivalent to (UTC): 1:00:00  Friday,  Dec. 22, 2017
       Time-Step Length (HHMMSS): 000500
                 VDIFF completed...       5.4579 seconds
                COUPLE completed...       0.1382 seconds
                  HADV completed...       2.2991 seconds
                  ZADV completed...       0.2987 seconds
                 HDIFF completed...       0.2153 seconds
              DECOUPLE completed...       0.0442 seconds
                  PHOT completed...       1.4900 seconds
               CLDPROC completed...       0.1809 seconds
                  CHEM completed...       0.7333 seconds
                  AERO completed...       1.0466 seconds
            Master Time Step
            Processing completed...      11.9088 seconds

     Processing Day/Time [YYYYDDD:HHMMSS]: 2017356:010500
       Which is Equivalent to (UTC): 1:05:00  Friday,  Dec. 22, 2017
       Time-Step Length (HHMMSS): 000500
                 VDIFF completed...       0.8097 seconds
                COUPLE completed...       0.1035 seconds
                  HADV completed...       1.5735 seconds
                  ZADV completed...       0.2976 seconds
                 HDIFF completed...       0.2223 seconds
              DECOUPLE completed...       0.0437 seconds
                  PHOT completed...       0.3120 seconds
               CLDPROC completed...       0.1900 seconds
                  CHEM completed...       0.7140 seconds
                  AERO completed...       1.0603 seconds
            Master Time Step
            Processing completed...       5.3304 seconds

     Processing Day/Time [YYYYDDD:HHMMSS]: 2017356:011000
       Which is Equivalent to (UTC): 1:10:00  Friday,  Dec. 22, 2017
       Time-Step Length (HHMMSS): 000500
                 VDIFF completed...       0.8036 seconds
                COUPLE completed...       0.1010 seconds
                  HADV completed...       1.6102 seconds
                  ZADV completed...       0.2911 seconds
                 HDIFF completed...       0.2325 seconds
              DECOUPLE completed...       0.0445 seconds
                  PHOT completed...       0.2603 seconds
               CLDPROC completed...       0.2001 seconds
                  CHEM completed...       0.7252 seconds
                  AERO completed...       1.0670 seconds
            Master Time Step
            Processing completed...       5.3373 seconds

     Processing Day/Time [YYYYDDD:HHMMSS]: 2017356:011500
       Which is Equivalent to (UTC): 1:15:00  Friday,  Dec. 22, 2017
       Time-Step Length (HHMMSS): 000500
                 VDIFF completed...       0.7993 seconds
                COUPLE completed...       0.1009 seconds
                  HADV completed...       1.8132 seconds
                  ZADV completed...       0.2980 seconds
                 HDIFF completed...       0.2169 seconds
              DECOUPLE completed...       0.0445 seconds
                  PHOT completed...       0.2247 seconds
               CLDPROC completed...       0.2184 seconds
                  CHEM completed...       0.7292 seconds
                  AERO completed...       1.0682 seconds
            Master Time Step
            Processing completed...       5.5180 seconds

     Processing Day/Time [YYYYDDD:HHMMSS]: 2017356:012000
       Which is Equivalent to (UTC): 1:20:00  Friday,  Dec. 22, 2017
       Time-Step Length (HHMMSS): 000500
                 VDIFF completed...       0.8107 seconds
                COUPLE completed...       0.0982 seconds
                  HADV completed...       1.6608 seconds
                  ZADV completed...       0.2963 seconds
                 HDIFF completed...       0.2180 seconds
              DECOUPLE completed...       0.0447 seconds
                  PHOT completed...       0.1987 seconds
               CLDPROC completed...       0.2369 seconds
                  CHEM completed...       0.7282 seconds
                  AERO completed...       1.0700 seconds
            Master Time Step
            Processing completed...       5.3671 seconds

     Processing Day/Time [YYYYDDD:HHMMSS]: 2017356:012500
       Which is Equivalent to (UTC): 1:25:00  Friday,  Dec. 22, 2017
       Time-Step Length (HHMMSS): 000500
                 VDIFF completed...       0.8158 seconds
                COUPLE completed...       0.1012 seconds
                  HADV completed...       1.6507 seconds
                  ZADV completed...       0.2981 seconds
                 HDIFF completed...       0.2163 seconds
              DECOUPLE completed...       0.0436 seconds
                  PHOT completed...       0.1802 seconds
               CLDPROC completed...       0.2520 seconds
                  CHEM completed...       0.7266 seconds
                  AERO completed...       1.0690 seconds
            Master Time Step
            Processing completed...       5.3586 seconds

     Processing Day/Time [YYYYDDD:HHMMSS]: 2017356:013000
       Which is Equivalent to (UTC): 1:30:00  Friday,  Dec. 22, 2017
       Time-Step Length (HHMMSS): 000500
                 VDIFF completed...       0.8183 seconds
                COUPLE completed...       0.1002 seconds
                  HADV completed...       1.6545 seconds
                  ZADV completed...       0.2988 seconds
                 HDIFF completed...       0.2153 seconds
              DECOUPLE completed...       0.0444 seconds
                  PHOT completed...       0.1794 seconds
               CLDPROC completed...       0.2541 seconds
                  CHEM completed...       0.7217 seconds
                  AERO completed...       1.0695 seconds
            Master Time Step
            Processing completed...       5.3608 seconds

     Processing Day/Time [YYYYDDD:HHMMSS]: 2017356:013500
       Which is Equivalent to (UTC): 1:35:00  Friday,  Dec. 22, 2017
       Time-Step Length (HHMMSS): 000500
                 VDIFF completed...       0.8125 seconds
                COUPLE completed...       0.1029 seconds
                  HADV completed...       1.6484 seconds
                  ZADV completed...       0.2989 seconds
                 HDIFF completed...       0.2154 seconds
              DECOUPLE completed...       0.0441 seconds
                  PHOT completed...       0.1799 seconds
               CLDPROC completed...       0.2525 seconds
                  CHEM completed...       0.7184 seconds
                  AERO completed...       1.0687 seconds
            Master Time Step
            Processing completed...       5.3472 seconds

     Processing Day/Time [YYYYDDD:HHMMSS]: 2017356:014000
       Which is Equivalent to (UTC): 1:40:00  Friday,  Dec. 22, 2017
       Time-Step Length (HHMMSS): 000500
                 VDIFF completed...       0.8116 seconds
                COUPLE completed...       0.1031 seconds
                  HADV completed...       1.6519 seconds
                  ZADV completed...       0.2967 seconds
                 HDIFF completed...       0.2175 seconds
              DECOUPLE completed...       0.0444 seconds
                  PHOT completed...       0.1791 seconds
               CLDPROC completed...       0.2524 seconds
                  CHEM completed...       0.7158 seconds
                  AERO completed...       1.0663 seconds
            Master Time Step
            Processing completed...       5.3444 seconds

     Processing Day/Time [YYYYDDD:HHMMSS]: 2017356:014500
       Which is Equivalent to (UTC): 1:45:00  Friday,  Dec. 22, 2017
       Time-Step Length (HHMMSS): 000500
                 VDIFF completed...       0.8092 seconds
                COUPLE completed...       0.1015 seconds
                  HADV completed...       1.6552 seconds
                  ZADV completed...       0.2963 seconds
                 HDIFF completed...       0.2188 seconds
              DECOUPLE completed...       0.0445 seconds
                  PHOT completed...       0.1791 seconds
               CLDPROC completed...       0.2521 seconds
                  CHEM completed...       0.7120 seconds
                  AERO completed...       1.0660 seconds
            Master Time Step
            Processing completed...       5.3403 seconds

     Processing Day/Time [YYYYDDD:HHMMSS]: 2017356:015000
       Which is Equivalent to (UTC): 1:50:00  Friday,  Dec. 22, 2017
       Time-Step Length (HHMMSS): 000500
                 VDIFF completed...       0.8082 seconds
                COUPLE completed...       0.0983 seconds
                  HADV completed...       1.6599 seconds
                  ZADV completed...       0.2964 seconds
                 HDIFF completed...       0.2185 seconds
              DECOUPLE completed...       0.0442 seconds
                  PHOT completed...       0.1789 seconds
               CLDPROC completed...       0.2524 seconds
                  CHEM completed...       0.7078 seconds
                  AERO completed...       1.0625 seconds
            Master Time Step
            Processing completed...       5.3320 seconds

     Processing Day/Time [YYYYDDD:HHMMSS]: 2017356:015500
       Which is Equivalent to (UTC): 1:55:00  Friday,  Dec. 22, 2017
       Time-Step Length (HHMMSS): 000500
                 VDIFF completed...       2.2806 seconds
                COUPLE completed...       0.1703 seconds
                  HADV completed...       1.3254 seconds
                  ZADV completed...       0.2964 seconds
                 HDIFF completed...       0.2190 seconds
              DECOUPLE completed...       0.0442 seconds
                  PHOT completed...       0.1787 seconds
               CLDPROC completed...       0.9111 seconds
                  CHEM completed...       0.7350 seconds
                  AERO completed...       1.0555 seconds
            Master Time Step
            Processing completed...       7.2223 seconds

      =--> Data Output completed...       1.1133 seconds

     Processing Day/Time [YYYYDDD:HHMMSS]: 2017356:020000
       Which is Equivalent to (UTC): 2:00:00  Friday,  Dec. 22, 2017
       Time-Step Length (HHMMSS): 000500
                 VDIFF completed...       5.5004 seconds
                COUPLE completed...       0.1375 seconds
                  HADV completed...       2.4428 seconds
                  ZADV completed...       0.2962 seconds
                 HDIFF completed...       0.2192 seconds
              DECOUPLE completed...       0.0445 seconds
                  PHOT completed...       1.3603 seconds
               CLDPROC completed...       0.2569 seconds
                  CHEM completed...       0.6999 seconds
                  AERO completed...       1.0553 seconds
            Master Time Step
            Processing completed...      12.0164 seconds

     Processing Day/Time [YYYYDDD:HHMMSS]: 2017356:020500
       Which is Equivalent to (UTC): 2:05:00  Friday,  Dec. 22, 2017
       Time-Step Length (HHMMSS): 000500
                 VDIFF completed...       0.8217 seconds
                COUPLE completed...       0.0997 seconds
                  HADV completed...       1.6310 seconds
                  ZADV completed...       0.2983 seconds
                 HDIFF completed...       0.2174 seconds
              DECOUPLE completed...       0.0452 seconds
                  PHOT completed...       0.1789 seconds
               CLDPROC completed...       0.2505 seconds
                  CHEM completed...       0.6953 seconds
                  AERO completed...       1.0569 seconds
            Master Time Step
            Processing completed...       5.3002 seconds

     Processing Day/Time [YYYYDDD:HHMMSS]: 2017356:021000
       Which is Equivalent to (UTC): 2:10:00  Friday,  Dec. 22, 2017
       Time-Step Length (HHMMSS): 000500
                 VDIFF completed...       0.8202 seconds
                COUPLE completed...       0.1015 seconds
                  HADV completed...       1.6241 seconds
                  ZADV completed...       0.2987 seconds
                 HDIFF completed...       0.2175 seconds
              DECOUPLE completed...       0.0445 seconds
                  PHOT completed...       0.1796 seconds
               CLDPROC completed...       0.2521 seconds
                  CHEM completed...       0.6893 seconds
                  AERO completed...       1.0500 seconds
            Master Time Step
            Processing completed...       5.2818 seconds

     Processing Day/Time [YYYYDDD:HHMMSS]: 2017356:021500
       Which is Equivalent to (UTC): 2:15:00  Friday,  Dec. 22, 2017
       Time-Step Length (HHMMSS): 000500
                 VDIFF completed...       0.8266 seconds
                COUPLE completed...       0.1019 seconds
                  HADV completed...       1.6312 seconds
                  ZADV completed...       0.3006 seconds
                 HDIFF completed...       0.2159 seconds
              DECOUPLE completed...       0.0452 seconds
                  PHOT completed...       0.1792 seconds
               CLDPROC completed...       0.2520 seconds
                  CHEM completed...       0.6847 seconds
                  AERO completed...       1.0441 seconds
            Master Time Step
            Processing completed...       5.2865 seconds

     Processing Day/Time [YYYYDDD:HHMMSS]: 2017356:022000
       Which is Equivalent to (UTC): 2:20:00  Friday,  Dec. 22, 2017
       Time-Step Length (HHMMSS): 000500
                 VDIFF completed...       0.8303 seconds
                COUPLE completed...       0.1031 seconds
                  HADV completed...       1.6346 seconds
                  ZADV completed...       0.3002 seconds
                 HDIFF completed...       0.2156 seconds
              DECOUPLE completed...       0.0449 seconds
                  PHOT completed...       0.1790 seconds
               CLDPROC completed...       0.2538 seconds
                  CHEM completed...       0.6813 seconds
                  AERO completed...       1.0403 seconds
            Master Time Step
            Processing completed...       5.2885 seconds

     Processing Day/Time [YYYYDDD:HHMMSS]: 2017356:022500
       Which is Equivalent to (UTC): 2:25:00  Friday,  Dec. 22, 2017
       Time-Step Length (HHMMSS): 000500
                 VDIFF completed...       0.8361 seconds
                COUPLE completed...       0.1056 seconds
                  HADV completed...       1.6286 seconds
                  ZADV completed...       0.2959 seconds
                 HDIFF completed...       0.2203 seconds
              DECOUPLE completed...       0.0447 seconds
                  PHOT completed...       0.1791 seconds
               CLDPROC completed...       0.2539 seconds
                  CHEM completed...       0.6822 seconds
                  AERO completed...       1.0400 seconds
            Master Time Step
            Processing completed...       5.2910 seconds

     Processing Day/Time [YYYYDDD:HHMMSS]: 2017356:023000
       Which is Equivalent to (UTC): 2:30:00  Friday,  Dec. 22, 2017
       Time-Step Length (HHMMSS): 000500
                 VDIFF completed...       0.8252 seconds
                COUPLE completed...       0.1064 seconds
                  HADV completed...       1.6367 seconds
                  ZADV completed...       0.2982 seconds
                 HDIFF completed...       0.2178 seconds
              DECOUPLE completed...       0.0448 seconds
                  PHOT completed...       0.1787 seconds
               CLDPROC completed...       0.2538 seconds
                  CHEM completed...       0.6774 seconds
                  AERO completed...       1.0374 seconds
            Master Time Step
            Processing completed...       5.2816 seconds

     Processing Day/Time [YYYYDDD:HHMMSS]: 2017356:023500
       Which is Equivalent to (UTC): 2:35:00  Friday,  Dec. 22, 2017
       Time-Step Length (HHMMSS): 000500
                 VDIFF completed...       0.8251 seconds
                COUPLE completed...       0.1046 seconds
                  HADV completed...       1.6413 seconds
                  ZADV completed...       0.2988 seconds
                 HDIFF completed...       0.2173 seconds
              DECOUPLE completed...       0.0454 seconds
                  PHOT completed...       0.1795 seconds
               CLDPROC completed...       0.2523 seconds
                  CHEM completed...       0.6757 seconds
                  AERO completed...       1.0382 seconds
            Master Time Step
            Processing completed...       5.2835 seconds

     Processing Day/Time [YYYYDDD:HHMMSS]: 2017356:024000
       Which is Equivalent to (UTC): 2:40:00  Friday,  Dec. 22, 2017
       Time-Step Length (HHMMSS): 000500
                 VDIFF completed...       0.8310 seconds
                COUPLE completed...       0.1046 seconds
                  HADV completed...       1.6360 seconds
                  ZADV completed...       0.2980 seconds
                 HDIFF completed...       0.2188 seconds
              DECOUPLE completed...       0.0453 seconds
                  PHOT completed...       0.1789 seconds
               CLDPROC completed...       0.2530 seconds
                  CHEM completed...       0.6749 seconds
                  AERO completed...       1.0367 seconds
            Master Time Step
            Processing completed...       5.2814 seconds

     Processing Day/Time [YYYYDDD:HHMMSS]: 2017356:024500
       Which is Equivalent to (UTC): 2:45:00  Friday,  Dec. 22, 2017
       Time-Step Length (HHMMSS): 000500
                 VDIFF completed...       0.8070 seconds
                COUPLE completed...       0.1025 seconds
                  HADV completed...       1.6663 seconds
                  ZADV completed...       0.2976 seconds
                 HDIFF completed...       0.2191 seconds
              DECOUPLE completed...       0.0461 seconds
                  PHOT completed...       0.1783 seconds
               CLDPROC completed...       0.2515 seconds
                  CHEM completed...       0.6730 seconds
                  AERO completed...       1.0383 seconds
            Master Time Step
            Processing completed...       5.2852 seconds

     Processing Day/Time [YYYYDDD:HHMMSS]: 2017356:025000
       Which is Equivalent to (UTC): 2:50:00  Friday,  Dec. 22, 2017
       Time-Step Length (HHMMSS): 000500
                 VDIFF completed...       0.8143 seconds
                COUPLE completed...       0.1013 seconds
                  HADV completed...       1.6490 seconds
                  ZADV completed...       0.2997 seconds
                 HDIFF completed...       0.2165 seconds
              DECOUPLE completed...       0.0447 seconds
                  PHOT completed...       0.1789 seconds
               CLDPROC completed...       0.2526 seconds
                  CHEM completed...       0.6687 seconds
                  AERO completed...       1.0267 seconds
            Master Time Step
            Processing completed...       5.2580 seconds

     Processing Day/Time [YYYYDDD:HHMMSS]: 2017356:025500
       Which is Equivalent to (UTC): 2:55:00  Friday,  Dec. 22, 2017
       Time-Step Length (HHMMSS): 000500
                 VDIFF completed...       2.3085 seconds
                COUPLE completed...       0.1702 seconds
                  HADV completed...       1.2965 seconds
                  ZADV completed...       0.2969 seconds
                 HDIFF completed...       0.2203 seconds
              DECOUPLE completed...       0.0450 seconds
                  PHOT completed...       0.1785 seconds
               CLDPROC completed...       0.9654 seconds
                  CHEM completed...       0.6543 seconds
                  AERO completed...       1.0434 seconds
            Master Time Step
            Processing completed...       7.1841 seconds

      =--> Data Output completed...       1.0940 seconds

     Processing Day/Time [YYYYDDD:HHMMSS]: 2017356:030000
       Which is Equivalent to (UTC): 3:00:00  Friday,  Dec. 22, 2017
       Time-Step Length (HHMMSS): 000500
                 VDIFF completed...       5.4877 seconds
                COUPLE completed...       0.1374 seconds
                  HADV completed...       2.3247 seconds
                  ZADV completed...       0.2958 seconds
                 HDIFF completed...       0.2197 seconds
              DECOUPLE completed...       0.0451 seconds
                  PHOT completed...       1.3956 seconds
               CLDPROC completed...       0.2557 seconds
                  CHEM completed...       0.6601 seconds
                  AERO completed...       1.0383 seconds
            Master Time Step
            Processing completed...      11.8648 seconds

     Processing Day/Time [YYYYDDD:HHMMSS]: 2017356:030500
       Which is Equivalent to (UTC): 3:05:00  Friday,  Dec. 22, 2017
       Time-Step Length (HHMMSS): 000500
                 VDIFF completed...       0.7734 seconds
                COUPLE completed...       0.1071 seconds
                  HADV completed...       1.7626 seconds
                  ZADV completed...       0.2973 seconds
                 HDIFF completed...       0.2197 seconds
              DECOUPLE completed...       0.0441 seconds
                  PHOT completed...       0.1791 seconds
               CLDPROC completed...       0.2522 seconds
                  CHEM completed...       0.6593 seconds
                  AERO completed...       1.0272 seconds
            Master Time Step
            Processing completed...       5.3266 seconds

     Processing Day/Time [YYYYDDD:HHMMSS]: 2017356:031000
       Which is Equivalent to (UTC): 3:10:00  Friday,  Dec. 22, 2017
       Time-Step Length (HHMMSS): 000500
                 VDIFF completed...       0.7878 seconds
                COUPLE completed...       0.1043 seconds
                  HADV completed...       1.7509 seconds
                  ZADV completed...       0.2966 seconds
                 HDIFF completed...       0.2209 seconds
              DECOUPLE completed...       0.0441 seconds
                  PHOT completed...       0.1799 seconds
               CLDPROC completed...       0.2499 seconds
                  CHEM completed...       0.6559 seconds
                  AERO completed...       1.0218 seconds
            Master Time Step
            Processing completed...       5.3144 seconds

     Processing Day/Time [YYYYDDD:HHMMSS]: 2017356:031500
       Which is Equivalent to (UTC): 3:15:00  Friday,  Dec. 22, 2017
       Time-Step Length (HHMMSS): 000500
                 VDIFF completed...       0.7979 seconds
                COUPLE completed...       0.1075 seconds
                  HADV completed...       1.7568 seconds
                  ZADV completed...       0.2930 seconds
                 HDIFF completed...       0.2243 seconds
              DECOUPLE completed...       0.0440 seconds
                  PHOT completed...       0.1789 seconds
               CLDPROC completed...       0.2497 seconds
                  CHEM completed...       0.6544 seconds
                  AERO completed...       1.0208 seconds
            Master Time Step
            Processing completed...       5.3327 seconds

     Processing Day/Time [YYYYDDD:HHMMSS]: 2017356:032000
       Which is Equivalent to (UTC): 3:20:00  Friday,  Dec. 22, 2017
       Time-Step Length (HHMMSS): 000500
                 VDIFF completed...       0.8010 seconds
                COUPLE completed...       0.1060 seconds
                  HADV completed...       1.7495 seconds
                  ZADV completed...       0.2938 seconds
                 HDIFF completed...       0.2230 seconds
              DECOUPLE completed...       0.0439 seconds
                  PHOT completed...       0.1791 seconds
               CLDPROC completed...       0.2501 seconds
                  CHEM completed...       0.6526 seconds
                  AERO completed...       1.0182 seconds
            Master Time Step
            Processing completed...       5.3225 seconds

     Processing Day/Time [YYYYDDD:HHMMSS]: 2017356:032500
       Which is Equivalent to (UTC): 3:25:00  Friday,  Dec. 22, 2017
       Time-Step Length (HHMMSS): 000500
                 VDIFF completed...       0.7849 seconds
                COUPLE completed...       0.1111 seconds
                  HADV completed...       1.7705 seconds
                  ZADV completed...       0.2941 seconds
                 HDIFF completed...       0.2230 seconds
              DECOUPLE completed...       0.0450 seconds
                  PHOT completed...       0.1780 seconds
               CLDPROC completed...       0.2508 seconds
                  CHEM completed...       0.6509 seconds
                  AERO completed...       1.0168 seconds
            Master Time Step
            Processing completed...       5.3305 seconds

     Processing Day/Time [YYYYDDD:HHMMSS]: 2017356:033000
       Which is Equivalent to (UTC): 3:30:00  Friday,  Dec. 22, 2017
       Time-Step Length (HHMMSS): 000500
                 VDIFF completed...       0.7825 seconds
                COUPLE completed...       0.1125 seconds
                  HADV completed...       1.7630 seconds
                  ZADV completed...       0.2974 seconds
                 HDIFF completed...       0.2189 seconds
              DECOUPLE completed...       0.0437 seconds
                  PHOT completed...       0.1797 seconds
               CLDPROC completed...       0.2513 seconds
                  CHEM completed...       0.6494 seconds
                  AERO completed...       1.0183 seconds
            Master Time Step
            Processing completed...       5.3220 seconds

     Processing Day/Time [YYYYDDD:HHMMSS]: 2017356:033500
       Which is Equivalent to (UTC): 3:35:00  Friday,  Dec. 22, 2017
       Time-Step Length (HHMMSS): 000500
                 VDIFF completed...       0.7881 seconds
                COUPLE completed...       0.1108 seconds
                  HADV completed...       1.7652 seconds
                  ZADV completed...       0.2917 seconds
                 HDIFF completed...       0.2248 seconds
              DECOUPLE completed...       0.0443 seconds
                  PHOT completed...       0.1781 seconds
               CLDPROC completed...       0.2501 seconds
                  CHEM completed...       0.6470 seconds
                  AERO completed...       1.0159 seconds
            Master Time Step
            Processing completed...       5.3211 seconds

     Processing Day/Time [YYYYDDD:HHMMSS]: 2017356:034000
       Which is Equivalent to (UTC): 3:40:00  Friday,  Dec. 22, 2017
       Time-Step Length (HHMMSS): 000500
                 VDIFF completed...       0.7735 seconds
                COUPLE completed...       0.1217 seconds
                  HADV completed...       1.7632 seconds
                  ZADV completed...       0.2958 seconds
                 HDIFF completed...       0.2214 seconds
              DECOUPLE completed...       0.0443 seconds
                  PHOT completed...       0.1789 seconds
               CLDPROC completed...       0.2500 seconds
                  CHEM completed...       0.6463 seconds
                  AERO completed...       1.0144 seconds
            Master Time Step
            Processing completed...       5.3152 seconds

     Processing Day/Time [YYYYDDD:HHMMSS]: 2017356:034500
       Which is Equivalent to (UTC): 3:45:00  Friday,  Dec. 22, 2017
       Time-Step Length (HHMMSS): 000500
                 VDIFF completed...       0.7978 seconds
                COUPLE completed...       0.1085 seconds
                  HADV completed...       1.7587 seconds
                  ZADV completed...       0.2958 seconds
                 HDIFF completed...       0.2216 seconds
              DECOUPLE completed...       0.0439 seconds
                  PHOT completed...       0.1788 seconds
               CLDPROC completed...       0.2497 seconds
                  CHEM completed...       0.6438 seconds
                  AERO completed...       1.0114 seconds
            Master Time Step
            Processing completed...       5.3154 seconds

     Processing Day/Time [YYYYDDD:HHMMSS]: 2017356:035000
       Which is Equivalent to (UTC): 3:50:00  Friday,  Dec. 22, 2017
       Time-Step Length (HHMMSS): 000500
                 VDIFF completed...       0.7672 seconds
                COUPLE completed...       0.1180 seconds
                  HADV completed...       1.7657 seconds
                  ZADV completed...       0.2957 seconds
                 HDIFF completed...       0.2205 seconds
              DECOUPLE completed...       0.0444 seconds
                  PHOT completed...       0.1789 seconds
               CLDPROC completed...       0.2490 seconds
                  CHEM completed...       0.6418 seconds
                  AERO completed...       1.0042 seconds
            Master Time Step
            Processing completed...       5.2911 seconds

     Processing Day/Time [YYYYDDD:HHMMSS]: 2017356:035500
       Which is Equivalent to (UTC): 3:55:00  Friday,  Dec. 22, 2017
       Time-Step Length (HHMMSS): 000500
                 VDIFF completed...       2.3212 seconds
                COUPLE completed...       0.1708 seconds
                  HADV completed...       1.3416 seconds
                  ZADV completed...       0.2932 seconds
                 HDIFF completed...       0.2238 seconds
              DECOUPLE completed...       0.0438 seconds
                  PHOT completed...       0.1792 seconds
               CLDPROC completed...       1.0001 seconds
                  CHEM completed...       0.6011 seconds
                  AERO completed...       1.0082 seconds
            Master Time Step
            Processing completed...       7.1881 seconds

      =--> Data Output completed...       1.1603 seconds

     Processing Day/Time [YYYYDDD:HHMMSS]: 2017356:040000
       Which is Equivalent to (UTC): 4:00:00  Friday,  Dec. 22, 2017
       Time-Step Length (HHMMSS): 000500
                 VDIFF completed...       5.4901 seconds
                COUPLE completed...       0.1404 seconds
                  HADV completed...       2.2836 seconds
                  ZADV completed...       0.3000 seconds
                 HDIFF completed...       0.2164 seconds
              DECOUPLE completed...       0.0447 seconds
                  PHOT completed...       1.3499 seconds
               CLDPROC completed...       0.2535 seconds
                  CHEM completed...       0.6371 seconds
                  AERO completed...       1.0064 seconds
            Master Time Step
            Processing completed...      11.7257 seconds

     Processing Day/Time [YYYYDDD:HHMMSS]: 2017356:040500
       Which is Equivalent to (UTC): 4:05:00  Friday,  Dec. 22, 2017
       Time-Step Length (HHMMSS): 000500
                 VDIFF completed...       0.7809 seconds
                COUPLE completed...       0.1171 seconds
                  HADV completed...       1.8060 seconds
                  ZADV completed...       0.2940 seconds
                 HDIFF completed...       0.2218 seconds
              DECOUPLE completed...       0.0437 seconds
                  PHOT completed...       0.1805 seconds
               CLDPROC completed...       0.2525 seconds
                  CHEM completed...       0.6334 seconds
                  AERO completed...       1.0005 seconds
            Master Time Step
            Processing completed...       5.3319 seconds

     Processing Day/Time [YYYYDDD:HHMMSS]: 2017356:041000
       Which is Equivalent to (UTC): 4:10:00  Friday,  Dec. 22, 2017
       Time-Step Length (HHMMSS): 000500
                 VDIFF completed...       0.7758 seconds
                COUPLE completed...       0.1175 seconds
                  HADV completed...       1.7822 seconds
                  ZADV completed...       0.2876 seconds
                 HDIFF completed...       0.2363 seconds
              DECOUPLE completed...       0.0514 seconds
                  PHOT completed...       0.1722 seconds
               CLDPROC completed...       0.2445 seconds
                  CHEM completed...       0.6349 seconds
                  AERO completed...       1.0018 seconds
            Master Time Step
            Processing completed...       5.3092 seconds

     Processing Day/Time [YYYYDDD:HHMMSS]: 2017356:041500
       Which is Equivalent to (UTC): 4:15:00  Friday,  Dec. 22, 2017
       Time-Step Length (HHMMSS): 000500
                 VDIFF completed...       0.7691 seconds
                COUPLE completed...       0.1185 seconds
                  HADV completed...       1.7936 seconds
                  ZADV completed...       0.2928 seconds
                 HDIFF completed...       0.2240 seconds
              DECOUPLE completed...       0.0442 seconds
                  PHOT completed...       0.1797 seconds
               CLDPROC completed...       0.2527 seconds
                  CHEM completed...       0.6347 seconds
                  AERO completed...       1.0012 seconds
            Master Time Step
            Processing completed...       5.3118 seconds

     Processing Day/Time [YYYYDDD:HHMMSS]: 2017356:042000
       Which is Equivalent to (UTC): 4:20:00  Friday,  Dec. 22, 2017
       Time-Step Length (HHMMSS): 000500
                 VDIFF completed...       0.7654 seconds
                COUPLE completed...       0.1206 seconds
                  HADV completed...       1.9467 seconds
                  ZADV completed...       0.2900 seconds
                 HDIFF completed...       0.2259 seconds
              DECOUPLE completed...       0.0442 seconds
                  PHOT completed...       0.1796 seconds
               CLDPROC completed...       0.2535 seconds
                  CHEM completed...       0.6332 seconds
                  AERO completed...       0.9999 seconds
            Master Time Step
            Processing completed...       5.4604 seconds

     Processing Day/Time [YYYYDDD:HHMMSS]: 2017356:042500
       Which is Equivalent to (UTC): 4:25:00  Friday,  Dec. 22, 2017
       Time-Step Length (HHMMSS): 000500
                 VDIFF completed...       0.7590 seconds
                COUPLE completed...       0.1209 seconds
                  HADV completed...       1.8012 seconds
                  ZADV completed...       0.2906 seconds
                 HDIFF completed...       0.2254 seconds
              DECOUPLE completed...       0.0443 seconds
                  PHOT completed...       0.1791 seconds
               CLDPROC completed...       0.2533 seconds
                  CHEM completed...       0.6318 seconds
                  AERO completed...       0.9975 seconds
            Master Time Step
            Processing completed...       5.3063 seconds

     Processing Day/Time [YYYYDDD:HHMMSS]: 2017356:043000
       Which is Equivalent to (UTC): 4:30:00  Friday,  Dec. 22, 2017
       Time-Step Length (HHMMSS): 000500
                 VDIFF completed...       0.7591 seconds
                COUPLE completed...       0.1225 seconds
                  HADV completed...       1.8001 seconds
                  ZADV completed...       0.2927 seconds
                 HDIFF completed...       0.2224 seconds
              DECOUPLE completed...       0.0439 seconds
                  PHOT completed...       0.1794 seconds
               CLDPROC completed...       0.2527 seconds
                  CHEM completed...       0.6301 seconds
                  AERO completed...       0.9986 seconds
            Master Time Step
            Processing completed...       5.3069 seconds

     Processing Day/Time [YYYYDDD:HHMMSS]: 2017356:043500
       Which is Equivalent to (UTC): 4:35:00  Friday,  Dec. 22, 2017
       Time-Step Length (HHMMSS): 000500
                 VDIFF completed...       0.7617 seconds
                COUPLE completed...       0.1208 seconds
                  HADV completed...       1.8057 seconds
                  ZADV completed...       0.2917 seconds
                 HDIFF completed...       0.2233 seconds
              DECOUPLE completed...       0.0439 seconds
                  PHOT completed...       0.1790 seconds
               CLDPROC completed...       0.2532 seconds
                  CHEM completed...       0.6298 seconds
                  AERO completed...       0.9953 seconds
            Master Time Step
            Processing completed...       5.3097 seconds

     Processing Day/Time [YYYYDDD:HHMMSS]: 2017356:044000
       Which is Equivalent to (UTC): 4:40:00  Friday,  Dec. 22, 2017
       Time-Step Length (HHMMSS): 000500
                 VDIFF completed...       0.7698 seconds
                COUPLE completed...       0.1201 seconds
                  HADV completed...       1.8030 seconds
                  ZADV completed...       0.2917 seconds
                 HDIFF completed...       0.2233 seconds
              DECOUPLE completed...       0.0443 seconds
                  PHOT completed...       0.1797 seconds
               CLDPROC completed...       0.2503 seconds
                  CHEM completed...       0.6295 seconds
                  AERO completed...       0.9948 seconds
            Master Time Step
            Processing completed...       5.3114 seconds

     Processing Day/Time [YYYYDDD:HHMMSS]: 2017356:044500
       Which is Equivalent to (UTC): 4:45:00  Friday,  Dec. 22, 2017
       Time-Step Length (HHMMSS): 000500
                 VDIFF completed...       0.7605 seconds
                COUPLE completed...       0.1218 seconds
                  HADV completed...       1.8116 seconds
                  ZADV completed...       0.2917 seconds
                 HDIFF completed...       0.2233 seconds
              DECOUPLE completed...       0.0444 seconds
                  PHOT completed...       0.1793 seconds
               CLDPROC completed...       0.2497 seconds
                  CHEM completed...       0.6292 seconds
                  AERO completed...       0.9902 seconds
            Master Time Step
            Processing completed...       5.3072 seconds

     Processing Day/Time [YYYYDDD:HHMMSS]: 2017356:045000
       Which is Equivalent to (UTC): 4:50:00  Friday,  Dec. 22, 2017
       Time-Step Length (HHMMSS): 000500
                 VDIFF completed...       0.7634 seconds
                COUPLE completed...       0.1220 seconds
                  HADV completed...       1.8116 seconds
                  ZADV completed...       0.2950 seconds
                 HDIFF completed...       0.2194 seconds
              DECOUPLE completed...       0.0442 seconds
                  PHOT completed...       0.1796 seconds
               CLDPROC completed...       0.2489 seconds
                  CHEM completed...       0.6292 seconds
                  AERO completed...       0.9878 seconds
            Master Time Step
            Processing completed...       5.3064 seconds

     Processing Day/Time [YYYYDDD:HHMMSS]: 2017356:045500
       Which is Equivalent to (UTC): 4:55:00  Friday,  Dec. 22, 2017
       Time-Step Length (HHMMSS): 000500
                 VDIFF completed...       2.3431 seconds
                COUPLE completed...       0.1709 seconds
                  HADV completed...       1.3446 seconds
                  ZADV completed...       0.3051 seconds
                 HDIFF completed...       0.2064 seconds
              DECOUPLE completed...       0.0439 seconds
                  PHOT completed...       0.1802 seconds
               CLDPROC completed...       1.0285 seconds
                  CHEM completed...       0.5841 seconds
                  AERO completed...       0.9968 seconds
            Master Time Step
            Processing completed...       7.2066 seconds

      =--> Data Output completed...       1.2142 seconds

     Processing Day/Time [YYYYDDD:HHMMSS]: 2017356:050000
       Which is Equivalent to (UTC): 5:00:00  Friday,  Dec. 22, 2017
       Time-Step Length (HHMMSS): 000500
                 VDIFF completed...       5.5514 seconds
                COUPLE completed...       0.1389 seconds
                  HADV completed...       2.2444 seconds
                  ZADV completed...       0.2932 seconds
                 HDIFF completed...       0.2247 seconds
              DECOUPLE completed...       0.0444 seconds
                  PHOT completed...       1.3263 seconds
               CLDPROC completed...       0.2524 seconds
                  CHEM completed...       0.6315 seconds
                  AERO completed...       0.9890 seconds
            Master Time Step
            Processing completed...      11.6982 seconds

     Processing Day/Time [YYYYDDD:HHMMSS]: 2017356:050500
       Which is Equivalent to (UTC): 5:05:00  Friday,  Dec. 22, 2017
       Time-Step Length (HHMMSS): 000500
                 VDIFF completed...       0.7978 seconds
                COUPLE completed...       0.1149 seconds
                  HADV completed...       1.8824 seconds
                  ZADV completed...       0.2966 seconds
                 HDIFF completed...       0.2202 seconds
              DECOUPLE completed...       0.0457 seconds
                  PHOT completed...       0.1788 seconds
               CLDPROC completed...       0.2483 seconds
                  CHEM completed...       0.6324 seconds
                  AERO completed...       0.9837 seconds
            Master Time Step
            Processing completed...       5.4053 seconds

     Processing Day/Time [YYYYDDD:HHMMSS]: 2017356:051000
       Which is Equivalent to (UTC): 5:10:00  Friday,  Dec. 22, 2017
       Time-Step Length (HHMMSS): 000500
                 VDIFF completed...       0.7960 seconds
                COUPLE completed...       0.1160 seconds
                  HADV completed...       1.7638 seconds
                  ZADV completed...       0.2936 seconds
                 HDIFF completed...       0.2222 seconds
              DECOUPLE completed...       0.0451 seconds
                  PHOT completed...       0.1790 seconds
               CLDPROC completed...       0.2501 seconds
                  CHEM completed...       0.6317 seconds
                  AERO completed...       0.9832 seconds
            Master Time Step
            Processing completed...       5.2851 seconds

     Processing Day/Time [YYYYDDD:HHMMSS]: 2017356:051500
       Which is Equivalent to (UTC): 5:15:00  Friday,  Dec. 22, 2017
       Time-Step Length (HHMMSS): 000500
                 VDIFF completed...       0.7820 seconds
                COUPLE completed...       0.1188 seconds
                  HADV completed...       1.7506 seconds
                  ZADV completed...       0.2961 seconds
                 HDIFF completed...       0.2199 seconds
              DECOUPLE completed...       0.0447 seconds
                  PHOT completed...       0.1789 seconds
               CLDPROC completed...       0.2537 seconds
                  CHEM completed...       0.6323 seconds
                  AERO completed...       0.9827 seconds
            Master Time Step
            Processing completed...       5.2651 seconds

     Processing Day/Time [YYYYDDD:HHMMSS]: 2017356:052000
       Which is Equivalent to (UTC): 5:20:00  Friday,  Dec. 22, 2017
       Time-Step Length (HHMMSS): 000500
                 VDIFF completed...       0.7747 seconds
                COUPLE completed...       0.1201 seconds
                  HADV completed...       1.7579 seconds
                  ZADV completed...       0.2949 seconds
                 HDIFF completed...       0.2205 seconds
              DECOUPLE completed...       0.0447 seconds
                  PHOT completed...       0.1793 seconds
               CLDPROC completed...       0.2548 seconds
                  CHEM completed...       0.6318 seconds
                  AERO completed...       0.9793 seconds
            Master Time Step
            Processing completed...       5.2633 seconds

     Processing Day/Time [YYYYDDD:HHMMSS]: 2017356:052500
       Which is Equivalent to (UTC): 5:25:00  Friday,  Dec. 22, 2017
       Time-Step Length (HHMMSS): 000500
                 VDIFF completed...       0.7734 seconds
                COUPLE completed...       0.1210 seconds
                  HADV completed...       1.7664 seconds
                  ZADV completed...       0.2939 seconds
                 HDIFF completed...       0.2222 seconds
              DECOUPLE completed...       0.0449 seconds
                  PHOT completed...       0.1790 seconds
               CLDPROC completed...       0.2564 seconds
                  CHEM completed...       0.6324 seconds
                  AERO completed...       0.9755 seconds
            Master Time Step
            Processing completed...       5.2705 seconds

     Processing Day/Time [YYYYDDD:HHMMSS]: 2017356:053000
       Which is Equivalent to (UTC): 5:30:00  Friday,  Dec. 22, 2017
       Time-Step Length (HHMMSS): 000500
                 VDIFF completed...       0.7701 seconds
                COUPLE completed...       0.1208 seconds
                  HADV completed...       1.7744 seconds
                  ZADV completed...       0.2963 seconds
                 HDIFF completed...       0.2190 seconds
              DECOUPLE completed...       0.0456 seconds
                  PHOT completed...       0.1786 seconds
               CLDPROC completed...       0.2548 seconds
                  CHEM completed...       0.6326 seconds
                  AERO completed...       0.9776 seconds
            Master Time Step
            Processing completed...       5.2749 seconds

     Processing Day/Time [YYYYDDD:HHMMSS]: 2017356:053500
       Which is Equivalent to (UTC): 5:35:00  Friday,  Dec. 22, 2017
       Time-Step Length (HHMMSS): 000500
                 VDIFF completed...       0.7816 seconds
                COUPLE completed...       0.1188 seconds
                  HADV completed...       1.7746 seconds
                  ZADV completed...       0.2952 seconds
                 HDIFF completed...       0.2210 seconds
              DECOUPLE completed...       0.0450 seconds
                  PHOT completed...       0.1781 seconds
               CLDPROC completed...       0.2546 seconds
                  CHEM completed...       0.6316 seconds
                  AERO completed...       0.9739 seconds
            Master Time Step
            Processing completed...       5.2797 seconds

     Processing Day/Time [YYYYDDD:HHMMSS]: 2017356:054000
       Which is Equivalent to (UTC): 5:40:00  Friday,  Dec. 22, 2017
       Time-Step Length (HHMMSS): 000500
                 VDIFF completed...       0.7709 seconds
                COUPLE completed...       0.1200 seconds
                  HADV completed...       1.7926 seconds
                  ZADV completed...       0.2946 seconds
                 HDIFF completed...       0.2203 seconds
              DECOUPLE completed...       0.0446 seconds
                  PHOT completed...       0.1790 seconds
               CLDPROC completed...       0.2542 seconds
                  CHEM completed...       0.6330 seconds
                  AERO completed...       0.9697 seconds
            Master Time Step
            Processing completed...       5.2836 seconds

     Processing Day/Time [YYYYDDD:HHMMSS]: 2017356:054500
       Which is Equivalent to (UTC): 5:45:00  Friday,  Dec. 22, 2017
       Time-Step Length (HHMMSS): 000500
                 VDIFF completed...       0.7757 seconds
                COUPLE completed...       0.1174 seconds
                  HADV completed...       1.7981 seconds
                  ZADV completed...       0.2890 seconds
                 HDIFF completed...       0.2272 seconds
              DECOUPLE completed...       0.0446 seconds
                  PHOT completed...       0.1791 seconds
               CLDPROC completed...       0.2527 seconds
                  CHEM completed...       0.6329 seconds
                  AERO completed...       0.9686 seconds
            Master Time Step
            Processing completed...       5.2906 seconds

     Processing Day/Time [YYYYDDD:HHMMSS]: 2017356:055000
       Which is Equivalent to (UTC): 5:50:00  Friday,  Dec. 22, 2017
       Time-Step Length (HHMMSS): 000500
                 VDIFF completed...       0.7805 seconds
                COUPLE completed...       0.1164 seconds
                  HADV completed...       1.9726 seconds
                  ZADV completed...       0.2937 seconds
                 HDIFF completed...       0.2226 seconds
              DECOUPLE completed...       0.0449 seconds
                  PHOT completed...       0.1792 seconds
               CLDPROC completed...       0.2521 seconds
                  CHEM completed...       0.6328 seconds
                  AERO completed...       0.9668 seconds
            Master Time Step
            Processing completed...       5.4663 seconds

     Processing Day/Time [YYYYDDD:HHMMSS]: 2017356:055500
       Which is Equivalent to (UTC): 5:55:00  Friday,  Dec. 22, 2017
       Time-Step Length (HHMMSS): 000500
                 VDIFF completed...       2.3770 seconds
                COUPLE completed...       0.1560 seconds
                  HADV completed...       1.3059 seconds
                  ZADV completed...       0.2924 seconds
                 HDIFF completed...       0.2237 seconds
              DECOUPLE completed...       0.0447 seconds
                  PHOT completed...       0.1792 seconds
               CLDPROC completed...       1.0536 seconds
                  CHEM completed...       0.5850 seconds
                  AERO completed...       0.9843 seconds
            Master Time Step
            Processing completed...       7.2072 seconds

      =--> Data Output completed...       1.2463 seconds

     Processing Day/Time [YYYYDDD:HHMMSS]: 2017356:060000
       Which is Equivalent to (UTC): 6:00:00  Friday,  Dec. 22, 2017
       Time-Step Length (HHMMSS): 000500
                 VDIFF completed...       5.4594 seconds
                COUPLE completed...       0.1403 seconds
                  HADV completed...       2.2490 seconds
                  ZADV completed...       0.2903 seconds
                 HDIFF completed...       0.2244 seconds
              DECOUPLE completed...       0.0441 seconds
                  PHOT completed...       1.4122 seconds
               CLDPROC completed...       0.2555 seconds
                  CHEM completed...       0.6339 seconds
                  AERO completed...       0.9685 seconds
            Master Time Step
            Processing completed...      11.6816 seconds

     Processing Day/Time [YYYYDDD:HHMMSS]: 2017356:060500
       Which is Equivalent to (UTC): 6:05:00  Friday,  Dec. 22, 2017
       Time-Step Length (HHMMSS): 000500
                 VDIFF completed...       0.7746 seconds
                COUPLE completed...       0.1125 seconds
                  HADV completed...       1.8633 seconds
                  ZADV completed...       0.2908 seconds
                 HDIFF completed...       0.2260 seconds
              DECOUPLE completed...       0.0453 seconds
                  PHOT completed...       0.1792 seconds
               CLDPROC completed...       0.2553 seconds
                  CHEM completed...       0.6348 seconds
                  AERO completed...       0.9591 seconds
            Master Time Step
            Processing completed...       5.3422 seconds

     Processing Day/Time [YYYYDDD:HHMMSS]: 2017356:061000
       Which is Equivalent to (UTC): 6:10:00  Friday,  Dec. 22, 2017
       Time-Step Length (HHMMSS): 000500
                 VDIFF completed...       0.7627 seconds
                COUPLE completed...       0.1188 seconds
                  HADV completed...       1.8349 seconds
                  ZADV completed...       0.2923 seconds
                 HDIFF completed...       0.2232 seconds
              DECOUPLE completed...       0.0449 seconds
                  PHOT completed...       0.1798 seconds
               CLDPROC completed...       0.2583 seconds
                  CHEM completed...       0.6342 seconds
                  AERO completed...       0.9603 seconds
            Master Time Step
            Processing completed...       5.3105 seconds

     Processing Day/Time [YYYYDDD:HHMMSS]: 2017356:061500
       Which is Equivalent to (UTC): 6:15:00  Friday,  Dec. 22, 2017
       Time-Step Length (HHMMSS): 000500
                 VDIFF completed...       0.7565 seconds
                COUPLE completed...       0.1204 seconds
                  HADV completed...       1.8355 seconds
                  ZADV completed...       0.2929 seconds
                 HDIFF completed...       0.2238 seconds
              DECOUPLE completed...       0.0443 seconds
                  PHOT completed...       0.1796 seconds
               CLDPROC completed...       0.2592 seconds
                  CHEM completed...       0.6342 seconds
                  AERO completed...       0.9572 seconds
            Master Time Step
            Processing completed...       5.3048 seconds

     Processing Day/Time [YYYYDDD:HHMMSS]: 2017356:062000
       Which is Equivalent to (UTC): 6:20:00  Friday,  Dec. 22, 2017
       Time-Step Length (HHMMSS): 000500
                 VDIFF completed...       0.7514 seconds
                COUPLE completed...       0.1221 seconds
                  HADV completed...       1.8344 seconds
                  ZADV completed...       0.2934 seconds
                 HDIFF completed...       0.2221 seconds
              DECOUPLE completed...       0.0450 seconds
                  PHOT completed...       0.1794 seconds
               CLDPROC completed...       0.2599 seconds
                  CHEM completed...       0.6345 seconds
                  AERO completed...       0.9549 seconds
            Master Time Step
            Processing completed...       5.2984 seconds

     Processing Day/Time [YYYYDDD:HHMMSS]: 2017356:062500
       Which is Equivalent to (UTC): 6:25:00  Friday,  Dec. 22, 2017
       Time-Step Length (HHMMSS): 000500
                 VDIFF completed...       0.7551 seconds
                COUPLE completed...       0.1216 seconds
                  HADV completed...       1.8530 seconds
                  ZADV completed...       0.2938 seconds
                 HDIFF completed...       0.2232 seconds
              DECOUPLE completed...       0.0448 seconds
                  PHOT completed...       0.1793 seconds
               CLDPROC completed...       0.2602 seconds
                  CHEM completed...       0.6347 seconds
                  AERO completed...       0.9524 seconds
            Master Time Step
            Processing completed...       5.3194 seconds

     Processing Day/Time [YYYYDDD:HHMMSS]: 2017356:063000
       Which is Equivalent to (UTC): 6:30:00  Friday,  Dec. 22, 2017
       Time-Step Length (HHMMSS): 000500
                 VDIFF completed...       0.7447 seconds
                COUPLE completed...       0.1232 seconds
                  HADV completed...       1.8561 seconds
                  ZADV completed...       0.2921 seconds
                 HDIFF completed...       0.2239 seconds
              DECOUPLE completed...       0.0450 seconds
                  PHOT completed...       0.1782 seconds
               CLDPROC completed...       0.2606 seconds
                  CHEM completed...       0.6348 seconds
                  AERO completed...       0.9518 seconds
            Master Time Step
            Processing completed...       5.3136 seconds

     Processing Day/Time [YYYYDDD:HHMMSS]: 2017356:063500
       Which is Equivalent to (UTC): 6:35:00  Friday,  Dec. 22, 2017
       Time-Step Length (HHMMSS): 000500
                 VDIFF completed...       0.7453 seconds
                COUPLE completed...       0.1229 seconds
                  HADV completed...       1.8547 seconds
                  ZADV completed...       0.2947 seconds
                 HDIFF completed...       0.2214 seconds
              DECOUPLE completed...       0.0456 seconds
                  PHOT completed...       0.1780 seconds
               CLDPROC completed...       0.2596 seconds
                  CHEM completed...       0.6349 seconds
                  AERO completed...       0.9489 seconds
            Master Time Step
            Processing completed...       5.3116 seconds

     Processing Day/Time [YYYYDDD:HHMMSS]: 2017356:064000
       Which is Equivalent to (UTC): 6:40:00  Friday,  Dec. 22, 2017
       Time-Step Length (HHMMSS): 000500
                 VDIFF completed...       0.7434 seconds
                COUPLE completed...       0.1213 seconds
                  HADV completed...       1.8652 seconds
                  ZADV completed...       0.2946 seconds
                 HDIFF completed...       0.2206 seconds
              DECOUPLE completed...       0.0451 seconds
                  PHOT completed...       0.1780 seconds
               CLDPROC completed...       0.2600 seconds
                  CHEM completed...       0.6347 seconds
                  AERO completed...       0.9484 seconds
            Master Time Step
            Processing completed...       5.3169 seconds

     Processing Day/Time [YYYYDDD:HHMMSS]: 2017356:064500
       Which is Equivalent to (UTC): 6:45:00  Friday,  Dec. 22, 2017
       Time-Step Length (HHMMSS): 000500
                 VDIFF completed...       0.7301 seconds
                COUPLE completed...       0.1238 seconds
                  HADV completed...       1.8752 seconds
                  ZADV completed...       0.2916 seconds
                 HDIFF completed...       0.2246 seconds
              DECOUPLE completed...       0.0452 seconds
                  PHOT completed...       0.1790 seconds
               CLDPROC completed...       0.2584 seconds
                  CHEM completed...       0.6357 seconds
                  AERO completed...       0.9491 seconds
            Master Time Step
            Processing completed...       5.3182 seconds

     Processing Day/Time [YYYYDDD:HHMMSS]: 2017356:065000
       Which is Equivalent to (UTC): 6:50:00  Friday,  Dec. 22, 2017
       Time-Step Length (HHMMSS): 000500
                 VDIFF completed...       0.7414 seconds
                COUPLE completed...       0.1210 seconds
                  HADV completed...       1.8672 seconds
                  ZADV completed...       0.2964 seconds
                 HDIFF completed...       0.2189 seconds
              DECOUPLE completed...       0.0452 seconds
                  PHOT completed...       0.1786 seconds
               CLDPROC completed...       0.2589 seconds
                  CHEM completed...       0.6360 seconds
                  AERO completed...       0.9489 seconds
            Master Time Step
            Processing completed...       5.3179 seconds

     Processing Day/Time [YYYYDDD:HHMMSS]: 2017356:065500
       Which is Equivalent to (UTC): 6:55:00  Friday,  Dec. 22, 2017
       Time-Step Length (HHMMSS): 000500
                 VDIFF completed...       2.3753 seconds
                COUPLE completed...       0.1705 seconds
                  HADV completed...       1.2952 seconds
                  ZADV completed...       0.2917 seconds
                 HDIFF completed...       0.2245 seconds
              DECOUPLE completed...       0.0444 seconds
                  PHOT completed...       0.1796 seconds
               CLDPROC completed...       1.0555 seconds
                  CHEM completed...       0.5963 seconds
                  AERO completed...       0.9718 seconds
            Master Time Step
            Processing completed...       7.2103 seconds

      =--> Data Output completed...       1.2719 seconds

     Processing Day/Time [YYYYDDD:HHMMSS]: 2017356:070000
       Which is Equivalent to (UTC): 7:00:00  Friday,  Dec. 22, 2017
       Time-Step Length (HHMMSS): 000500
                 VDIFF completed...       5.4941 seconds
                COUPLE completed...       0.1363 seconds
                  HADV completed...       2.2290 seconds
                  ZADV completed...       0.2905 seconds
                 HDIFF completed...       0.2272 seconds
              DECOUPLE completed...       0.0447 seconds
                  PHOT completed...       1.3715 seconds
               CLDPROC completed...       0.2642 seconds
                  CHEM completed...       0.6363 seconds
                  AERO completed...       0.9540 seconds
            Master Time Step
            Processing completed...      11.6493 seconds

     Processing Day/Time [YYYYDDD:HHMMSS]: 2017356:070500
       Which is Equivalent to (UTC): 7:05:00  Friday,  Dec. 22, 2017
       Time-Step Length (HHMMSS): 000500
                 VDIFF completed...       0.7045 seconds
                COUPLE completed...       0.1289 seconds
                  HADV completed...       1.9202 seconds
                  ZADV completed...       0.2931 seconds
                 HDIFF completed...       0.2223 seconds
              DECOUPLE completed...       0.0453 seconds
                  PHOT completed...       0.1791 seconds
               CLDPROC completed...       0.2610 seconds
                  CHEM completed...       0.6363 seconds
                  AERO completed...       0.9423 seconds
            Master Time Step
            Processing completed...       5.3380 seconds

     Processing Day/Time [YYYYDDD:HHMMSS]: 2017356:071000
       Which is Equivalent to (UTC): 7:10:00  Friday,  Dec. 22, 2017
       Time-Step Length (HHMMSS): 000500
                 VDIFF completed...       0.7016 seconds
                COUPLE completed...       0.1284 seconds
                  HADV completed...       1.9145 seconds
                  ZADV completed...       0.2922 seconds
                 HDIFF completed...       0.2237 seconds
              DECOUPLE completed...       0.0446 seconds
                  PHOT completed...       0.1794 seconds
               CLDPROC completed...       0.2639 seconds
                  CHEM completed...       0.6478 seconds
                  AERO completed...       0.9379 seconds
            Master Time Step
            Processing completed...       5.3379 seconds

     Processing Day/Time [YYYYDDD:HHMMSS]: 2017356:071500
       Which is Equivalent to (UTC): 7:15:00  Friday,  Dec. 22, 2017
       Time-Step Length (HHMMSS): 000500
                 VDIFF completed...       0.6935 seconds
                COUPLE completed...       0.1271 seconds
                  HADV completed...       1.9341 seconds
                  ZADV completed...       0.2919 seconds
                 HDIFF completed...       0.2240 seconds
              DECOUPLE completed...       0.0459 seconds
                  PHOT completed...       0.1784 seconds
               CLDPROC completed...       0.2631 seconds
                  CHEM completed...       0.6337 seconds
                  AERO completed...       0.9420 seconds
            Master Time Step
            Processing completed...       5.3387 seconds

     Processing Day/Time [YYYYDDD:HHMMSS]: 2017356:072000
       Which is Equivalent to (UTC): 7:20:00  Friday,  Dec. 22, 2017
       Time-Step Length (HHMMSS): 000500
                 VDIFF completed...       0.7071 seconds
                COUPLE completed...       0.1279 seconds
                  HADV completed...       1.8977 seconds
                  ZADV completed...       0.2921 seconds
                 HDIFF completed...       0.2234 seconds
              DECOUPLE completed...       0.0456 seconds
                  PHOT completed...       0.1789 seconds
               CLDPROC completed...       0.2644 seconds
                  CHEM completed...       0.6341 seconds
                  AERO completed...       0.9419 seconds
            Master Time Step
            Processing completed...       5.3186 seconds

     Processing Day/Time [YYYYDDD:HHMMSS]: 2017356:072500
       Which is Equivalent to (UTC): 7:25:00  Friday,  Dec. 22, 2017
       Time-Step Length (HHMMSS): 000500
                 VDIFF completed...       0.7065 seconds
                COUPLE completed...       0.1269 seconds
                  HADV completed...       1.9470 seconds
                  ZADV completed...       0.2937 seconds
                 HDIFF completed...       0.2218 seconds
              DECOUPLE completed...       0.0446 seconds
                  PHOT completed...       0.1767 seconds
               CLDPROC completed...       0.2668 seconds
                  CHEM completed...       0.6337 seconds
                  AERO completed...       0.9425 seconds
            Master Time Step
            Processing completed...       5.3649 seconds

     Processing Day/Time [YYYYDDD:HHMMSS]: 2017356:073000
       Which is Equivalent to (UTC): 7:30:00  Friday,  Dec. 22, 2017
       Time-Step Length (HHMMSS): 000500
                 VDIFF completed...       0.7026 seconds
                COUPLE completed...       0.1282 seconds
                  HADV completed...       1.9508 seconds
                  ZADV completed...       0.2924 seconds
                 HDIFF completed...       0.2230 seconds
              DECOUPLE completed...       0.0449 seconds
                  PHOT completed...       0.1790 seconds
               CLDPROC completed...       0.2650 seconds
                  CHEM completed...       0.6339 seconds
                  AERO completed...       0.9430 seconds
            Master Time Step
            Processing completed...       5.3681 seconds

     Processing Day/Time [YYYYDDD:HHMMSS]: 2017356:073500
       Which is Equivalent to (UTC): 7:35:00  Friday,  Dec. 22, 2017
       Time-Step Length (HHMMSS): 000500
                 VDIFF completed...       0.7008 seconds
                COUPLE completed...       0.1274 seconds
                  HADV completed...       1.9500 seconds
                  ZADV completed...       0.2943 seconds
                 HDIFF completed...       0.2214 seconds
              DECOUPLE completed...       0.0445 seconds
                  PHOT completed...       0.1794 seconds
               CLDPROC completed...       0.2650 seconds
                  CHEM completed...       0.6350 seconds
                  AERO completed...       0.9383 seconds
            Master Time Step
            Processing completed...       5.3613 seconds

     Processing Day/Time [YYYYDDD:HHMMSS]: 2017356:074000
       Which is Equivalent to (UTC): 7:40:00  Friday,  Dec. 22, 2017
       Time-Step Length (HHMMSS): 000500
                 VDIFF completed...       0.7060 seconds
                COUPLE completed...       0.1264 seconds
                  HADV completed...       1.9547 seconds
                  ZADV completed...       0.2929 seconds
                 HDIFF completed...       0.2222 seconds
              DECOUPLE completed...       0.0454 seconds
                  PHOT completed...       0.1786 seconds
               CLDPROC completed...       0.2644 seconds
                  CHEM completed...       0.6338 seconds
                  AERO completed...       0.9404 seconds
            Master Time Step
            Processing completed...       5.3693 seconds

     Processing Day/Time [YYYYDDD:HHMMSS]: 2017356:074500
       Which is Equivalent to (UTC): 7:45:00  Friday,  Dec. 22, 2017
       Time-Step Length (HHMMSS): 000500
                 VDIFF completed...       0.7045 seconds
                COUPLE completed...       0.1292 seconds
                  HADV completed...       1.9556 seconds
                  ZADV completed...       0.2902 seconds
                 HDIFF completed...       0.2249 seconds
              DECOUPLE completed...       0.0457 seconds
                  PHOT completed...       0.1786 seconds
               CLDPROC completed...       0.2631 seconds
                  CHEM completed...       0.6348 seconds
                  AERO completed...       0.9405 seconds
            Master Time Step
            Processing completed...       5.3712 seconds

     Processing Day/Time [YYYYDDD:HHMMSS]: 2017356:075000
       Which is Equivalent to (UTC): 7:50:00  Friday,  Dec. 22, 2017
       Time-Step Length (HHMMSS): 000500
                 VDIFF completed...       0.7032 seconds
                COUPLE completed...       0.1291 seconds
                  HADV completed...       1.9476 seconds
                  ZADV completed...       0.3062 seconds
                 HDIFF completed...       0.2094 seconds
              DECOUPLE completed...       0.0446 seconds
                  PHOT completed...       0.1796 seconds
               CLDPROC completed...       0.2622 seconds
                  CHEM completed...       0.6366 seconds
                  AERO completed...       0.9381 seconds
            Master Time Step
            Processing completed...       5.3616 seconds

     Processing Day/Time [YYYYDDD:HHMMSS]: 2017356:075500
       Which is Equivalent to (UTC): 7:55:00  Friday,  Dec. 22, 2017
       Time-Step Length (HHMMSS): 000500
                 VDIFF completed...       2.3813 seconds
                COUPLE completed...       0.1702 seconds
                  HADV completed...       1.2991 seconds
                  ZADV completed...       0.2908 seconds
                 HDIFF completed...       0.2425 seconds
              DECOUPLE completed...       0.0582 seconds
                  PHOT completed...       0.1681 seconds
               CLDPROC completed...       1.1207 seconds
                  CHEM completed...       0.6200 seconds
                  AERO completed...       0.9649 seconds
            Master Time Step
            Processing completed...       7.3213 seconds

      =--> Data Output completed...       1.2551 seconds

     Processing Day/Time [YYYYDDD:HHMMSS]: 2017356:080000
       Which is Equivalent to (UTC): 8:00:00  Friday,  Dec. 22, 2017
       Time-Step Length (HHMMSS): 000500
                 VDIFF completed...       5.5821 seconds
                COUPLE completed...       0.1394 seconds
                  HADV completed...       2.2689 seconds
                  ZADV completed...       0.2887 seconds
                 HDIFF completed...       0.2275 seconds
              DECOUPLE completed...       0.0442 seconds
                  PHOT completed...       1.8555 seconds
               CLDPROC completed...       0.2678 seconds
                  CHEM completed...       0.6341 seconds
                  AERO completed...       0.9458 seconds
            Master Time Step
            Processing completed...      12.2555 seconds

     Processing Day/Time [YYYYDDD:HHMMSS]: 2017356:080500
       Which is Equivalent to (UTC): 8:05:00  Friday,  Dec. 22, 2017
       Time-Step Length (HHMMSS): 000500
                 VDIFF completed...       0.7059 seconds
                COUPLE completed...       0.1300 seconds
                  HADV completed...       2.0003 seconds
                  ZADV completed...       0.2864 seconds
                 HDIFF completed...       0.2286 seconds
              DECOUPLE completed...       0.0449 seconds
                  PHOT completed...       0.1785 seconds
               CLDPROC completed...       0.2644 seconds
                  CHEM completed...       0.6337 seconds
                  AERO completed...       0.9376 seconds
            Master Time Step
            Processing completed...       5.4140 seconds

     Processing Day/Time [YYYYDDD:HHMMSS]: 2017356:081000
       Which is Equivalent to (UTC): 8:10:00  Friday,  Dec. 22, 2017
       Time-Step Length (HHMMSS): 000500
                 VDIFF completed...       0.7030 seconds
                COUPLE completed...       0.1292 seconds
                  HADV completed...       1.9930 seconds
                  ZADV completed...       0.2883 seconds
                 HDIFF completed...       0.2269 seconds
              DECOUPLE completed...       0.0445 seconds
                  PHOT completed...       0.1784 seconds
               CLDPROC completed...       0.2657 seconds
                  CHEM completed...       0.6325 seconds
                  AERO completed...       0.9371 seconds
            Master Time Step
            Processing completed...       5.4034 seconds

     Processing Day/Time [YYYYDDD:HHMMSS]: 2017356:081500
       Which is Equivalent to (UTC): 8:15:00  Friday,  Dec. 22, 2017
       Time-Step Length (HHMMSS): 000500
                 VDIFF completed...       0.7028 seconds
                COUPLE completed...       0.1275 seconds
                  HADV completed...       1.9714 seconds
                  ZADV completed...       0.2860 seconds
                 HDIFF completed...       0.2287 seconds
              DECOUPLE completed...       0.0443 seconds
                  PHOT completed...       0.1791 seconds
               CLDPROC completed...       0.2665 seconds
                  CHEM completed...       0.6320 seconds
                  AERO completed...       0.9343 seconds
            Master Time Step
            Processing completed...       5.3780 seconds

     Processing Day/Time [YYYYDDD:HHMMSS]: 2017356:082000
       Which is Equivalent to (UTC): 8:20:00  Friday,  Dec. 22, 2017
       Time-Step Length (HHMMSS): 000500
                 VDIFF completed...       0.6951 seconds
                COUPLE completed...       0.1271 seconds
                  HADV completed...       1.9887 seconds
                  ZADV completed...       0.2889 seconds
                 HDIFF completed...       0.2255 seconds
              DECOUPLE completed...       0.0446 seconds
                  PHOT completed...       0.1788 seconds
               CLDPROC completed...       0.2653 seconds
                  CHEM completed...       0.6302 seconds
                  AERO completed...       0.9407 seconds
            Master Time Step
            Processing completed...       5.3903 seconds

     Processing Day/Time [YYYYDDD:HHMMSS]: 2017356:082500
       Which is Equivalent to (UTC): 8:25:00  Friday,  Dec. 22, 2017
       Time-Step Length (HHMMSS): 000500
                 VDIFF completed...       0.6966 seconds
                COUPLE completed...       0.1282 seconds
                  HADV completed...       1.9805 seconds
                  ZADV completed...       0.2896 seconds
                 HDIFF completed...       0.2249 seconds
              DECOUPLE completed...       0.0441 seconds
                  PHOT completed...       0.1796 seconds
               CLDPROC completed...       0.2655 seconds
                  CHEM completed...       0.6294 seconds
                  AERO completed...       0.9357 seconds
            Master Time Step
            Processing completed...       5.3792 seconds

     Processing Day/Time [YYYYDDD:HHMMSS]: 2017356:083000
       Which is Equivalent to (UTC): 8:30:00  Friday,  Dec. 22, 2017
       Time-Step Length (HHMMSS): 000500
                 VDIFF completed...       0.7033 seconds
                COUPLE completed...       0.1265 seconds
                  HADV completed...       1.9846 seconds
                  ZADV completed...       0.2913 seconds
                 HDIFF completed...       0.2229 seconds
              DECOUPLE completed...       0.0441 seconds
                  PHOT completed...       0.1790 seconds
               CLDPROC completed...       0.2654 seconds
                  CHEM completed...       0.6296 seconds
                  AERO completed...       0.9351 seconds
            Master Time Step
            Processing completed...       5.3869 seconds

     Processing Day/Time [YYYYDDD:HHMMSS]: 2017356:083500
       Which is Equivalent to (UTC): 8:35:00  Friday,  Dec. 22, 2017
       Time-Step Length (HHMMSS): 000500
                 VDIFF completed...       0.6871 seconds
                COUPLE completed...       0.1269 seconds
                  HADV completed...       2.0051 seconds
                  ZADV completed...       0.2874 seconds
                 HDIFF completed...       0.2280 seconds
              DECOUPLE completed...       0.0438 seconds
                  PHOT completed...       0.1789 seconds
               CLDPROC completed...       0.2656 seconds
                  CHEM completed...       0.6285 seconds
                  AERO completed...       0.9366 seconds
            Master Time Step
            Processing completed...       5.3930 seconds

     Processing Day/Time [YYYYDDD:HHMMSS]: 2017356:084000
       Which is Equivalent to (UTC): 8:40:00  Friday,  Dec. 22, 2017
       Time-Step Length (HHMMSS): 000500
                 VDIFF completed...       0.6793 seconds
                COUPLE completed...       0.1279 seconds
                  HADV completed...       2.0042 seconds
                  ZADV completed...       0.2936 seconds
                 HDIFF completed...       0.2218 seconds
              DECOUPLE completed...       0.0443 seconds
                  PHOT completed...       0.1792 seconds
               CLDPROC completed...       0.2626 seconds
                  CHEM completed...       0.6293 seconds
                  AERO completed...       0.9344 seconds
            Master Time Step
            Processing completed...       5.3812 seconds

     Processing Day/Time [YYYYDDD:HHMMSS]: 2017356:084500
       Which is Equivalent to (UTC): 8:45:00  Friday,  Dec. 22, 2017
       Time-Step Length (HHMMSS): 000500
                 VDIFF completed...       0.7014 seconds
                COUPLE completed...       0.1276 seconds
                  HADV completed...       1.9905 seconds
                  ZADV completed...       0.2893 seconds
                 HDIFF completed...       0.2256 seconds
              DECOUPLE completed...       0.0442 seconds
                  PHOT completed...       0.1788 seconds
               CLDPROC completed...       0.2631 seconds
                  CHEM completed...       0.6288 seconds
                  AERO completed...       0.9371 seconds
            Master Time Step
            Processing completed...       5.3917 seconds

     Processing Day/Time [YYYYDDD:HHMMSS]: 2017356:085000
       Which is Equivalent to (UTC): 8:50:00  Friday,  Dec. 22, 2017
       Time-Step Length (HHMMSS): 000500
                 VDIFF completed...       0.6984 seconds
                COUPLE completed...       0.1291 seconds
                  HADV completed...       1.9844 seconds
                  ZADV completed...       0.2898 seconds
                 HDIFF completed...       0.2245 seconds
              DECOUPLE completed...       0.0443 seconds
                  PHOT completed...       0.1790 seconds
               CLDPROC completed...       0.2614 seconds
                  CHEM completed...       0.6290 seconds
                  AERO completed...       0.9359 seconds
            Master Time Step
            Processing completed...       5.3811 seconds

     Processing Day/Time [YYYYDDD:HHMMSS]: 2017356:085500
       Which is Equivalent to (UTC): 8:55:00  Friday,  Dec. 22, 2017
       Time-Step Length (HHMMSS): 000500
                 VDIFF completed...       2.4073 seconds
                COUPLE completed...       0.1707 seconds
                  HADV completed...       1.2965 seconds
                  ZADV completed...       0.2903 seconds
                 HDIFF completed...       0.2244 seconds
              DECOUPLE completed...       0.0444 seconds
                  PHOT completed...       0.1790 seconds
               CLDPROC completed...       1.1708 seconds
                  CHEM completed...       0.5966 seconds
                  AERO completed...       1.0270 seconds
            Master Time Step
            Processing completed...       7.4130 seconds

      =--> Data Output completed...       1.1999 seconds

     Processing Day/Time [YYYYDDD:HHMMSS]: 2017356:090000
       Which is Equivalent to (UTC): 9:00:00  Friday,  Dec. 22, 2017
       Time-Step Length (HHMMSS): 000500
                 VDIFF completed...       5.4223 seconds
                COUPLE completed...       0.1417 seconds
                  HADV completed...       2.2029 seconds
                  ZADV completed...       0.2892 seconds
                 HDIFF completed...       0.2266 seconds
              DECOUPLE completed...       0.0445 seconds
                  PHOT completed...       1.3577 seconds
               CLDPROC completed...       0.2588 seconds
                  CHEM completed...       0.6294 seconds
                  AERO completed...       0.9376 seconds
            Master Time Step
            Processing completed...      11.5141 seconds

     Processing Day/Time [YYYYDDD:HHMMSS]: 2017356:090500
       Which is Equivalent to (UTC): 9:05:00  Friday,  Dec. 22, 2017
       Time-Step Length (HHMMSS): 000500
                 VDIFF completed...       0.6647 seconds
                COUPLE completed...       0.1316 seconds
                  HADV completed...       2.0531 seconds
                  ZADV completed...       0.2929 seconds
                 HDIFF completed...       0.2234 seconds
              DECOUPLE completed...       0.0448 seconds
                  PHOT completed...       0.1794 seconds
               CLDPROC completed...       0.2593 seconds
                  CHEM completed...       0.6296 seconds
                  AERO completed...       0.9563 seconds
            Master Time Step
            Processing completed...       5.4367 seconds

     Processing Day/Time [YYYYDDD:HHMMSS]: 2017356:091000
       Which is Equivalent to (UTC): 9:10:00  Friday,  Dec. 22, 2017
       Time-Step Length (HHMMSS): 000500
                 VDIFF completed...       0.6782 seconds
                COUPLE completed...       0.1291 seconds
                  HADV completed...       1.9853 seconds
                  ZADV completed...       0.2945 seconds
                 HDIFF completed...       0.2211 seconds
              DECOUPLE completed...       0.0443 seconds
                  PHOT completed...       0.1793 seconds
               CLDPROC completed...       0.2590 seconds
                  CHEM completed...       0.6428 seconds
                  AERO completed...       0.9301 seconds
            Master Time Step
            Processing completed...       5.3684 seconds

     Processing Day/Time [YYYYDDD:HHMMSS]: 2017356:091500
       Which is Equivalent to (UTC): 9:15:00  Friday,  Dec. 22, 2017
       Time-Step Length (HHMMSS): 000500
                 VDIFF completed...       0.6526 seconds
                COUPLE completed...       0.1317 seconds
                  HADV completed...       2.0391 seconds
                  ZADV completed...       0.2924 seconds
                 HDIFF completed...       0.2227 seconds
              DECOUPLE completed...       0.0440 seconds
                  PHOT completed...       0.1796 seconds
               CLDPROC completed...       0.2598 seconds
                  CHEM completed...       0.6283 seconds
                  AERO completed...       0.9346 seconds
            Master Time Step
            Processing completed...       5.3906 seconds

     Processing Day/Time [YYYYDDD:HHMMSS]: 2017356:092000
       Which is Equivalent to (UTC): 9:20:00  Friday,  Dec. 22, 2017
       Time-Step Length (HHMMSS): 000500
                 VDIFF completed...       0.6760 seconds
                COUPLE completed...       0.1305 seconds
                  HADV completed...       2.0250 seconds
                  ZADV completed...       0.2920 seconds
                 HDIFF completed...       0.2238 seconds
              DECOUPLE completed...       0.0449 seconds
                  PHOT completed...       0.1785 seconds
               CLDPROC completed...       0.2599 seconds
                  CHEM completed...       0.6290 seconds
                  AERO completed...       0.9338 seconds
            Master Time Step
            Processing completed...       5.3986 seconds

     Processing Day/Time [YYYYDDD:HHMMSS]: 2017356:092500
       Which is Equivalent to (UTC): 9:25:00  Friday,  Dec. 22, 2017
       Time-Step Length (HHMMSS): 000500
                 VDIFF completed...       0.6890 seconds
                COUPLE completed...       0.1294 seconds
                  HADV completed...       2.0130 seconds
                  ZADV completed...       0.2936 seconds
                 HDIFF completed...       0.2228 seconds
              DECOUPLE completed...       0.0452 seconds
                  PHOT completed...       0.1794 seconds
               CLDPROC completed...       0.2594 seconds
                  CHEM completed...       0.6286 seconds
                  AERO completed...       0.9331 seconds
            Master Time Step
            Processing completed...       5.3970 seconds

     Processing Day/Time [YYYYDDD:HHMMSS]: 2017356:093000
       Which is Equivalent to (UTC): 9:30:00  Friday,  Dec. 22, 2017
       Time-Step Length (HHMMSS): 000500
                 VDIFF completed...       0.6885 seconds
                COUPLE completed...       0.1285 seconds
                  HADV completed...       2.0166 seconds
                  ZADV completed...       0.2902 seconds
                 HDIFF completed...       0.2251 seconds
              DECOUPLE completed...       0.0445 seconds
                  PHOT completed...       0.1793 seconds
               CLDPROC completed...       0.2597 seconds
                  CHEM completed...       0.6284 seconds
                  AERO completed...       0.9340 seconds
            Master Time Step
            Processing completed...       5.4003 seconds

     Processing Day/Time [YYYYDDD:HHMMSS]: 2017356:093500
       Which is Equivalent to (UTC): 9:35:00  Friday,  Dec. 22, 2017
       Time-Step Length (HHMMSS): 000500
                 VDIFF completed...       0.6542 seconds
                COUPLE completed...       0.1317 seconds
                  HADV completed...       2.0432 seconds
                  ZADV completed...       0.2942 seconds
                 HDIFF completed...       0.2210 seconds
              DECOUPLE completed...       0.0447 seconds
                  PHOT completed...       0.1787 seconds
               CLDPROC completed...       0.2594 seconds
                  CHEM completed...       0.6282 seconds
                  AERO completed...       0.9381 seconds
            Master Time Step
            Processing completed...       5.3992 seconds

     Processing Day/Time [YYYYDDD:HHMMSS]: 2017356:094000
       Which is Equivalent to (UTC): 9:40:00  Friday,  Dec. 22, 2017
       Time-Step Length (HHMMSS): 000500
                 VDIFF completed...       0.6644 seconds
                COUPLE completed...       0.1319 seconds
                  HADV completed...       2.0376 seconds
                  ZADV completed...       0.2934 seconds
                 HDIFF completed...       0.2222 seconds
              DECOUPLE completed...       0.0448 seconds
                  PHOT completed...       0.1786 seconds
               CLDPROC completed...       0.2582 seconds
                  CHEM completed...       0.6286 seconds
                  AERO completed...       0.9329 seconds
            Master Time Step
            Processing completed...       5.3979 seconds

     Processing Day/Time [YYYYDDD:HHMMSS]: 2017356:094500
       Which is Equivalent to (UTC): 9:45:00  Friday,  Dec. 22, 2017
       Time-Step Length (HHMMSS): 000500
                 VDIFF completed...       0.6341 seconds
                COUPLE completed...       0.1355 seconds
                  HADV completed...       2.0627 seconds
                  ZADV completed...       0.2935 seconds
                 HDIFF completed...       0.3398 seconds
              DECOUPLE completed...       0.0485 seconds
                  PHOT completed...       0.1747 seconds
               CLDPROC completed...       0.2538 seconds
                  CHEM completed...       0.6274 seconds
                  AERO completed...       0.9424 seconds
            Master Time Step
            Processing completed...       5.5177 seconds

     Processing Day/Time [YYYYDDD:HHMMSS]: 2017356:095000
       Which is Equivalent to (UTC): 9:50:00  Friday,  Dec. 22, 2017
       Time-Step Length (HHMMSS): 000500
                 VDIFF completed...       0.6893 seconds
                COUPLE completed...       0.1300 seconds
                  HADV completed...       2.0080 seconds
                  ZADV completed...       0.2903 seconds
                 HDIFF completed...       0.2260 seconds
              DECOUPLE completed...       0.0447 seconds
                  PHOT completed...       0.1788 seconds
               CLDPROC completed...       0.2555 seconds
                  CHEM completed...       0.6285 seconds
                  AERO completed...       0.9334 seconds
            Master Time Step
            Processing completed...       5.3900 seconds

     Processing Day/Time [YYYYDDD:HHMMSS]: 2017356:095500
       Which is Equivalent to (UTC): 9:55:00  Friday,  Dec. 22, 2017
       Time-Step Length (HHMMSS): 000500
                 VDIFF completed...       2.4291 seconds
                COUPLE completed...       0.1702 seconds
                  HADV completed...       1.2989 seconds
                  ZADV completed...       0.2959 seconds
                 HDIFF completed...       0.2225 seconds
              DECOUPLE completed...       0.0522 seconds
                  PHOT completed...       0.1854 seconds
               CLDPROC completed...       1.1641 seconds
                  CHEM completed...       0.6025 seconds
                  AERO completed...       0.9502 seconds
            Master Time Step
            Processing completed...       7.3765 seconds

      =--> Data Output completed...       1.2579 seconds

     Processing Day/Time [YYYYDDD:HHMMSS]: 2017356:100000
       Which is Equivalent to (UTC): 10:00:00 Friday,  Dec. 22, 2017
       Time-Step Length (HHMMSS): 000500
                 VDIFF completed...       5.5155 seconds
                COUPLE completed...       0.1429 seconds
                  HADV completed...       2.2832 seconds
                  ZADV completed...       0.2954 seconds
                 HDIFF completed...       0.2208 seconds
              DECOUPLE completed...       0.0447 seconds
                  PHOT completed...       1.8873 seconds
               CLDPROC completed...       0.2593 seconds
                  CHEM completed...       0.6277 seconds
                  AERO completed...       0.9374 seconds
            Master Time Step
            Processing completed...      12.2183 seconds

     Processing Day/Time [YYYYDDD:HHMMSS]: 2017356:100500
       Which is Equivalent to (UTC): 10:05:00 Friday,  Dec. 22, 2017
       Time-Step Length (HHMMSS): 000500
                 VDIFF completed...       0.6337 seconds
                COUPLE completed...       0.1346 seconds
                  HADV completed...       2.1008 seconds
                  ZADV completed...       0.2957 seconds
                 HDIFF completed...       0.2196 seconds
              DECOUPLE completed...       0.0448 seconds
                  PHOT completed...       0.1792 seconds
               CLDPROC completed...       0.2541 seconds
                  CHEM completed...       0.6277 seconds
                  AERO completed...       0.9291 seconds
            Master Time Step
            Processing completed...       5.4241 seconds

     Processing Day/Time [YYYYDDD:HHMMSS]: 2017356:101000
       Which is Equivalent to (UTC): 10:10:00 Friday,  Dec. 22, 2017
       Time-Step Length (HHMMSS): 000500
                 VDIFF completed...       0.6629 seconds
                COUPLE completed...       0.1330 seconds
                  HADV completed...       2.0410 seconds
                  ZADV completed...       0.2940 seconds
                 HDIFF completed...       0.2213 seconds
              DECOUPLE completed...       0.0443 seconds
                  PHOT completed...       0.1786 seconds
               CLDPROC completed...       0.2553 seconds
                  CHEM completed...       0.6267 seconds
                  AERO completed...       0.9298 seconds
            Master Time Step
            Processing completed...       5.3915 seconds

     Processing Day/Time [YYYYDDD:HHMMSS]: 2017356:101500
       Which is Equivalent to (UTC): 10:15:00 Friday,  Dec. 22, 2017
       Time-Step Length (HHMMSS): 000500
                 VDIFF completed...       0.6859 seconds
                COUPLE completed...       0.1286 seconds
                  HADV completed...       2.0249 seconds
                  ZADV completed...       0.2962 seconds
                 HDIFF completed...       0.2184 seconds
              DECOUPLE completed...       0.0441 seconds
                  PHOT completed...       0.1788 seconds
               CLDPROC completed...       0.2565 seconds
                  CHEM completed...       0.6276 seconds
                  AERO completed...       0.9284 seconds
            Master Time Step
            Processing completed...       5.3945 seconds

     Processing Day/Time [YYYYDDD:HHMMSS]: 2017356:102000
       Which is Equivalent to (UTC): 10:20:00 Friday,  Dec. 22, 2017
       Time-Step Length (HHMMSS): 000500
                 VDIFF completed...       0.6859 seconds
                COUPLE completed...       0.1295 seconds
                  HADV completed...       2.0233 seconds
                  ZADV completed...       0.2943 seconds
                 HDIFF completed...       0.2790 seconds
              DECOUPLE completed...       0.0442 seconds
                  PHOT completed...       0.1786 seconds
               CLDPROC completed...       0.2559 seconds
                  CHEM completed...       0.6275 seconds
                  AERO completed...       0.9311 seconds
            Master Time Step
            Processing completed...       5.4545 seconds

     Processing Day/Time [YYYYDDD:HHMMSS]: 2017356:102500
       Which is Equivalent to (UTC): 10:25:00 Friday,  Dec. 22, 2017
       Time-Step Length (HHMMSS): 000500
                 VDIFF completed...       0.6533 seconds
                COUPLE completed...       0.1346 seconds
                  HADV completed...       2.0390 seconds
                  ZADV completed...       0.2943 seconds
                 HDIFF completed...       0.2208 seconds
              DECOUPLE completed...       0.0439 seconds
                  PHOT completed...       0.1793 seconds
               CLDPROC completed...       0.2562 seconds
                  CHEM completed...       0.6268 seconds
                  AERO completed...       0.9282 seconds
            Master Time Step
            Processing completed...       5.3818 seconds

     Processing Day/Time [YYYYDDD:HHMMSS]: 2017356:103000
       Which is Equivalent to (UTC): 10:30:00 Friday,  Dec. 22, 2017
       Time-Step Length (HHMMSS): 000500
                 VDIFF completed...       0.6148 seconds
                COUPLE completed...       0.1365 seconds
                  HADV completed...       2.0950 seconds
                  ZADV completed...       0.2968 seconds
                 HDIFF completed...       0.2188 seconds
              DECOUPLE completed...       0.0446 seconds
                  PHOT completed...       0.1785 seconds
               CLDPROC completed...       0.2553 seconds
                  CHEM completed...       0.6268 seconds
                  AERO completed...       0.9263 seconds
            Master Time Step
            Processing completed...       5.3987 seconds

     Processing Day/Time [YYYYDDD:HHMMSS]: 2017356:103500
       Which is Equivalent to (UTC): 10:35:00 Friday,  Dec. 22, 2017
       Time-Step Length (HHMMSS): 000500
                 VDIFF completed...       0.6765 seconds
                COUPLE completed...       0.1312 seconds
                  HADV completed...       2.0388 seconds
                  ZADV completed...       0.2953 seconds
                 HDIFF completed...       0.2205 seconds
              DECOUPLE completed...       0.0447 seconds
                  PHOT completed...       0.1781 seconds
               CLDPROC completed...       0.2544 seconds
                  CHEM completed...       0.6276 seconds
                  AERO completed...       0.9258 seconds
            Master Time Step
            Processing completed...       5.3978 seconds

     Processing Day/Time [YYYYDDD:HHMMSS]: 2017356:104000
       Which is Equivalent to (UTC): 10:40:00 Friday,  Dec. 22, 2017
       Time-Step Length (HHMMSS): 000500
                 VDIFF completed...       0.6522 seconds
                COUPLE completed...       0.1353 seconds
                  HADV completed...       2.0605 seconds
                  ZADV completed...       0.2934 seconds
                 HDIFF completed...       0.2214 seconds
              DECOUPLE completed...       0.0445 seconds
                  PHOT completed...       0.1792 seconds
               CLDPROC completed...       0.2533 seconds
                  CHEM completed...       0.6270 seconds
                  AERO completed...       0.9228 seconds
            Master Time Step
            Processing completed...       5.3952 seconds

     Processing Day/Time [YYYYDDD:HHMMSS]: 2017356:104500
       Which is Equivalent to (UTC): 10:45:00 Friday,  Dec. 22, 2017
       Time-Step Length (HHMMSS): 000500
                 VDIFF completed...       0.6868 seconds
                COUPLE completed...       0.1305 seconds
                  HADV completed...       2.0308 seconds
                  ZADV completed...       0.2967 seconds
                 HDIFF completed...       0.2187 seconds
              DECOUPLE completed...       0.0451 seconds
                  PHOT completed...       0.1784 seconds
               CLDPROC completed...       0.2521 seconds
                  CHEM completed...       0.6275 seconds
                  AERO completed...       0.9239 seconds
            Master Time Step
            Processing completed...       5.3959 seconds

     Processing Day/Time [YYYYDDD:HHMMSS]: 2017356:105000
       Which is Equivalent to (UTC): 10:50:00 Friday,  Dec. 22, 2017
       Time-Step Length (HHMMSS): 000500
                 VDIFF completed...       0.6909 seconds
                COUPLE completed...       0.1310 seconds
                  HADV completed...       2.0249 seconds
                  ZADV completed...       0.2984 seconds
                 HDIFF completed...       0.2173 seconds
              DECOUPLE completed...       0.0443 seconds
                  PHOT completed...       0.1786 seconds
               CLDPROC completed...       0.2503 seconds
                  CHEM completed...       0.6271 seconds
                  AERO completed...       0.9214 seconds
            Master Time Step
            Processing completed...       5.3898 seconds

     Processing Day/Time [YYYYDDD:HHMMSS]: 2017356:105500
       Which is Equivalent to (UTC): 10:55:00 Friday,  Dec. 22, 2017
       Time-Step Length (HHMMSS): 000500
                 VDIFF completed...       2.4694 seconds
                COUPLE completed...       0.1708 seconds
                  HADV completed...       1.2955 seconds
                  ZADV completed...       0.2947 seconds
                 HDIFF completed...       0.2208 seconds
              DECOUPLE completed...       0.0453 seconds
                  PHOT completed...       0.1781 seconds
               CLDPROC completed...       1.1789 seconds
                  CHEM completed...       0.5992 seconds
                  AERO completed...       0.9415 seconds
            Master Time Step
            Processing completed...       7.3999 seconds

      =--> Data Output completed...       1.2740 seconds

     Processing Day/Time [YYYYDDD:HHMMSS]: 2017356:110000
       Which is Equivalent to (UTC): 11:00:00 Friday,  Dec. 22, 2017
       Time-Step Length (HHMMSS): 000500
                 VDIFF completed...       5.5011 seconds
                COUPLE completed...       0.1413 seconds
                  HADV completed...       2.3202 seconds
                  ZADV completed...       0.2905 seconds
                 HDIFF completed...       0.2250 seconds
              DECOUPLE completed...       0.0440 seconds
                  PHOT completed...       1.3974 seconds
               CLDPROC completed...       0.2523 seconds
                  CHEM completed...       0.6282 seconds
                  AERO completed...       0.9258 seconds
            Master Time Step
            Processing completed...      11.7299 seconds

     Processing Day/Time [YYYYDDD:HHMMSS]: 2017356:110500
       Which is Equivalent to (UTC): 11:05:00 Friday,  Dec. 22, 2017
       Time-Step Length (HHMMSS): 000500
                 VDIFF completed...       0.6995 seconds
                COUPLE completed...       0.1338 seconds
                  HADV completed...       2.0998 seconds
                  ZADV completed...       0.2962 seconds
                 HDIFF completed...       0.2211 seconds
              DECOUPLE completed...       0.0441 seconds
                  PHOT completed...       0.1803 seconds
               CLDPROC completed...       0.2482 seconds
                  CHEM completed...       0.6268 seconds
                  AERO completed...       0.9241 seconds
            Master Time Step
            Processing completed...       5.4754 seconds

     Processing Day/Time [YYYYDDD:HHMMSS]: 2017356:111000
       Which is Equivalent to (UTC): 11:10:00 Friday,  Dec. 22, 2017
       Time-Step Length (HHMMSS): 000500
                 VDIFF completed...       0.6581 seconds
                COUPLE completed...       0.1334 seconds
                  HADV completed...       2.0442 seconds
                  ZADV completed...       0.2962 seconds
                 HDIFF completed...       0.2200 seconds
              DECOUPLE completed...       0.0448 seconds
                  PHOT completed...       0.1785 seconds
               CLDPROC completed...       0.2477 seconds
                  CHEM completed...       0.6265 seconds
                  AERO completed...       0.9221 seconds
            Master Time Step
            Processing completed...       5.3762 seconds

     Processing Day/Time [YYYYDDD:HHMMSS]: 2017356:111500
       Which is Equivalent to (UTC): 11:15:00 Friday,  Dec. 22, 2017
       Time-Step Length (HHMMSS): 000500
                 VDIFF completed...       0.6419 seconds
                COUPLE completed...       0.1304 seconds
                  HADV completed...       2.0716 seconds
                  ZADV completed...       0.2965 seconds
                 HDIFF completed...       0.2204 seconds
              DECOUPLE completed...       0.0451 seconds
                  PHOT completed...       0.1790 seconds
               CLDPROC completed...       0.2511 seconds
                  CHEM completed...       0.6276 seconds
                  AERO completed...       0.9289 seconds
            Master Time Step
            Processing completed...       5.3937 seconds

     Processing Day/Time [YYYYDDD:HHMMSS]: 2017356:112000
       Which is Equivalent to (UTC): 11:20:00 Friday,  Dec. 22, 2017
       Time-Step Length (HHMMSS): 000500
                 VDIFF completed...       0.6118 seconds
                COUPLE completed...       0.1306 seconds
                  HADV completed...       2.0914 seconds
                  ZADV completed...       0.2934 seconds
                 HDIFF completed...       0.2230 seconds
              DECOUPLE completed...       0.0437 seconds
                  PHOT completed...       0.1793 seconds
               CLDPROC completed...       0.2515 seconds
                  CHEM completed...       0.6274 seconds
                  AERO completed...       0.9308 seconds
            Master Time Step
            Processing completed...       5.3839 seconds

     Processing Day/Time [YYYYDDD:HHMMSS]: 2017356:112500
       Which is Equivalent to (UTC): 11:25:00 Friday,  Dec. 22, 2017
       Time-Step Length (HHMMSS): 000500
                 VDIFF completed...       0.5980 seconds
                COUPLE completed...       0.1332 seconds
                  HADV completed...       2.1064 seconds
                  ZADV completed...       0.2927 seconds
                 HDIFF completed...       0.2240 seconds
              DECOUPLE completed...       0.0440 seconds
                  PHOT completed...       0.1781 seconds
               CLDPROC completed...       0.2451 seconds
                  CHEM completed...       0.6297 seconds
                  AERO completed...       0.9249 seconds
            Master Time Step
            Processing completed...       5.3771 seconds

     Processing Day/Time [YYYYDDD:HHMMSS]: 2017356:113000
       Which is Equivalent to (UTC): 11:30:00 Friday,  Dec. 22, 2017
       Time-Step Length (HHMMSS): 000500
                 VDIFF completed...       0.5918 seconds
                COUPLE completed...       0.1196 seconds
                  HADV completed...       2.1401 seconds
                  ZADV completed...       0.2950 seconds
                 HDIFF completed...       0.2221 seconds
              DECOUPLE completed...       0.0439 seconds
                  PHOT completed...       0.1780 seconds
               CLDPROC completed...       0.2392 seconds
                  CHEM completed...       0.6205 seconds
                  AERO completed...       0.9240 seconds
            Master Time Step
            Processing completed...       5.3751 seconds

     Processing Day/Time [YYYYDDD:HHMMSS]: 2017356:113500
       Which is Equivalent to (UTC): 11:35:00 Friday,  Dec. 22, 2017
       Time-Step Length (HHMMSS): 000500
                 VDIFF completed...       0.5974 seconds
                COUPLE completed...       0.1196 seconds
                  HADV completed...       2.1445 seconds
                  ZADV completed...       0.2948 seconds
                 HDIFF completed...       0.2224 seconds
              DECOUPLE completed...       0.0442 seconds
                  PHOT completed...       0.1776 seconds
               CLDPROC completed...       0.2355 seconds
                  CHEM completed...       0.6140 seconds
                  AERO completed...       0.9117 seconds
            Master Time Step
            Processing completed...       5.3628 seconds

     Processing Day/Time [YYYYDDD:HHMMSS]: 2017356:114000
       Which is Equivalent to (UTC): 11:40:00 Friday,  Dec. 22, 2017
       Time-Step Length (HHMMSS): 000500
                 VDIFF completed...       0.5947 seconds
                COUPLE completed...       0.1018 seconds
                  HADV completed...       2.1780 seconds
                  ZADV completed...       0.2955 seconds
                 HDIFF completed...       0.2213 seconds
              DECOUPLE completed...       0.0442 seconds
                  PHOT completed...       0.1776 seconds
               CLDPROC completed...       0.2343 seconds
                  CHEM completed...       0.6115 seconds
                  AERO completed...       0.9093 seconds
            Master Time Step
            Processing completed...       5.3691 seconds

     Processing Day/Time [YYYYDDD:HHMMSS]: 2017356:114500
       Which is Equivalent to (UTC): 11:45:00 Friday,  Dec. 22, 2017
       Time-Step Length (HHMMSS): 000500
                 VDIFF completed...       0.6013 seconds
                COUPLE completed...       0.1091 seconds
                  HADV completed...       2.1669 seconds
                  ZADV completed...       0.2932 seconds
                 HDIFF completed...       0.2234 seconds
              DECOUPLE completed...       0.0444 seconds
                  PHOT completed...       0.1768 seconds
               CLDPROC completed...       0.2329 seconds
                  CHEM completed...       0.6109 seconds
                  AERO completed...       0.9055 seconds
            Master Time Step
            Processing completed...       5.3653 seconds

     Processing Day/Time [YYYYDDD:HHMMSS]: 2017356:115000
       Which is Equivalent to (UTC): 11:50:00 Friday,  Dec. 22, 2017
       Time-Step Length (HHMMSS): 000500
                 VDIFF completed...       0.5814 seconds
                COUPLE completed...       0.0679 seconds
                  HADV completed...       2.2286 seconds
                  ZADV completed...       0.2936 seconds
                 HDIFF completed...       0.2232 seconds
              DECOUPLE completed...       0.0441 seconds
                  PHOT completed...       0.1763 seconds
               CLDPROC completed...       0.2272 seconds
                  CHEM completed...       0.6130 seconds
                  AERO completed...       0.9060 seconds
            Master Time Step
            Processing completed...       5.3622 seconds

     Processing Day/Time [YYYYDDD:HHMMSS]: 2017356:115500
       Which is Equivalent to (UTC): 11:55:00 Friday,  Dec. 22, 2017
       Time-Step Length (HHMMSS): 000500
                 VDIFF completed...       2.5319 seconds
                COUPLE completed...       0.1713 seconds
                  HADV completed...       1.2955 seconds
                  ZADV completed...       0.2918 seconds
                 HDIFF completed...       0.2377 seconds
              DECOUPLE completed...       0.0437 seconds
                  PHOT completed...       0.1765 seconds
               CLDPROC completed...       1.1928 seconds
                  CHEM completed...       0.5698 seconds
                  AERO completed...       0.9135 seconds
            Master Time Step
            Processing completed...       7.4255 seconds

      =--> Data Output completed...       1.3167 seconds

     Processing Day/Time [YYYYDDD:HHMMSS]: 2017356:120000
       Which is Equivalent to (UTC): 12:00:00 Friday,  Dec. 22, 2017
       Time-Step Length (HHMMSS): 000500
                 VDIFF completed...       5.4960 seconds
                COUPLE completed...       0.1438 seconds
                  HADV completed...       2.2839 seconds
                  ZADV completed...       0.2983 seconds
                 HDIFF completed...       0.2173 seconds
              DECOUPLE completed...       0.0441 seconds
                  PHOT completed...       1.8114 seconds
               CLDPROC completed...       0.2150 seconds
                  CHEM completed...       0.6045 seconds
                  AERO completed...       0.9001 seconds
            Master Time Step
            Processing completed...      12.0178 seconds

     Processing Day/Time [YYYYDDD:HHMMSS]: 2017356:120500
       Which is Equivalent to (UTC): 12:05:00 Friday,  Dec. 22, 2017
       Time-Step Length (HHMMSS): 000500
                 VDIFF completed...       0.6658 seconds
                COUPLE completed...       0.1371 seconds
                  HADV completed...       2.1519 seconds
                  ZADV completed...       0.2946 seconds
                 HDIFF completed...       0.2202 seconds
              DECOUPLE completed...       0.0441 seconds
                  PHOT completed...       0.1747 seconds
               CLDPROC completed...       0.2097 seconds
                  CHEM completed...       0.6002 seconds
                  AERO completed...       0.8936 seconds
            Master Time Step
            Processing completed...       5.3959 seconds

     Processing Day/Time [YYYYDDD:HHMMSS]: 2017356:121000
       Which is Equivalent to (UTC): 12:10:00 Friday,  Dec. 22, 2017
       Time-Step Length (HHMMSS): 000500
                 VDIFF completed...       0.5635 seconds
                COUPLE completed...       0.1225 seconds
                  HADV completed...       2.2322 seconds
                  ZADV completed...       0.2937 seconds
                 HDIFF completed...       0.2208 seconds
              DECOUPLE completed...       0.0438 seconds
                  PHOT completed...       0.1740 seconds
               CLDPROC completed...       0.2080 seconds
                  CHEM completed...       0.5970 seconds
                  AERO completed...       0.8885 seconds
            Master Time Step
            Processing completed...       5.3475 seconds

     Processing Day/Time [YYYYDDD:HHMMSS]: 2017356:121500
       Which is Equivalent to (UTC): 12:15:00 Friday,  Dec. 22, 2017
       Time-Step Length (HHMMSS): 000500
                 VDIFF completed...       0.5612 seconds
                COUPLE completed...       0.0574 seconds
                  HADV completed...       2.3181 seconds
                  ZADV completed...       0.2963 seconds
                 HDIFF completed...       0.2185 seconds
              DECOUPLE completed...       0.0435 seconds
                  PHOT completed...       0.1745 seconds
               CLDPROC completed...       0.2071 seconds
                  CHEM completed...       0.5950 seconds
                  AERO completed...       0.8847 seconds
            Master Time Step
            Processing completed...       5.3605 seconds

     Processing Day/Time [YYYYDDD:HHMMSS]: 2017356:122000
       Which is Equivalent to (UTC): 12:20:00 Friday,  Dec. 22, 2017
       Time-Step Length (HHMMSS): 000500
                 VDIFF completed...       0.5590 seconds
                COUPLE completed...       0.0619 seconds
                  HADV completed...       2.3108 seconds
                  ZADV completed...       0.2927 seconds
                 HDIFF completed...       0.2232 seconds
              DECOUPLE completed...       0.0442 seconds
                  PHOT completed...       0.1741 seconds
               CLDPROC completed...       0.2075 seconds
                  CHEM completed...       0.5887 seconds
                  AERO completed...       0.8792 seconds
            Master Time Step
            Processing completed...       5.3433 seconds

     Processing Day/Time [YYYYDDD:HHMMSS]: 2017356:122500
       Which is Equivalent to (UTC): 12:25:00 Friday,  Dec. 22, 2017
       Time-Step Length (HHMMSS): 000500
                 VDIFF completed...       0.5708 seconds
                COUPLE completed...       0.0754 seconds
                  HADV completed...       2.2870 seconds
                  ZADV completed...       0.2933 seconds
                 HDIFF completed...       0.2219 seconds
              DECOUPLE completed...       0.0440 seconds
                  PHOT completed...       0.1742 seconds
               CLDPROC completed...       0.2071 seconds
                  CHEM completed...       0.5882 seconds
                  AERO completed...       0.8812 seconds
            Master Time Step
            Processing completed...       5.3464 seconds

     Processing Day/Time [YYYYDDD:HHMMSS]: 2017356:123000
       Which is Equivalent to (UTC): 12:30:00 Friday,  Dec. 22, 2017
       Time-Step Length (HHMMSS): 000500
                 VDIFF completed...       0.5743 seconds
                COUPLE completed...       0.0793 seconds
                  HADV completed...       2.2732 seconds
                  ZADV completed...       0.2962 seconds
                 HDIFF completed...       0.2187 seconds
              DECOUPLE completed...       0.0440 seconds
                  PHOT completed...       0.1729 seconds
               CLDPROC completed...       0.2056 seconds
                  CHEM completed...       0.5889 seconds
                  AERO completed...       0.8754 seconds
            Master Time Step
            Processing completed...       5.3334 seconds

     Processing Day/Time [YYYYDDD:HHMMSS]: 2017356:123500
       Which is Equivalent to (UTC): 12:35:00 Friday,  Dec. 22, 2017
       Time-Step Length (HHMMSS): 000500
                 VDIFF completed...       0.5754 seconds
                COUPLE completed...       0.0534 seconds
                  HADV completed...       2.3345 seconds
                  ZADV completed...       0.2924 seconds
                 HDIFF completed...       0.2221 seconds
              DECOUPLE completed...       0.0442 seconds
                  PHOT completed...       0.1728 seconds
               CLDPROC completed...       0.2036 seconds
                  CHEM completed...       0.5865 seconds
                  AERO completed...       0.8802 seconds
            Master Time Step
            Processing completed...       5.3697 seconds

     Processing Day/Time [YYYYDDD:HHMMSS]: 2017356:124000
       Which is Equivalent to (UTC): 12:40:00 Friday,  Dec. 22, 2017
       Time-Step Length (HHMMSS): 000500
                 VDIFF completed...       0.5699 seconds
                COUPLE completed...       0.0474 seconds
                  HADV completed...       2.3480 seconds
                  ZADV completed...       0.2909 seconds
                 HDIFF completed...       0.3275 seconds
              DECOUPLE completed...       0.0442 seconds
                  PHOT completed...       0.1717 seconds
               CLDPROC completed...       0.2001 seconds
                  CHEM completed...       0.5876 seconds
                  AERO completed...       0.8773 seconds
            Master Time Step
            Processing completed...       5.4690 seconds

     Processing Day/Time [YYYYDDD:HHMMSS]: 2017356:124500
       Which is Equivalent to (UTC): 12:45:00 Friday,  Dec. 22, 2017
       Time-Step Length (HHMMSS): 000500
                 VDIFF completed...       0.5758 seconds
                COUPLE completed...       0.0506 seconds
                  HADV completed...       2.3640 seconds
                  ZADV completed...       0.2969 seconds
                 HDIFF completed...       0.2185 seconds
              DECOUPLE completed...       0.0442 seconds
                  PHOT completed...       0.1721 seconds
               CLDPROC completed...       0.1968 seconds
                  CHEM completed...       0.5860 seconds
                  AERO completed...       0.8768 seconds
            Master Time Step
            Processing completed...       5.3864 seconds

     Processing Day/Time [YYYYDDD:HHMMSS]: 2017356:125000
       Which is Equivalent to (UTC): 12:50:00 Friday,  Dec. 22, 2017
       Time-Step Length (HHMMSS): 000500
                 VDIFF completed...       0.5743 seconds
                COUPLE completed...       0.0473 seconds
                  HADV completed...       2.3824 seconds
                  ZADV completed...       0.2945 seconds
                 HDIFF completed...       0.2204 seconds
              DECOUPLE completed...       0.0447 seconds
                  PHOT completed...       0.1709 seconds
               CLDPROC completed...       0.1912 seconds
                  CHEM completed...       0.5848 seconds
                  AERO completed...       0.8751 seconds
            Master Time Step
            Processing completed...       5.3901 seconds

     Processing Day/Time [YYYYDDD:HHMMSS]: 2017356:125500
       Which is Equivalent to (UTC): 12:55:00 Friday,  Dec. 22, 2017
       Time-Step Length (HHMMSS): 000500
                 VDIFF completed...       2.7568 seconds
                COUPLE completed...       0.1708 seconds
                  HADV completed...       1.2964 seconds
                  ZADV completed...       0.2921 seconds
                 HDIFF completed...       0.2228 seconds
              DECOUPLE completed...       0.0438 seconds
                  PHOT completed...       0.1722 seconds
               CLDPROC completed...       1.3181 seconds
                  CHEM completed...       0.5563 seconds
                  AERO completed...       0.9324 seconds
            Master Time Step
            Processing completed...       7.7670 seconds

      =--> Data Output completed...       1.2644 seconds

     Processing Day/Time [YYYYDDD:HHMMSS]: 2017356:130000
       Which is Equivalent to (UTC): 13:00:00 Friday,  Dec. 22, 2017
       Time-Step Length (HHMMSS): 000500
                 VDIFF completed...       5.5639 seconds
                COUPLE completed...       0.1412 seconds
                  HADV completed...       2.2921 seconds
                  ZADV completed...       0.3166 seconds
                 HDIFF completed...       0.2002 seconds
              DECOUPLE completed...       0.0456 seconds
                  PHOT completed...       1.3098 seconds
               CLDPROC completed...       0.1910 seconds
                  CHEM completed...       0.5866 seconds
                  AERO completed...       0.8784 seconds
            Master Time Step
            Processing completed...      11.5268 seconds

     Processing Day/Time [YYYYDDD:HHMMSS]: 2017356:130500
       Which is Equivalent to (UTC): 13:05:00 Friday,  Dec. 22, 2017
       Time-Step Length (HHMMSS): 000500
                 VDIFF completed...       0.5845 seconds
                COUPLE completed...       0.0573 seconds
                  HADV completed...       2.4592 seconds
                  ZADV completed...       0.2970 seconds
                 HDIFF completed...       0.2184 seconds
              DECOUPLE completed...       0.0452 seconds
                  PHOT completed...       0.1696 seconds
               CLDPROC completed...       0.1875 seconds
                  CHEM completed...       0.5876 seconds
                  AERO completed...       0.8743 seconds
            Master Time Step
            Processing completed...       5.4853 seconds

     Processing Day/Time [YYYYDDD:HHMMSS]: 2017356:131000
       Which is Equivalent to (UTC): 13:10:00 Friday,  Dec. 22, 2017
       Time-Step Length (HHMMSS): 000500
                 VDIFF completed...       0.5818 seconds
                COUPLE completed...       0.0590 seconds
                  HADV completed...       2.4760 seconds
                  ZADV completed...       0.2978 seconds
                 HDIFF completed...       0.2180 seconds
              DECOUPLE completed...       0.0449 seconds
                  PHOT completed...       0.1690 seconds
               CLDPROC completed...       0.1893 seconds
                  CHEM completed...       0.5842 seconds
                  AERO completed...       0.8726 seconds
            Master Time Step
            Processing completed...       5.4961 seconds

     Processing Day/Time [YYYYDDD:HHMMSS]: 2017356:131500
       Which is Equivalent to (UTC): 13:15:00 Friday,  Dec. 22, 2017
       Time-Step Length (HHMMSS): 000500
                 VDIFF completed...       0.5760 seconds
                COUPLE completed...       0.0579 seconds
                  HADV completed...       2.5209 seconds
                  ZADV completed...       0.2977 seconds
                 HDIFF completed...       0.2180 seconds
              DECOUPLE completed...       0.0456 seconds
                  PHOT completed...       0.1688 seconds
               CLDPROC completed...       0.1899 seconds
                  CHEM completed...       0.5868 seconds
                  AERO completed...       0.8726 seconds
            Master Time Step
            Processing completed...       5.5386 seconds

     Processing Day/Time [YYYYDDD:HHMMSS]: 2017356:132000
       Which is Equivalent to (UTC): 13:20:00 Friday,  Dec. 22, 2017
       Time-Step Length (HHMMSS): 000500
                 VDIFF completed...       0.5706 seconds
                COUPLE completed...       0.0568 seconds
                  HADV completed...       2.5494 seconds
                  ZADV completed...       0.2999 seconds
                 HDIFF completed...       0.2153 seconds
              DECOUPLE completed...       0.0446 seconds
                  PHOT completed...       0.1690 seconds
               CLDPROC completed...       0.1920 seconds
                  CHEM completed...       0.5896 seconds
                  AERO completed...       0.8690 seconds
            Master Time Step
            Processing completed...       5.5607 seconds

     Processing Day/Time [YYYYDDD:HHMMSS]: 2017356:132500
       Which is Equivalent to (UTC): 13:25:00 Friday,  Dec. 22, 2017
       Time-Step Length (HHMMSS): 000500
                 VDIFF completed...       0.5728 seconds
                COUPLE completed...       0.0534 seconds
                  HADV completed...       2.6106 seconds
                  ZADV completed...       0.2947 seconds
                 HDIFF completed...       0.2209 seconds
              DECOUPLE completed...       0.0446 seconds
                  PHOT completed...       0.1704 seconds
               CLDPROC completed...       0.1920 seconds
                  CHEM completed...       0.5859 seconds
                  AERO completed...       0.8696 seconds
            Master Time Step
            Processing completed...       5.6168 seconds

     Processing Day/Time [YYYYDDD:HHMMSS]: 2017356:133000
       Which is Equivalent to (UTC): 13:30:00 Friday,  Dec. 22, 2017
       Time-Step Length (HHMMSS): 000500
                 VDIFF completed...       0.5668 seconds
                COUPLE completed...       0.0582 seconds
                  HADV completed...       2.6296 seconds
                  ZADV completed...       0.2980 seconds
                 HDIFF completed...       0.2166 seconds
              DECOUPLE completed...       0.0446 seconds
                  PHOT completed...       0.1696 seconds
               CLDPROC completed...       0.1907 seconds
                  CHEM completed...       0.5777 seconds
                  AERO completed...       0.8685 seconds
            Master Time Step
            Processing completed...       5.6250 seconds

     Processing Day/Time [YYYYDDD:HHMMSS]: 2017356:133500
       Which is Equivalent to (UTC): 13:35:00 Friday,  Dec. 22, 2017
       Time-Step Length (HHMMSS): 000500
                 VDIFF completed...       0.5686 seconds
                COUPLE completed...       0.0560 seconds
                  HADV completed...       2.6915 seconds
                  ZADV completed...       0.2954 seconds
                 HDIFF completed...       0.2200 seconds
              DECOUPLE completed...       0.0450 seconds
                  PHOT completed...       0.1684 seconds
               CLDPROC completed...       0.1892 seconds
                  CHEM completed...       0.5843 seconds
                  AERO completed...       0.8671 seconds
            Master Time Step
            Processing completed...       5.6900 seconds

     Processing Day/Time [YYYYDDD:HHMMSS]: 2017356:134000
       Which is Equivalent to (UTC): 13:40:00 Friday,  Dec. 22, 2017
       Time-Step Length (HHMMSS): 000500
                 VDIFF completed...       0.5735 seconds
                COUPLE completed...       0.0646 seconds
                  HADV completed...       2.7190 seconds
                  ZADV completed...       0.2994 seconds
                 HDIFF completed...       0.2163 seconds
              DECOUPLE completed...       0.0456 seconds
                  PHOT completed...       0.1665 seconds
               CLDPROC completed...       0.1860 seconds
                  CHEM completed...       0.5835 seconds
                  AERO completed...       0.8639 seconds
            Master Time Step
            Processing completed...       5.7223 seconds

     Processing Day/Time [YYYYDDD:HHMMSS]: 2017356:134500
       Which is Equivalent to (UTC): 13:45:00 Friday,  Dec. 22, 2017
       Time-Step Length (HHMMSS): 000500
                 VDIFF completed...       0.5749 seconds
                COUPLE completed...       0.0590 seconds
                  HADV completed...       2.7567 seconds
                  ZADV completed...       0.2984 seconds
                 HDIFF completed...       0.2162 seconds
              DECOUPLE completed...       0.0451 seconds
                  PHOT completed...       0.1679 seconds
               CLDPROC completed...       0.1852 seconds
                  CHEM completed...       0.5755 seconds
                  AERO completed...       0.8636 seconds
            Master Time Step
            Processing completed...       5.7474 seconds

     Processing Day/Time [YYYYDDD:HHMMSS]: 2017356:135000
       Which is Equivalent to (UTC): 13:50:00 Friday,  Dec. 22, 2017
       Time-Step Length (HHMMSS): 000500
                 VDIFF completed...       0.5812 seconds
                COUPLE completed...       0.0594 seconds
                  HADV completed...       2.7820 seconds
                  ZADV completed...       0.3012 seconds
                 HDIFF completed...       0.2140 seconds
              DECOUPLE completed...       0.0438 seconds
                  PHOT completed...       0.1683 seconds
               CLDPROC completed...       0.1777 seconds
                  CHEM completed...       0.5754 seconds
                  AERO completed...       0.8585 seconds
            Master Time Step
            Processing completed...       5.7660 seconds

     Processing Day/Time [YYYYDDD:HHMMSS]: 2017356:135500
       Which is Equivalent to (UTC): 13:55:00 Friday,  Dec. 22, 2017
       Time-Step Length (HHMMSS): 000500
                 VDIFF completed...       2.9947 seconds
                COUPLE completed...       0.1706 seconds
                  HADV completed...       1.2990 seconds
                  ZADV completed...       0.2990 seconds
                 HDIFF completed...       0.2160 seconds
              DECOUPLE completed...       0.0443 seconds
                  PHOT completed...       0.1681 seconds
               CLDPROC completed...       1.5634 seconds
                  CHEM completed...       0.5562 seconds
                  AERO completed...       0.9114 seconds
            Master Time Step
            Processing completed...       8.2276 seconds

      =--> Data Output completed...       1.3206 seconds

     Processing Day/Time [YYYYDDD:HHMMSS]: 2017356:140000
       Which is Equivalent to (UTC): 14:00:00 Friday,  Dec. 22, 2017
       Time-Step Length (HHMMSS): 000500
                 VDIFF completed...       5.4137 seconds
                COUPLE completed...       0.1408 seconds
                  HADV completed...       2.3048 seconds
                  ZADV completed...       0.3004 seconds
                 HDIFF completed...       0.2146 seconds
              DECOUPLE completed...       0.0441 seconds
                  PHOT completed...       1.2903 seconds
               CLDPROC completed...       0.1730 seconds
                  CHEM completed...       0.5769 seconds
                  AERO completed...       0.8573 seconds
            Master Time Step
            Processing completed...      11.3191 seconds

     Processing Day/Time [YYYYDDD:HHMMSS]: 2017356:140500
       Which is Equivalent to (UTC): 14:05:00 Friday,  Dec. 22, 2017
       Time-Step Length (HHMMSS): 000500
                 VDIFF completed...       0.6244 seconds
                COUPLE completed...       0.0696 seconds
                  HADV completed...       2.9188 seconds
                  ZADV completed...       0.2970 seconds
                 HDIFF completed...       0.2175 seconds
              DECOUPLE completed...       0.0439 seconds
                  PHOT completed...       0.1685 seconds
               CLDPROC completed...       0.1741 seconds
                  CHEM completed...       0.5712 seconds
                  AERO completed...       0.8570 seconds
            Master Time Step
            Processing completed...       5.9468 seconds

     Processing Day/Time [YYYYDDD:HHMMSS]: 2017356:141000
       Which is Equivalent to (UTC): 14:10:00 Friday,  Dec. 22, 2017
       Time-Step Length (HHMMSS): 000500
                 VDIFF completed...       0.6992 seconds
                COUPLE completed...       0.0955 seconds
                  HADV completed...       2.6442 seconds
                  ZADV completed...       0.3002 seconds
                 HDIFF completed...       0.2150 seconds
              DECOUPLE completed...       0.0444 seconds
                  PHOT completed...       0.1691 seconds
               CLDPROC completed...       0.1772 seconds
                  CHEM completed...       0.5664 seconds
                  AERO completed...       0.8573 seconds
            Master Time Step
            Processing completed...       5.7712 seconds

     Processing Day/Time [YYYYDDD:HHMMSS]: 2017356:141500
       Which is Equivalent to (UTC): 14:15:00 Friday,  Dec. 22, 2017
       Time-Step Length (HHMMSS): 000500
                 VDIFF completed...       0.7414 seconds
                COUPLE completed...       0.0989 seconds
                  HADV completed...       2.5940 seconds
                  ZADV completed...       0.2959 seconds
                 HDIFF completed...       0.2195 seconds
              DECOUPLE completed...       0.0445 seconds
                  PHOT completed...       0.1681 seconds
               CLDPROC completed...       0.1798 seconds
                  CHEM completed...       0.5658 seconds
                  AERO completed...       0.8551 seconds
            Master Time Step
            Processing completed...       5.7668 seconds

     Processing Day/Time [YYYYDDD:HHMMSS]: 2017356:142000
       Which is Equivalent to (UTC): 14:20:00 Friday,  Dec. 22, 2017
       Time-Step Length (HHMMSS): 000500
                 VDIFF completed...       0.7627 seconds
                COUPLE completed...       0.0850 seconds
                  HADV completed...       2.6078 seconds
                  ZADV completed...       0.3011 seconds
                 HDIFF completed...       0.2142 seconds
              DECOUPLE completed...       0.0443 seconds
                  PHOT completed...       0.1863 seconds
               CLDPROC completed...       0.1824 seconds
                  CHEM completed...       0.5627 seconds
                  AERO completed...       0.8526 seconds
            Master Time Step
            Processing completed...       5.8035 seconds

     Processing Day/Time [YYYYDDD:HHMMSS]: 2017356:142500
       Which is Equivalent to (UTC): 14:25:00 Friday,  Dec. 22, 2017
       Time-Step Length (HHMMSS): 000500
                 VDIFF completed...       0.7840 seconds
                COUPLE completed...       0.0639 seconds
                  HADV completed...       2.5972 seconds
                  ZADV completed...       0.3019 seconds
                 HDIFF completed...       0.2131 seconds
              DECOUPLE completed...       0.0449 seconds
                  PHOT completed...       0.2210 seconds
               CLDPROC completed...       0.1829 seconds
                  CHEM completed...       0.5642 seconds
                  AERO completed...       0.8520 seconds
            Master Time Step
            Processing completed...       5.8296 seconds

     Processing Day/Time [YYYYDDD:HHMMSS]: 2017356:143000
       Which is Equivalent to (UTC): 14:30:00 Friday,  Dec. 22, 2017
       Time-Step Length (HHMMSS): 000500
                 VDIFF completed...       0.8826 seconds
                COUPLE completed...       0.0697 seconds
                  HADV completed...       2.4589 seconds
                  ZADV completed...       0.2966 seconds
                 HDIFF completed...       0.2183 seconds
              DECOUPLE completed...       0.0446 seconds
                  PHOT completed...       0.2647 seconds
               CLDPROC completed...       0.1859 seconds
                  CHEM completed...       0.5641 seconds
                  AERO completed...       0.8563 seconds
            Master Time Step
            Processing completed...       5.8464 seconds

     Processing Day/Time [YYYYDDD:HHMMSS]: 2017356:143500
       Which is Equivalent to (UTC): 14:35:00 Friday,  Dec. 22, 2017
       Time-Step Length (HHMMSS): 000500
                 VDIFF completed...       0.9148 seconds
                COUPLE completed...       0.0623 seconds
                  HADV completed...       2.4104 seconds
                  ZADV completed...       0.2971 seconds
                 HDIFF completed...       0.2179 seconds
              DECOUPLE completed...       0.0446 seconds
                  PHOT completed...       0.3073 seconds
               CLDPROC completed...       0.1931 seconds
                  CHEM completed...       0.5647 seconds
                  AERO completed...       0.8546 seconds
            Master Time Step
            Processing completed...       5.8714 seconds

     Processing Day/Time [YYYYDDD:HHMMSS]: 2017356:144000
       Which is Equivalent to (UTC): 14:40:00 Friday,  Dec. 22, 2017
       Time-Step Length (HHMMSS): 000500
                 VDIFF completed...       0.9873 seconds
                COUPLE completed...       0.0642 seconds
                  HADV completed...       2.3045 seconds
                  ZADV completed...       0.3027 seconds
                 HDIFF completed...       0.2128 seconds
              DECOUPLE completed...       0.0445 seconds
                  PHOT completed...       0.3508 seconds
               CLDPROC completed...       0.1891 seconds
                  CHEM completed...       0.5668 seconds
                  AERO completed...       0.8522 seconds
            Master Time Step
            Processing completed...       5.8786 seconds

     Processing Day/Time [YYYYDDD:HHMMSS]: 2017356:144500
       Which is Equivalent to (UTC): 14:45:00 Friday,  Dec. 22, 2017
       Time-Step Length (HHMMSS): 000500
                 VDIFF completed...       1.0990 seconds
                COUPLE completed...       0.0877 seconds
                  HADV completed...       2.1369 seconds
                  ZADV completed...       0.2993 seconds
                 HDIFF completed...       0.2152 seconds
              DECOUPLE completed...       0.0446 seconds
                  PHOT completed...       0.3786 seconds
               CLDPROC completed...       0.1884 seconds
                  CHEM completed...       0.5848 seconds
                  AERO completed...       0.8531 seconds
            Master Time Step
            Processing completed...       5.8920 seconds

     Processing Day/Time [YYYYDDD:HHMMSS]: 2017356:145000
       Which is Equivalent to (UTC): 14:50:00 Friday,  Dec. 22, 2017
       Time-Step Length (HHMMSS): 000500
                 VDIFF completed...       1.1103 seconds
                COUPLE completed...       0.0785 seconds
                  HADV completed...       2.0891 seconds
                  ZADV completed...       0.3014 seconds
                 HDIFF completed...       0.2137 seconds
              DECOUPLE completed...       0.0445 seconds
                  PHOT completed...       0.3960 seconds
               CLDPROC completed...       0.1985 seconds
                  CHEM completed...       0.6639 seconds
                  AERO completed...       0.8547 seconds
            Master Time Step
            Processing completed...       5.9522 seconds

     Processing Day/Time [YYYYDDD:HHMMSS]: 2017356:145500
       Which is Equivalent to (UTC): 14:55:00 Friday,  Dec. 22, 2017
       Time-Step Length (HHMMSS): 000500
                 VDIFF completed...       2.8047 seconds
                COUPLE completed...       0.1710 seconds
                  HADV completed...       1.2297 seconds
                  ZADV completed...       0.2993 seconds
                 HDIFF completed...       0.2170 seconds
              DECOUPLE completed...       0.0446 seconds
                  PHOT completed...       0.4137 seconds
               CLDPROC completed...       1.3991 seconds
                  CHEM completed...       0.7434 seconds
                  AERO completed...       0.8703 seconds
            Master Time Step
            Processing completed...       8.1944 seconds

      =--> Data Output completed...       1.3241 seconds

     Processing Day/Time [YYYYDDD:HHMMSS]: 2017356:150000
       Which is Equivalent to (UTC): 15:00:00 Friday,  Dec. 22, 2017
       Time-Step Length (HHMMSS): 000500
                 VDIFF completed...       5.5044 seconds
                COUPLE completed...       0.1372 seconds
                  HADV completed...       2.2068 seconds
                  ZADV completed...       0.3029 seconds
                 HDIFF completed...       0.2135 seconds
              DECOUPLE completed...       0.0446 seconds
                  PHOT completed...       1.6345 seconds
               CLDPROC completed...       0.2262 seconds
                  CHEM completed...       0.8332 seconds
                  AERO completed...       0.8730 seconds
            Master Time Step
            Processing completed...      11.9797 seconds

     Processing Day/Time [YYYYDDD:HHMMSS]: 2017356:150500
       Which is Equivalent to (UTC): 15:05:00 Friday,  Dec. 22, 2017
       Time-Step Length (HHMMSS): 000500
                 VDIFF completed...       0.7272 seconds
                COUPLE completed...       0.0866 seconds
                  HADV completed...       2.1782 seconds
                  ZADV completed...       0.3155 seconds
                 HDIFF completed...       0.2012 seconds
              DECOUPLE completed...       0.0449 seconds
                  PHOT completed...       0.4512 seconds
               CLDPROC completed...       0.2208 seconds
                  CHEM completed...       0.8923 seconds
                  AERO completed...       0.8707 seconds
            Master Time Step
            Processing completed...       5.9917 seconds

     Processing Day/Time [YYYYDDD:HHMMSS]: 2017356:151000
       Which is Equivalent to (UTC): 15:10:00 Friday,  Dec. 22, 2017
       Time-Step Length (HHMMSS): 000500
                 VDIFF completed...       0.6178 seconds
                COUPLE completed...       0.0723 seconds
                  HADV completed...       2.1471 seconds
                  ZADV completed...       0.3042 seconds
                 HDIFF completed...       0.2113 seconds
              DECOUPLE completed...       0.0443 seconds
                  PHOT completed...       0.4643 seconds
               CLDPROC completed...       0.2214 seconds
                  CHEM completed...       0.9057 seconds
                  AERO completed...       0.8622 seconds
            Master Time Step
            Processing completed...       5.8542 seconds

     Processing Day/Time [YYYYDDD:HHMMSS]: 2017356:151500
       Which is Equivalent to (UTC): 15:15:00 Friday,  Dec. 22, 2017
       Time-Step Length (HHMMSS): 000500
                 VDIFF completed...       0.6064 seconds
                COUPLE completed...       0.0679 seconds
                  HADV completed...       2.1573 seconds
                  ZADV completed...       0.2985 seconds
                 HDIFF completed...       0.2180 seconds
              DECOUPLE completed...       0.0438 seconds
                  PHOT completed...       0.4650 seconds
               CLDPROC completed...       0.2229 seconds
                  CHEM completed...       0.8836 seconds
                  AERO completed...       0.8740 seconds
            Master Time Step
            Processing completed...       5.8385 seconds

     Processing Day/Time [YYYYDDD:HHMMSS]: 2017356:152000
       Which is Equivalent to (UTC): 15:20:00 Friday,  Dec. 22, 2017
       Time-Step Length (HHMMSS): 000500
                 VDIFF completed...       0.6140 seconds
                COUPLE completed...       0.0773 seconds
                  HADV completed...       2.1490 seconds
                  ZADV completed...       0.3033 seconds
                 HDIFF completed...       0.2131 seconds
              DECOUPLE completed...       0.0438 seconds
                  PHOT completed...       0.4648 seconds
               CLDPROC completed...       0.2284 seconds
                  CHEM completed...       0.8770 seconds
                  AERO completed...       0.8766 seconds
            Master Time Step
            Processing completed...       5.8486 seconds

     Processing Day/Time [YYYYDDD:HHMMSS]: 2017356:152500
       Which is Equivalent to (UTC): 15:25:00 Friday,  Dec. 22, 2017
       Time-Step Length (HHMMSS): 000500
                 VDIFF completed...       0.6190 seconds
                COUPLE completed...       0.0811 seconds
                  HADV completed...       2.1559 seconds
                  ZADV completed...       0.3023 seconds
                 HDIFF completed...       0.2141 seconds
              DECOUPLE completed...       0.0443 seconds
                  PHOT completed...       0.4645 seconds
               CLDPROC completed...       0.2304 seconds
                  CHEM completed...       0.8785 seconds
                  AERO completed...       0.8813 seconds
            Master Time Step
            Processing completed...       5.8727 seconds

     Processing Day/Time [YYYYDDD:HHMMSS]: 2017356:153000
       Which is Equivalent to (UTC): 15:30:00 Friday,  Dec. 22, 2017
       Time-Step Length (HHMMSS): 000500
                 VDIFF completed...       0.6243 seconds
                COUPLE completed...       0.0862 seconds
                  HADV completed...       2.1497 seconds
                  ZADV completed...       0.3018 seconds
                 HDIFF completed...       0.2148 seconds
              DECOUPLE completed...       0.0438 seconds
                  PHOT completed...       0.4657 seconds
               CLDPROC completed...       0.2320 seconds
                  CHEM completed...       0.8828 seconds
                  AERO completed...       0.8739 seconds
            Master Time Step
            Processing completed...       5.8764 seconds

     Processing Day/Time [YYYYDDD:HHMMSS]: 2017356:153500
       Which is Equivalent to (UTC): 15:35:00 Friday,  Dec. 22, 2017
       Time-Step Length (HHMMSS): 000500
                 VDIFF completed...       0.6257 seconds
                COUPLE completed...       0.0820 seconds
                  HADV completed...       2.3404 seconds
                  ZADV completed...       0.3018 seconds
                 HDIFF completed...       0.2144 seconds
              DECOUPLE completed...       0.0438 seconds
                  PHOT completed...       0.4647 seconds
               CLDPROC completed...       0.2354 seconds
                  CHEM completed...       0.8890 seconds
                  AERO completed...       0.8708 seconds
            Master Time Step
            Processing completed...       6.0694 seconds

     Processing Day/Time [YYYYDDD:HHMMSS]: 2017356:154000
       Which is Equivalent to (UTC): 15:40:00 Friday,  Dec. 22, 2017
       Time-Step Length (HHMMSS): 000500
                 VDIFF completed...       0.6316 seconds
                COUPLE completed...       0.0863 seconds
                  HADV completed...       2.1566 seconds
                  ZADV completed...       0.3016 seconds
                 HDIFF completed...       0.2136 seconds
              DECOUPLE completed...       0.0439 seconds
                  PHOT completed...       0.4636 seconds
               CLDPROC completed...       0.2351 seconds
                  CHEM completed...       0.8916 seconds
                  AERO completed...       0.8687 seconds
            Master Time Step
            Processing completed...       5.8965 seconds

     Processing Day/Time [YYYYDDD:HHMMSS]: 2017356:154500
       Which is Equivalent to (UTC): 15:45:00 Friday,  Dec. 22, 2017
       Time-Step Length (HHMMSS): 000500
                 VDIFF completed...       0.6201 seconds
                COUPLE completed...       0.0869 seconds
                  HADV completed...       2.1692 seconds
                  ZADV completed...       0.3023 seconds
                 HDIFF completed...       0.2127 seconds
              DECOUPLE completed...       0.0431 seconds
                  PHOT completed...       0.4648 seconds
               CLDPROC completed...       0.2367 seconds
                  CHEM completed...       0.8989 seconds
                  AERO completed...       0.8732 seconds
            Master Time Step
            Processing completed...       5.9128 seconds

     Processing Day/Time [YYYYDDD:HHMMSS]: 2017356:155000
       Which is Equivalent to (UTC): 15:50:00 Friday,  Dec. 22, 2017
       Time-Step Length (HHMMSS): 000500
                 VDIFF completed...       0.6242 seconds
                COUPLE completed...       0.0884 seconds
                  HADV completed...       2.1736 seconds
                  ZADV completed...       0.3023 seconds
                 HDIFF completed...       0.2140 seconds
              DECOUPLE completed...       0.0441 seconds
                  PHOT completed...       0.4618 seconds
               CLDPROC completed...       0.2370 seconds
                  CHEM completed...       0.8975 seconds
                  AERO completed...       0.8719 seconds
            Master Time Step
            Processing completed...       5.9195 seconds

     Processing Day/Time [YYYYDDD:HHMMSS]: 2017356:155500
       Which is Equivalent to (UTC): 15:55:00 Friday,  Dec. 22, 2017
       Time-Step Length (HHMMSS): 000500
                 VDIFF completed...       2.8807 seconds
                COUPLE completed...       0.1710 seconds
                  HADV completed...       1.2267 seconds
                  ZADV completed...       0.3029 seconds
                 HDIFF completed...       0.2122 seconds
              DECOUPLE completed...       0.0442 seconds
                  PHOT completed...       0.4633 seconds
               CLDPROC completed...       1.4071 seconds
                  CHEM completed...       0.9116 seconds
                  AERO completed...       0.8873 seconds
            Master Time Step
            Processing completed...       8.5128 seconds

      =--> Data Output completed...       1.2252 seconds

     Processing Day/Time [YYYYDDD:HHMMSS]: 2017356:160000
       Which is Equivalent to (UTC): 16:00:00 Friday,  Dec. 22, 2017
       Time-Step Length (HHMMSS): 000500
                 VDIFF completed...       5.4751 seconds
                COUPLE completed...       0.1326 seconds
                  HADV completed...       2.7691 seconds
                  ZADV completed...       0.3009 seconds
                 HDIFF completed...       0.2133 seconds
              DECOUPLE completed...       0.0442 seconds
                  PHOT completed...       1.5732 seconds
               CLDPROC completed...       0.2402 seconds
                  CHEM completed...       0.8968 seconds
                  AERO completed...       0.8779 seconds
            Master Time Step
            Processing completed...      12.5270 seconds

     Processing Day/Time [YYYYDDD:HHMMSS]: 2017356:160500
       Which is Equivalent to (UTC): 16:05:00 Friday,  Dec. 22, 2017
       Time-Step Length (HHMMSS): 000500
                 VDIFF completed...       0.6110 seconds
                COUPLE completed...       0.0763 seconds
                  HADV completed...       2.2551 seconds
                  ZADV completed...       0.3059 seconds
                 HDIFF completed...       0.2093 seconds
              DECOUPLE completed...       0.0441 seconds
                  PHOT completed...       0.4665 seconds
               CLDPROC completed...       0.2405 seconds
                  CHEM completed...       0.8927 seconds
                  AERO completed...       0.8673 seconds
            Master Time Step
            Processing completed...       5.9698 seconds

     Processing Day/Time [YYYYDDD:HHMMSS]: 2017356:161000
       Which is Equivalent to (UTC): 16:10:00 Friday,  Dec. 22, 2017
       Time-Step Length (HHMMSS): 000500
                 VDIFF completed...       0.6125 seconds
                COUPLE completed...       0.0874 seconds
                  HADV completed...       2.2431 seconds
                  ZADV completed...       0.3038 seconds
                 HDIFF completed...       0.2112 seconds
              DECOUPLE completed...       0.0445 seconds
                  PHOT completed...       0.4644 seconds
               CLDPROC completed...       0.2453 seconds
                  CHEM completed...       0.8887 seconds
                  AERO completed...       0.8658 seconds
            Master Time Step
            Processing completed...       5.9680 seconds

     Processing Day/Time [YYYYDDD:HHMMSS]: 2017356:161500
       Which is Equivalent to (UTC): 16:15:00 Friday,  Dec. 22, 2017
       Time-Step Length (HHMMSS): 000500
                 VDIFF completed...       0.6175 seconds
                COUPLE completed...       0.0841 seconds
                  HADV completed...       2.2529 seconds
                  ZADV completed...       0.3047 seconds
                 HDIFF completed...       0.2115 seconds
              DECOUPLE completed...       0.0444 seconds
                  PHOT completed...       0.4648 seconds
               CLDPROC completed...       0.2440 seconds
                  CHEM completed...       0.8846 seconds
                  AERO completed...       0.8637 seconds
            Master Time Step
            Processing completed...       5.9755 seconds

     Processing Day/Time [YYYYDDD:HHMMSS]: 2017356:162000
       Which is Equivalent to (UTC): 16:20:00 Friday,  Dec. 22, 2017
       Time-Step Length (HHMMSS): 000500
                 VDIFF completed...       0.6180 seconds
                COUPLE completed...       0.0835 seconds
                  HADV completed...       2.2554 seconds
                  ZADV completed...       0.3029 seconds
                 HDIFF completed...       0.3397 seconds
              DECOUPLE completed...       0.0461 seconds
                  PHOT completed...       0.4641 seconds
               CLDPROC completed...       0.2445 seconds
                  CHEM completed...       0.8836 seconds
                  AERO completed...       0.8644 seconds
            Master Time Step
            Processing completed...       6.1064 seconds

     Processing Day/Time [YYYYDDD:HHMMSS]: 2017356:162500
       Which is Equivalent to (UTC): 16:25:00 Friday,  Dec. 22, 2017
       Time-Step Length (HHMMSS): 000500
                 VDIFF completed...       0.6222 seconds
                COUPLE completed...       0.0831 seconds
                  HADV completed...       2.2639 seconds
                  ZADV completed...       0.3057 seconds
                 HDIFF completed...       0.2096 seconds
              DECOUPLE completed...       0.0459 seconds
                  PHOT completed...       0.4660 seconds
               CLDPROC completed...       0.2429 seconds
                  CHEM completed...       0.8784 seconds
                  AERO completed...       0.8619 seconds
            Master Time Step
            Processing completed...       5.9841 seconds

     Processing Day/Time [YYYYDDD:HHMMSS]: 2017356:163000
       Which is Equivalent to (UTC): 16:30:00 Friday,  Dec. 22, 2017
       Time-Step Length (HHMMSS): 000500
                 VDIFF completed...       0.6171 seconds
                COUPLE completed...       0.0774 seconds
                  HADV completed...       2.2791 seconds
                  ZADV completed...       0.3064 seconds
                 HDIFF completed...       0.2093 seconds
              DECOUPLE completed...       0.0440 seconds
                  PHOT completed...       0.4662 seconds
               CLDPROC completed...       0.2438 seconds
                  CHEM completed...       0.8766 seconds
                  AERO completed...       0.8628 seconds
            Master Time Step
            Processing completed...       5.9867 seconds

     Processing Day/Time [YYYYDDD:HHMMSS]: 2017356:163500
       Which is Equivalent to (UTC): 16:35:00 Friday,  Dec. 22, 2017
       Time-Step Length (HHMMSS): 000500
                 VDIFF completed...       0.6286 seconds
                COUPLE completed...       0.0818 seconds
                  HADV completed...       2.2803 seconds
                  ZADV completed...       0.3062 seconds
                 HDIFF completed...       0.2083 seconds
              DECOUPLE completed...       0.0440 seconds
                  PHOT completed...       0.4677 seconds
               CLDPROC completed...       0.2425 seconds
                  CHEM completed...       0.8734 seconds
                  AERO completed...       0.8634 seconds
            Master Time Step
            Processing completed...       6.0002 seconds

     Processing Day/Time [YYYYDDD:HHMMSS]: 2017356:164000
       Which is Equivalent to (UTC): 16:40:00 Friday,  Dec. 22, 2017
       Time-Step Length (HHMMSS): 000500
                 VDIFF completed...       0.6280 seconds
                COUPLE completed...       0.0797 seconds
                  HADV completed...       2.2823 seconds
                  ZADV completed...       0.3046 seconds
                 HDIFF completed...       0.2108 seconds
              DECOUPLE completed...       0.0439 seconds
                  PHOT completed...       0.4656 seconds
               CLDPROC completed...       0.2434 seconds
                  CHEM completed...       0.8713 seconds
                  AERO completed...       0.8632 seconds
            Master Time Step
            Processing completed...       5.9970 seconds

     Processing Day/Time [YYYYDDD:HHMMSS]: 2017356:164500
       Which is Equivalent to (UTC): 16:45:00 Friday,  Dec. 22, 2017
       Time-Step Length (HHMMSS): 000500
                 VDIFF completed...       0.6405 seconds
                COUPLE completed...       0.0782 seconds
                  HADV completed...       2.2805 seconds
                  ZADV completed...       0.3027 seconds
                 HDIFF completed...       0.2107 seconds
              DECOUPLE completed...       0.0442 seconds
                  PHOT completed...       0.4655 seconds
               CLDPROC completed...       0.2426 seconds
                  CHEM completed...       0.8715 seconds
                  AERO completed...       0.8641 seconds
            Master Time Step
            Processing completed...       6.0053 seconds

     Processing Day/Time [YYYYDDD:HHMMSS]: 2017356:165000
       Which is Equivalent to (UTC): 16:50:00 Friday,  Dec. 22, 2017
       Time-Step Length (HHMMSS): 000500
                 VDIFF completed...       0.6411 seconds
                COUPLE completed...       0.0775 seconds
                  HADV completed...       2.2814 seconds
                  ZADV completed...       0.3050 seconds
                 HDIFF completed...       0.2097 seconds
              DECOUPLE completed...       0.0445 seconds
                  PHOT completed...       0.4646 seconds
               CLDPROC completed...       0.2418 seconds
                  CHEM completed...       0.8712 seconds
                  AERO completed...       0.8613 seconds
            Master Time Step
            Processing completed...       6.0025 seconds

     Processing Day/Time [YYYYDDD:HHMMSS]: 2017356:165500
       Which is Equivalent to (UTC): 16:55:00 Friday,  Dec. 22, 2017
       Time-Step Length (HHMMSS): 000500
                 VDIFF completed...       2.6957 seconds
                COUPLE completed...       0.1710 seconds
                  HADV completed...       1.2322 seconds
                  ZADV completed...       0.3046 seconds
                 HDIFF completed...       0.2094 seconds
              DECOUPLE completed...       0.0445 seconds
                  PHOT completed...       0.4644 seconds
               CLDPROC completed...       1.5141 seconds
                  CHEM completed...       0.8946 seconds
                  AERO completed...       0.8805 seconds
            Master Time Step
            Processing completed...       8.4157 seconds

      =--> Data Output completed...       1.2319 seconds

     Processing Day/Time [YYYYDDD:HHMMSS]: 2017356:170000
       Which is Equivalent to (UTC): 17:00:00 Friday,  Dec. 22, 2017
       Time-Step Length (HHMMSS): 000500
                 VDIFF completed...       5.4981 seconds
                COUPLE completed...       0.1240 seconds
                  HADV completed...       2.4043 seconds
                  ZADV completed...       0.3037 seconds
                 HDIFF completed...       0.3338 seconds
              DECOUPLE completed...       0.0462 seconds
                  PHOT completed...       1.6873 seconds
               CLDPROC completed...       0.2411 seconds
                  CHEM completed...       0.8727 seconds
                  AERO completed...       0.8660 seconds
            Master Time Step
            Processing completed...      12.3812 seconds

     Processing Day/Time [YYYYDDD:HHMMSS]: 2017356:170500
       Which is Equivalent to (UTC): 17:05:00 Friday,  Dec. 22, 2017
       Time-Step Length (HHMMSS): 000500
                 VDIFF completed...       0.6718 seconds
                COUPLE completed...       0.0768 seconds
                  HADV completed...       2.3225 seconds
                  ZADV completed...       0.3058 seconds
                 HDIFF completed...       0.2106 seconds
              DECOUPLE completed...       0.0450 seconds
                  PHOT completed...       0.4650 seconds
               CLDPROC completed...       0.2386 seconds
                  CHEM completed...       0.8702 seconds
                  AERO completed...       0.8591 seconds
            Master Time Step
            Processing completed...       6.0691 seconds

     Processing Day/Time [YYYYDDD:HHMMSS]: 2017356:171000
       Which is Equivalent to (UTC): 17:10:00 Friday,  Dec. 22, 2017
       Time-Step Length (HHMMSS): 000500
                 VDIFF completed...       0.6755 seconds
                COUPLE completed...       0.0788 seconds
                  HADV completed...       2.3130 seconds
                  ZADV completed...       0.3056 seconds
                 HDIFF completed...       0.2107 seconds
              DECOUPLE completed...       0.0450 seconds
                  PHOT completed...       0.4670 seconds
               CLDPROC completed...       0.2393 seconds
                  CHEM completed...       0.8693 seconds
                  AERO completed...       0.8584 seconds
            Master Time Step
            Processing completed...       6.0655 seconds

     Processing Day/Time [YYYYDDD:HHMMSS]: 2017356:171500
       Which is Equivalent to (UTC): 17:15:00 Friday,  Dec. 22, 2017
       Time-Step Length (HHMMSS): 000500
                 VDIFF completed...       0.6761 seconds
                COUPLE completed...       0.0754 seconds
                  HADV completed...       2.3017 seconds
                  ZADV completed...       0.3052 seconds
                 HDIFF completed...       0.2110 seconds
              DECOUPLE completed...       0.0460 seconds
                  PHOT completed...       0.4663 seconds
               CLDPROC completed...       0.2391 seconds
                  CHEM completed...       0.8680 seconds
                  AERO completed...       0.8592 seconds
            Master Time Step
            Processing completed...       6.0524 seconds

     Processing Day/Time [YYYYDDD:HHMMSS]: 2017356:172000
       Which is Equivalent to (UTC): 17:20:00 Friday,  Dec. 22, 2017
       Time-Step Length (HHMMSS): 000500
                 VDIFF completed...       0.6802 seconds
                COUPLE completed...       0.0768 seconds
                  HADV completed...       2.3091 seconds
                  ZADV completed...       0.3067 seconds
                 HDIFF completed...       0.2094 seconds
              DECOUPLE completed...       0.0446 seconds
                  PHOT completed...       0.4665 seconds
               CLDPROC completed...       0.2415 seconds
                  CHEM completed...       0.8673 seconds
                  AERO completed...       0.8597 seconds
            Master Time Step
            Processing completed...       6.0661 seconds

     Processing Day/Time [YYYYDDD:HHMMSS]: 2017356:172500
       Which is Equivalent to (UTC): 17:25:00 Friday,  Dec. 22, 2017
       Time-Step Length (HHMMSS): 000500
                 VDIFF completed...       0.6820 seconds
                COUPLE completed...       0.0749 seconds
                  HADV completed...       2.3146 seconds
                  ZADV completed...       0.3056 seconds
                 HDIFF completed...       0.2107 seconds
              DECOUPLE completed...       0.0458 seconds
                  PHOT completed...       0.4687 seconds
               CLDPROC completed...       0.2396 seconds
                  CHEM completed...       0.8653 seconds
                  AERO completed...       0.8594 seconds
            Master Time Step
            Processing completed...       6.0713 seconds

     Processing Day/Time [YYYYDDD:HHMMSS]: 2017356:173000
       Which is Equivalent to (UTC): 17:30:00 Friday,  Dec. 22, 2017
       Time-Step Length (HHMMSS): 000500
                 VDIFF completed...       0.6711 seconds
                COUPLE completed...       0.0773 seconds
                  HADV completed...       2.3303 seconds
                  ZADV completed...       0.3067 seconds
                 HDIFF completed...       0.2090 seconds
              DECOUPLE completed...       0.0452 seconds
                  PHOT completed...       0.4659 seconds
               CLDPROC completed...       0.2419 seconds
                  CHEM completed...       0.8647 seconds
                  AERO completed...       0.8603 seconds
            Master Time Step
            Processing completed...       6.0769 seconds

     Processing Day/Time [YYYYDDD:HHMMSS]: 2017356:173500
       Which is Equivalent to (UTC): 17:35:00 Friday,  Dec. 22, 2017
       Time-Step Length (HHMMSS): 000500
                 VDIFF completed...       0.6786 seconds
                COUPLE completed...       0.0716 seconds
                  HADV completed...       2.3353 seconds
                  ZADV completed...       0.3038 seconds
                 HDIFF completed...       0.2122 seconds
              DECOUPLE completed...       0.0455 seconds
                  PHOT completed...       0.4658 seconds
               CLDPROC completed...       0.2410 seconds
                  CHEM completed...       0.8656 seconds
                  AERO completed...       0.8590 seconds
            Master Time Step
            Processing completed...       6.0830 seconds

     Processing Day/Time [YYYYDDD:HHMMSS]: 2017356:174000
       Which is Equivalent to (UTC): 17:40:00 Friday,  Dec. 22, 2017
       Time-Step Length (HHMMSS): 000500
                 VDIFF completed...       0.6828 seconds
                COUPLE completed...       0.0753 seconds
                  HADV completed...       2.5147 seconds
                  ZADV completed...       0.3044 seconds
                 HDIFF completed...       0.2114 seconds
              DECOUPLE completed...       0.0444 seconds
                  PHOT completed...       0.4665 seconds
               CLDPROC completed...       0.2413 seconds
                  CHEM completed...       0.8670 seconds
                  AERO completed...       0.8595 seconds
            Master Time Step
            Processing completed...       6.2719 seconds

     Processing Day/Time [YYYYDDD:HHMMSS]: 2017356:174500
       Which is Equivalent to (UTC): 17:45:00 Friday,  Dec. 22, 2017
       Time-Step Length (HHMMSS): 000500
                 VDIFF completed...       0.6880 seconds
                COUPLE completed...       0.0739 seconds
                  HADV completed...       2.3323 seconds
                  ZADV completed...       0.3052 seconds
                 HDIFF completed...       0.2108 seconds
              DECOUPLE completed...       0.0452 seconds
                  PHOT completed...       0.4673 seconds
               CLDPROC completed...       0.2403 seconds
                  CHEM completed...       0.8695 seconds
                  AERO completed...       0.8619 seconds
            Master Time Step
            Processing completed...       6.0984 seconds

     Processing Day/Time [YYYYDDD:HHMMSS]: 2017356:175000
       Which is Equivalent to (UTC): 17:50:00 Friday,  Dec. 22, 2017
       Time-Step Length (HHMMSS): 000500
                 VDIFF completed...       0.6816 seconds
                COUPLE completed...       0.0752 seconds
                  HADV completed...       2.3390 seconds
                  ZADV completed...       0.3058 seconds
                 HDIFF completed...       0.2098 seconds
              DECOUPLE completed...       0.0456 seconds
                  PHOT completed...       0.4667 seconds
               CLDPROC completed...       0.2396 seconds
                  CHEM completed...       0.8693 seconds
                  AERO completed...       0.8608 seconds
            Master Time Step
            Processing completed...       6.0969 seconds

     Processing Day/Time [YYYYDDD:HHMMSS]: 2017356:175500
       Which is Equivalent to (UTC): 17:55:00 Friday,  Dec. 22, 2017
       Time-Step Length (HHMMSS): 000500
                 VDIFF completed...       2.7814 seconds
                COUPLE completed...       0.1706 seconds
                  HADV completed...       1.2717 seconds
                  ZADV completed...       0.3055 seconds
                 HDIFF completed...       0.2104 seconds
              DECOUPLE completed...       0.0457 seconds
                  PHOT completed...       0.4650 seconds
               CLDPROC completed...       1.5573 seconds
                  CHEM completed...       0.8995 seconds
                  AERO completed...       0.8736 seconds
            Master Time Step
            Processing completed...       8.5856 seconds

      =--> Data Output completed...       1.2264 seconds

     Processing Day/Time [YYYYDDD:HHMMSS]: 2017356:180000
       Which is Equivalent to (UTC): 18:00:00 Friday,  Dec. 22, 2017
       Time-Step Length (HHMMSS): 000500
                 VDIFF completed...       5.6776 seconds
                COUPLE completed...       0.1201 seconds
                  HADV completed...       2.4130 seconds
                  ZADV completed...       0.3074 seconds
                 HDIFF completed...       0.2076 seconds
              DECOUPLE completed...       0.0451 seconds
                  PHOT completed...       1.6468 seconds
               CLDPROC completed...       0.2461 seconds
                  CHEM completed...       0.8731 seconds
                  AERO completed...       0.8621 seconds
            Master Time Step
            Processing completed...      12.4000 seconds

     Processing Day/Time [YYYYDDD:HHMMSS]: 2017356:180500
       Which is Equivalent to (UTC): 18:05:00 Friday,  Dec. 22, 2017
       Time-Step Length (HHMMSS): 000500
                 VDIFF completed...       0.6792 seconds
                COUPLE completed...       0.0788 seconds
                  HADV completed...       2.3716 seconds
                  ZADV completed...       0.3078 seconds
                 HDIFF completed...       0.2063 seconds
              DECOUPLE completed...       0.0452 seconds
                  PHOT completed...       0.4673 seconds
               CLDPROC completed...       0.2403 seconds
                  CHEM completed...       0.8700 seconds
                  AERO completed...       0.8623 seconds
            Master Time Step
            Processing completed...       6.1328 seconds

     Processing Day/Time [YYYYDDD:HHMMSS]: 2017356:181000
       Which is Equivalent to (UTC): 18:10:00 Friday,  Dec. 22, 2017
       Time-Step Length (HHMMSS): 000500
                 VDIFF completed...       0.6854 seconds
                COUPLE completed...       0.0790 seconds
                  HADV completed...       2.3366 seconds
                  ZADV completed...       0.3068 seconds
                 HDIFF completed...       0.2066 seconds
              DECOUPLE completed...       0.0450 seconds
                  PHOT completed...       0.4663 seconds
               CLDPROC completed...       0.2431 seconds
                  CHEM completed...       0.8705 seconds
                  AERO completed...       0.8595 seconds
            Master Time Step
            Processing completed...       6.1025 seconds

     Processing Day/Time [YYYYDDD:HHMMSS]: 2017356:181500
       Which is Equivalent to (UTC): 18:15:00 Friday,  Dec. 22, 2017
       Time-Step Length (HHMMSS): 000500
                 VDIFF completed...       0.6850 seconds
                COUPLE completed...       0.0791 seconds
                  HADV completed...       2.3316 seconds
                  ZADV completed...       0.3049 seconds
                 HDIFF completed...       0.2092 seconds
              DECOUPLE completed...       0.0455 seconds
                  PHOT completed...       0.4674 seconds
               CLDPROC completed...       0.2442 seconds
                  CHEM completed...       0.8709 seconds
                  AERO completed...       0.8592 seconds
            Master Time Step
            Processing completed...       6.0984 seconds

     Processing Day/Time [YYYYDDD:HHMMSS]: 2017356:182000
       Which is Equivalent to (UTC): 18:20:00 Friday,  Dec. 22, 2017
       Time-Step Length (HHMMSS): 000500
                 VDIFF completed...       0.6933 seconds
                COUPLE completed...       0.0787 seconds
                  HADV completed...       2.3282 seconds
                  ZADV completed...       0.3039 seconds
                 HDIFF completed...       0.2100 seconds
              DECOUPLE completed...       0.0449 seconds
                  PHOT completed...       0.4696 seconds
               CLDPROC completed...       0.2430 seconds
                  CHEM completed...       0.8714 seconds
                  AERO completed...       0.8589 seconds
            Master Time Step
            Processing completed...       6.1031 seconds

     Processing Day/Time [YYYYDDD:HHMMSS]: 2017356:182500
       Which is Equivalent to (UTC): 18:25:00 Friday,  Dec. 22, 2017
       Time-Step Length (HHMMSS): 000500
                 VDIFF completed...       0.6960 seconds
                COUPLE completed...       0.0792 seconds
                  HADV completed...       2.4966 seconds
                  ZADV completed...       0.3038 seconds
                 HDIFF completed...       0.2099 seconds
              DECOUPLE completed...       0.0445 seconds
                  PHOT completed...       0.4680 seconds
               CLDPROC completed...       0.2451 seconds
                  CHEM completed...       0.8701 seconds
                  AERO completed...       0.8661 seconds
            Master Time Step
            Processing completed...       6.2803 seconds

     Processing Day/Time [YYYYDDD:HHMMSS]: 2017356:183000
       Which is Equivalent to (UTC): 18:30:00 Friday,  Dec. 22, 2017
       Time-Step Length (HHMMSS): 000500
                 VDIFF completed...       0.6946 seconds
                COUPLE completed...       0.0818 seconds
                  HADV completed...       2.3233 seconds
                  ZADV completed...       0.3053 seconds
                 HDIFF completed...       0.2083 seconds
              DECOUPLE completed...       0.0446 seconds
                  PHOT completed...       0.4669 seconds
               CLDPROC completed...       0.2439 seconds
                  CHEM completed...       0.8714 seconds
                  AERO completed...       0.8606 seconds
            Master Time Step
            Processing completed...       6.1047 seconds

     Processing Day/Time [YYYYDDD:HHMMSS]: 2017356:183500
       Which is Equivalent to (UTC): 18:35:00 Friday,  Dec. 22, 2017
       Time-Step Length (HHMMSS): 000500
                 VDIFF completed...       0.7036 seconds
                COUPLE completed...       0.0790 seconds
                  HADV completed...       2.3258 seconds
                  ZADV completed...       0.3063 seconds
                 HDIFF completed...       0.2071 seconds
              DECOUPLE completed...       0.0444 seconds
                  PHOT completed...       0.4676 seconds
               CLDPROC completed...       0.2443 seconds
                  CHEM completed...       0.8717 seconds
                  AERO completed...       0.8591 seconds
            Master Time Step
            Processing completed...       6.1136 seconds

     Processing Day/Time [YYYYDDD:HHMMSS]: 2017356:184000
       Which is Equivalent to (UTC): 18:40:00 Friday,  Dec. 22, 2017
       Time-Step Length (HHMMSS): 000500
                 VDIFF completed...       0.7168 seconds
                COUPLE completed...       0.0763 seconds
                  HADV completed...       2.3203 seconds
                  ZADV completed...       0.3060 seconds
                 HDIFF completed...       0.2039 seconds
              DECOUPLE completed...       0.0481 seconds
                  PHOT completed...       0.4646 seconds
               CLDPROC completed...       0.2437 seconds
                  CHEM completed...       0.8730 seconds
                  AERO completed...       0.8637 seconds
            Master Time Step
            Processing completed...       6.1211 seconds

     Processing Day/Time [YYYYDDD:HHMMSS]: 2017356:184500
       Which is Equivalent to (UTC): 18:45:00 Friday,  Dec. 22, 2017
       Time-Step Length (HHMMSS): 000500
                 VDIFF completed...       0.7183 seconds
                COUPLE completed...       0.0736 seconds
                  HADV completed...       2.3188 seconds
                  ZADV completed...       0.3045 seconds
                 HDIFF completed...       0.2086 seconds
              DECOUPLE completed...       0.0462 seconds
                  PHOT completed...       0.4659 seconds
               CLDPROC completed...       0.2438 seconds
                  CHEM completed...       0.8734 seconds
                  AERO completed...       0.8647 seconds
            Master Time Step
            Processing completed...       6.1223 seconds

     Processing Day/Time [YYYYDDD:HHMMSS]: 2017356:185000
       Which is Equivalent to (UTC): 18:50:00 Friday,  Dec. 22, 2017
       Time-Step Length (HHMMSS): 000500
                 VDIFF completed...       0.7139 seconds
                COUPLE completed...       0.0758 seconds
                  HADV completed...       2.3201 seconds
                  ZADV completed...       0.3065 seconds
                 HDIFF completed...       0.2063 seconds
              DECOUPLE completed...       0.0455 seconds
                  PHOT completed...       0.4666 seconds
               CLDPROC completed...       0.2437 seconds
                  CHEM completed...       0.8754 seconds
                  AERO completed...       0.8665 seconds
            Master Time Step
            Processing completed...       6.1248 seconds

     Processing Day/Time [YYYYDDD:HHMMSS]: 2017356:185500
       Which is Equivalent to (UTC): 18:55:00 Friday,  Dec. 22, 2017
       Time-Step Length (HHMMSS): 000500
                 VDIFF completed...       2.8135 seconds
                COUPLE completed...       0.1705 seconds
                  HADV completed...       1.2699 seconds
                  ZADV completed...       0.3038 seconds
                 HDIFF completed...       0.2095 seconds
              DECOUPLE completed...       0.0438 seconds
                  PHOT completed...       0.4674 seconds
               CLDPROC completed...       1.5501 seconds
                  CHEM completed...       0.9143 seconds
                  AERO completed...       0.8907 seconds
            Master Time Step
            Processing completed...       8.6386 seconds

      =--> Data Output completed...       1.1980 seconds

     Processing Day/Time [YYYYDDD:HHMMSS]: 2017356:190000
       Which is Equivalent to (UTC): 19:00:00 Friday,  Dec. 22, 2017
       Time-Step Length (HHMMSS): 000500
                 VDIFF completed...       5.6356 seconds
                COUPLE completed...       0.1185 seconds
                  HADV completed...       2.5589 seconds
                  ZADV completed...       0.3045 seconds
                 HDIFF completed...       0.2088 seconds
              DECOUPLE completed...       0.0446 seconds
                  PHOT completed...       2.0186 seconds
               CLDPROC completed...       0.2500 seconds
                  CHEM completed...       0.8747 seconds
                  AERO completed...       0.8601 seconds
            Master Time Step
            Processing completed...      12.8784 seconds

     Processing Day/Time [YYYYDDD:HHMMSS]: 2017356:190500
       Which is Equivalent to (UTC): 19:05:00 Friday,  Dec. 22, 2017
       Time-Step Length (HHMMSS): 000500
                 VDIFF completed...       0.7314 seconds
                COUPLE completed...       0.0782 seconds
                  HADV completed...       2.3381 seconds
                  ZADV completed...       0.3007 seconds
                 HDIFF completed...       0.2128 seconds
              DECOUPLE completed...       0.0447 seconds
                  PHOT completed...       0.4658 seconds
               CLDPROC completed...       0.2471 seconds
                  CHEM completed...       0.8738 seconds
                  AERO completed...       0.8642 seconds
            Master Time Step
            Processing completed...       6.1578 seconds

     Processing Day/Time [YYYYDDD:HHMMSS]: 2017356:191000
       Which is Equivalent to (UTC): 19:10:00 Friday,  Dec. 22, 2017
       Time-Step Length (HHMMSS): 000500
                 VDIFF completed...       0.7335 seconds
                COUPLE completed...       0.0784 seconds
                  HADV completed...       2.3260 seconds
                  ZADV completed...       0.3025 seconds
                 HDIFF completed...       0.2107 seconds
              DECOUPLE completed...       0.0442 seconds
                  PHOT completed...       0.4664 seconds
               CLDPROC completed...       0.2480 seconds
                  CHEM completed...       0.8728 seconds
                  AERO completed...       0.8603 seconds
            Master Time Step
            Processing completed...       6.1438 seconds

     Processing Day/Time [YYYYDDD:HHMMSS]: 2017356:191500
       Which is Equivalent to (UTC): 19:15:00 Friday,  Dec. 22, 2017
       Time-Step Length (HHMMSS): 000500
                 VDIFF completed...       0.7433 seconds
                COUPLE completed...       0.0787 seconds
                  HADV completed...       2.3180 seconds
                  ZADV completed...       0.3025 seconds
                 HDIFF completed...       0.2094 seconds
              DECOUPLE completed...       0.0443 seconds
                  PHOT completed...       0.4660 seconds
               CLDPROC completed...       0.2502 seconds
                  CHEM completed...       0.8719 seconds
                  AERO completed...       0.8656 seconds
            Master Time Step
            Processing completed...       6.1509 seconds

     Processing Day/Time [YYYYDDD:HHMMSS]: 2017356:192000
       Which is Equivalent to (UTC): 19:20:00 Friday,  Dec. 22, 2017
       Time-Step Length (HHMMSS): 000500
                 VDIFF completed...       0.7434 seconds
                COUPLE completed...       0.0793 seconds
                  HADV completed...       2.3150 seconds
                  ZADV completed...       0.3009 seconds
                 HDIFF completed...       0.2116 seconds
              DECOUPLE completed...       0.0443 seconds
                  PHOT completed...       0.4669 seconds
               CLDPROC completed...       0.2499 seconds
                  CHEM completed...       0.8700 seconds
                  AERO completed...       0.8667 seconds
            Master Time Step
            Processing completed...       6.1490 seconds

     Processing Day/Time [YYYYDDD:HHMMSS]: 2017356:192500
       Which is Equivalent to (UTC): 19:25:00 Friday,  Dec. 22, 2017
       Time-Step Length (HHMMSS): 000500
                 VDIFF completed...       0.7468 seconds
                COUPLE completed...       0.0764 seconds
                  HADV completed...       2.3208 seconds
                  ZADV completed...       0.2983 seconds
                 HDIFF completed...       0.2140 seconds
              DECOUPLE completed...       0.0447 seconds
                  PHOT completed...       0.4652 seconds
               CLDPROC completed...       0.2517 seconds
                  CHEM completed...       0.8677 seconds
                  AERO completed...       0.8601 seconds
            Master Time Step
            Processing completed...       6.1470 seconds

     Processing Day/Time [YYYYDDD:HHMMSS]: 2017356:193000
       Which is Equivalent to (UTC): 19:30:00 Friday,  Dec. 22, 2017
       Time-Step Length (HHMMSS): 000500
                 VDIFF completed...       0.7478 seconds
                COUPLE completed...       0.0796 seconds
                  HADV completed...       2.3238 seconds
                  ZADV completed...       0.3010 seconds
                 HDIFF completed...       0.2119 seconds
              DECOUPLE completed...       0.0435 seconds
                  PHOT completed...       0.4652 seconds
               CLDPROC completed...       0.2519 seconds
                  CHEM completed...       0.8664 seconds
                  AERO completed...       0.8596 seconds
            Master Time Step
            Processing completed...       6.1518 seconds

     Processing Day/Time [YYYYDDD:HHMMSS]: 2017356:193500
       Which is Equivalent to (UTC): 19:35:00 Friday,  Dec. 22, 2017
       Time-Step Length (HHMMSS): 000500
                 VDIFF completed...       0.7520 seconds
                COUPLE completed...       0.0739 seconds
                  HADV completed...       2.3295 seconds
                  ZADV completed...       0.3072 seconds
                 HDIFF completed...       0.2049 seconds
              DECOUPLE completed...       0.0455 seconds
                  PHOT completed...       0.4638 seconds
               CLDPROC completed...       0.2510 seconds
                  CHEM completed...       0.8648 seconds
                  AERO completed...       0.8654 seconds
            Master Time Step
            Processing completed...       6.1619 seconds

     Processing Day/Time [YYYYDDD:HHMMSS]: 2017356:194000
       Which is Equivalent to (UTC): 19:40:00 Friday,  Dec. 22, 2017
       Time-Step Length (HHMMSS): 000500
                 VDIFF completed...       0.7472 seconds
                COUPLE completed...       0.0735 seconds
                  HADV completed...       2.3268 seconds
                  ZADV completed...       0.2937 seconds
                 HDIFF completed...       0.2181 seconds
              DECOUPLE completed...       0.0444 seconds
                  PHOT completed...       0.4644 seconds
               CLDPROC completed...       0.2503 seconds
                  CHEM completed...       0.8647 seconds
                  AERO completed...       0.8666 seconds
            Master Time Step
            Processing completed...       6.1545 seconds

     Processing Day/Time [YYYYDDD:HHMMSS]: 2017356:194500
       Which is Equivalent to (UTC): 19:45:00 Friday,  Dec. 22, 2017
       Time-Step Length (HHMMSS): 000500
                 VDIFF completed...       0.7415 seconds
                COUPLE completed...       0.0714 seconds
                  HADV completed...       2.3356 seconds
                  ZADV completed...       0.3009 seconds
                 HDIFF completed...       0.2102 seconds
              DECOUPLE completed...       0.0446 seconds
                  PHOT completed...       0.4651 seconds
               CLDPROC completed...       0.2486 seconds
                  CHEM completed...       0.8661 seconds
                  AERO completed...       0.8661 seconds
            Master Time Step
            Processing completed...       6.1550 seconds

     Processing Day/Time [YYYYDDD:HHMMSS]: 2017356:195000
       Which is Equivalent to (UTC): 19:50:00 Friday,  Dec. 22, 2017
       Time-Step Length (HHMMSS): 000500
                 VDIFF completed...       0.7499 seconds
                COUPLE completed...       0.0724 seconds
                  HADV completed...       2.4902 seconds
                  ZADV completed...       0.2949 seconds
                 HDIFF completed...       0.2171 seconds
              DECOUPLE completed...       0.0439 seconds
                  PHOT completed...       0.4656 seconds
               CLDPROC completed...       0.2476 seconds
                  CHEM completed...       0.8669 seconds
                  AERO completed...       0.8606 seconds
            Master Time Step
            Processing completed...       6.3130 seconds

     Processing Day/Time [YYYYDDD:HHMMSS]: 2017356:195500
       Which is Equivalent to (UTC): 19:55:00 Friday,  Dec. 22, 2017
       Time-Step Length (HHMMSS): 000500
                 VDIFF completed...       2.9059 seconds
                COUPLE completed...       0.1530 seconds
                  HADV completed...       1.2741 seconds
                  ZADV completed...       0.3002 seconds
                 HDIFF completed...       0.2120 seconds
              DECOUPLE completed...       0.0443 seconds
                  PHOT completed...       0.4653 seconds
               CLDPROC completed...       1.5335 seconds
                  CHEM completed...       0.8953 seconds
                  AERO completed...       0.9011 seconds
            Master Time Step
            Processing completed...       8.6894 seconds

      =--> Data Output completed...       1.1578 seconds

     Processing Day/Time [YYYYDDD:HHMMSS]: 2017356:200000
       Which is Equivalent to (UTC): 20:00:00 Friday,  Dec. 22, 2017
       Time-Step Length (HHMMSS): 000500
                 VDIFF completed...       5.5688 seconds
                COUPLE completed...       0.1170 seconds
                  HADV completed...       2.7226 seconds
                  ZADV completed...       0.3041 seconds
                 HDIFF completed...       0.2098 seconds
              DECOUPLE completed...       0.0453 seconds
                  PHOT completed...       1.5970 seconds
               CLDPROC completed...       0.2501 seconds
                  CHEM completed...       0.8641 seconds
                  AERO completed...       0.8646 seconds
            Master Time Step
            Processing completed...      12.5464 seconds

     Processing Day/Time [YYYYDDD:HHMMSS]: 2017356:200500
       Which is Equivalent to (UTC): 20:05:00 Friday,  Dec. 22, 2017
       Time-Step Length (HHMMSS): 000500
                 VDIFF completed...       0.7543 seconds
                COUPLE completed...       0.0731 seconds
                  HADV completed...       2.3968 seconds
                  ZADV completed...       0.3028 seconds
                 HDIFF completed...       0.2088 seconds
              DECOUPLE completed...       0.0444 seconds
                  PHOT completed...       0.4661 seconds
               CLDPROC completed...       0.2531 seconds
                  CHEM completed...       0.8595 seconds
                  AERO completed...       0.8625 seconds
            Master Time Step
            Processing completed...       6.2263 seconds

     Processing Day/Time [YYYYDDD:HHMMSS]: 2017356:201000
       Which is Equivalent to (UTC): 20:10:00 Friday,  Dec. 22, 2017
       Time-Step Length (HHMMSS): 000500
                 VDIFF completed...       0.7542 seconds
                COUPLE completed...       0.0674 seconds
                  HADV completed...       2.3962 seconds
                  ZADV completed...       0.3002 seconds
                 HDIFF completed...       0.2116 seconds
              DECOUPLE completed...       0.0451 seconds
                  PHOT completed...       0.4645 seconds
               CLDPROC completed...       0.2482 seconds
                  CHEM completed...       0.8643 seconds
                  AERO completed...       0.8612 seconds
            Master Time Step
            Processing completed...       6.2176 seconds

     Processing Day/Time [YYYYDDD:HHMMSS]: 2017356:201500
       Which is Equivalent to (UTC): 20:15:00 Friday,  Dec. 22, 2017
       Time-Step Length (HHMMSS): 000500
                 VDIFF completed...       0.7662 seconds
                COUPLE completed...       0.0696 seconds
                  HADV completed...       2.3877 seconds
                  ZADV completed...       0.3007 seconds
                 HDIFF completed...       0.2115 seconds
              DECOUPLE completed...       0.0447 seconds
                  PHOT completed...       0.4648 seconds
               CLDPROC completed...       0.2490 seconds
                  CHEM completed...       0.8638 seconds
                  AERO completed...       0.8649 seconds
            Master Time Step
            Processing completed...       6.2276 seconds

     Processing Day/Time [YYYYDDD:HHMMSS]: 2017356:202000
       Which is Equivalent to (UTC): 20:20:00 Friday,  Dec. 22, 2017
       Time-Step Length (HHMMSS): 000500
                 VDIFF completed...       0.7585 seconds
                COUPLE completed...       0.0711 seconds
                  HADV completed...       2.5594 seconds
                  ZADV completed...       0.3028 seconds
                 HDIFF completed...       0.2088 seconds
              DECOUPLE completed...       0.0448 seconds
                  PHOT completed...       0.4645 seconds
               CLDPROC completed...       0.2503 seconds
                  CHEM completed...       0.8620 seconds
                  AERO completed...       0.8651 seconds
            Master Time Step
            Processing completed...       6.3917 seconds

     Processing Day/Time [YYYYDDD:HHMMSS]: 2017356:202500
       Which is Equivalent to (UTC): 20:25:00 Friday,  Dec. 22, 2017
       Time-Step Length (HHMMSS): 000500
                 VDIFF completed...       0.7693 seconds
                COUPLE completed...       0.0706 seconds
                  HADV completed...       2.3780 seconds
                  ZADV completed...       0.2982 seconds
                 HDIFF completed...       0.2136 seconds
              DECOUPLE completed...       0.0449 seconds
                  PHOT completed...       0.4647 seconds
               CLDPROC completed...       0.2506 seconds
                  CHEM completed...       0.8612 seconds
                  AERO completed...       0.8642 seconds
            Master Time Step
            Processing completed...       6.2190 seconds

     Processing Day/Time [YYYYDDD:HHMMSS]: 2017356:203000
       Which is Equivalent to (UTC): 20:30:00 Friday,  Dec. 22, 2017
       Time-Step Length (HHMMSS): 000500
                 VDIFF completed...       0.7702 seconds
                COUPLE completed...       0.0751 seconds
                  HADV completed...       2.3789 seconds
                  ZADV completed...       0.3001 seconds
                 HDIFF completed...       0.2109 seconds
              DECOUPLE completed...       0.0447 seconds
                  PHOT completed...       0.4663 seconds
               CLDPROC completed...       0.2491 seconds
                  CHEM completed...       0.8614 seconds
                  AERO completed...       0.8647 seconds
            Master Time Step
            Processing completed...       6.2262 seconds

     Processing Day/Time [YYYYDDD:HHMMSS]: 2017356:203500
       Which is Equivalent to (UTC): 20:35:00 Friday,  Dec. 22, 2017
       Time-Step Length (HHMMSS): 000500
                 VDIFF completed...       0.7736 seconds
                COUPLE completed...       0.0740 seconds
                  HADV completed...       2.3756 seconds
                  ZADV completed...       0.3004 seconds
                 HDIFF completed...       0.2105 seconds
              DECOUPLE completed...       0.0447 seconds
                  PHOT completed...       0.4652 seconds
               CLDPROC completed...       0.2498 seconds
                  CHEM completed...       0.8627 seconds
                  AERO completed...       0.8640 seconds
            Master Time Step
            Processing completed...       6.2252 seconds

     Processing Day/Time [YYYYDDD:HHMMSS]: 2017356:204000
       Which is Equivalent to (UTC): 20:40:00 Friday,  Dec. 22, 2017
       Time-Step Length (HHMMSS): 000500
                 VDIFF completed...       0.7761 seconds
                COUPLE completed...       0.0742 seconds
                  HADV completed...       2.3692 seconds
                  ZADV completed...       0.2995 seconds
                 HDIFF completed...       0.2116 seconds
              DECOUPLE completed...       0.0441 seconds
                  PHOT completed...       0.4661 seconds
               CLDPROC completed...       0.2494 seconds
                  CHEM completed...       0.8627 seconds
                  AERO completed...       0.8625 seconds
            Master Time Step
            Processing completed...       6.2198 seconds

     Processing Day/Time [YYYYDDD:HHMMSS]: 2017356:204500
       Which is Equivalent to (UTC): 20:45:00 Friday,  Dec. 22, 2017
       Time-Step Length (HHMMSS): 000500
                 VDIFF completed...       0.7777 seconds
                COUPLE completed...       0.0753 seconds
                  HADV completed...       2.3669 seconds
                  ZADV completed...       0.3003 seconds
                 HDIFF completed...       0.2109 seconds
              DECOUPLE completed...       0.0444 seconds
                  PHOT completed...       0.4648 seconds
               CLDPROC completed...       0.2479 seconds
                  CHEM completed...       0.8648 seconds
                  AERO completed...       0.8626 seconds
            Master Time Step
            Processing completed...       6.2203 seconds

     Processing Day/Time [YYYYDDD:HHMMSS]: 2017356:205000
       Which is Equivalent to (UTC): 20:50:00 Friday,  Dec. 22, 2017
       Time-Step Length (HHMMSS): 000500
                 VDIFF completed...       0.7855 seconds
                COUPLE completed...       0.0772 seconds
                  HADV completed...       2.3611 seconds
                  ZADV completed...       0.3010 seconds
                 HDIFF completed...       0.2105 seconds
              DECOUPLE completed...       0.0452 seconds
                  PHOT completed...       0.4643 seconds
               CLDPROC completed...       0.2454 seconds
                  CHEM completed...       0.8652 seconds
                  AERO completed...       0.8619 seconds
            Master Time Step
            Processing completed...       6.2219 seconds

     Processing Day/Time [YYYYDDD:HHMMSS]: 2017356:205500
       Which is Equivalent to (UTC): 20:55:00 Friday,  Dec. 22, 2017
       Time-Step Length (HHMMSS): 000500
                 VDIFF completed...       2.9348 seconds
                COUPLE completed...       0.1705 seconds
                  HADV completed...       1.3469 seconds
                  ZADV completed...       0.3008 seconds
                 HDIFF completed...       0.2110 seconds
              DECOUPLE completed...       0.0439 seconds
                  PHOT completed...       0.4841 seconds
               CLDPROC completed...       1.5116 seconds
                  CHEM completed...       0.8633 seconds
                  AERO completed...       0.8748 seconds
            Master Time Step
            Processing completed...       8.7472 seconds

      =--> Data Output completed...       1.1972 seconds

     Processing Day/Time [YYYYDDD:HHMMSS]: 2017356:210000
       Which is Equivalent to (UTC): 21:00:00 Friday,  Dec. 22, 2017
       Time-Step Length (HHMMSS): 000500
                 VDIFF completed...       5.4473 seconds
                COUPLE completed...       0.1233 seconds
                  HADV completed...       2.7135 seconds
                  ZADV completed...       0.3022 seconds
                 HDIFF completed...       0.2097 seconds
              DECOUPLE completed...       0.0444 seconds
                  PHOT completed...       1.6309 seconds
               CLDPROC completed...       0.2480 seconds
                  CHEM completed...       0.8592 seconds
                  AERO completed...       0.8603 seconds
            Master Time Step
            Processing completed...      12.4408 seconds

     Processing Day/Time [YYYYDDD:HHMMSS]: 2017356:210500
       Which is Equivalent to (UTC): 21:05:00 Friday,  Dec. 22, 2017
       Time-Step Length (HHMMSS): 000500
                 VDIFF completed...       0.8160 seconds
                COUPLE completed...       0.0892 seconds
                  HADV completed...       2.5102 seconds
                  ZADV completed...       0.3019 seconds
                 HDIFF completed...       0.2106 seconds
              DECOUPLE completed...       0.0443 seconds
                  PHOT completed...       0.4666 seconds
               CLDPROC completed...       0.2412 seconds
                  CHEM completed...       0.8594 seconds
                  AERO completed...       0.8633 seconds
            Master Time Step
            Processing completed...       6.4069 seconds

     Processing Day/Time [YYYYDDD:HHMMSS]: 2017356:211000
       Which is Equivalent to (UTC): 21:10:00 Friday,  Dec. 22, 2017
       Time-Step Length (HHMMSS): 000500
                 VDIFF completed...       0.8152 seconds
                COUPLE completed...       0.1001 seconds
                  HADV completed...       2.3221 seconds
                  ZADV completed...       0.2996 seconds
                 HDIFF completed...       0.2133 seconds
              DECOUPLE completed...       0.0444 seconds
                  PHOT completed...       0.4644 seconds
               CLDPROC completed...       0.2424 seconds
                  CHEM completed...       0.8563 seconds
                  AERO completed...       0.8631 seconds
            Master Time Step
            Processing completed...       6.2220 seconds

     Processing Day/Time [YYYYDDD:HHMMSS]: 2017356:211500
       Which is Equivalent to (UTC): 21:15:00 Friday,  Dec. 22, 2017
       Time-Step Length (HHMMSS): 000500
                 VDIFF completed...       0.8117 seconds
                COUPLE completed...       0.0813 seconds
                  HADV completed...       2.3414 seconds
                  ZADV completed...       0.2975 seconds
                 HDIFF completed...       0.2148 seconds
              DECOUPLE completed...       0.0446 seconds
                  PHOT completed...       0.4652 seconds
               CLDPROC completed...       0.2408 seconds
                  CHEM completed...       0.8537 seconds
                  AERO completed...       0.8621 seconds
            Master Time Step
            Processing completed...       6.2143 seconds

     Processing Day/Time [YYYYDDD:HHMMSS]: 2017356:212000
       Which is Equivalent to (UTC): 21:20:00 Friday,  Dec. 22, 2017
       Time-Step Length (HHMMSS): 000500
                 VDIFF completed...       0.8164 seconds
                COUPLE completed...       0.0691 seconds
                  HADV completed...       2.3414 seconds
                  ZADV completed...       0.3009 seconds
                 HDIFF completed...       0.2116 seconds
              DECOUPLE completed...       0.0442 seconds
                  PHOT completed...       0.4660 seconds
               CLDPROC completed...       0.2378 seconds
                  CHEM completed...       0.8483 seconds
                  AERO completed...       0.8590 seconds
            Master Time Step
            Processing completed...       6.1959 seconds

     Processing Day/Time [YYYYDDD:HHMMSS]: 2017356:212500
       Which is Equivalent to (UTC): 21:25:00 Friday,  Dec. 22, 2017
       Time-Step Length (HHMMSS): 000500
                 VDIFF completed...       0.8359 seconds
                COUPLE completed...       0.0707 seconds
                  HADV completed...       2.3221 seconds
                  ZADV completed...       0.2985 seconds
                 HDIFF completed...       0.2139 seconds
              DECOUPLE completed...       0.0440 seconds
                  PHOT completed...       0.4663 seconds
               CLDPROC completed...       0.2381 seconds
                  CHEM completed...       0.8389 seconds
                  AERO completed...       0.8621 seconds
            Master Time Step
            Processing completed...       6.1918 seconds

     Processing Day/Time [YYYYDDD:HHMMSS]: 2017356:213000
       Which is Equivalent to (UTC): 21:30:00 Friday,  Dec. 22, 2017
       Time-Step Length (HHMMSS): 000500
                 VDIFF completed...       0.8325 seconds
                COUPLE completed...       0.0705 seconds
                  HADV completed...       2.3221 seconds
                  ZADV completed...       0.3019 seconds
                 HDIFF completed...       0.2095 seconds
              DECOUPLE completed...       0.0449 seconds
                  PHOT completed...       0.4654 seconds
               CLDPROC completed...       0.2337 seconds
                  CHEM completed...       0.8342 seconds
                  AERO completed...       0.8605 seconds
            Master Time Step
            Processing completed...       6.1792 seconds

     Processing Day/Time [YYYYDDD:HHMMSS]: 2017356:213500
       Which is Equivalent to (UTC): 21:35:00 Friday,  Dec. 22, 2017
       Time-Step Length (HHMMSS): 000500
                 VDIFF completed...       0.8244 seconds
                COUPLE completed...       0.0746 seconds
                  HADV completed...       2.3328 seconds
                  ZADV completed...       0.3012 seconds
                 HDIFF completed...       0.2106 seconds
              DECOUPLE completed...       0.0444 seconds
                  PHOT completed...       0.4677 seconds
               CLDPROC completed...       0.2287 seconds
                  CHEM completed...       0.8412 seconds
                  AERO completed...       0.8610 seconds
            Master Time Step
            Processing completed...       6.1912 seconds

     Processing Day/Time [YYYYDDD:HHMMSS]: 2017356:214000
       Which is Equivalent to (UTC): 21:40:00 Friday,  Dec. 22, 2017
       Time-Step Length (HHMMSS): 000500
                 VDIFF completed...       0.7738 seconds
                COUPLE completed...       0.0767 seconds
                  HADV completed...       2.3515 seconds
                  ZADV completed...       0.3006 seconds
                 HDIFF completed...       0.2109 seconds
              DECOUPLE completed...       0.0443 seconds
                  PHOT completed...       0.4655 seconds
               CLDPROC completed...       0.2281 seconds
                  CHEM completed...       0.8357 seconds
                  AERO completed...       0.8573 seconds
            Master Time Step
            Processing completed...       6.1480 seconds

     Processing Day/Time [YYYYDDD:HHMMSS]: 2017356:214500
       Which is Equivalent to (UTC): 21:45:00 Friday,  Dec. 22, 2017
       Time-Step Length (HHMMSS): 000500
                 VDIFF completed...       0.7935 seconds
                COUPLE completed...       0.0676 seconds
                  HADV completed...       2.3220 seconds
                  ZADV completed...       0.2976 seconds
                 HDIFF completed...       0.2138 seconds
              DECOUPLE completed...       0.0444 seconds
                  PHOT completed...       0.4657 seconds
               CLDPROC completed...       0.2220 seconds
                  CHEM completed...       0.8381 seconds
                  AERO completed...       0.8529 seconds
            Master Time Step
            Processing completed...       6.1224 seconds

     Processing Day/Time [YYYYDDD:HHMMSS]: 2017356:215000
       Which is Equivalent to (UTC): 21:50:00 Friday,  Dec. 22, 2017
       Time-Step Length (HHMMSS): 000500
                 VDIFF completed...       0.8159 seconds
                COUPLE completed...       0.0674 seconds
                  HADV completed...       2.2996 seconds
                  ZADV completed...       0.3007 seconds
                 HDIFF completed...       0.2102 seconds
              DECOUPLE completed...       0.0440 seconds
                  PHOT completed...       0.4659 seconds
               CLDPROC completed...       0.2147 seconds
                  CHEM completed...       0.8371 seconds
                  AERO completed...       0.8544 seconds
            Master Time Step
            Processing completed...       6.1145 seconds

     Processing Day/Time [YYYYDDD:HHMMSS]: 2017356:215500
       Which is Equivalent to (UTC): 21:55:00 Friday,  Dec. 22, 2017
       Time-Step Length (HHMMSS): 000500
                 VDIFF completed...       2.7935 seconds
                COUPLE completed...       0.1690 seconds
                  HADV completed...       1.3826 seconds
                  ZADV completed...       0.3007 seconds
                 HDIFF completed...       0.2113 seconds
              DECOUPLE completed...       0.0442 seconds
                  PHOT completed...       0.4626 seconds
               CLDPROC completed...       1.5348 seconds
                  CHEM completed...       0.8331 seconds
                  AERO completed...       0.8651 seconds
            Master Time Step
            Processing completed...       8.6023 seconds

      =--> Data Output completed...       1.2204 seconds

     Processing Day/Time [YYYYDDD:HHMMSS]: 2017356:220000
       Which is Equivalent to (UTC): 22:00:00 Friday,  Dec. 22, 2017
       Time-Step Length (HHMMSS): 000500
                 VDIFF completed...       5.6201 seconds
                COUPLE completed...       0.1296 seconds
                  HADV completed...       2.6193 seconds
                  ZADV completed...       0.3025 seconds
                 HDIFF completed...       0.2111 seconds
              DECOUPLE completed...       0.0446 seconds
                  PHOT completed...       1.6146 seconds
               CLDPROC completed...       0.2154 seconds
                  CHEM completed...       0.8298 seconds
                  AERO completed...       0.8639 seconds
            Master Time Step
            Processing completed...      12.4540 seconds

     Processing Day/Time [YYYYDDD:HHMMSS]: 2017356:220500
       Which is Equivalent to (UTC): 22:05:00 Friday,  Dec. 22, 2017
       Time-Step Length (HHMMSS): 000500
                 VDIFF completed...       0.7849 seconds
                COUPLE completed...       0.0581 seconds
                  HADV completed...       2.2895 seconds
                  ZADV completed...       0.2988 seconds
                 HDIFF completed...       0.2149 seconds
              DECOUPLE completed...       0.0438 seconds
                  PHOT completed...       0.4661 seconds
               CLDPROC completed...       0.2104 seconds
                  CHEM completed...       0.8322 seconds
                  AERO completed...       0.8607 seconds
            Master Time Step
            Processing completed...       6.0604 seconds

     Processing Day/Time [YYYYDDD:HHMMSS]: 2017356:221000
       Which is Equivalent to (UTC): 22:10:00 Friday,  Dec. 22, 2017
       Time-Step Length (HHMMSS): 000500
                 VDIFF completed...       0.7919 seconds
                COUPLE completed...       0.0661 seconds
                  HADV completed...       2.2586 seconds
                  ZADV completed...       0.2997 seconds
                 HDIFF completed...       0.2141 seconds
              DECOUPLE completed...       0.0441 seconds
                  PHOT completed...       0.4654 seconds
               CLDPROC completed...       0.2105 seconds
                  CHEM completed...       0.8376 seconds
                  AERO completed...       0.8595 seconds
            Master Time Step
            Processing completed...       6.0486 seconds

     Processing Day/Time [YYYYDDD:HHMMSS]: 2017356:221500
       Which is Equivalent to (UTC): 22:15:00 Friday,  Dec. 22, 2017
       Time-Step Length (HHMMSS): 000500
                 VDIFF completed...       0.7708 seconds
                COUPLE completed...       0.0619 seconds
                  HADV completed...       2.2652 seconds
                  ZADV completed...       0.2986 seconds
                 HDIFF completed...       0.2143 seconds
              DECOUPLE completed...       0.0442 seconds
                  PHOT completed...       0.4651 seconds
               CLDPROC completed...       0.2089 seconds
                  CHEM completed...       0.8422 seconds
                  AERO completed...       0.8596 seconds
            Master Time Step
            Processing completed...       6.0345 seconds

     Processing Day/Time [YYYYDDD:HHMMSS]: 2017356:222000
       Which is Equivalent to (UTC): 22:20:00 Friday,  Dec. 22, 2017
       Time-Step Length (HHMMSS): 000500
                 VDIFF completed...       0.7679 seconds
                COUPLE completed...       0.0668 seconds
                  HADV completed...       2.2230 seconds
                  ZADV completed...       0.3000 seconds
                 HDIFF completed...       0.2129 seconds
              DECOUPLE completed...       0.0441 seconds
                  PHOT completed...       0.4659 seconds
               CLDPROC completed...       0.2103 seconds
                  CHEM completed...       0.8358 seconds
                  AERO completed...       0.8601 seconds
            Master Time Step
            Processing completed...       5.9882 seconds

     Processing Day/Time [YYYYDDD:HHMMSS]: 2017356:222500
       Which is Equivalent to (UTC): 22:25:00 Friday,  Dec. 22, 2017
       Time-Step Length (HHMMSS): 000500
                 VDIFF completed...       0.8036 seconds
                COUPLE completed...       0.0701 seconds
                  HADV completed...       2.1519 seconds
                  ZADV completed...       0.2965 seconds
                 HDIFF completed...       0.2166 seconds
              DECOUPLE completed...       0.0445 seconds
                  PHOT completed...       0.4639 seconds
               CLDPROC completed...       0.2068 seconds
                  CHEM completed...       0.8353 seconds
                  AERO completed...       0.8694 seconds
            Master Time Step
            Processing completed...       5.9633 seconds

     Processing Day/Time [YYYYDDD:HHMMSS]: 2017356:223000
       Which is Equivalent to (UTC): 22:30:00 Friday,  Dec. 22, 2017
       Time-Step Length (HHMMSS): 000500
                 VDIFF completed...       0.7944 seconds
                COUPLE completed...       0.0608 seconds
                  HADV completed...       2.2994 seconds
                  ZADV completed...       0.2981 seconds
                 HDIFF completed...       0.2149 seconds
              DECOUPLE completed...       0.0435 seconds
                  PHOT completed...       0.4701 seconds
               CLDPROC completed...       0.2050 seconds
                  CHEM completed...       0.8372 seconds
                  AERO completed...       0.8770 seconds
            Master Time Step
            Processing completed...       6.1037 seconds

     Processing Day/Time [YYYYDDD:HHMMSS]: 2017356:223500
       Which is Equivalent to (UTC): 22:35:00 Friday,  Dec. 22, 2017
       Time-Step Length (HHMMSS): 000500
                 VDIFF completed...       0.7660 seconds
                COUPLE completed...       0.0580 seconds
                  HADV completed...       2.1115 seconds
                  ZADV completed...       0.2997 seconds
                 HDIFF completed...       0.2143 seconds
              DECOUPLE completed...       0.0447 seconds
                  PHOT completed...       0.4678 seconds
               CLDPROC completed...       0.2024 seconds
                  CHEM completed...       0.8379 seconds
                  AERO completed...       0.8727 seconds
            Master Time Step
            Processing completed...       5.8796 seconds

     Processing Day/Time [YYYYDDD:HHMMSS]: 2017356:224000
       Which is Equivalent to (UTC): 22:40:00 Friday,  Dec. 22, 2017
       Time-Step Length (HHMMSS): 000500
                 VDIFF completed...       0.7623 seconds
                COUPLE completed...       0.0558 seconds
                  HADV completed...       2.0639 seconds
                  ZADV completed...       0.2977 seconds
                 HDIFF completed...       0.2163 seconds
              DECOUPLE completed...       0.0444 seconds
                  PHOT completed...       0.4694 seconds
               CLDPROC completed...       0.2004 seconds
                  CHEM completed...       0.8393 seconds
                  AERO completed...       0.8710 seconds
            Master Time Step
            Processing completed...       5.8231 seconds

     Processing Day/Time [YYYYDDD:HHMMSS]: 2017356:224500
       Which is Equivalent to (UTC): 22:45:00 Friday,  Dec. 22, 2017
       Time-Step Length (HHMMSS): 000500
                 VDIFF completed...       0.7787 seconds
                COUPLE completed...       0.0566 seconds
                  HADV completed...       1.9706 seconds
                  ZADV completed...       0.3014 seconds
                 HDIFF completed...       0.2135 seconds
              DECOUPLE completed...       0.0463 seconds
                  PHOT completed...       0.4657 seconds
               CLDPROC completed...       0.1960 seconds
                  CHEM completed...       0.8440 seconds
                  AERO completed...       0.8832 seconds
            Master Time Step
            Processing completed...       5.7605 seconds

     Processing Day/Time [YYYYDDD:HHMMSS]: 2017356:225000
       Which is Equivalent to (UTC): 22:50:00 Friday,  Dec. 22, 2017
       Time-Step Length (HHMMSS): 000500
                 VDIFF completed...       0.7661 seconds
                COUPLE completed...       0.0547 seconds
                  HADV completed...       1.9019 seconds
                  ZADV completed...       0.3007 seconds
                 HDIFF completed...       0.2134 seconds
              DECOUPLE completed...       0.0444 seconds
                  PHOT completed...       0.4666 seconds
               CLDPROC completed...       0.1919 seconds
                  CHEM completed...       0.8479 seconds
                  AERO completed...       0.8927 seconds
            Master Time Step
            Processing completed...       5.6850 seconds

     Processing Day/Time [YYYYDDD:HHMMSS]: 2017356:225500
       Which is Equivalent to (UTC): 22:55:00 Friday,  Dec. 22, 2017
       Time-Step Length (HHMMSS): 000500
                 VDIFF completed...       2.4646 seconds
                COUPLE completed...       0.1705 seconds
                  HADV completed...       1.3069 seconds
                  ZADV completed...       0.2985 seconds
                 HDIFF completed...       0.2149 seconds
              DECOUPLE completed...       0.0439 seconds
                  PHOT completed...       0.4619 seconds
               CLDPROC completed...       1.3401 seconds
                  CHEM completed...       0.8423 seconds
                  AERO completed...       0.8606 seconds
            Master Time Step
            Processing completed...       8.0096 seconds

      =--> Data Output completed...       1.2054 seconds

     Processing Day/Time [YYYYDDD:HHMMSS]: 2017356:230000
       Which is Equivalent to (UTC): 23:00:00 Friday,  Dec. 22, 2017
       Time-Step Length (HHMMSS): 000500
                 VDIFF completed...       5.4646 seconds
                COUPLE completed...       0.1314 seconds
                  HADV completed...       2.5291 seconds
                  ZADV completed...       0.3126 seconds
                 HDIFF completed...       0.2021 seconds
              DECOUPLE completed...       0.0460 seconds
                  PHOT completed...       2.2110 seconds
               CLDPROC completed...       0.1893 seconds
                  CHEM completed...       0.8487 seconds
                  AERO completed...       0.8657 seconds
            Master Time Step
            Processing completed...      12.8021 seconds

     Processing Day/Time [YYYYDDD:HHMMSS]: 2017356:230500
       Which is Equivalent to (UTC): 23:05:00 Friday,  Dec. 22, 2017
       Time-Step Length (HHMMSS): 000500
                 VDIFF completed...       0.8006 seconds
                COUPLE completed...       0.0621 seconds
                  HADV completed...       1.7580 seconds
                  ZADV completed...       0.2999 seconds
                 HDIFF completed...       0.2143 seconds
              DECOUPLE completed...       0.0445 seconds
                  PHOT completed...       0.4685 seconds
               CLDPROC completed...       0.1886 seconds
                  CHEM completed...       0.8498 seconds
                  AERO completed...       0.8641 seconds
            Master Time Step
            Processing completed...       5.5544 seconds

     Processing Day/Time [YYYYDDD:HHMMSS]: 2017356:231000
       Which is Equivalent to (UTC): 23:10:00 Friday,  Dec. 22, 2017
       Time-Step Length (HHMMSS): 000500
                 VDIFF completed...       0.8007 seconds
                COUPLE completed...       0.0697 seconds
                  HADV completed...       1.8967 seconds
                  ZADV completed...       0.2989 seconds
                 HDIFF completed...       0.2153 seconds
              DECOUPLE completed...       0.0445 seconds
                  PHOT completed...       0.4688 seconds
               CLDPROC completed...       0.1869 seconds
                  CHEM completed...       0.8533 seconds
                  AERO completed...       0.8674 seconds
            Master Time Step
            Processing completed...       5.7040 seconds

     Processing Day/Time [YYYYDDD:HHMMSS]: 2017356:231500
       Which is Equivalent to (UTC): 23:15:00 Friday,  Dec. 22, 2017
       Time-Step Length (HHMMSS): 000500
                 VDIFF completed...       0.7822 seconds
                COUPLE completed...       0.0650 seconds
                  HADV completed...       1.7503 seconds
                  ZADV completed...       0.3002 seconds
                 HDIFF completed...       0.2130 seconds
              DECOUPLE completed...       0.0447 seconds
                  PHOT completed...       0.4684 seconds
               CLDPROC completed...       0.1890 seconds
                  CHEM completed...       0.8564 seconds
                  AERO completed...       0.8740 seconds
            Master Time Step
            Processing completed...       5.5478 seconds

     Processing Day/Time [YYYYDDD:HHMMSS]: 2017356:232000
       Which is Equivalent to (UTC): 23:20:00 Friday,  Dec. 22, 2017
       Time-Step Length (HHMMSS): 000500
                 VDIFF completed...       0.7602 seconds
                COUPLE completed...       0.0605 seconds
                  HADV completed...       1.7720 seconds
                  ZADV completed...       0.2984 seconds
                 HDIFF completed...       0.2154 seconds
              DECOUPLE completed...       0.0442 seconds
                  PHOT completed...       0.4681 seconds
               CLDPROC completed...       0.1894 seconds
                  CHEM completed...       0.8542 seconds
                  AERO completed...       0.8787 seconds
            Master Time Step
            Processing completed...       5.5455 seconds

     Processing Day/Time [YYYYDDD:HHMMSS]: 2017356:232500
       Which is Equivalent to (UTC): 23:25:00 Friday,  Dec. 22, 2017
       Time-Step Length (HHMMSS): 000500
                 VDIFF completed...       0.7860 seconds
                COUPLE completed...       0.0547 seconds
                  HADV completed...       1.7496 seconds
                  ZADV completed...       0.2981 seconds
                 HDIFF completed...       0.2164 seconds
              DECOUPLE completed...       0.0442 seconds
                  PHOT completed...       0.4698 seconds
               CLDPROC completed...       0.1896 seconds
                  CHEM completed...       0.8550 seconds
                  AERO completed...       0.8720 seconds
            Master Time Step
            Processing completed...       5.5397 seconds

     Processing Day/Time [YYYYDDD:HHMMSS]: 2017356:233000
       Which is Equivalent to (UTC): 23:30:00 Friday,  Dec. 22, 2017
       Time-Step Length (HHMMSS): 000500
                 VDIFF completed...       0.8033 seconds
                COUPLE completed...       0.0553 seconds
                  HADV completed...       1.7315 seconds
                  ZADV completed...       0.2949 seconds
                 HDIFF completed...       0.2193 seconds
              DECOUPLE completed...       0.0446 seconds
                  PHOT completed...       0.4706 seconds
               CLDPROC completed...       0.1892 seconds
                  CHEM completed...       0.8552 seconds
                  AERO completed...       0.8697 seconds
            Master Time Step
            Processing completed...       5.5380 seconds

     Processing Day/Time [YYYYDDD:HHMMSS]: 2017356:233500
       Which is Equivalent to (UTC): 23:35:00 Friday,  Dec. 22, 2017
       Time-Step Length (HHMMSS): 000500
                 VDIFF completed...       0.8067 seconds
                COUPLE completed...       0.0598 seconds
                  HADV completed...       1.7229 seconds
                  ZADV completed...       0.2975 seconds
                 HDIFF completed...       0.2177 seconds
              DECOUPLE completed...       0.0447 seconds
                  PHOT completed...       0.4700 seconds
               CLDPROC completed...       0.1856 seconds
                  CHEM completed...       0.8564 seconds
                  AERO completed...       0.8707 seconds
            Master Time Step
            Processing completed...       5.5366 seconds

     Processing Day/Time [YYYYDDD:HHMMSS]: 2017356:234000
       Which is Equivalent to (UTC): 23:40:00 Friday,  Dec. 22, 2017
       Time-Step Length (HHMMSS): 000500
                 VDIFF completed...       0.8004 seconds
                COUPLE completed...       0.0583 seconds
                  HADV completed...       1.7130 seconds
                  ZADV completed...       0.2963 seconds
                 HDIFF completed...       0.2179 seconds
              DECOUPLE completed...       0.0445 seconds
                  PHOT completed...       0.4704 seconds
               CLDPROC completed...       0.1837 seconds
                  CHEM completed...       0.8550 seconds
                  AERO completed...       0.8789 seconds
            Master Time Step
            Processing completed...       5.5226 seconds

     Processing Day/Time [YYYYDDD:HHMMSS]: 2017356:234500
       Which is Equivalent to (UTC): 23:45:00 Friday,  Dec. 22, 2017
       Time-Step Length (HHMMSS): 000500
                 VDIFF completed...       0.7905 seconds
                COUPLE completed...       0.0593 seconds
                  HADV completed...       1.7180 seconds
                  ZADV completed...       0.2934 seconds
                 HDIFF completed...       0.2218 seconds
              DECOUPLE completed...       0.0447 seconds
                  PHOT completed...       0.4706 seconds
               CLDPROC completed...       0.1785 seconds
                  CHEM completed...       0.8539 seconds
                  AERO completed...       0.8890 seconds
            Master Time Step
            Processing completed...       5.5242 seconds

     Processing Day/Time [YYYYDDD:HHMMSS]: 2017356:235000
       Which is Equivalent to (UTC): 23:50:00 Friday,  Dec. 22, 2017
       Time-Step Length (HHMMSS): 000500
                 VDIFF completed...       0.7822 seconds
                COUPLE completed...       0.0560 seconds
                  HADV completed...       1.7180 seconds
                  ZADV completed...       0.2953 seconds
                 HDIFF completed...       0.2197 seconds
              DECOUPLE completed...       0.0455 seconds
                  PHOT completed...       0.4715 seconds
               CLDPROC completed...       0.1731 seconds
                  CHEM completed...       0.8592 seconds
                  AERO completed...       0.9217 seconds
            Master Time Step
            Processing completed...       5.5453 seconds

     Processing Day/Time [YYYYDDD:HHMMSS]: 2017356:235500
       Which is Equivalent to (UTC): 23:55:00 Friday,  Dec. 22, 2017
       Time-Step Length (HHMMSS): 000500
                 VDIFF completed...       2.4303 seconds
                COUPLE completed...       0.1556 seconds
                  HADV completed...       1.2879 seconds
                  ZADV completed...       0.2965 seconds
                 HDIFF completed...       0.2181 seconds
              DECOUPLE completed...       0.0447 seconds
                  PHOT completed...       0.4632 seconds
               CLDPROC completed...       1.3322 seconds
                  CHEM completed...       0.8710 seconds
                  AERO completed...       0.8489 seconds
            Master Time Step
            Processing completed...       7.9528 seconds

      =--> Data Output completed...       1.3667 seconds


     ==============================================
     |>---   PROGRAM COMPLETED SUCCESSFULLY   ---<|
     ==============================================
     Date and time 0:00:00   Dec. 23, 2017  (2017357:000000)

     The elapsed time for this simulation was    2147.8 seconds.

119689.897u 1006.345s 36:01.66 5583.4%	0+0k 42906392+35306816io 150834pf+0w

CMAQ Processing of Day 20171222 Finished at Thu Mar  6 20:20:09 UTC 2025

\\\\\=====\\\\\=====\\\\\=====\\\\\=====/////=====/////=====/////=====/////


Set up input and output files for Day 2017-12-23.

Existing Logs and Output Files for Day 2017-12-23 Will Be Deleted
rm: No match.

CMAQ Processing of Day 20171223 Began at Thu Mar  6 20:20:09 UTC 2025

        CTM_APPL  |  v54+_cb6r5_ae7_aq_WR413_MYR_gcc_2018_12US1_2x64_classic_20171223
#================================================================================#        
#|                                                                              |#        
#|               The Community Multiscale Air Quality (CMAQ) Model              |#        
#|                                   Version 5.4                                |#        
#|                                                                              |#        
#|                          Built and Maintained by the                         |#        
#|                        Office of Research and Development                    |#        
#|                   United States Environmental Protection Agency              |#        
#|                                                                              |#        
#|                            https://www.epa.gov/cmaq                          |#        
#|                                                                              |#        
#|       Source Code:   https://www.github.com/USEPA/cmaq/tree/master           |#        
#|       Documentation: https://www.github.com/USEPA/cmaq/tree/master/DOCS      |#        
#|                                                                              |#        
#|         The CMAQ Model is tested and released with cooperation from          |#        
#|         the Community Modeling and Analysis System (CMAS) Center via         |#        
#|         contract support. CMAS is managed by the Institute for the           |#        
#|         Environment, University of North Carolina at Chapel Hill.            |#        
#|         CMAS URL: (https://www.cmascenter.org)                               |#        
#|                                                                              |#        
#================================================================================#        
                                                                     
     This program uses the EPA-AREAL/MCNC-EnvPgms/BAMS/ UNC IE       
     Models-3 I/O Applications Programming Interface, [I/O API]      
     which is built on top of the netCDF I/O library (Copyright      
     993, 1996 University Corporation for Atmospheric Research       
     Unidata Program) and the PVM parallel-programming library       
     (from Oak Ridge National Laboratory).                           
     Copyright (C) 1992-2002 MCNC,                                   
     (C) 1992-2018 Carlie J. Coats, Jr.,                             
     (C) 2003-2012 Baron Advanced Meteorological Systems, LLC, and   
     (C) 2014-2023 UNC Institute for the Environment.                
     Released under the GNU LGPL  License, version 2.1.  See URL     
                                                                     
         https://www.gnu.org/licenses/old-licenses/lgpl-2.1.html     
                                                                     
     for conditions of use.                                          
                                                                     
     ioapi-3.2: $Id: init3.F90 247 2023-03-22 15:59:19Z coats $
     netCDF version 4.8.1 of Jun 30 2023 14:38:29 $
      

     ===========================================
     |>---   ENVIRONMENT VARIABLE REPORT   ---<|
     ===========================================

     |> Grid and High-Level Model Parameters:
     +=========================================
      --Env Variable-- | --Value--
      --------------------------------------------------------------------------------
             BLD  |             (default)
          OUTDIR  |  //shared/build/openmpi_gcc/CMAQ_v54+/data/output/output_v54+_cb6r5_ae7_aq_WR413_MYR_gcc_2018_12US1_2x64_classic
       NEW_START  |          F
  IGNORE_SOILINP  |          F (default)
    EXECUTION_ID  |  CMAQ_CCTMv54+_sha=0fcfdaa092_ubuntu_20250306_194407_713096682
       GRID_NAME  |  12US1
       CTM_TSTEP  |       10000
      CTM_RUNLEN  |      240000
    CTM_PROGNAME  |  DRIVER (default)
      CTM_STDATE  |     2017357
      CTM_STTIME  |           0
     NPCOL_NPROW  |  8 16
     CTM_MAXSYNC  |         300
     CTM_MINSYNC  |          60

     |> Multiprocess control, output and error checking:
     +====================================================
      --Env Variable-- | --Value--
      --------------------------------------------------------------------------------
 PRINT_PROC_TIME  |          T
     FL_ERR_STOP  |          F
       CTM_CKSUM  |          T
AVG_FILE_ENDTIME  |          F
   AVG_CONC_SPCS  |  ALL
       CONC_SPCS  |  O3 NO ANO3I ANO3J NO2 FORM ISOP NH3 ANH4I ANH4J ASO4I ASO4J
 ACONC_BLEV_ELEV  |   1 1
  CONC_BLEV_ELEV  |   1 1
 IOAPI_LOG_WRITE  |          F
         VERTEXT  |          F
VERTEXT_COORD_PA  |  /shared/build/openmpi_gcc/CMAQ_v54+/CCTM/scripts/lonlat.csv
   gc_matrix_nml  |  /shared/build/openmpi_gcc/CMAQ_v54+/CCTM/scripts/BLD_CCTM_v54+_gcc/GC_cb6r5_ae7_aq.nml
   ae_matrix_nml  |  /shared/build/openmpi_gcc/CMAQ_v54+/CCTM/scripts/BLD_CCTM_v54+_gcc/AE_cb6r5_ae7_aq.nml
   nr_matrix_nml  |  /shared/build/openmpi_gcc/CMAQ_v54+/CCTM/scripts/BLD_CCTM_v54+_gcc/NR_cb6r5_ae7_aq.nml
   tr_matrix_nml  |  /shared/build/openmpi_gcc/CMAQ_v54+/CCTM/scripts/BLD_CCTM_v54+_gcc/Species_Table_TR_0.nml

     |> Chemistry and Photolysis:
     +=============================
      --Env Variable-- | --Value--
      --------------------------------------------------------------------------------
    CTM_PHOTDIAG  |          F
CORE_SHELL_OPTIC  |          F (default)
 OPTICS_MIE_CALC  |          F (default)
       GEAR_ATOL  |   0.100E-08 (default)
       GEAR_RTOL  |   0.100E-02 (default)
         RB_RTOL  |   0.100E-02 (default)
         RB_ATOL  |   0.100E-06 (default)

     |> Aerosols:
     +=============
      --Env Variable-- | --Value--
      --------------------------------------------------------------------------------
   IC_AERO_M2WET  |          F
   BC_AERO_M2WET  |          F
   IC_AERO_M2USE  |          F
   BC_AERO_M2USE  |          F
    STM_SO4TRACK  |          F

     |> Cloud Processes:
     +====================
      --Env Variable-- | --Value--
      --------------------------------------------------------------------------------
        CLD_DIAG  |          F

     |> Air-Surface Exchange Processes:
     +===================================
      --Env Variable-- | --Value--
      --------------------------------------------------------------------------------
      PX_VERSION  |          T
      CTM_ABFLUX  |          T
      CTM_MOSAIC  |          F
    CTM_SFC_HONO  |          T
     CLM_VERSION  |          F
    NOAH_VERSION  |          F
   CTM_DEPV_FILE  |          F
      CTM_HGBIDI  |          F
CTM_BIDI_FERT_NH  |          T
 CTM_WBDUST_BELD  |  UNKNOWN (default)
   STAGECTRL_NML  |  /shared/build/openmpi_gcc/CMAQ_v54+/CCTM/scripts/BLD_CCTM_v54+_gcc/CMAQ_Control_STAGE.nml
   CTM_STAGE_P22  |          F
   CTM_STAGE_E20  |          T
   CTM_STAGE_S22  |          F

     |> Transport Processes:
     +========================
      --Env Variable-- | --Value--
      --------------------------------------------------------------------------------
CTM_VDIFF_DIAG_F  |          F (default)
  SIGMA_SYNC_TOP  |   0.700E+00
    ADV_HDIV_LIM  |   0.900E+00 (default)
     CTM_ADV_CFL  |   0.950E+00
           KZMIN  |          T
        CTM_WVEL  |          T
   CTM_GRAV_SETL  |          T

     |> Emissions Parameters:
     +=========================
      --Env Variable-- | --Value--
      --------------------------------------------------------------------------------
      CTM_EMLAYS  |           0 (default)
   MISC_CTRL_NML  |  /shared/build/openmpi_gcc/CMAQ_v54+/CCTM/scripts/BLD_CCTM_v54+_gcc/CMAQ_Control_Misc.nml
  DESID_CTRL_NML  |  /shared/build/openmpi_gcc/CMAQ_v54+/CCTM/scripts/BLD_CCTM_v54+_gcc/CMAQ_Control_DESID.nml
DESID_CHEM_CTRL_  |  /shared/build/openmpi_gcc/CMAQ_v54+/CCTM/scripts/BLD_CCTM_v54+_gcc/CMAQ_Control_DESID_cb6r5_ae7_aq.nml
       N_EMIS_GR  |           2
       N_EMIS_TR  |           0 (default)
     CTM_EMISCHK  |          F
 CTM_BIOGEMIS_BE  |          T
 CTM_BIOGEMIS_MG  |          F
   USE_MEGAN_LAI  |          F (default)
    MGN_ONLN_DEP  |          F (default)
     BDSNP_MEGAN  |          F
       BIOG_SPRO  |  DEFAULT (default)
      B3GTS_DIAG  |          F
    CTM_MGEMDIAG  |          F (default)
  CTM_OCEAN_CHEM  |          T
     CTM_WB_DUST  |          F
 CTM_DUSTEM_DIAG  |          F
    CTM_SSEMDIAG  |          F
     CTM_LTNG_NO  |          F
   LTNG_ASSIM_DT  |           0 (default)
          LTNGNO  |  InLine (default)
        USE_NLDN  |          F (default)
        LTNGDIAG  |          F
         MOLSNCG  |   0.350E+03 (default)
         MOLSNIC  |   0.350E+03 (default)
       N_EMIS_PT  |          10
          IPVERT  |           0 (default)
   EMIS_SYM_DATE  |          F (default)

     |> Process Analysis Parameters:
     +================================
      --Env Variable-- | --Value--
      --------------------------------------------------------------------------------
      CTM_PROCAN  |          F
    PA_BCOL_ECOL  |             (default)
    PA_BROW_EROW  |             (default)
    PA_BLEV_ELEV  |             (default)
       MET_TSTEP  |       10000 (default)

     MET data determined based on WRF ARW version 4.3.3


          -=-  MPP Processor-to-Subdomain Map  -=-
                 Number of Processors = 128
    ____________________________________________________
    |                                                  |
    |  PE    #Cols    Col_Range     #Rows    Row_Range |
    |__________________________________________________|
    |                                                  |
    |  0       58      1:  58         19      1:  19   |
    |  1       58     59: 116         19      1:  19   |
    |  2       58    117: 174         19      1:  19   |
    |  3       57    175: 231         19      1:  19   |
    |  4       57    232: 288         19      1:  19   |
    |  5       57    289: 345         19      1:  19   |
    |  6       57    346: 402         19      1:  19   |
    |  7       57    403: 459         19      1:  19   |
    |  8       58      1:  58         19     20:  38   |
    |  9       58     59: 116         19     20:  38   |
    | 10       58    117: 174         19     20:  38   |
    | 11       57    175: 231         19     20:  38   |
    | 12       57    232: 288         19     20:  38   |
    | 13       57    289: 345         19     20:  38   |
    | 14       57    346: 402         19     20:  38   |
    | 15       57    403: 459         19     20:  38   |
    | 16       58      1:  58         19     39:  57   |
    | 17       58     59: 116         19     39:  57   |
    | 18       58    117: 174         19     39:  57   |
    | 19       57    175: 231         19     39:  57   |
    | 20       57    232: 288         19     39:  57   |
    | 21       57    289: 345         19     39:  57   |
    | 22       57    346: 402         19     39:  57   |
    | 23       57    403: 459         19     39:  57   |
    | 24       58      1:  58         19     58:  76   |
    | 25       58     59: 116         19     58:  76   |
    | 26       58    117: 174         19     58:  76   |
    | 27       57    175: 231         19     58:  76   |
    | 28       57    232: 288         19     58:  76   |
    | 29       57    289: 345         19     58:  76   |
    | 30       57    346: 402         19     58:  76   |
    | 31       57    403: 459         19     58:  76   |
    | 32       58      1:  58         19     77:  95   |
    | 33       58     59: 116         19     77:  95   |
    | 34       58    117: 174         19     77:  95   |
    | 35       57    175: 231         19     77:  95   |
    | 36       57    232: 288         19     77:  95   |
    | 37       57    289: 345         19     77:  95   |
    | 38       57    346: 402         19     77:  95   |
    | 39       57    403: 459         19     77:  95   |
    | 40       58      1:  58         19     96: 114   |
    | 41       58     59: 116         19     96: 114   |
    | 42       58    117: 174         19     96: 114   |
    | 43       57    175: 231         19     96: 114   |
    | 44       57    232: 288         19     96: 114   |
    | 45       57    289: 345         19     96: 114   |
    | 46       57    346: 402         19     96: 114   |
    | 47       57    403: 459         19     96: 114   |
    | 48       58      1:  58         19    115: 133   |
    | 49       58     59: 116         19    115: 133   |
    | 50       58    117: 174         19    115: 133   |
    | 51       57    175: 231         19    115: 133   |
    | 52       57    232: 288         19    115: 133   |
    | 53       57    289: 345         19    115: 133   |
    | 54       57    346: 402         19    115: 133   |
    | 55       57    403: 459         19    115: 133   |
    | 56       58      1:  58         19    134: 152   |
    | 57       58     59: 116         19    134: 152   |
    | 58       58    117: 174         19    134: 152   |
    | 59       57    175: 231         19    134: 152   |
    | 60       57    232: 288         19    134: 152   |
    | 61       57    289: 345         19    134: 152   |
    | 62       57    346: 402         19    134: 152   |
    | 63       57    403: 459         19    134: 152   |
    | 64       58      1:  58         19    153: 171   |
    | 65       58     59: 116         19    153: 171   |
    | 66       58    117: 174         19    153: 171   |
    | 67       57    175: 231         19    153: 171   |
    | 68       57    232: 288         19    153: 171   |
    | 69       57    289: 345         19    153: 171   |
    | 70       57    346: 402         19    153: 171   |
    | 71       57    403: 459         19    153: 171   |
    | 72       58      1:  58         19    172: 190   |
    | 73       58     59: 116         19    172: 190   |
    | 74       58    117: 174         19    172: 190   |
    | 75       57    175: 231         19    172: 190   |
    | 76       57    232: 288         19    172: 190   |
    | 77       57    289: 345         19    172: 190   |
    | 78       57    346: 402         19    172: 190   |
    | 79       57    403: 459         19    172: 190   |
    | 80       58      1:  58         19    191: 209   |
    | 81       58     59: 116         19    191: 209   |
    | 82       58    117: 174         19    191: 209   |
    | 83       57    175: 231         19    191: 209   |
    | 84       57    232: 288         19    191: 209   |
    | 85       57    289: 345         19    191: 209   |
    | 86       57    346: 402         19    191: 209   |
    | 87       57    403: 459         19    191: 209   |
    | 88       58      1:  58         18    210: 227   |
    | 89       58     59: 116         18    210: 227   |
    | 90       58    117: 174         18    210: 227   |
    | 91       57    175: 231         18    210: 227   |
    | 92       57    232: 288         18    210: 227   |
    | 93       57    289: 345         18    210: 227   |
    | 94       57    346: 402         18    210: 227   |
    | 95       57    403: 459         18    210: 227   |
    | 96       58      1:  58         18    228: 245   |
    | 97       58     59: 116         18    228: 245   |
    | 98       58    117: 174         18    228: 245   |
    | 99       57    175: 231         18    228: 245   |
    |100       57    232: 288         18    228: 245   |
    |101       57    289: 345         18    228: 245   |
    |102       57    346: 402         18    228: 245   |
    |103       57    403: 459         18    228: 245   |
    |104       58      1:  58         18    246: 263   |
    |105       58     59: 116         18    246: 263   |
    |106       58    117: 174         18    246: 263   |
    |107       57    175: 231         18    246: 263   |
    |108       57    232: 288         18    246: 263   |
    |109       57    289: 345         18    246: 263   |
    |110       57    346: 402         18    246: 263   |
    |111       57    403: 459         18    246: 263   |
    |112       58      1:  58         18    264: 281   |
    |113       58     59: 116         18    264: 281   |
    |114       58    117: 174         18    264: 281   |
    |115       57    175: 231         18    264: 281   |
    |116       57    232: 288         18    264: 281   |
    |117       57    289: 345         18    264: 281   |
    |118       57    346: 402         18    264: 281   |
    |119       57    403: 459         18    264: 281   |
    |120       58      1:  58         18    282: 299   |
    |121       58     59: 116         18    282: 299   |
    |122       58    117: 174         18    282: 299   |
    |123       57    175: 231         18    282: 299   |
    |124       57    232: 288         18    282: 299   |
    |125       57    289: 345         18    282: 299   |
    |126       57    346: 402         18    282: 299   |
    |127       57    403: 459         18    282: 299   |
    |__________________________________________________|



     ================================
     |>---   TIME INTEGRATION   ---<|
     ================================

     Processing Day/Time [YYYYDDD:HHMMSS]: 2017357:000000
       Which is Equivalent to (UTC): 0:00:00  Saturday,  Dec. 23, 2017
       Time-Step Length (HHMMSS): 000500
                 VDIFF completed...       1.8503 seconds
                COUPLE completed...       0.1425 seconds
                  HADV completed...       2.1541 seconds
                  ZADV completed...       0.2959 seconds
                 HDIFF completed...       0.2211 seconds
              DECOUPLE completed...       0.0437 seconds
                  PHOT completed...       0.6480 seconds
               CLDPROC completed...       0.1692 seconds
                  CHEM completed...       0.8578 seconds
                  AERO completed...       0.8977 seconds
            Master Time Step
            Processing completed...       7.2819 seconds

     Processing Day/Time [YYYYDDD:HHMMSS]: 2017357:000500
       Which is Equivalent to (UTC): 0:05:00  Saturday,  Dec. 23, 2017
       Time-Step Length (HHMMSS): 000500
                 VDIFF completed...       0.7652 seconds
                COUPLE completed...       0.0485 seconds
                  HADV completed...       1.8382 seconds
                  ZADV completed...       0.2968 seconds
                 HDIFF completed...       0.2208 seconds
              DECOUPLE completed...       0.0452 seconds
                  PHOT completed...       0.4736 seconds
               CLDPROC completed...       0.1707 seconds
                  CHEM completed...       0.8673 seconds
                  AERO completed...       0.8728 seconds
            Master Time Step
            Processing completed...       5.6034 seconds

     Processing Day/Time [YYYYDDD:HHMMSS]: 2017357:001000
       Which is Equivalent to (UTC): 0:10:00  Saturday,  Dec. 23, 2017
       Time-Step Length (HHMMSS): 000500
                 VDIFF completed...       0.7640 seconds
                COUPLE completed...       0.0512 seconds
                  HADV completed...       1.8164 seconds
                  ZADV completed...       0.2986 seconds
                 HDIFF completed...       0.2149 seconds
              DECOUPLE completed...       0.0445 seconds
                  PHOT completed...       0.4750 seconds
               CLDPROC completed...       0.1740 seconds
                  CHEM completed...       0.8718 seconds
                  AERO completed...       0.8710 seconds
            Master Time Step
            Processing completed...       5.5852 seconds

     Processing Day/Time [YYYYDDD:HHMMSS]: 2017357:001500
       Which is Equivalent to (UTC): 0:15:00  Saturday,  Dec. 23, 2017
       Time-Step Length (HHMMSS): 000500
                 VDIFF completed...       0.7225 seconds
                COUPLE completed...       0.0551 seconds
                  HADV completed...       1.8542 seconds
                  ZADV completed...       0.2969 seconds
                 HDIFF completed...       0.2163 seconds
              DECOUPLE completed...       0.0443 seconds
                  PHOT completed...       0.4761 seconds
               CLDPROC completed...       0.1754 seconds
                  CHEM completed...       0.8773 seconds
                  AERO completed...       0.8714 seconds
            Master Time Step
            Processing completed...       5.5939 seconds

     Processing Day/Time [YYYYDDD:HHMMSS]: 2017357:002000
       Which is Equivalent to (UTC): 0:20:00  Saturday,  Dec. 23, 2017
       Time-Step Length (HHMMSS): 000500
                 VDIFF completed...       0.6941 seconds
                COUPLE completed...       0.0524 seconds
                  HADV completed...       1.8879 seconds
                  ZADV completed...       0.2955 seconds
                 HDIFF completed...       0.2172 seconds
              DECOUPLE completed...       0.0445 seconds
                  PHOT completed...       0.4776 seconds
               CLDPROC completed...       0.1754 seconds
                  CHEM completed...       0.8819 seconds
                  AERO completed...       0.8930 seconds
            Master Time Step
            Processing completed...       5.6232 seconds

     Processing Day/Time [YYYYDDD:HHMMSS]: 2017357:002500
       Which is Equivalent to (UTC): 0:25:00  Saturday,  Dec. 23, 2017
       Time-Step Length (HHMMSS): 000500
                 VDIFF completed...       0.6365 seconds
                COUPLE completed...       0.0598 seconds
                  HADV completed...       1.9381 seconds
                  ZADV completed...       0.2951 seconds
                 HDIFF completed...       0.2181 seconds
              DECOUPLE completed...       0.0448 seconds
                  PHOT completed...       0.4783 seconds
               CLDPROC completed...       0.1762 seconds
                  CHEM completed...       0.8866 seconds
                  AERO completed...       0.9044 seconds
            Master Time Step
            Processing completed...       5.6422 seconds

     Processing Day/Time [YYYYDDD:HHMMSS]: 2017357:003000
       Which is Equivalent to (UTC): 0:30:00  Saturday,  Dec. 23, 2017
       Time-Step Length (HHMMSS): 000500
                 VDIFF completed...       0.6499 seconds
                COUPLE completed...       0.0521 seconds
                  HADV completed...       1.9300 seconds
                  ZADV completed...       0.2978 seconds
                 HDIFF completed...       0.2166 seconds
              DECOUPLE completed...       0.0443 seconds
                  PHOT completed...       0.4716 seconds
               CLDPROC completed...       0.1754 seconds
                  CHEM completed...       0.8942 seconds
                  AERO completed...       0.9008 seconds
            Master Time Step
            Processing completed...       5.6362 seconds

     Processing Day/Time [YYYYDDD:HHMMSS]: 2017357:003500
       Which is Equivalent to (UTC): 0:35:00  Saturday,  Dec. 23, 2017
       Time-Step Length (HHMMSS): 000500
                 VDIFF completed...       0.6494 seconds
                COUPLE completed...       0.0553 seconds
                  HADV completed...       1.9345 seconds
                  ZADV completed...       0.2981 seconds
                 HDIFF completed...       0.2147 seconds
              DECOUPLE completed...       0.0447 seconds
                  PHOT completed...       0.4585 seconds
               CLDPROC completed...       0.1749 seconds
                  CHEM completed...       0.8923 seconds
                  AERO completed...       0.8888 seconds
            Master Time Step
            Processing completed...       5.6156 seconds

     Processing Day/Time [YYYYDDD:HHMMSS]: 2017357:004000
       Which is Equivalent to (UTC): 0:40:00  Saturday,  Dec. 23, 2017
       Time-Step Length (HHMMSS): 000500
                 VDIFF completed...       0.6535 seconds
                COUPLE completed...       0.0554 seconds
                  HADV completed...       1.9527 seconds
                  ZADV completed...       0.2968 seconds
                 HDIFF completed...       0.2161 seconds
              DECOUPLE completed...       0.0446 seconds
                  PHOT completed...       0.4459 seconds
               CLDPROC completed...       0.1725 seconds
                  CHEM completed...       0.8754 seconds
                  AERO completed...       0.8715 seconds
            Master Time Step
            Processing completed...       5.5890 seconds

     Processing Day/Time [YYYYDDD:HHMMSS]: 2017357:004500
       Which is Equivalent to (UTC): 0:45:00  Saturday,  Dec. 23, 2017
       Time-Step Length (HHMMSS): 000500
                 VDIFF completed...       0.6592 seconds
                COUPLE completed...       0.0635 seconds
                  HADV completed...       2.1274 seconds
                  ZADV completed...       0.2924 seconds
                 HDIFF completed...       0.2211 seconds
              DECOUPLE completed...       0.0443 seconds
                  PHOT completed...       0.4329 seconds
               CLDPROC completed...       0.1689 seconds
                  CHEM completed...       0.8509 seconds
                  AERO completed...       0.8618 seconds
            Master Time Step
            Processing completed...       5.7268 seconds

     Processing Day/Time [YYYYDDD:HHMMSS]: 2017357:005000
       Which is Equivalent to (UTC): 0:50:00  Saturday,  Dec. 23, 2017
       Time-Step Length (HHMMSS): 000500
                 VDIFF completed...       0.6828 seconds
                COUPLE completed...       0.0671 seconds
                  HADV completed...       1.9897 seconds
                  ZADV completed...       0.2971 seconds
                 HDIFF completed...       0.2174 seconds
              DECOUPLE completed...       0.0449 seconds
                  PHOT completed...       0.4198 seconds
               CLDPROC completed...       0.1649 seconds
                  CHEM completed...       0.8168 seconds
                  AERO completed...       0.8663 seconds
            Master Time Step
            Processing completed...       5.5704 seconds

     Processing Day/Time [YYYYDDD:HHMMSS]: 2017357:005500
       Which is Equivalent to (UTC): 0:55:00  Saturday,  Dec. 23, 2017
       Time-Step Length (HHMMSS): 000500
                 VDIFF completed...       2.2885 seconds
                COUPLE completed...       0.1747 seconds
                  HADV completed...       1.3794 seconds
                  ZADV completed...       0.2929 seconds
                 HDIFF completed...       0.2217 seconds
              DECOUPLE completed...       0.0445 seconds
                  PHOT completed...       0.3691 seconds
               CLDPROC completed...       1.4381 seconds
                  CHEM completed...       0.8089 seconds
                  AERO completed...       0.8372 seconds
            Master Time Step
            Processing completed...       7.8600 seconds

      =--> Data Output completed...       1.1215 seconds

     Processing Day/Time [YYYYDDD:HHMMSS]: 2017357:010000
       Which is Equivalent to (UTC): 1:00:00  Saturday,  Dec. 23, 2017
       Time-Step Length (HHMMSS): 000500
                 VDIFF completed...       5.5888 seconds
                COUPLE completed...       0.1403 seconds
                  HADV completed...       2.3005 seconds
                  ZADV completed...       0.2933 seconds
                 HDIFF completed...       0.2232 seconds
              DECOUPLE completed...       0.0447 seconds
                  PHOT completed...       1.5412 seconds
               CLDPROC completed...       0.1727 seconds
                  CHEM completed...       0.7437 seconds
                  AERO completed...       0.8496 seconds
            Master Time Step
            Processing completed...      11.8995 seconds

     Processing Day/Time [YYYYDDD:HHMMSS]: 2017357:010500
       Which is Equivalent to (UTC): 1:05:00  Saturday,  Dec. 23, 2017
       Time-Step Length (HHMMSS): 000500
                 VDIFF completed...       0.6834 seconds
                COUPLE completed...       0.0702 seconds
                  HADV completed...       2.2092 seconds
                  ZADV completed...       0.2866 seconds
                 HDIFF completed...       0.2291 seconds
              DECOUPLE completed...       0.0440 seconds
                  PHOT completed...       0.3208 seconds
               CLDPROC completed...       0.1844 seconds
                  CHEM completed...       0.7166 seconds
                  AERO completed...       0.8313 seconds
            Master Time Step
            Processing completed...       5.5770 seconds

     Processing Day/Time [YYYYDDD:HHMMSS]: 2017357:011000
       Which is Equivalent to (UTC): 1:10:00  Saturday,  Dec. 23, 2017
       Time-Step Length (HHMMSS): 000500
                 VDIFF completed...       0.7781 seconds
                COUPLE completed...       0.0659 seconds
                  HADV completed...       2.2049 seconds
                  ZADV completed...       0.2891 seconds
                 HDIFF completed...       0.2264 seconds
              DECOUPLE completed...       0.0438 seconds
                  PHOT completed...       0.2639 seconds
               CLDPROC completed...       0.1870 seconds
                  CHEM completed...       0.7086 seconds
                  AERO completed...       0.8158 seconds
            Master Time Step
            Processing completed...       5.5879 seconds

     Processing Day/Time [YYYYDDD:HHMMSS]: 2017357:011500
       Which is Equivalent to (UTC): 1:15:00  Saturday,  Dec. 23, 2017
       Time-Step Length (HHMMSS): 000500
                 VDIFF completed...       0.8462 seconds
                COUPLE completed...       0.0673 seconds
                  HADV completed...       2.2070 seconds
                  ZADV completed...       0.2910 seconds
                 HDIFF completed...       0.2242 seconds
              DECOUPLE completed...       0.0437 seconds
                  PHOT completed...       0.2278 seconds
               CLDPROC completed...       0.2056 seconds
                  CHEM completed...       0.7175 seconds
                  AERO completed...       0.8193 seconds
            Master Time Step
            Processing completed...       5.6543 seconds

     Processing Day/Time [YYYYDDD:HHMMSS]: 2017357:012000
       Which is Equivalent to (UTC): 1:20:00  Saturday,  Dec. 23, 2017
       Time-Step Length (HHMMSS): 000500
                 VDIFF completed...       0.8631 seconds
                COUPLE completed...       0.0649 seconds
                  HADV completed...       2.1996 seconds
                  ZADV completed...       0.2895 seconds
                 HDIFF completed...       0.2248 seconds
              DECOUPLE completed...       0.0435 seconds
                  PHOT completed...       0.2028 seconds
               CLDPROC completed...       0.2213 seconds
                  CHEM completed...       0.7212 seconds
                  AERO completed...       0.8229 seconds
            Master Time Step
            Processing completed...       5.6583 seconds

     Processing Day/Time [YYYYDDD:HHMMSS]: 2017357:012500
       Which is Equivalent to (UTC): 1:25:00  Saturday,  Dec. 23, 2017
       Time-Step Length (HHMMSS): 000500
                 VDIFF completed...       0.8689 seconds
                COUPLE completed...       0.0638 seconds
                  HADV completed...       2.2019 seconds
                  ZADV completed...       0.2913 seconds
                 HDIFF completed...       0.2219 seconds
              DECOUPLE completed...       0.0438 seconds
                  PHOT completed...       0.1793 seconds
               CLDPROC completed...       0.2407 seconds
                  CHEM completed...       0.7213 seconds
                  AERO completed...       0.8253 seconds
            Master Time Step
            Processing completed...       5.6633 seconds

     Processing Day/Time [YYYYDDD:HHMMSS]: 2017357:013000
       Which is Equivalent to (UTC): 1:30:00  Saturday,  Dec. 23, 2017
       Time-Step Length (HHMMSS): 000500
                 VDIFF completed...       0.8729 seconds
                COUPLE completed...       0.0662 seconds
                  HADV completed...       2.1965 seconds
                  ZADV completed...       0.2959 seconds
                 HDIFF completed...       0.2188 seconds
              DECOUPLE completed...       0.0436 seconds
                  PHOT completed...       0.1794 seconds
               CLDPROC completed...       0.2409 seconds
                  CHEM completed...       0.7175 seconds
                  AERO completed...       0.8275 seconds
            Master Time Step
            Processing completed...       5.6639 seconds

     Processing Day/Time [YYYYDDD:HHMMSS]: 2017357:013500
       Which is Equivalent to (UTC): 1:35:00  Saturday,  Dec. 23, 2017
       Time-Step Length (HHMMSS): 000500
                 VDIFF completed...       0.8742 seconds
                COUPLE completed...       0.0660 seconds
                  HADV completed...       2.2223 seconds
                  ZADV completed...       0.2902 seconds
                 HDIFF completed...       0.2245 seconds
              DECOUPLE completed...       0.0436 seconds
                  PHOT completed...       0.1791 seconds
               CLDPROC completed...       0.2412 seconds
                  CHEM completed...       0.7143 seconds
                  AERO completed...       0.8275 seconds
            Master Time Step
            Processing completed...       5.6866 seconds

     Processing Day/Time [YYYYDDD:HHMMSS]: 2017357:014000
       Which is Equivalent to (UTC): 1:40:00  Saturday,  Dec. 23, 2017
       Time-Step Length (HHMMSS): 000500
                 VDIFF completed...       0.8684 seconds
                COUPLE completed...       0.0696 seconds
                  HADV completed...       2.2038 seconds
                  ZADV completed...       0.2939 seconds
                 HDIFF completed...       0.2202 seconds
              DECOUPLE completed...       0.0439 seconds
                  PHOT completed...       0.1788 seconds
               CLDPROC completed...       0.2396 seconds
                  CHEM completed...       0.7125 seconds
                  AERO completed...       0.8233 seconds
            Master Time Step
            Processing completed...       5.6591 seconds

     Processing Day/Time [YYYYDDD:HHMMSS]: 2017357:014500
       Which is Equivalent to (UTC): 1:45:00  Saturday,  Dec. 23, 2017
       Time-Step Length (HHMMSS): 000500
                 VDIFF completed...       0.8791 seconds
                COUPLE completed...       0.0699 seconds
                  HADV completed...       2.2012 seconds
                  ZADV completed...       0.2959 seconds
                 HDIFF completed...       0.2184 seconds
              DECOUPLE completed...       0.0455 seconds
                  PHOT completed...       0.1775 seconds
               CLDPROC completed...       0.2380 seconds
                  CHEM completed...       0.7096 seconds
                  AERO completed...       0.8233 seconds
            Master Time Step
            Processing completed...       5.6636 seconds

     Processing Day/Time [YYYYDDD:HHMMSS]: 2017357:015000
       Which is Equivalent to (UTC): 1:50:00  Saturday,  Dec. 23, 2017
       Time-Step Length (HHMMSS): 000500
                 VDIFF completed...       0.8874 seconds
                COUPLE completed...       0.0688 seconds
                  HADV completed...       2.1949 seconds
                  ZADV completed...       0.2913 seconds
                 HDIFF completed...       0.2230 seconds
              DECOUPLE completed...       0.0437 seconds
                  PHOT completed...       0.1785 seconds
               CLDPROC completed...       0.2368 seconds
                  CHEM completed...       0.7071 seconds
                  AERO completed...       0.8257 seconds
            Master Time Step
            Processing completed...       5.6625 seconds

     Processing Day/Time [YYYYDDD:HHMMSS]: 2017357:015500
       Which is Equivalent to (UTC): 1:55:00  Saturday,  Dec. 23, 2017
       Time-Step Length (HHMMSS): 000500
                 VDIFF completed...       2.6367 seconds
                COUPLE completed...       0.1707 seconds
                  HADV completed...       1.3560 seconds
                  ZADV completed...       0.2931 seconds
                 HDIFF completed...       0.2214 seconds
              DECOUPLE completed...       0.0441 seconds
                  PHOT completed...       0.1790 seconds
               CLDPROC completed...       1.6451 seconds
                  CHEM completed...       0.7775 seconds
                  AERO completed...       0.8301 seconds
            Master Time Step
            Processing completed...       8.1604 seconds

      =--> Data Output completed...       1.1021 seconds

     Processing Day/Time [YYYYDDD:HHMMSS]: 2017357:020000
       Which is Equivalent to (UTC): 2:00:00  Saturday,  Dec. 23, 2017
       Time-Step Length (HHMMSS): 000500
                 VDIFF completed...       5.5255 seconds
                COUPLE completed...       0.1418 seconds
                  HADV completed...       2.2790 seconds
                  ZADV completed...       0.2931 seconds
                 HDIFF completed...       0.2211 seconds
              DECOUPLE completed...       0.0437 seconds
                  PHOT completed...       1.2851 seconds
               CLDPROC completed...       0.2374 seconds
                  CHEM completed...       0.7014 seconds
                  AERO completed...       0.8246 seconds
            Master Time Step
            Processing completed...      11.5567 seconds

     Processing Day/Time [YYYYDDD:HHMMSS]: 2017357:020500
       Which is Equivalent to (UTC): 2:05:00  Saturday,  Dec. 23, 2017
       Time-Step Length (HHMMSS): 000500
                 VDIFF completed...       0.9198 seconds
                COUPLE completed...       0.0813 seconds
                  HADV completed...       2.0944 seconds
                  ZADV completed...       0.2929 seconds
                 HDIFF completed...       0.2245 seconds
              DECOUPLE completed...       0.0442 seconds
                  PHOT completed...       0.1784 seconds
               CLDPROC completed...       0.2358 seconds
                  CHEM completed...       0.6949 seconds
                  AERO completed...       0.8362 seconds
            Master Time Step
            Processing completed...       5.6072 seconds

     Processing Day/Time [YYYYDDD:HHMMSS]: 2017357:021000
       Which is Equivalent to (UTC): 2:10:00  Saturday,  Dec. 23, 2017
       Time-Step Length (HHMMSS): 000500
                 VDIFF completed...       0.9129 seconds
                COUPLE completed...       0.0736 seconds
                  HADV completed...       2.0929 seconds
                  ZADV completed...       0.2979 seconds
                 HDIFF completed...       0.2192 seconds
              DECOUPLE completed...       0.0445 seconds
                  PHOT completed...       0.1787 seconds
               CLDPROC completed...       0.2354 seconds
                  CHEM completed...       0.6911 seconds
                  AERO completed...       0.8235 seconds
            Master Time Step
            Processing completed...       5.5749 seconds

     Processing Day/Time [YYYYDDD:HHMMSS]: 2017357:021500
       Which is Equivalent to (UTC): 2:15:00  Saturday,  Dec. 23, 2017
       Time-Step Length (HHMMSS): 000500
                 VDIFF completed...       0.9247 seconds
                COUPLE completed...       0.0752 seconds
                  HADV completed...       2.1001 seconds
                  ZADV completed...       0.2922 seconds
                 HDIFF completed...       0.2553 seconds
              DECOUPLE completed...       0.0472 seconds
                  PHOT completed...       0.1758 seconds
               CLDPROC completed...       0.2360 seconds
                  CHEM completed...       0.6882 seconds
                  AERO completed...       0.8199 seconds
            Master Time Step
            Processing completed...       5.6194 seconds

     Processing Day/Time [YYYYDDD:HHMMSS]: 2017357:022000
       Which is Equivalent to (UTC): 2:20:00  Saturday,  Dec. 23, 2017
       Time-Step Length (HHMMSS): 000500
                 VDIFF completed...       0.9212 seconds
                COUPLE completed...       0.0786 seconds
                  HADV completed...       2.1129 seconds
                  ZADV completed...       0.2922 seconds
                 HDIFF completed...       0.2226 seconds
              DECOUPLE completed...       0.0443 seconds
                  PHOT completed...       0.1784 seconds
               CLDPROC completed...       0.2362 seconds
                  CHEM completed...       0.6834 seconds
                  AERO completed...       0.8194 seconds
            Master Time Step
            Processing completed...       5.5933 seconds

     Processing Day/Time [YYYYDDD:HHMMSS]: 2017357:022500
       Which is Equivalent to (UTC): 2:25:00  Saturday,  Dec. 23, 2017
       Time-Step Length (HHMMSS): 000500
                 VDIFF completed...       0.9404 seconds
                COUPLE completed...       0.0821 seconds
                  HADV completed...       2.0884 seconds
                  ZADV completed...       0.2894 seconds
                 HDIFF completed...       0.2245 seconds
              DECOUPLE completed...       0.0440 seconds
                  PHOT completed...       0.1791 seconds
               CLDPROC completed...       0.2373 seconds
                  CHEM completed...       0.6797 seconds
                  AERO completed...       0.8211 seconds
            Master Time Step
            Processing completed...       5.5912 seconds

     Processing Day/Time [YYYYDDD:HHMMSS]: 2017357:023000
       Which is Equivalent to (UTC): 2:30:00  Saturday,  Dec. 23, 2017
       Time-Step Length (HHMMSS): 000500
                 VDIFF completed...       0.9420 seconds
                COUPLE completed...       0.0836 seconds
                  HADV completed...       2.0832 seconds
                  ZADV completed...       0.2864 seconds
                 HDIFF completed...       0.2280 seconds
              DECOUPLE completed...       0.0435 seconds
                  PHOT completed...       0.1789 seconds
               CLDPROC completed...       0.2371 seconds
                  CHEM completed...       0.6773 seconds
                  AERO completed...       0.8211 seconds
            Master Time Step
            Processing completed...       5.5855 seconds

     Processing Day/Time [YYYYDDD:HHMMSS]: 2017357:023500
       Which is Equivalent to (UTC): 2:35:00  Saturday,  Dec. 23, 2017
       Time-Step Length (HHMMSS): 000500
                 VDIFF completed...       0.9419 seconds
                COUPLE completed...       0.0858 seconds
                  HADV completed...       2.0884 seconds
                  ZADV completed...       0.2915 seconds
                 HDIFF completed...       0.2232 seconds
              DECOUPLE completed...       0.0441 seconds
                  PHOT completed...       0.1789 seconds
               CLDPROC completed...       0.2369 seconds
                  CHEM completed...       0.6756 seconds
                  AERO completed...       0.8238 seconds
            Master Time Step
            Processing completed...       5.5955 seconds

     Processing Day/Time [YYYYDDD:HHMMSS]: 2017357:024000
       Which is Equivalent to (UTC): 2:40:00  Saturday,  Dec. 23, 2017
       Time-Step Length (HHMMSS): 000500
                 VDIFF completed...       0.9452 seconds
                COUPLE completed...       0.0858 seconds
                  HADV completed...       2.0780 seconds
                  ZADV completed...       0.2928 seconds
                 HDIFF completed...       0.2221 seconds
              DECOUPLE completed...       0.0445 seconds
                  PHOT completed...       0.1789 seconds
               CLDPROC completed...       0.2360 seconds
                  CHEM completed...       0.6770 seconds
                  AERO completed...       0.8204 seconds
            Master Time Step
            Processing completed...       5.5856 seconds

     Processing Day/Time [YYYYDDD:HHMMSS]: 2017357:024500
       Which is Equivalent to (UTC): 2:45:00  Saturday,  Dec. 23, 2017
       Time-Step Length (HHMMSS): 000500
                 VDIFF completed...       0.9473 seconds
                COUPLE completed...       0.0865 seconds
                  HADV completed...       2.0790 seconds
                  ZADV completed...       0.2940 seconds
                 HDIFF completed...       0.2257 seconds
              DECOUPLE completed...       0.0462 seconds
                  PHOT completed...       0.1742 seconds
               CLDPROC completed...       0.2337 seconds
                  CHEM completed...       0.6773 seconds
                  AERO completed...       0.8204 seconds
            Master Time Step
            Processing completed...       5.5896 seconds

     Processing Day/Time [YYYYDDD:HHMMSS]: 2017357:025000
       Which is Equivalent to (UTC): 2:50:00  Saturday,  Dec. 23, 2017
       Time-Step Length (HHMMSS): 000500
                 VDIFF completed...       0.9510 seconds
                COUPLE completed...       0.0857 seconds
                  HADV completed...       2.0703 seconds
                  ZADV completed...       0.2904 seconds
                 HDIFF completed...       0.2256 seconds
              DECOUPLE completed...       0.0440 seconds
                  PHOT completed...       0.1784 seconds
               CLDPROC completed...       0.2349 seconds
                  CHEM completed...       0.6781 seconds
                  AERO completed...       0.8198 seconds
            Master Time Step
            Processing completed...       5.5833 seconds

     Processing Day/Time [YYYYDDD:HHMMSS]: 2017357:025500
       Which is Equivalent to (UTC): 2:55:00  Saturday,  Dec. 23, 2017
       Time-Step Length (HHMMSS): 000500
                 VDIFF completed...       2.7274 seconds
                COUPLE completed...       0.1703 seconds
                  HADV completed...       1.4191 seconds
                  ZADV completed...       0.2902 seconds
                 HDIFF completed...       0.2250 seconds
              DECOUPLE completed...       0.0439 seconds
                  PHOT completed...       0.1789 seconds
               CLDPROC completed...       1.6542 seconds
                  CHEM completed...       0.7736 seconds
                  AERO completed...       0.8257 seconds
            Master Time Step
            Processing completed...       8.3148 seconds

      =--> Data Output completed...       1.1457 seconds

     Processing Day/Time [YYYYDDD:HHMMSS]: 2017357:030000
       Which is Equivalent to (UTC): 3:00:00  Saturday,  Dec. 23, 2017
       Time-Step Length (HHMMSS): 000500
                 VDIFF completed...       5.4313 seconds
                COUPLE completed...       0.1392 seconds
                  HADV completed...       2.4169 seconds
                  ZADV completed...       0.2929 seconds
                 HDIFF completed...       0.2239 seconds
              DECOUPLE completed...       0.0444 seconds
                  PHOT completed...       1.2702 seconds
               CLDPROC completed...       0.2358 seconds
                  CHEM completed...       0.6761 seconds
                  AERO completed...       0.8188 seconds
            Master Time Step
            Processing completed...      11.5535 seconds

     Processing Day/Time [YYYYDDD:HHMMSS]: 2017357:030500
       Which is Equivalent to (UTC): 3:05:00  Saturday,  Dec. 23, 2017
       Time-Step Length (HHMMSS): 000500
                 VDIFF completed...       0.9694 seconds
                COUPLE completed...       0.0834 seconds
                  HADV completed...       2.0677 seconds
                  ZADV completed...       0.2938 seconds
                 HDIFF completed...       0.2211 seconds
              DECOUPLE completed...       0.0441 seconds
                  PHOT completed...       0.1786 seconds
               CLDPROC completed...       0.2346 seconds
                  CHEM completed...       0.6823 seconds
                  AERO completed...       0.8212 seconds
            Master Time Step
            Processing completed...       5.6013 seconds

     Processing Day/Time [YYYYDDD:HHMMSS]: 2017357:031000
       Which is Equivalent to (UTC): 3:10:00  Saturday,  Dec. 23, 2017
       Time-Step Length (HHMMSS): 000500
                 VDIFF completed...       0.9448 seconds
                COUPLE completed...       0.0846 seconds
                  HADV completed...       2.0709 seconds
                  ZADV completed...       0.2904 seconds
                 HDIFF completed...       0.2249 seconds
              DECOUPLE completed...       0.0435 seconds
                  PHOT completed...       0.1991 seconds
               CLDPROC completed...       0.2207 seconds
                  CHEM completed...       0.6672 seconds
                  AERO completed...       0.8187 seconds
            Master Time Step
            Processing completed...       5.5692 seconds

     Processing Day/Time [YYYYDDD:HHMMSS]: 2017357:031500
       Which is Equivalent to (UTC): 3:15:00  Saturday,  Dec. 23, 2017
       Time-Step Length (HHMMSS): 000500
                 VDIFF completed...       0.9489 seconds
                COUPLE completed...       0.0872 seconds
                  HADV completed...       2.0816 seconds
                  ZADV completed...       0.2927 seconds
                 HDIFF completed...       0.2224 seconds
              DECOUPLE completed...       0.0435 seconds
                  PHOT completed...       0.1784 seconds
               CLDPROC completed...       0.2365 seconds
                  CHEM completed...       0.6672 seconds
                  AERO completed...       0.8188 seconds
            Master Time Step
            Processing completed...       5.5826 seconds

     Processing Day/Time [YYYYDDD:HHMMSS]: 2017357:032000
       Which is Equivalent to (UTC): 3:20:00  Saturday,  Dec. 23, 2017
       Time-Step Length (HHMMSS): 000500
                 VDIFF completed...       0.9582 seconds
                COUPLE completed...       0.0854 seconds
                  HADV completed...       2.0768 seconds
                  ZADV completed...       0.2916 seconds
                 HDIFF completed...       0.2241 seconds
              DECOUPLE completed...       0.0439 seconds
                  PHOT completed...       0.1791 seconds
               CLDPROC completed...       0.2365 seconds
                  CHEM completed...       0.6664 seconds
                  AERO completed...       0.8192 seconds
            Master Time Step
            Processing completed...       5.5864 seconds

     Processing Day/Time [YYYYDDD:HHMMSS]: 2017357:032500
       Which is Equivalent to (UTC): 3:25:00  Saturday,  Dec. 23, 2017
       Time-Step Length (HHMMSS): 000500
                 VDIFF completed...       0.9561 seconds
                COUPLE completed...       0.0848 seconds
                  HADV completed...       2.1168 seconds
                  ZADV completed...       0.2891 seconds
                 HDIFF completed...       0.2259 seconds
              DECOUPLE completed...       0.0440 seconds
                  PHOT completed...       0.1791 seconds
               CLDPROC completed...       0.2361 seconds
                  CHEM completed...       0.6656 seconds
                  AERO completed...       0.8199 seconds
            Master Time Step
            Processing completed...       5.6228 seconds

     Processing Day/Time [YYYYDDD:HHMMSS]: 2017357:033000
       Which is Equivalent to (UTC): 3:30:00  Saturday,  Dec. 23, 2017
       Time-Step Length (HHMMSS): 000500
                 VDIFF completed...       0.9564 seconds
                COUPLE completed...       0.0844 seconds
                  HADV completed...       2.0775 seconds
                  ZADV completed...       0.2917 seconds
                 HDIFF completed...       0.2240 seconds
              DECOUPLE completed...       0.0440 seconds
                  PHOT completed...       0.1791 seconds
               CLDPROC completed...       0.2360 seconds
                  CHEM completed...       0.6632 seconds
                  AERO completed...       0.8196 seconds
            Master Time Step
            Processing completed...       5.5810 seconds

     Processing Day/Time [YYYYDDD:HHMMSS]: 2017357:033500
       Which is Equivalent to (UTC): 3:35:00  Saturday,  Dec. 23, 2017
       Time-Step Length (HHMMSS): 000500
                 VDIFF completed...       0.9610 seconds
                COUPLE completed...       0.0850 seconds
                  HADV completed...       2.0702 seconds
                  ZADV completed...       0.2858 seconds
                 HDIFF completed...       0.2299 seconds
              DECOUPLE completed...       0.0441 seconds
                  PHOT completed...       0.1787 seconds
               CLDPROC completed...       0.2361 seconds
                  CHEM completed...       0.6616 seconds
                  AERO completed...       0.8208 seconds
            Master Time Step
            Processing completed...       5.5784 seconds

     Processing Day/Time [YYYYDDD:HHMMSS]: 2017357:034000
       Which is Equivalent to (UTC): 3:40:00  Saturday,  Dec. 23, 2017
       Time-Step Length (HHMMSS): 000500
                 VDIFF completed...       0.9542 seconds
                COUPLE completed...       0.0867 seconds
                  HADV completed...       2.2431 seconds
                  ZADV completed...       0.2953 seconds
                 HDIFF completed...       0.2208 seconds
              DECOUPLE completed...       0.0433 seconds
                  PHOT completed...       0.1794 seconds
               CLDPROC completed...       0.2376 seconds
                  CHEM completed...       0.6625 seconds
                  AERO completed...       0.8200 seconds
            Master Time Step
            Processing completed...       5.7478 seconds

     Processing Day/Time [YYYYDDD:HHMMSS]: 2017357:034500
       Which is Equivalent to (UTC): 3:45:00  Saturday,  Dec. 23, 2017
       Time-Step Length (HHMMSS): 000500
                 VDIFF completed...       0.9495 seconds
                COUPLE completed...       0.0874 seconds
                  HADV completed...       2.0777 seconds
                  ZADV completed...       0.2983 seconds
                 HDIFF completed...       0.2190 seconds
              DECOUPLE completed...       0.0440 seconds
                  PHOT completed...       0.1796 seconds
               CLDPROC completed...       0.2356 seconds
                  CHEM completed...       0.6612 seconds
                  AERO completed...       0.8210 seconds
            Master Time Step
            Processing completed...       5.5751 seconds

     Processing Day/Time [YYYYDDD:HHMMSS]: 2017357:035000
       Which is Equivalent to (UTC): 3:50:00  Saturday,  Dec. 23, 2017
       Time-Step Length (HHMMSS): 000500
                 VDIFF completed...       0.9590 seconds
                COUPLE completed...       0.0847 seconds
                  HADV completed...       2.0711 seconds
                  ZADV completed...       0.2918 seconds
                 HDIFF completed...       0.2241 seconds
              DECOUPLE completed...       0.0447 seconds
                  PHOT completed...       0.1778 seconds
               CLDPROC completed...       0.2350 seconds
                  CHEM completed...       0.6610 seconds
                  AERO completed...       0.8205 seconds
            Master Time Step
            Processing completed...       5.5745 seconds

     Processing Day/Time [YYYYDDD:HHMMSS]: 2017357:035500
       Which is Equivalent to (UTC): 3:55:00  Saturday,  Dec. 23, 2017
       Time-Step Length (HHMMSS): 000500
                 VDIFF completed...       2.6549 seconds
                COUPLE completed...       0.1707 seconds
                  HADV completed...       1.2849 seconds
                  ZADV completed...       0.2929 seconds
                 HDIFF completed...       0.2225 seconds
              DECOUPLE completed...       0.0437 seconds
                  PHOT completed...       0.1795 seconds
               CLDPROC completed...       2.1089 seconds
                  CHEM completed...       0.6226 seconds
                  AERO completed...       0.8561 seconds
            Master Time Step
            Processing completed...       8.4436 seconds

      =--> Data Output completed...       1.2256 seconds

     Processing Day/Time [YYYYDDD:HHMMSS]: 2017357:040000
       Which is Equivalent to (UTC): 4:00:00  Saturday,  Dec. 23, 2017
       Time-Step Length (HHMMSS): 000400
                 VDIFF completed...       5.2459 seconds
                COUPLE completed...       0.1391 seconds
                  HADV completed...       2.0574 seconds
                  ZADV completed...       0.2941 seconds
                 HDIFF completed...       0.2207 seconds
              DECOUPLE completed...       0.0433 seconds
                  PHOT completed...       1.2801 seconds
               CLDPROC completed...       0.2356 seconds
                  CHEM completed...       0.6515 seconds
                  AERO completed...       0.7987 seconds
            Master Time Step
            Processing completed...      10.9697 seconds

     Processing Day/Time [YYYYDDD:HHMMSS]: 2017357:040400
       Which is Equivalent to (UTC): 4:04:00  Saturday,  Dec. 23, 2017
       Time-Step Length (HHMMSS): 000400
                 VDIFF completed...       0.9442 seconds
                COUPLE completed...       0.0860 seconds
                  HADV completed...       1.8589 seconds
                  ZADV completed...       0.2943 seconds
                 HDIFF completed...       0.2196 seconds
              DECOUPLE completed...       0.0442 seconds
                  PHOT completed...       0.1786 seconds
               CLDPROC completed...       0.2346 seconds
                  CHEM completed...       0.6494 seconds
                  AERO completed...       0.7971 seconds
            Master Time Step
            Processing completed...       5.3119 seconds

     Processing Day/Time [YYYYDDD:HHMMSS]: 2017357:040800
       Which is Equivalent to (UTC): 4:08:00  Saturday,  Dec. 23, 2017
       Time-Step Length (HHMMSS): 000400
                 VDIFF completed...       0.9340 seconds
                COUPLE completed...       0.0843 seconds
                  HADV completed...       1.8507 seconds
                  ZADV completed...       0.2943 seconds
                 HDIFF completed...       0.2196 seconds
              DECOUPLE completed...       0.0445 seconds
                  PHOT completed...       0.2028 seconds
               CLDPROC completed...       0.2182 seconds
                  CHEM completed...       0.6511 seconds
                  AERO completed...       0.7940 seconds
            Master Time Step
            Processing completed...       5.2971 seconds

     Processing Day/Time [YYYYDDD:HHMMSS]: 2017357:041200
       Which is Equivalent to (UTC): 4:12:00  Saturday,  Dec. 23, 2017
       Time-Step Length (HHMMSS): 000400
                 VDIFF completed...       0.9329 seconds
                COUPLE completed...       0.0891 seconds
                  HADV completed...       1.8335 seconds
                  ZADV completed...       0.2957 seconds
                 HDIFF completed...       0.2185 seconds
              DECOUPLE completed...       0.0453 seconds
                  PHOT completed...       0.1783 seconds
               CLDPROC completed...       0.2350 seconds
                  CHEM completed...       0.6515 seconds
                  AERO completed...       0.7978 seconds
            Master Time Step
            Processing completed...       5.2831 seconds

     Processing Day/Time [YYYYDDD:HHMMSS]: 2017357:041600
       Which is Equivalent to (UTC): 4:16:00  Saturday,  Dec. 23, 2017
       Time-Step Length (HHMMSS): 000400
                 VDIFF completed...       0.9253 seconds
                COUPLE completed...       0.0881 seconds
                  HADV completed...       1.8374 seconds
                  ZADV completed...       0.2932 seconds
                 HDIFF completed...       0.2209 seconds
              DECOUPLE completed...       0.0447 seconds
                  PHOT completed...       0.1785 seconds
               CLDPROC completed...       0.2360 seconds
                  CHEM completed...       0.6509 seconds
                  AERO completed...       0.7951 seconds
            Master Time Step
            Processing completed...       5.2757 seconds

     Processing Day/Time [YYYYDDD:HHMMSS]: 2017357:042000
       Which is Equivalent to (UTC): 4:20:00  Saturday,  Dec. 23, 2017
       Time-Step Length (HHMMSS): 000400
                 VDIFF completed...       0.9264 seconds
                COUPLE completed...       0.0910 seconds
                  HADV completed...       1.8337 seconds
                  ZADV completed...       0.2984 seconds
                 HDIFF completed...       0.2156 seconds
              DECOUPLE completed...       0.0443 seconds
                  PHOT completed...       0.1786 seconds
               CLDPROC completed...       0.2375 seconds
                  CHEM completed...       0.6506 seconds
                  AERO completed...       0.7986 seconds
            Master Time Step
            Processing completed...       5.2802 seconds

     Processing Day/Time [YYYYDDD:HHMMSS]: 2017357:042400
       Which is Equivalent to (UTC): 4:24:00  Saturday,  Dec. 23, 2017
       Time-Step Length (HHMMSS): 000400
                 VDIFF completed...       0.9244 seconds
                COUPLE completed...       0.0881 seconds
                  HADV completed...       1.8385 seconds
                  ZADV completed...       0.2941 seconds
                 HDIFF completed...       0.2207 seconds
              DECOUPLE completed...       0.0438 seconds
                  PHOT completed...       0.1790 seconds
               CLDPROC completed...       0.2376 seconds
                  CHEM completed...       0.6498 seconds
                  AERO completed...       0.7984 seconds
            Master Time Step
            Processing completed...       5.2798 seconds

     Processing Day/Time [YYYYDDD:HHMMSS]: 2017357:042800
       Which is Equivalent to (UTC): 4:28:00  Saturday,  Dec. 23, 2017
       Time-Step Length (HHMMSS): 000400
                 VDIFF completed...       0.9217 seconds
                COUPLE completed...       0.0855 seconds
                  HADV completed...       1.8472 seconds
                  ZADV completed...       0.2980 seconds
                 HDIFF completed...       0.2158 seconds
              DECOUPLE completed...       0.0438 seconds
                  PHOT completed...       0.1792 seconds
               CLDPROC completed...       0.2386 seconds
                  CHEM completed...       0.6491 seconds
                  AERO completed...       0.7990 seconds
            Master Time Step
            Processing completed...       5.2827 seconds

     Processing Day/Time [YYYYDDD:HHMMSS]: 2017357:043200
       Which is Equivalent to (UTC): 4:32:00  Saturday,  Dec. 23, 2017
       Time-Step Length (HHMMSS): 000400
                 VDIFF completed...       0.9202 seconds
                COUPLE completed...       0.0901 seconds
                  HADV completed...       1.8370 seconds
                  ZADV completed...       0.2987 seconds
                 HDIFF completed...       0.2158 seconds
              DECOUPLE completed...       0.0448 seconds
                  PHOT completed...       0.1783 seconds
               CLDPROC completed...       0.2384 seconds
                  CHEM completed...       0.6476 seconds
                  AERO completed...       0.7996 seconds
            Master Time Step
            Processing completed...       5.2758 seconds

     Processing Day/Time [YYYYDDD:HHMMSS]: 2017357:043600
       Which is Equivalent to (UTC): 4:36:00  Saturday,  Dec. 23, 2017
       Time-Step Length (HHMMSS): 000400
                 VDIFF completed...       0.9146 seconds
                COUPLE completed...       0.0890 seconds
                  HADV completed...       1.8365 seconds
                  ZADV completed...       0.2957 seconds
                 HDIFF completed...       0.2185 seconds
              DECOUPLE completed...       0.0445 seconds
                  PHOT completed...       0.1785 seconds
               CLDPROC completed...       0.2387 seconds
                  CHEM completed...       0.6476 seconds
                  AERO completed...       0.7997 seconds
            Master Time Step
            Processing completed...       5.2685 seconds

     Processing Day/Time [YYYYDDD:HHMMSS]: 2017357:044000
       Which is Equivalent to (UTC): 4:40:00  Saturday,  Dec. 23, 2017
       Time-Step Length (HHMMSS): 000400
                 VDIFF completed...       0.9140 seconds
                COUPLE completed...       0.0860 seconds
                  HADV completed...       1.8379 seconds
                  ZADV completed...       0.2975 seconds
                 HDIFF completed...       0.2169 seconds
              DECOUPLE completed...       0.0439 seconds
                  PHOT completed...       0.1788 seconds
               CLDPROC completed...       0.2385 seconds
                  CHEM completed...       0.6483 seconds
                  AERO completed...       0.7978 seconds
            Master Time Step
            Processing completed...       5.2648 seconds

     Processing Day/Time [YYYYDDD:HHMMSS]: 2017357:044400
       Which is Equivalent to (UTC): 4:44:00  Saturday,  Dec. 23, 2017
       Time-Step Length (HHMMSS): 000400
                 VDIFF completed...       0.9152 seconds
                COUPLE completed...       0.0864 seconds
                  HADV completed...       1.8340 seconds
                  ZADV completed...       0.2974 seconds
                 HDIFF completed...       0.2172 seconds
              DECOUPLE completed...       0.0441 seconds
                  PHOT completed...       0.1783 seconds
               CLDPROC completed...       0.2375 seconds
                  CHEM completed...       0.6479 seconds
                  AERO completed...       0.7978 seconds
            Master Time Step
            Processing completed...       5.2611 seconds

     Processing Day/Time [YYYYDDD:HHMMSS]: 2017357:044800
       Which is Equivalent to (UTC): 4:48:00  Saturday,  Dec. 23, 2017
       Time-Step Length (HHMMSS): 000400
                 VDIFF completed...       0.9178 seconds
                COUPLE completed...       0.0889 seconds
                  HADV completed...       1.8158 seconds
                  ZADV completed...       0.2958 seconds
                 HDIFF completed...       0.2185 seconds
              DECOUPLE completed...       0.0444 seconds
                  PHOT completed...       0.1783 seconds
               CLDPROC completed...       0.2372 seconds
                  CHEM completed...       0.6482 seconds
                  AERO completed...       0.7986 seconds
            Master Time Step
            Processing completed...       5.2487 seconds

     Processing Day/Time [YYYYDDD:HHMMSS]: 2017357:045200
       Which is Equivalent to (UTC): 4:52:00  Saturday,  Dec. 23, 2017
       Time-Step Length (HHMMSS): 000400
                 VDIFF completed...       0.9192 seconds
                COUPLE completed...       0.0840 seconds
                  HADV completed...       1.8139 seconds
                  ZADV completed...       0.2950 seconds
                 HDIFF completed...       0.2195 seconds
              DECOUPLE completed...       0.0449 seconds
                  PHOT completed...       0.1792 seconds
               CLDPROC completed...       0.2368 seconds
                  CHEM completed...       0.6469 seconds
                  AERO completed...       0.8017 seconds
            Master Time Step
            Processing completed...       5.2453 seconds

     Processing Day/Time [YYYYDDD:HHMMSS]: 2017357:045600
       Which is Equivalent to (UTC): 4:56:00  Saturday,  Dec. 23, 2017
       Time-Step Length (HHMMSS): 000400
                 VDIFF completed...       2.6175 seconds
                COUPLE completed...       0.1703 seconds
                  HADV completed...       1.0698 seconds
                  ZADV completed...       0.2979 seconds
                 HDIFF completed...       0.2169 seconds
              DECOUPLE completed...       0.0443 seconds
                  PHOT completed...       0.1784 seconds
               CLDPROC completed...       1.5633 seconds
                  CHEM completed...       0.6203 seconds
                  AERO completed...       0.8365 seconds
            Master Time Step
            Processing completed...       7.6213 seconds

      =--> Data Output completed...       1.1783 seconds

     Processing Day/Time [YYYYDDD:HHMMSS]: 2017357:050000
       Which is Equivalent to (UTC): 5:00:00  Saturday,  Dec. 23, 2017
       Time-Step Length (HHMMSS): 000400
                 VDIFF completed...       5.5296 seconds
                COUPLE completed...       0.1475 seconds
                  HADV completed...       1.9543 seconds
                  ZADV completed...       0.2915 seconds
                 HDIFF completed...       0.2304 seconds
              DECOUPLE completed...       0.0677 seconds
                  PHOT completed...       1.2760 seconds
               CLDPROC completed...       0.2396 seconds
                  CHEM completed...       0.6475 seconds
                  AERO completed...       0.7972 seconds
            Master Time Step
            Processing completed...      11.1829 seconds

     Processing Day/Time [YYYYDDD:HHMMSS]: 2017357:050400
       Which is Equivalent to (UTC): 5:04:00  Saturday,  Dec. 23, 2017
       Time-Step Length (HHMMSS): 000400
                 VDIFF completed...       0.9204 seconds
                COUPLE completed...       0.0819 seconds
                  HADV completed...       1.8205 seconds
                  ZADV completed...       0.2960 seconds
                 HDIFF completed...       0.2201 seconds
              DECOUPLE completed...       0.0436 seconds
                  PHOT completed...       0.1797 seconds
               CLDPROC completed...       0.2391 seconds
                  CHEM completed...       0.6467 seconds
                  AERO completed...       0.8012 seconds
            Master Time Step
            Processing completed...       5.2505 seconds

     Processing Day/Time [YYYYDDD:HHMMSS]: 2017357:050800
       Which is Equivalent to (UTC): 5:08:00  Saturday,  Dec. 23, 2017
       Time-Step Length (HHMMSS): 000400
                 VDIFF completed...       0.9155 seconds
                COUPLE completed...       0.0880 seconds
                  HADV completed...       1.8043 seconds
                  ZADV completed...       0.2933 seconds
                 HDIFF completed...       0.2228 seconds
              DECOUPLE completed...       0.0439 seconds
                  PHOT completed...       0.1795 seconds
               CLDPROC completed...       0.2404 seconds
                  CHEM completed...       0.6467 seconds
                  AERO completed...       0.7992 seconds
            Master Time Step
            Processing completed...       5.2350 seconds

     Processing Day/Time [YYYYDDD:HHMMSS]: 2017357:051200
       Which is Equivalent to (UTC): 5:12:00  Saturday,  Dec. 23, 2017
       Time-Step Length (HHMMSS): 000400
                 VDIFF completed...       0.9145 seconds
                COUPLE completed...       0.0870 seconds
                  HADV completed...       1.8070 seconds
                  ZADV completed...       0.2961 seconds
                 HDIFF completed...       0.2200 seconds
              DECOUPLE completed...       0.0437 seconds
                  PHOT completed...       0.1795 seconds
               CLDPROC completed...       0.2409 seconds
                  CHEM completed...       0.6459 seconds
                  AERO completed...       0.7974 seconds
            Master Time Step
            Processing completed...       5.2333 seconds

     Processing Day/Time [YYYYDDD:HHMMSS]: 2017357:051600
       Which is Equivalent to (UTC): 5:16:00  Saturday,  Dec. 23, 2017
       Time-Step Length (HHMMSS): 000400
                 VDIFF completed...       0.9169 seconds
                COUPLE completed...       0.0899 seconds
                  HADV completed...       1.8051 seconds
                  ZADV completed...       0.2961 seconds
                 HDIFF completed...       0.2197 seconds
              DECOUPLE completed...       0.0437 seconds
                  PHOT completed...       0.1798 seconds
               CLDPROC completed...       0.2417 seconds
                  CHEM completed...       0.6455 seconds
                  AERO completed...       0.8003 seconds
            Master Time Step
            Processing completed...       5.2399 seconds

     Processing Day/Time [YYYYDDD:HHMMSS]: 2017357:052000
       Which is Equivalent to (UTC): 5:20:00  Saturday,  Dec. 23, 2017
       Time-Step Length (HHMMSS): 000400
                 VDIFF completed...       0.9114 seconds
                COUPLE completed...       0.0893 seconds
                  HADV completed...       1.8093 seconds
                  ZADV completed...       0.2967 seconds
                 HDIFF completed...       0.2177 seconds
              DECOUPLE completed...       0.0437 seconds
                  PHOT completed...       0.1787 seconds
               CLDPROC completed...       0.2417 seconds
                  CHEM completed...       0.6444 seconds
                  AERO completed...       0.7964 seconds
            Master Time Step
            Processing completed...       5.2333 seconds

     Processing Day/Time [YYYYDDD:HHMMSS]: 2017357:052400
       Which is Equivalent to (UTC): 5:24:00  Saturday,  Dec. 23, 2017
       Time-Step Length (HHMMSS): 000400
                 VDIFF completed...       0.9145 seconds
                COUPLE completed...       0.0897 seconds
                  HADV completed...       1.8081 seconds
                  ZADV completed...       0.2952 seconds
                 HDIFF completed...       0.2203 seconds
              DECOUPLE completed...       0.0437 seconds
                  PHOT completed...       0.1786 seconds
               CLDPROC completed...       0.2411 seconds
                  CHEM completed...       0.6453 seconds
                  AERO completed...       0.7983 seconds
            Master Time Step
            Processing completed...       5.2398 seconds

     Processing Day/Time [YYYYDDD:HHMMSS]: 2017357:052800
       Which is Equivalent to (UTC): 5:28:00  Saturday,  Dec. 23, 2017
       Time-Step Length (HHMMSS): 000400
                 VDIFF completed...       0.9108 seconds
                COUPLE completed...       0.0895 seconds
                  HADV completed...       1.8068 seconds
                  ZADV completed...       0.2953 seconds
                 HDIFF completed...       0.2192 seconds
              DECOUPLE completed...       0.0434 seconds
                  PHOT completed...       0.1791 seconds
               CLDPROC completed...       0.2415 seconds
                  CHEM completed...       0.6450 seconds
                  AERO completed...       0.7960 seconds
            Master Time Step
            Processing completed...       5.2319 seconds

     Processing Day/Time [YYYYDDD:HHMMSS]: 2017357:053200
       Which is Equivalent to (UTC): 5:32:00  Saturday,  Dec. 23, 2017
       Time-Step Length (HHMMSS): 000400
                 VDIFF completed...       0.9157 seconds
                COUPLE completed...       0.0872 seconds
                  HADV completed...       1.8066 seconds
                  ZADV completed...       0.2949 seconds
                 HDIFF completed...       0.2205 seconds
              DECOUPLE completed...       0.0439 seconds
                  PHOT completed...       0.1793 seconds
               CLDPROC completed...       0.2411 seconds
                  CHEM completed...       0.6442 seconds
                  AERO completed...       0.7980 seconds
            Master Time Step
            Processing completed...       5.2364 seconds

     Processing Day/Time [YYYYDDD:HHMMSS]: 2017357:053600
       Which is Equivalent to (UTC): 5:36:00  Saturday,  Dec. 23, 2017
       Time-Step Length (HHMMSS): 000400
                 VDIFF completed...       0.9100 seconds
                COUPLE completed...       0.0892 seconds
                  HADV completed...       1.8094 seconds
                  ZADV completed...       0.3064 seconds
                 HDIFF completed...       0.2093 seconds
              DECOUPLE completed...       0.0436 seconds
                  PHOT completed...       0.1796 seconds
               CLDPROC completed...       0.2418 seconds
                  CHEM completed...       0.6432 seconds
                  AERO completed...       0.7996 seconds
            Master Time Step
            Processing completed...       5.2337 seconds

     Processing Day/Time [YYYYDDD:HHMMSS]: 2017357:054000
       Which is Equivalent to (UTC): 5:40:00  Saturday,  Dec. 23, 2017
       Time-Step Length (HHMMSS): 000400
                 VDIFF completed...       0.9114 seconds
                COUPLE completed...       0.0886 seconds
                  HADV completed...       1.8008 seconds
                  ZADV completed...       0.2978 seconds
                 HDIFF completed...       0.2178 seconds
              DECOUPLE completed...       0.0443 seconds
                  PHOT completed...       0.1782 seconds
               CLDPROC completed...       0.2410 seconds
                  CHEM completed...       0.6440 seconds
                  AERO completed...       0.7977 seconds
            Master Time Step
            Processing completed...       5.2268 seconds

     Processing Day/Time [YYYYDDD:HHMMSS]: 2017357:054400
       Which is Equivalent to (UTC): 5:44:00  Saturday,  Dec. 23, 2017
       Time-Step Length (HHMMSS): 000400
                 VDIFF completed...       0.9131 seconds
                COUPLE completed...       0.0879 seconds
                  HADV completed...       1.7954 seconds
                  ZADV completed...       0.2962 seconds
                 HDIFF completed...       0.3455 seconds
              DECOUPLE completed...       0.0439 seconds
                  PHOT completed...       0.1788 seconds
               CLDPROC completed...       0.2409 seconds
                  CHEM completed...       0.6442 seconds
                  AERO completed...       0.7982 seconds
            Master Time Step
            Processing completed...       5.3493 seconds

     Processing Day/Time [YYYYDDD:HHMMSS]: 2017357:054800
       Which is Equivalent to (UTC): 5:48:00  Saturday,  Dec. 23, 2017
       Time-Step Length (HHMMSS): 000400
                 VDIFF completed...       0.9128 seconds
                COUPLE completed...       0.0901 seconds
                  HADV completed...       1.7823 seconds
                  ZADV completed...       0.2949 seconds
                 HDIFF completed...       0.2208 seconds
              DECOUPLE completed...       0.0439 seconds
                  PHOT completed...       0.1782 seconds
               CLDPROC completed...       0.2410 seconds
                  CHEM completed...       0.6433 seconds
                  AERO completed...       0.7991 seconds
            Master Time Step
            Processing completed...       5.2114 seconds

     Processing Day/Time [YYYYDDD:HHMMSS]: 2017357:055200
       Which is Equivalent to (UTC): 5:52:00  Saturday,  Dec. 23, 2017
       Time-Step Length (HHMMSS): 000400
                 VDIFF completed...       0.9144 seconds
                COUPLE completed...       0.0920 seconds
                  HADV completed...       1.7727 seconds
                  ZADV completed...       0.2961 seconds
                 HDIFF completed...       0.2192 seconds
              DECOUPLE completed...       0.0437 seconds
                  PHOT completed...       0.1787 seconds
               CLDPROC completed...       0.2415 seconds
                  CHEM completed...       0.6433 seconds
                  AERO completed...       0.7993 seconds
            Master Time Step
            Processing completed...       5.2048 seconds

     Processing Day/Time [YYYYDDD:HHMMSS]: 2017357:055600
       Which is Equivalent to (UTC): 5:56:00  Saturday,  Dec. 23, 2017
       Time-Step Length (HHMMSS): 000400
                 VDIFF completed...       2.5594 seconds
                COUPLE completed...       0.1705 seconds
                  HADV completed...       1.0330 seconds
                  ZADV completed...       0.2989 seconds
                 HDIFF completed...       0.2160 seconds
              DECOUPLE completed...       0.0436 seconds
                  PHOT completed...       0.1793 seconds
               CLDPROC completed...       2.0150 seconds
                  CHEM completed...       0.6286 seconds
                  AERO completed...       0.8387 seconds
            Master Time Step
            Processing completed...       7.9889 seconds

      =--> Data Output completed...       1.1562 seconds

     Processing Day/Time [YYYYDDD:HHMMSS]: 2017357:060000
       Which is Equivalent to (UTC): 6:00:00  Saturday,  Dec. 23, 2017
       Time-Step Length (HHMMSS): 000400
                 VDIFF completed...       5.5949 seconds
                COUPLE completed...       0.1389 seconds
                  HADV completed...       2.1017 seconds
                  ZADV completed...       0.2952 seconds
                 HDIFF completed...       0.2202 seconds
              DECOUPLE completed...       0.0448 seconds
                  PHOT completed...       1.2982 seconds
               CLDPROC completed...       0.2451 seconds
                  CHEM completed...       0.6456 seconds
                  AERO completed...       0.8014 seconds
            Master Time Step
            Processing completed...      11.3888 seconds

     Processing Day/Time [YYYYDDD:HHMMSS]: 2017357:060400
       Which is Equivalent to (UTC): 6:04:00  Saturday,  Dec. 23, 2017
       Time-Step Length (HHMMSS): 000400
                 VDIFF completed...       0.9160 seconds
                COUPLE completed...       0.0843 seconds
                  HADV completed...       1.8022 seconds
                  ZADV completed...       0.2999 seconds
                 HDIFF completed...       0.2156 seconds
              DECOUPLE completed...       0.0446 seconds
                  PHOT completed...       0.1789 seconds
               CLDPROC completed...       0.2414 seconds
                  CHEM completed...       0.6414 seconds
                  AERO completed...       0.8034 seconds
            Master Time Step
            Processing completed...       5.2313 seconds

     Processing Day/Time [YYYYDDD:HHMMSS]: 2017357:060800
       Which is Equivalent to (UTC): 6:08:00  Saturday,  Dec. 23, 2017
       Time-Step Length (HHMMSS): 000400
                 VDIFF completed...       0.9062 seconds
                COUPLE completed...       0.0882 seconds
                  HADV completed...       1.7961 seconds
                  ZADV completed...       0.2986 seconds
                 HDIFF completed...       0.2226 seconds
              DECOUPLE completed...       0.0496 seconds
                  PHOT completed...       0.1728 seconds
               CLDPROC completed...       0.2373 seconds
                  CHEM completed...       0.6408 seconds
                  AERO completed...       0.8013 seconds
            Master Time Step
            Processing completed...       5.2149 seconds

     Processing Day/Time [YYYYDDD:HHMMSS]: 2017357:061200
       Which is Equivalent to (UTC): 6:12:00  Saturday,  Dec. 23, 2017
       Time-Step Length (HHMMSS): 000400
                 VDIFF completed...       0.9013 seconds
                COUPLE completed...       0.0827 seconds
                  HADV completed...       1.8072 seconds
                  ZADV completed...       0.2969 seconds
                 HDIFF completed...       0.2422 seconds
              DECOUPLE completed...       0.0440 seconds
                  PHOT completed...       0.1808 seconds
               CLDPROC completed...       0.2435 seconds
                  CHEM completed...       0.6396 seconds
                  AERO completed...       0.8028 seconds
            Master Time Step
            Processing completed...       5.2424 seconds

     Processing Day/Time [YYYYDDD:HHMMSS]: 2017357:061600
       Which is Equivalent to (UTC): 6:16:00  Saturday,  Dec. 23, 2017
       Time-Step Length (HHMMSS): 000400
                 VDIFF completed...       0.8999 seconds
                COUPLE completed...       0.0853 seconds
                  HADV completed...       1.7970 seconds
                  ZADV completed...       0.2986 seconds
                 HDIFF completed...       0.2164 seconds
              DECOUPLE completed...       0.0437 seconds
                  PHOT completed...       0.1800 seconds
               CLDPROC completed...       0.2438 seconds
                  CHEM completed...       0.6377 seconds
                  AERO completed...       0.8024 seconds
            Master Time Step
            Processing completed...       5.2062 seconds

     Processing Day/Time [YYYYDDD:HHMMSS]: 2017357:062000
       Which is Equivalent to (UTC): 6:20:00  Saturday,  Dec. 23, 2017
       Time-Step Length (HHMMSS): 000400
                 VDIFF completed...       0.9050 seconds
                COUPLE completed...       0.0836 seconds
                  HADV completed...       1.9830 seconds
                  ZADV completed...       0.2999 seconds
                 HDIFF completed...       0.2145 seconds
              DECOUPLE completed...       0.0443 seconds
                  PHOT completed...       0.1785 seconds
               CLDPROC completed...       0.2432 seconds
                  CHEM completed...       0.6382 seconds
                  AERO completed...       0.8010 seconds
            Master Time Step
            Processing completed...       5.3959 seconds

     Processing Day/Time [YYYYDDD:HHMMSS]: 2017357:062400
       Which is Equivalent to (UTC): 6:24:00  Saturday,  Dec. 23, 2017
       Time-Step Length (HHMMSS): 000400
                 VDIFF completed...       0.9077 seconds
                COUPLE completed...       0.0897 seconds
                  HADV completed...       1.7949 seconds
                  ZADV completed...       0.2986 seconds
                 HDIFF completed...       0.2161 seconds
              DECOUPLE completed...       0.0453 seconds
                  PHOT completed...       0.1772 seconds
               CLDPROC completed...       0.2430 seconds
                  CHEM completed...       0.6379 seconds
                  AERO completed...       0.7980 seconds
            Master Time Step
            Processing completed...       5.2131 seconds

     Processing Day/Time [YYYYDDD:HHMMSS]: 2017357:062800
       Which is Equivalent to (UTC): 6:28:00  Saturday,  Dec. 23, 2017
       Time-Step Length (HHMMSS): 000400
                 VDIFF completed...       0.9157 seconds
                COUPLE completed...       0.0895 seconds
                  HADV completed...       1.7780 seconds
                  ZADV completed...       0.3005 seconds
                 HDIFF completed...       0.2140 seconds
              DECOUPLE completed...       0.0444 seconds
                  PHOT completed...       0.1783 seconds
               CLDPROC completed...       0.2429 seconds
                  CHEM completed...       0.6374 seconds
                  AERO completed...       0.8013 seconds
            Master Time Step
            Processing completed...       5.2072 seconds

     Processing Day/Time [YYYYDDD:HHMMSS]: 2017357:063200
       Which is Equivalent to (UTC): 6:32:00  Saturday,  Dec. 23, 2017
       Time-Step Length (HHMMSS): 000400
                 VDIFF completed...       0.9125 seconds
                COUPLE completed...       0.0882 seconds
                  HADV completed...       1.7773 seconds
                  ZADV completed...       0.3021 seconds
                 HDIFF completed...       0.2119 seconds
              DECOUPLE completed...       0.0455 seconds
                  PHOT completed...       0.1774 seconds
               CLDPROC completed...       0.2427 seconds
                  CHEM completed...       0.6371 seconds
                  AERO completed...       0.8040 seconds
            Master Time Step
            Processing completed...       5.2040 seconds

     Processing Day/Time [YYYYDDD:HHMMSS]: 2017357:063600
       Which is Equivalent to (UTC): 6:36:00  Saturday,  Dec. 23, 2017
       Time-Step Length (HHMMSS): 000400
                 VDIFF completed...       0.9075 seconds
                COUPLE completed...       0.0854 seconds
                  HADV completed...       1.7891 seconds
                  ZADV completed...       0.3006 seconds
                 HDIFF completed...       0.2138 seconds
              DECOUPLE completed...       0.0453 seconds
                  PHOT completed...       0.1774 seconds
               CLDPROC completed...       0.2427 seconds
                  CHEM completed...       0.6367 seconds
                  AERO completed...       0.8040 seconds
            Master Time Step
            Processing completed...       5.2078 seconds

     Processing Day/Time [YYYYDDD:HHMMSS]: 2017357:064000
       Which is Equivalent to (UTC): 6:40:00  Saturday,  Dec. 23, 2017
       Time-Step Length (HHMMSS): 000400
                 VDIFF completed...       0.9105 seconds
                COUPLE completed...       0.0872 seconds
                  HADV completed...       1.7789 seconds
                  ZADV completed...       0.3011 seconds
                 HDIFF completed...       0.2137 seconds
              DECOUPLE completed...       0.0449 seconds
                  PHOT completed...       0.1779 seconds
               CLDPROC completed...       0.2423 seconds
                  CHEM completed...       0.6356 seconds
                  AERO completed...       0.8057 seconds
            Master Time Step
            Processing completed...       5.2032 seconds

     Processing Day/Time [YYYYDDD:HHMMSS]: 2017357:064400
       Which is Equivalent to (UTC): 6:44:00  Saturday,  Dec. 23, 2017
       Time-Step Length (HHMMSS): 000400
                 VDIFF completed...       0.9110 seconds
                COUPLE completed...       0.0894 seconds
                  HADV completed...       1.7759 seconds
                  ZADV completed...       0.3021 seconds
                 HDIFF completed...       0.2124 seconds
              DECOUPLE completed...       0.0443 seconds
                  PHOT completed...       0.1782 seconds
               CLDPROC completed...       0.2430 seconds
                  CHEM completed...       0.6371 seconds
                  AERO completed...       0.8066 seconds
            Master Time Step
            Processing completed...       5.2053 seconds

     Processing Day/Time [YYYYDDD:HHMMSS]: 2017357:064800
       Which is Equivalent to (UTC): 6:48:00  Saturday,  Dec. 23, 2017
       Time-Step Length (HHMMSS): 000400
                 VDIFF completed...       0.8997 seconds
                COUPLE completed...       0.0868 seconds
                  HADV completed...       1.7714 seconds
                  ZADV completed...       0.3013 seconds
                 HDIFF completed...       0.2132 seconds
              DECOUPLE completed...       0.0444 seconds
                  PHOT completed...       0.1782 seconds
               CLDPROC completed...       0.2427 seconds
                  CHEM completed...       0.6389 seconds
                  AERO completed...       0.8061 seconds
            Master Time Step
            Processing completed...       5.1878 seconds

     Processing Day/Time [YYYYDDD:HHMMSS]: 2017357:065200
       Which is Equivalent to (UTC): 6:52:00  Saturday,  Dec. 23, 2017
       Time-Step Length (HHMMSS): 000400
                 VDIFF completed...       0.9147 seconds
                COUPLE completed...       0.0887 seconds
                  HADV completed...       1.7524 seconds
                  ZADV completed...       0.3003 seconds
                 HDIFF completed...       0.2153 seconds
              DECOUPLE completed...       0.0447 seconds
                  PHOT completed...       0.1795 seconds
               CLDPROC completed...       0.2426 seconds
                  CHEM completed...       0.6387 seconds
                  AERO completed...       0.8063 seconds
            Master Time Step
            Processing completed...       5.1858 seconds

     Processing Day/Time [YYYYDDD:HHMMSS]: 2017357:065600
       Which is Equivalent to (UTC): 6:56:00  Saturday,  Dec. 23, 2017
       Time-Step Length (HHMMSS): 000400
                 VDIFF completed...       2.5496 seconds
                COUPLE completed...       0.1714 seconds
                  HADV completed...       1.1629 seconds
                  ZADV completed...       0.3009 seconds
                 HDIFF completed...       0.2150 seconds
              DECOUPLE completed...       0.0446 seconds
                  PHOT completed...       0.1794 seconds
               CLDPROC completed...       1.4508 seconds
                  CHEM completed...       0.6260 seconds
                  AERO completed...       0.8446 seconds
            Master Time Step
            Processing completed...       7.5465 seconds

      =--> Data Output completed...       1.1443 seconds

     Processing Day/Time [YYYYDDD:HHMMSS]: 2017357:070000
       Which is Equivalent to (UTC): 7:00:00  Saturday,  Dec. 23, 2017
       Time-Step Length (HHMMSS): 000500
                 VDIFF completed...       5.4824 seconds
                COUPLE completed...       0.1405 seconds
                  HADV completed...       2.5162 seconds
                  ZADV completed...       0.2930 seconds
                 HDIFF completed...       0.2353 seconds
              DECOUPLE completed...       0.0447 seconds
                  PHOT completed...       1.4154 seconds
               CLDPROC completed...       0.2453 seconds
                  CHEM completed...       0.6492 seconds
                  AERO completed...       0.8268 seconds
            Master Time Step
            Processing completed...      11.8514 seconds

     Processing Day/Time [YYYYDDD:HHMMSS]: 2017357:070500
       Which is Equivalent to (UTC): 7:05:00  Saturday,  Dec. 23, 2017
       Time-Step Length (HHMMSS): 000500
                 VDIFF completed...       0.8935 seconds
                COUPLE completed...       0.0763 seconds
                  HADV completed...       2.1975 seconds
                  ZADV completed...       0.2955 seconds
                 HDIFF completed...       0.2202 seconds
              DECOUPLE completed...       0.0442 seconds
                  PHOT completed...       0.1799 seconds
               CLDPROC completed...       0.2442 seconds
                  CHEM completed...       0.6493 seconds
                  AERO completed...       0.8230 seconds
            Master Time Step
            Processing completed...       5.6269 seconds

     Processing Day/Time [YYYYDDD:HHMMSS]: 2017357:071000
       Which is Equivalent to (UTC): 7:10:00  Saturday,  Dec. 23, 2017
       Time-Step Length (HHMMSS): 000500
                 VDIFF completed...       0.8830 seconds
                COUPLE completed...       0.0781 seconds
                  HADV completed...       2.2251 seconds
                  ZADV completed...       0.2993 seconds
                 HDIFF completed...       0.2167 seconds
              DECOUPLE completed...       0.0441 seconds
                  PHOT completed...       0.1788 seconds
               CLDPROC completed...       0.2443 seconds
                  CHEM completed...       0.6487 seconds
                  AERO completed...       0.8246 seconds
            Master Time Step
            Processing completed...       5.6477 seconds

     Processing Day/Time [YYYYDDD:HHMMSS]: 2017357:071500
       Which is Equivalent to (UTC): 7:15:00  Saturday,  Dec. 23, 2017
       Time-Step Length (HHMMSS): 000500
                 VDIFF completed...       0.8867 seconds
                COUPLE completed...       0.0772 seconds
                  HADV completed...       2.2357 seconds
                  ZADV completed...       0.2989 seconds
                 HDIFF completed...       0.2167 seconds
              DECOUPLE completed...       0.0441 seconds
                  PHOT completed...       0.1792 seconds
               CLDPROC completed...       0.2451 seconds
                  CHEM completed...       0.6476 seconds
                  AERO completed...       0.8250 seconds
            Master Time Step
            Processing completed...       5.6611 seconds

     Processing Day/Time [YYYYDDD:HHMMSS]: 2017357:072000
       Which is Equivalent to (UTC): 7:20:00  Saturday,  Dec. 23, 2017
       Time-Step Length (HHMMSS): 000500
                 VDIFF completed...       0.8779 seconds
                COUPLE completed...       0.0814 seconds
                  HADV completed...       2.2493 seconds
                  ZADV completed...       0.2966 seconds
                 HDIFF completed...       0.2207 seconds
              DECOUPLE completed...       0.0449 seconds
                  PHOT completed...       0.1783 seconds
               CLDPROC completed...       0.2448 seconds
                  CHEM completed...       0.6468 seconds
                  AERO completed...       0.8245 seconds
            Master Time Step
            Processing completed...       5.6691 seconds

     Processing Day/Time [YYYYDDD:HHMMSS]: 2017357:072500
       Which is Equivalent to (UTC): 7:25:00  Saturday,  Dec. 23, 2017
       Time-Step Length (HHMMSS): 000500
                 VDIFF completed...       0.8900 seconds
                COUPLE completed...       0.0798 seconds
                  HADV completed...       2.2535 seconds
                  ZADV completed...       0.2943 seconds
                 HDIFF completed...       0.2218 seconds
              DECOUPLE completed...       0.0442 seconds
                  PHOT completed...       0.1788 seconds
               CLDPROC completed...       0.2457 seconds
                  CHEM completed...       0.6470 seconds
                  AERO completed...       0.8214 seconds
            Master Time Step
            Processing completed...       5.6813 seconds

     Processing Day/Time [YYYYDDD:HHMMSS]: 2017357:073000
       Which is Equivalent to (UTC): 7:30:00  Saturday,  Dec. 23, 2017
       Time-Step Length (HHMMSS): 000500
                 VDIFF completed...       0.8880 seconds
                COUPLE completed...       0.0805 seconds
                  HADV completed...       2.2612 seconds
                  ZADV completed...       0.2958 seconds
                 HDIFF completed...       0.2205 seconds
              DECOUPLE completed...       0.0451 seconds
                  PHOT completed...       0.1783 seconds
               CLDPROC completed...       0.2454 seconds
                  CHEM completed...       0.6461 seconds
                  AERO completed...       0.8237 seconds
            Master Time Step
            Processing completed...       5.6894 seconds

     Processing Day/Time [YYYYDDD:HHMMSS]: 2017357:073500
       Which is Equivalent to (UTC): 7:35:00  Saturday,  Dec. 23, 2017
       Time-Step Length (HHMMSS): 000500
                 VDIFF completed...       0.8912 seconds
                COUPLE completed...       0.0796 seconds
                  HADV completed...       2.2678 seconds
                  ZADV completed...       0.2982 seconds
                 HDIFF completed...       0.2177 seconds
              DECOUPLE completed...       0.0438 seconds
                  PHOT completed...       0.1792 seconds
               CLDPROC completed...       0.2461 seconds
                  CHEM completed...       0.6464 seconds
                  AERO completed...       0.8261 seconds
            Master Time Step
            Processing completed...       5.7009 seconds

     Processing Day/Time [YYYYDDD:HHMMSS]: 2017357:074000
       Which is Equivalent to (UTC): 7:40:00  Saturday,  Dec. 23, 2017
       Time-Step Length (HHMMSS): 000500
                 VDIFF completed...       0.8980 seconds
                COUPLE completed...       0.0803 seconds
                  HADV completed...       2.2571 seconds
                  ZADV completed...       0.2998 seconds
                 HDIFF completed...       0.2162 seconds
              DECOUPLE completed...       0.0437 seconds
                  PHOT completed...       0.1787 seconds
               CLDPROC completed...       0.2466 seconds
                  CHEM completed...       0.6470 seconds
                  AERO completed...       0.8230 seconds
            Master Time Step
            Processing completed...       5.6951 seconds

     Processing Day/Time [YYYYDDD:HHMMSS]: 2017357:074500
       Which is Equivalent to (UTC): 7:45:00  Saturday,  Dec. 23, 2017
       Time-Step Length (HHMMSS): 000500
                 VDIFF completed...       0.9057 seconds
                COUPLE completed...       0.0767 seconds
                  HADV completed...       2.3973 seconds
                  ZADV completed...       0.2977 seconds
                 HDIFF completed...       0.2185 seconds
              DECOUPLE completed...       0.0441 seconds
                  PHOT completed...       0.1787 seconds
               CLDPROC completed...       0.2446 seconds
                  CHEM completed...       0.6473 seconds
                  AERO completed...       0.8235 seconds
            Master Time Step
            Processing completed...       5.8385 seconds

     Processing Day/Time [YYYYDDD:HHMMSS]: 2017357:075000
       Which is Equivalent to (UTC): 7:50:00  Saturday,  Dec. 23, 2017
       Time-Step Length (HHMMSS): 000500
                 VDIFF completed...       0.9060 seconds
                COUPLE completed...       0.0734 seconds
                  HADV completed...       2.2739 seconds
                  ZADV completed...       0.2970 seconds
                 HDIFF completed...       0.2207 seconds
              DECOUPLE completed...       0.0440 seconds
                  PHOT completed...       0.1797 seconds
               CLDPROC completed...       0.2454 seconds
                  CHEM completed...       0.6465 seconds
                  AERO completed...       0.8238 seconds
            Master Time Step
            Processing completed...       5.7115 seconds

     Processing Day/Time [YYYYDDD:HHMMSS]: 2017357:075500
       Which is Equivalent to (UTC): 7:55:00  Saturday,  Dec. 23, 2017
       Time-Step Length (HHMMSS): 000500
                 VDIFF completed...       2.9622 seconds
                COUPLE completed...       0.1710 seconds
                  HADV completed...       1.4921 seconds
                  ZADV completed...       0.2972 seconds
                 HDIFF completed...       0.2192 seconds
              DECOUPLE completed...       0.0440 seconds
                  PHOT completed...       0.1782 seconds
               CLDPROC completed...       1.5473 seconds
                  CHEM completed...       0.6233 seconds
                  AERO completed...       0.8722 seconds
            Master Time Step
            Processing completed...       8.4131 seconds

      =--> Data Output completed...       1.1466 seconds

     Processing Day/Time [YYYYDDD:HHMMSS]: 2017357:080000
       Which is Equivalent to (UTC): 8:00:00  Saturday,  Dec. 23, 2017
       Time-Step Length (HHMMSS): 000500
                 VDIFF completed...       5.8486 seconds
                COUPLE completed...       0.1407 seconds
                  HADV completed...       3.2192 seconds
                  ZADV completed...       0.2957 seconds
                 HDIFF completed...       0.2200 seconds
              DECOUPLE completed...       0.0435 seconds
                  PHOT completed...       1.3632 seconds
               CLDPROC completed...       0.2487 seconds
                  CHEM completed...       0.6630 seconds
                  AERO completed...       0.8305 seconds
            Master Time Step
            Processing completed...      12.8771 seconds

     Processing Day/Time [YYYYDDD:HHMMSS]: 2017357:080500
       Which is Equivalent to (UTC): 8:05:00  Saturday,  Dec. 23, 2017
       Time-Step Length (HHMMSS): 000500
                 VDIFF completed...       0.9174 seconds
                COUPLE completed...       0.0818 seconds
                  HADV completed...       2.2781 seconds
                  ZADV completed...       0.3003 seconds
                 HDIFF completed...       0.2183 seconds
              DECOUPLE completed...       0.0450 seconds
                  PHOT completed...       0.1790 seconds
               CLDPROC completed...       0.2436 seconds
                  CHEM completed...       0.6455 seconds
                  AERO completed...       0.8318 seconds
            Master Time Step
            Processing completed...       5.7419 seconds

     Processing Day/Time [YYYYDDD:HHMMSS]: 2017357:081000
       Which is Equivalent to (UTC): 8:10:00  Saturday,  Dec. 23, 2017
       Time-Step Length (HHMMSS): 000500
                 VDIFF completed...       0.9034 seconds
                COUPLE completed...       0.0815 seconds
                  HADV completed...       2.2991 seconds
                  ZADV completed...       0.2963 seconds
                 HDIFF completed...       0.2217 seconds
              DECOUPLE completed...       0.0448 seconds
                  PHOT completed...       0.1785 seconds
               CLDPROC completed...       0.2444 seconds
                  CHEM completed...       0.6450 seconds
                  AERO completed...       0.8313 seconds
            Master Time Step
            Processing completed...       5.7474 seconds

     Processing Day/Time [YYYYDDD:HHMMSS]: 2017357:081500
       Which is Equivalent to (UTC): 8:15:00  Saturday,  Dec. 23, 2017
       Time-Step Length (HHMMSS): 000500
                 VDIFF completed...       0.9143 seconds
                COUPLE completed...       0.0900 seconds
                  HADV completed...       2.2882 seconds
                  ZADV completed...       0.3005 seconds
                 HDIFF completed...       0.2167 seconds
              DECOUPLE completed...       0.0444 seconds
                  PHOT completed...       0.1790 seconds
               CLDPROC completed...       0.2434 seconds
                  CHEM completed...       0.6433 seconds
                  AERO completed...       0.8295 seconds
            Master Time Step
            Processing completed...       5.7539 seconds

     Processing Day/Time [YYYYDDD:HHMMSS]: 2017357:082000
       Which is Equivalent to (UTC): 8:20:00  Saturday,  Dec. 23, 2017
       Time-Step Length (HHMMSS): 000500
                 VDIFF completed...       0.9093 seconds
                COUPLE completed...       0.0900 seconds
                  HADV completed...       2.2991 seconds
                  ZADV completed...       0.3014 seconds
                 HDIFF completed...       0.2152 seconds
              DECOUPLE completed...       0.0450 seconds
                  PHOT completed...       0.1783 seconds
               CLDPROC completed...       0.2436 seconds
                  CHEM completed...       0.6448 seconds
                  AERO completed...       0.8287 seconds
            Master Time Step
            Processing completed...       5.7606 seconds

     Processing Day/Time [YYYYDDD:HHMMSS]: 2017357:082500
       Which is Equivalent to (UTC): 8:25:00  Saturday,  Dec. 23, 2017
       Time-Step Length (HHMMSS): 000500
                 VDIFF completed...       0.8999 seconds
                COUPLE completed...       0.0923 seconds
                  HADV completed...       2.3050 seconds
                  ZADV completed...       0.2992 seconds
                 HDIFF completed...       0.2182 seconds
              DECOUPLE completed...       0.0449 seconds
                  PHOT completed...       0.1777 seconds
               CLDPROC completed...       0.2446 seconds
                  CHEM completed...       0.6436 seconds
                  AERO completed...       0.8317 seconds
            Master Time Step
            Processing completed...       5.7617 seconds

     Processing Day/Time [YYYYDDD:HHMMSS]: 2017357:083000
       Which is Equivalent to (UTC): 8:30:00  Saturday,  Dec. 23, 2017
       Time-Step Length (HHMMSS): 000500
                 VDIFF completed...       0.9042 seconds
                COUPLE completed...       0.0887 seconds
                  HADV completed...       2.3045 seconds
                  ZADV completed...       0.3019 seconds
                 HDIFF completed...       0.2155 seconds
              DECOUPLE completed...       0.0449 seconds
                  PHOT completed...       0.1791 seconds
               CLDPROC completed...       0.2438 seconds
                  CHEM completed...       0.6439 seconds
                  AERO completed...       0.8315 seconds
            Master Time Step
            Processing completed...       5.7613 seconds

     Processing Day/Time [YYYYDDD:HHMMSS]: 2017357:083500
       Which is Equivalent to (UTC): 8:35:00  Saturday,  Dec. 23, 2017
       Time-Step Length (HHMMSS): 000500
                 VDIFF completed...       0.9052 seconds
                COUPLE completed...       0.0903 seconds
                  HADV completed...       2.2997 seconds
                  ZADV completed...       0.3005 seconds
                 HDIFF completed...       0.2165 seconds
              DECOUPLE completed...       0.0444 seconds
                  PHOT completed...       0.1788 seconds
               CLDPROC completed...       0.2442 seconds
                  CHEM completed...       0.6437 seconds
                  AERO completed...       0.8329 seconds
            Master Time Step
            Processing completed...       5.7614 seconds

     Processing Day/Time [YYYYDDD:HHMMSS]: 2017357:084000
       Which is Equivalent to (UTC): 8:40:00  Saturday,  Dec. 23, 2017
       Time-Step Length (HHMMSS): 000500
                 VDIFF completed...       0.9024 seconds
                COUPLE completed...       0.0906 seconds
                  HADV completed...       2.3044 seconds
                  ZADV completed...       0.3001 seconds
                 HDIFF completed...       0.2171 seconds
              DECOUPLE completed...       0.0456 seconds
                  PHOT completed...       0.1777 seconds
               CLDPROC completed...       0.2435 seconds
                  CHEM completed...       0.6443 seconds
                  AERO completed...       0.8324 seconds
            Master Time Step
            Processing completed...       5.7632 seconds

     Processing Day/Time [YYYYDDD:HHMMSS]: 2017357:084500
       Which is Equivalent to (UTC): 8:45:00  Saturday,  Dec. 23, 2017
       Time-Step Length (HHMMSS): 000500
                 VDIFF completed...       0.9231 seconds
                COUPLE completed...       0.0943 seconds
                  HADV completed...       2.2875 seconds
                  ZADV completed...       0.3006 seconds
                 HDIFF completed...       0.2169 seconds
              DECOUPLE completed...       0.0446 seconds
                  PHOT completed...       0.1785 seconds
               CLDPROC completed...       0.2440 seconds
                  CHEM completed...       0.6454 seconds
                  AERO completed...       0.8337 seconds
            Master Time Step
            Processing completed...       5.7739 seconds

     Processing Day/Time [YYYYDDD:HHMMSS]: 2017357:085000
       Which is Equivalent to (UTC): 8:50:00  Saturday,  Dec. 23, 2017
       Time-Step Length (HHMMSS): 000500
                 VDIFF completed...       0.9255 seconds
                COUPLE completed...       0.0920 seconds
                  HADV completed...       2.2855 seconds
                  ZADV completed...       0.2994 seconds
                 HDIFF completed...       0.2178 seconds
              DECOUPLE completed...       0.0461 seconds
                  PHOT completed...       0.1773 seconds
               CLDPROC completed...       0.2438 seconds
                  CHEM completed...       0.6451 seconds
                  AERO completed...       0.8391 seconds
            Master Time Step
            Processing completed...       5.7767 seconds

     Processing Day/Time [YYYYDDD:HHMMSS]: 2017357:085500
       Which is Equivalent to (UTC): 8:55:00  Saturday,  Dec. 23, 2017
       Time-Step Length (HHMMSS): 000500
                 VDIFF completed...       2.6868 seconds
                COUPLE completed...       0.1708 seconds
                  HADV completed...       1.5065 seconds
                  ZADV completed...       0.3154 seconds
                 HDIFF completed...       0.2015 seconds
              DECOUPLE completed...       0.0447 seconds
                  PHOT completed...       0.1789 seconds
               CLDPROC completed...       1.6724 seconds
                  CHEM completed...       0.6211 seconds
                  AERO completed...       0.8786 seconds
            Master Time Step
            Processing completed...       8.2823 seconds

      =--> Data Output completed...       1.1436 seconds

     Processing Day/Time [YYYYDDD:HHMMSS]: 2017357:090000
       Which is Equivalent to (UTC): 9:00:00  Saturday,  Dec. 23, 2017
       Time-Step Length (HHMMSS): 000400
                 VDIFF completed...       5.6232 seconds
                COUPLE completed...       0.1449 seconds
                  HADV completed...       2.2418 seconds
                  ZADV completed...       0.2982 seconds
                 HDIFF completed...       0.2502 seconds
              DECOUPLE completed...       0.1229 seconds
                  PHOT completed...       1.5961 seconds
               CLDPROC completed...       0.2499 seconds
                  CHEM completed...       0.6345 seconds
                  AERO completed...       0.8164 seconds
            Master Time Step
            Processing completed...      11.9817 seconds

     Processing Day/Time [YYYYDDD:HHMMSS]: 2017357:090400
       Which is Equivalent to (UTC): 9:04:00  Saturday,  Dec. 23, 2017
       Time-Step Length (HHMMSS): 000400
                 VDIFF completed...       0.9470 seconds
                COUPLE completed...       0.0928 seconds
                  HADV completed...       1.9367 seconds
                  ZADV completed...       0.3003 seconds
                 HDIFF completed...       0.2156 seconds
              DECOUPLE completed...       0.0448 seconds
                  PHOT completed...       0.1781 seconds
               CLDPROC completed...       0.2456 seconds
                  CHEM completed...       0.6362 seconds
                  AERO completed...       0.8164 seconds
            Master Time Step
            Processing completed...       5.4181 seconds

     Processing Day/Time [YYYYDDD:HHMMSS]: 2017357:090800
       Which is Equivalent to (UTC): 9:08:00  Saturday,  Dec. 23, 2017
       Time-Step Length (HHMMSS): 000400
                 VDIFF completed...       0.9369 seconds
                COUPLE completed...       0.0894 seconds
                  HADV completed...       1.9243 seconds
                  ZADV completed...       0.3030 seconds
                 HDIFF completed...       0.2121 seconds
              DECOUPLE completed...       0.0447 seconds
                  PHOT completed...       0.1788 seconds
               CLDPROC completed...       0.2454 seconds
                  CHEM completed...       0.6353 seconds
                  AERO completed...       0.8176 seconds
            Master Time Step
            Processing completed...       5.3926 seconds

     Processing Day/Time [YYYYDDD:HHMMSS]: 2017357:091200
       Which is Equivalent to (UTC): 9:12:00  Saturday,  Dec. 23, 2017
       Time-Step Length (HHMMSS): 000400
                 VDIFF completed...       0.9463 seconds
                COUPLE completed...       0.0841 seconds
                  HADV completed...       1.9204 seconds
                  ZADV completed...       0.3004 seconds
                 HDIFF completed...       0.2160 seconds
              DECOUPLE completed...       0.0445 seconds
                  PHOT completed...       0.1793 seconds
               CLDPROC completed...       0.2464 seconds
                  CHEM completed...       0.6359 seconds
                  AERO completed...       0.8196 seconds
            Master Time Step
            Processing completed...       5.3946 seconds

     Processing Day/Time [YYYYDDD:HHMMSS]: 2017357:091600
       Which is Equivalent to (UTC): 9:16:00  Saturday,  Dec. 23, 2017
       Time-Step Length (HHMMSS): 000400
                 VDIFF completed...       0.9335 seconds
                COUPLE completed...       0.0848 seconds
                  HADV completed...       1.9338 seconds
                  ZADV completed...       0.3008 seconds
                 HDIFF completed...       0.2152 seconds
              DECOUPLE completed...       0.0445 seconds
                  PHOT completed...       0.1795 seconds
               CLDPROC completed...       0.2452 seconds
                  CHEM completed...       0.6365 seconds
                  AERO completed...       0.8145 seconds
            Master Time Step
            Processing completed...       5.3894 seconds

     Processing Day/Time [YYYYDDD:HHMMSS]: 2017357:092000
       Which is Equivalent to (UTC): 9:20:00  Saturday,  Dec. 23, 2017
       Time-Step Length (HHMMSS): 000400
                 VDIFF completed...       0.9356 seconds
                COUPLE completed...       0.0879 seconds
                  HADV completed...       1.9254 seconds
                  ZADV completed...       0.2994 seconds
                 HDIFF completed...       0.2166 seconds
              DECOUPLE completed...       0.0447 seconds
                  PHOT completed...       0.1793 seconds
               CLDPROC completed...       0.2454 seconds
                  CHEM completed...       0.6367 seconds
                  AERO completed...       0.8181 seconds
            Master Time Step
            Processing completed...       5.3906 seconds

     Processing Day/Time [YYYYDDD:HHMMSS]: 2017357:092400
       Which is Equivalent to (UTC): 9:24:00  Saturday,  Dec. 23, 2017
       Time-Step Length (HHMMSS): 000400
                 VDIFF completed...       0.9420 seconds
                COUPLE completed...       0.0886 seconds
                  HADV completed...       1.9181 seconds
                  ZADV completed...       0.3020 seconds
                 HDIFF completed...       0.2135 seconds
              DECOUPLE completed...       0.0447 seconds
                  PHOT completed...       0.1794 seconds
               CLDPROC completed...       0.2462 seconds
                  CHEM completed...       0.6369 seconds
                  AERO completed...       0.8167 seconds
            Master Time Step
            Processing completed...       5.3892 seconds

     Processing Day/Time [YYYYDDD:HHMMSS]: 2017357:092800
       Which is Equivalent to (UTC): 9:28:00  Saturday,  Dec. 23, 2017
       Time-Step Length (HHMMSS): 000400
                 VDIFF completed...       0.9348 seconds
                COUPLE completed...       0.0917 seconds
                  HADV completed...       1.9192 seconds
                  ZADV completed...       0.3003 seconds
                 HDIFF completed...       0.2158 seconds
              DECOUPLE completed...       0.0443 seconds
                  PHOT completed...       0.1791 seconds
               CLDPROC completed...       0.2457 seconds
                  CHEM completed...       0.6357 seconds
                  AERO completed...       0.8164 seconds
            Master Time Step
            Processing completed...       5.3862 seconds

     Processing Day/Time [YYYYDDD:HHMMSS]: 2017357:093200
       Which is Equivalent to (UTC): 9:32:00  Saturday,  Dec. 23, 2017
       Time-Step Length (HHMMSS): 000400
                 VDIFF completed...       0.9372 seconds
                COUPLE completed...       0.0904 seconds
                  HADV completed...       1.9162 seconds
                  ZADV completed...       0.3010 seconds
                 HDIFF completed...       0.2140 seconds
              DECOUPLE completed...       0.0452 seconds
                  PHOT completed...       0.1780 seconds
               CLDPROC completed...       0.2457 seconds
                  CHEM completed...       0.6353 seconds
                  AERO completed...       0.8171 seconds
            Master Time Step
            Processing completed...       5.3848 seconds

     Processing Day/Time [YYYYDDD:HHMMSS]: 2017357:093600
       Which is Equivalent to (UTC): 9:36:00  Saturday,  Dec. 23, 2017
       Time-Step Length (HHMMSS): 000400
                 VDIFF completed...       0.9325 seconds
                COUPLE completed...       0.0917 seconds
                  HADV completed...       1.9202 seconds
                  ZADV completed...       0.3007 seconds
                 HDIFF completed...       0.2149 seconds
              DECOUPLE completed...       0.0448 seconds
                  PHOT completed...       0.1799 seconds
               CLDPROC completed...       0.2461 seconds
                  CHEM completed...       0.6350 seconds
                  AERO completed...       0.8193 seconds
            Master Time Step
            Processing completed...       5.3872 seconds

     Processing Day/Time [YYYYDDD:HHMMSS]: 2017357:094000
       Which is Equivalent to (UTC): 9:40:00  Saturday,  Dec. 23, 2017
       Time-Step Length (HHMMSS): 000400
                 VDIFF completed...       0.9251 seconds
                COUPLE completed...       0.0932 seconds
                  HADV completed...       1.9237 seconds
                  ZADV completed...       0.3041 seconds
                 HDIFF completed...       0.2108 seconds
              DECOUPLE completed...       0.0455 seconds
                  PHOT completed...       0.1777 seconds
               CLDPROC completed...       0.2456 seconds
                  CHEM completed...       0.6338 seconds
                  AERO completed...       0.8182 seconds
            Master Time Step
            Processing completed...       5.3830 seconds

     Processing Day/Time [YYYYDDD:HHMMSS]: 2017357:094400
       Which is Equivalent to (UTC): 9:44:00  Saturday,  Dec. 23, 2017
       Time-Step Length (HHMMSS): 000400
                 VDIFF completed...       0.9300 seconds
                COUPLE completed...       0.0900 seconds
                  HADV completed...       1.9230 seconds
                  ZADV completed...       0.3017 seconds
                 HDIFF completed...       0.2132 seconds
              DECOUPLE completed...       0.0445 seconds
                  PHOT completed...       0.1793 seconds
               CLDPROC completed...       0.2459 seconds
                  CHEM completed...       0.6329 seconds
                  AERO completed...       0.8195 seconds
            Master Time Step
            Processing completed...       5.3851 seconds

     Processing Day/Time [YYYYDDD:HHMMSS]: 2017357:094800
       Which is Equivalent to (UTC): 9:48:00  Saturday,  Dec. 23, 2017
       Time-Step Length (HHMMSS): 000400
                 VDIFF completed...       0.9424 seconds
                COUPLE completed...       0.0883 seconds
                  HADV completed...       1.9141 seconds
                  ZADV completed...       0.3008 seconds
                 HDIFF completed...       0.2141 seconds
              DECOUPLE completed...       0.0451 seconds
                  PHOT completed...       0.1778 seconds
               CLDPROC completed...       0.2463 seconds
                  CHEM completed...       0.6324 seconds
                  AERO completed...       0.8162 seconds
            Master Time Step
            Processing completed...       5.3831 seconds

     Processing Day/Time [YYYYDDD:HHMMSS]: 2017357:095200
       Which is Equivalent to (UTC): 9:52:00  Saturday,  Dec. 23, 2017
       Time-Step Length (HHMMSS): 000400
                 VDIFF completed...       0.9445 seconds
                COUPLE completed...       0.0878 seconds
                  HADV completed...       1.9104 seconds
                  ZADV completed...       0.2993 seconds
                 HDIFF completed...       0.2156 seconds
              DECOUPLE completed...       0.0441 seconds
                  PHOT completed...       0.1789 seconds
               CLDPROC completed...       0.2471 seconds
                  CHEM completed...       0.6340 seconds
                  AERO completed...       0.8209 seconds
            Master Time Step
            Processing completed...       5.3879 seconds

     Processing Day/Time [YYYYDDD:HHMMSS]: 2017357:095600
       Which is Equivalent to (UTC): 9:56:00  Saturday,  Dec. 23, 2017
       Time-Step Length (HHMMSS): 000400
                 VDIFF completed...       2.7070 seconds
                COUPLE completed...       0.1711 seconds
                  HADV completed...       1.1204 seconds
                  ZADV completed...       0.3008 seconds
                 HDIFF completed...       0.2158 seconds
              DECOUPLE completed...       0.0444 seconds
                  PHOT completed...       0.1796 seconds
               CLDPROC completed...       2.0688 seconds
                  CHEM completed...       0.6001 seconds
                  AERO completed...       0.8648 seconds
            Master Time Step
            Processing completed...       8.2769 seconds

      =--> Data Output completed...       1.1389 seconds

     Processing Day/Time [YYYYDDD:HHMMSS]: 2017357:100000
       Which is Equivalent to (UTC): 10:00:00 Saturday,  Dec. 23, 2017
       Time-Step Length (HHMMSS): 000400
                 VDIFF completed...       5.5918 seconds
                COUPLE completed...       0.1444 seconds
                  HADV completed...       2.1805 seconds
                  ZADV completed...       0.3006 seconds
                 HDIFF completed...       0.2142 seconds
              DECOUPLE completed...       0.0437 seconds
                  PHOT completed...       1.4108 seconds
               CLDPROC completed...       0.2537 seconds
                  CHEM completed...       0.6296 seconds
                  AERO completed...       0.8220 seconds
            Master Time Step
            Processing completed...      11.5926 seconds

     Processing Day/Time [YYYYDDD:HHMMSS]: 2017357:100400
       Which is Equivalent to (UTC): 10:04:00 Saturday,  Dec. 23, 2017
       Time-Step Length (HHMMSS): 000400
                 VDIFF completed...       0.9486 seconds
                COUPLE completed...       0.1060 seconds
                  HADV completed...       1.8952 seconds
                  ZADV completed...       0.3007 seconds
                 HDIFF completed...       0.2143 seconds
              DECOUPLE completed...       0.0453 seconds
                  PHOT completed...       0.1778 seconds
               CLDPROC completed...       0.2494 seconds
                  CHEM completed...       0.6303 seconds
                  AERO completed...       0.8227 seconds
            Master Time Step
            Processing completed...       5.3938 seconds

     Processing Day/Time [YYYYDDD:HHMMSS]: 2017357:100800
       Which is Equivalent to (UTC): 10:08:00 Saturday,  Dec. 23, 2017
       Time-Step Length (HHMMSS): 000400
                 VDIFF completed...       0.9454 seconds
                COUPLE completed...       0.0975 seconds
                  HADV completed...       1.8941 seconds
                  ZADV completed...       0.3023 seconds
                 HDIFF completed...       0.2120 seconds
              DECOUPLE completed...       0.0448 seconds
                  PHOT completed...       0.1783 seconds
               CLDPROC completed...       0.2474 seconds
                  CHEM completed...       0.6325 seconds
                  AERO completed...       0.8217 seconds
            Master Time Step
            Processing completed...       5.3816 seconds

     Processing Day/Time [YYYYDDD:HHMMSS]: 2017357:101200
       Which is Equivalent to (UTC): 10:12:00 Saturday,  Dec. 23, 2017
       Time-Step Length (HHMMSS): 000400
                 VDIFF completed...       0.9339 seconds
                COUPLE completed...       0.0918 seconds
                  HADV completed...       1.9036 seconds
                  ZADV completed...       0.3001 seconds
                 HDIFF completed...       0.2141 seconds
              DECOUPLE completed...       0.0453 seconds
                  PHOT completed...       0.1782 seconds
               CLDPROC completed...       0.2467 seconds
                  CHEM completed...       0.6331 seconds
                  AERO completed...       0.8218 seconds
            Master Time Step
            Processing completed...       5.3739 seconds

     Processing Day/Time [YYYYDDD:HHMMSS]: 2017357:101600
       Which is Equivalent to (UTC): 10:16:00 Saturday,  Dec. 23, 2017
       Time-Step Length (HHMMSS): 000400
                 VDIFF completed...       0.9255 seconds
                COUPLE completed...       0.0955 seconds
                  HADV completed...       1.9079 seconds
                  ZADV completed...       0.3005 seconds
                 HDIFF completed...       0.2138 seconds
              DECOUPLE completed...       0.0446 seconds
                  PHOT completed...       0.1788 seconds
               CLDPROC completed...       0.2465 seconds
                  CHEM completed...       0.6321 seconds
                  AERO completed...       0.8212 seconds
            Master Time Step
            Processing completed...       5.3712 seconds

     Processing Day/Time [YYYYDDD:HHMMSS]: 2017357:102000
       Which is Equivalent to (UTC): 10:20:00 Saturday,  Dec. 23, 2017
       Time-Step Length (HHMMSS): 000400
                 VDIFF completed...       0.9160 seconds
                COUPLE completed...       0.0967 seconds
                  HADV completed...       2.0761 seconds
                  ZADV completed...       0.3006 seconds
                 HDIFF completed...       0.2136 seconds
              DECOUPLE completed...       0.0449 seconds
                  PHOT completed...       0.1781 seconds
               CLDPROC completed...       0.2467 seconds
                  CHEM completed...       0.6323 seconds
                  AERO completed...       0.8200 seconds
            Master Time Step
            Processing completed...       5.5306 seconds

     Processing Day/Time [YYYYDDD:HHMMSS]: 2017357:102400
       Which is Equivalent to (UTC): 10:24:00 Saturday,  Dec. 23, 2017
       Time-Step Length (HHMMSS): 000400
                 VDIFF completed...       0.9215 seconds
                COUPLE completed...       0.0937 seconds
                  HADV completed...       1.9047 seconds
                  ZADV completed...       0.3007 seconds
                 HDIFF completed...       0.2139 seconds
              DECOUPLE completed...       0.0446 seconds
                  PHOT completed...       0.1781 seconds
               CLDPROC completed...       0.2475 seconds
                  CHEM completed...       0.6323 seconds
                  AERO completed...       0.8220 seconds
            Master Time Step
            Processing completed...       5.3642 seconds

     Processing Day/Time [YYYYDDD:HHMMSS]: 2017357:102800
       Which is Equivalent to (UTC): 10:28:00 Saturday,  Dec. 23, 2017
       Time-Step Length (HHMMSS): 000400
                 VDIFF completed...       0.9236 seconds
                COUPLE completed...       0.0910 seconds
                  HADV completed...       1.9040 seconds
                  ZADV completed...       0.3008 seconds
                 HDIFF completed...       0.2135 seconds
              DECOUPLE completed...       0.0444 seconds
                  PHOT completed...       0.1786 seconds
               CLDPROC completed...       0.2466 seconds
                  CHEM completed...       0.6322 seconds
                  AERO completed...       0.8236 seconds
            Master Time Step
            Processing completed...       5.3636 seconds

     Processing Day/Time [YYYYDDD:HHMMSS]: 2017357:103200
       Which is Equivalent to (UTC): 10:32:00 Saturday,  Dec. 23, 2017
       Time-Step Length (HHMMSS): 000400
                 VDIFF completed...       0.9262 seconds
                COUPLE completed...       0.0933 seconds
                  HADV completed...       1.9001 seconds
                  ZADV completed...       0.3007 seconds
                 HDIFF completed...       0.2139 seconds
              DECOUPLE completed...       0.0447 seconds
                  PHOT completed...       0.1785 seconds
               CLDPROC completed...       0.2464 seconds
                  CHEM completed...       0.6339 seconds
                  AERO completed...       0.8225 seconds
            Master Time Step
            Processing completed...       5.3652 seconds

     Processing Day/Time [YYYYDDD:HHMMSS]: 2017357:103600
       Which is Equivalent to (UTC): 10:36:00 Saturday,  Dec. 23, 2017
       Time-Step Length (HHMMSS): 000400
                 VDIFF completed...       0.9226 seconds
                COUPLE completed...       0.0904 seconds
                  HADV completed...       1.9051 seconds
                  ZADV completed...       0.3002 seconds
                 HDIFF completed...       0.2146 seconds
              DECOUPLE completed...       0.0445 seconds
                  PHOT completed...       0.1780 seconds
               CLDPROC completed...       0.2478 seconds
                  CHEM completed...       0.6331 seconds
                  AERO completed...       0.8240 seconds
            Master Time Step
            Processing completed...       5.3656 seconds

     Processing Day/Time [YYYYDDD:HHMMSS]: 2017357:104000
       Which is Equivalent to (UTC): 10:40:00 Saturday,  Dec. 23, 2017
       Time-Step Length (HHMMSS): 000400
                 VDIFF completed...       0.9268 seconds
                COUPLE completed...       0.0954 seconds
                  HADV completed...       1.8892 seconds
                  ZADV completed...       0.3003 seconds
                 HDIFF completed...       0.2147 seconds
              DECOUPLE completed...       0.0452 seconds
                  PHOT completed...       0.1785 seconds
               CLDPROC completed...       0.2457 seconds
                  CHEM completed...       0.6337 seconds
                  AERO completed...       0.8237 seconds
            Master Time Step
            Processing completed...       5.3582 seconds

     Processing Day/Time [YYYYDDD:HHMMSS]: 2017357:104400
       Which is Equivalent to (UTC): 10:44:00 Saturday,  Dec. 23, 2017
       Time-Step Length (HHMMSS): 000400
                 VDIFF completed...       0.9233 seconds
                COUPLE completed...       0.0974 seconds
                  HADV completed...       1.8960 seconds
                  ZADV completed...       0.3002 seconds
                 HDIFF completed...       0.2141 seconds
              DECOUPLE completed...       0.0447 seconds
                  PHOT completed...       0.1785 seconds
               CLDPROC completed...       0.2464 seconds
                  CHEM completed...       0.6333 seconds
                  AERO completed...       0.8252 seconds
            Master Time Step
            Processing completed...       5.3638 seconds

     Processing Day/Time [YYYYDDD:HHMMSS]: 2017357:104800
       Which is Equivalent to (UTC): 10:48:00 Saturday,  Dec. 23, 2017
       Time-Step Length (HHMMSS): 000400
                 VDIFF completed...       0.9291 seconds
                COUPLE completed...       0.1033 seconds
                  HADV completed...       1.8842 seconds
                  ZADV completed...       0.3025 seconds
                 HDIFF completed...       0.2117 seconds
              DECOUPLE completed...       0.0443 seconds
                  PHOT completed...       0.1791 seconds
               CLDPROC completed...       0.2474 seconds
                  CHEM completed...       0.6334 seconds
                  AERO completed...       0.8293 seconds
            Master Time Step
            Processing completed...       5.3697 seconds

     Processing Day/Time [YYYYDDD:HHMMSS]: 2017357:105200
       Which is Equivalent to (UTC): 10:52:00 Saturday,  Dec. 23, 2017
       Time-Step Length (HHMMSS): 000400
                 VDIFF completed...       0.9277 seconds
                COUPLE completed...       0.1021 seconds
                  HADV completed...       1.8855 seconds
                  ZADV completed...       0.3044 seconds
                 HDIFF completed...       0.2098 seconds
              DECOUPLE completed...       0.0454 seconds
                  PHOT completed...       0.1781 seconds
               CLDPROC completed...       0.2457 seconds
                  CHEM completed...       0.6337 seconds
                  AERO completed...       0.8360 seconds
            Master Time Step
            Processing completed...       5.3739 seconds

     Processing Day/Time [YYYYDDD:HHMMSS]: 2017357:105600
       Which is Equivalent to (UTC): 10:56:00 Saturday,  Dec. 23, 2017
       Time-Step Length (HHMMSS): 000400
                 VDIFF completed...       2.6718 seconds
                COUPLE completed...       0.1709 seconds
                  HADV completed...       1.1020 seconds
                  ZADV completed...       0.3005 seconds
                 HDIFF completed...       0.2142 seconds
              DECOUPLE completed...       0.0440 seconds
                  PHOT completed...       0.1785 seconds
               CLDPROC completed...       1.8735 seconds
                  CHEM completed...       0.5970 seconds
                  AERO completed...       0.8704 seconds
            Master Time Step
            Processing completed...       8.0294 seconds

      =--> Data Output completed...       1.1252 seconds

     Processing Day/Time [YYYYDDD:HHMMSS]: 2017357:110000
       Which is Equivalent to (UTC): 11:00:00 Saturday,  Dec. 23, 2017
       Time-Step Length (HHMMSS): 000400
                 VDIFF completed...       5.9918 seconds
                COUPLE completed...       0.1419 seconds
                  HADV completed...       2.1360 seconds
                  ZADV completed...       0.2988 seconds
                 HDIFF completed...       0.2150 seconds
              DECOUPLE completed...       0.0451 seconds
                  PHOT completed...       1.3781 seconds
               CLDPROC completed...       0.2651 seconds
                  CHEM completed...       0.6492 seconds
                  AERO completed...       0.8256 seconds
            Master Time Step
            Processing completed...      11.9508 seconds

     Processing Day/Time [YYYYDDD:HHMMSS]: 2017357:110400
       Which is Equivalent to (UTC): 11:04:00 Saturday,  Dec. 23, 2017
       Time-Step Length (HHMMSS): 000400
                 VDIFF completed...       0.9163 seconds
                COUPLE completed...       0.1137 seconds
                  HADV completed...       1.8933 seconds
                  ZADV completed...       0.2986 seconds
                 HDIFF completed...       0.2425 seconds
              DECOUPLE completed...       0.0631 seconds
                  PHOT completed...       0.1570 seconds
               CLDPROC completed...       0.2330 seconds
                  CHEM completed...       0.6370 seconds
                  AERO completed...       0.8331 seconds
            Master Time Step
            Processing completed...       5.3897 seconds

     Processing Day/Time [YYYYDDD:HHMMSS]: 2017357:110800
       Which is Equivalent to (UTC): 11:08:00 Saturday,  Dec. 23, 2017
       Time-Step Length (HHMMSS): 000400
                 VDIFF completed...       0.9194 seconds
                COUPLE completed...       0.1085 seconds
                  HADV completed...       1.8962 seconds
                  ZADV completed...       0.3013 seconds
                 HDIFF completed...       0.2135 seconds
              DECOUPLE completed...       0.0444 seconds
                  PHOT completed...       0.1792 seconds
               CLDPROC completed...       0.2478 seconds
                  CHEM completed...       0.6327 seconds
                  AERO completed...       0.8319 seconds
            Master Time Step
            Processing completed...       5.3761 seconds

     Processing Day/Time [YYYYDDD:HHMMSS]: 2017357:111200
       Which is Equivalent to (UTC): 11:12:00 Saturday,  Dec. 23, 2017
       Time-Step Length (HHMMSS): 000400
                 VDIFF completed...       0.9184 seconds
                COUPLE completed...       0.1026 seconds
                  HADV completed...       1.8972 seconds
                  ZADV completed...       0.3007 seconds
                 HDIFF completed...       0.2136 seconds
              DECOUPLE completed...       0.0444 seconds
                  PHOT completed...       0.1787 seconds
               CLDPROC completed...       0.2473 seconds
                  CHEM completed...       0.6343 seconds
                  AERO completed...       0.8307 seconds
            Master Time Step
            Processing completed...       5.3736 seconds

     Processing Day/Time [YYYYDDD:HHMMSS]: 2017357:111600
       Which is Equivalent to (UTC): 11:16:00 Saturday,  Dec. 23, 2017
       Time-Step Length (HHMMSS): 000400
                 VDIFF completed...       0.9072 seconds
                COUPLE completed...       0.0956 seconds
                  HADV completed...       1.9130 seconds
                  ZADV completed...       0.2990 seconds
                 HDIFF completed...       0.2147 seconds
              DECOUPLE completed...       0.0446 seconds
                  PHOT completed...       0.1782 seconds
               CLDPROC completed...       0.2483 seconds
                  CHEM completed...       0.6340 seconds
                  AERO completed...       0.8326 seconds
            Master Time Step
            Processing completed...       5.3723 seconds

     Processing Day/Time [YYYYDDD:HHMMSS]: 2017357:112000
       Which is Equivalent to (UTC): 11:20:00 Saturday,  Dec. 23, 2017
       Time-Step Length (HHMMSS): 000400
                 VDIFF completed...       0.9161 seconds
                COUPLE completed...       0.1026 seconds
                  HADV completed...       1.8935 seconds
                  ZADV completed...       0.2984 seconds
                 HDIFF completed...       0.2165 seconds
              DECOUPLE completed...       0.0442 seconds
                  PHOT completed...       0.1773 seconds
               CLDPROC completed...       0.2476 seconds
                  CHEM completed...       0.6335 seconds
                  AERO completed...       0.8326 seconds
            Master Time Step
            Processing completed...       5.3674 seconds

     Processing Day/Time [YYYYDDD:HHMMSS]: 2017357:112400
       Which is Equivalent to (UTC): 11:24:00 Saturday,  Dec. 23, 2017
       Time-Step Length (HHMMSS): 000400
                 VDIFF completed...       0.9169 seconds
                COUPLE completed...       0.1015 seconds
                  HADV completed...       1.9032 seconds
                  ZADV completed...       0.3001 seconds
                 HDIFF completed...       0.2138 seconds
              DECOUPLE completed...       0.0445 seconds
                  PHOT completed...       0.1764 seconds
               CLDPROC completed...       0.2438 seconds
                  CHEM completed...       0.6341 seconds
                  AERO completed...       0.8311 seconds
            Master Time Step
            Processing completed...       5.3707 seconds

     Processing Day/Time [YYYYDDD:HHMMSS]: 2017357:112800
       Which is Equivalent to (UTC): 11:28:00 Saturday,  Dec. 23, 2017
       Time-Step Length (HHMMSS): 000400
                 VDIFF completed...       0.9200 seconds
                COUPLE completed...       0.0978 seconds
                  HADV completed...       1.9007 seconds
                  ZADV completed...       0.2996 seconds
                 HDIFF completed...       0.2147 seconds
              DECOUPLE completed...       0.0439 seconds
                  PHOT completed...       0.1777 seconds
               CLDPROC completed...       0.2361 seconds
                  CHEM completed...       0.6313 seconds
                  AERO completed...       0.8299 seconds
            Master Time Step
            Processing completed...       5.3572 seconds

     Processing Day/Time [YYYYDDD:HHMMSS]: 2017357:113200
       Which is Equivalent to (UTC): 11:32:00 Saturday,  Dec. 23, 2017
       Time-Step Length (HHMMSS): 000400
                 VDIFF completed...       0.9272 seconds
                COUPLE completed...       0.1036 seconds
                  HADV completed...       1.8995 seconds
                  ZADV completed...       0.3016 seconds
                 HDIFF completed...       0.2125 seconds
              DECOUPLE completed...       0.0447 seconds
                  PHOT completed...       0.1765 seconds
               CLDPROC completed...       0.2335 seconds
                  CHEM completed...       0.6272 seconds
                  AERO completed...       0.8286 seconds
            Master Time Step
            Processing completed...       5.3604 seconds

     Processing Day/Time [YYYYDDD:HHMMSS]: 2017357:113600
       Which is Equivalent to (UTC): 11:36:00 Saturday,  Dec. 23, 2017
       Time-Step Length (HHMMSS): 000400
                 VDIFF completed...       0.9302 seconds
                COUPLE completed...       0.1057 seconds
                  HADV completed...       2.0463 seconds
                  ZADV completed...       0.2941 seconds
                 HDIFF completed...       0.2249 seconds
              DECOUPLE completed...       0.0446 seconds
                  PHOT completed...       0.1767 seconds
               CLDPROC completed...       0.2322 seconds
                  CHEM completed...       0.6226 seconds
                  AERO completed...       0.8236 seconds
            Master Time Step
            Processing completed...       5.5063 seconds

     Processing Day/Time [YYYYDDD:HHMMSS]: 2017357:114000
       Which is Equivalent to (UTC): 11:40:00 Saturday,  Dec. 23, 2017
       Time-Step Length (HHMMSS): 000400
                 VDIFF completed...       0.9403 seconds
                COUPLE completed...       0.1125 seconds
                  HADV completed...       1.8835 seconds
                  ZADV completed...       0.3042 seconds
                 HDIFF completed...       0.2101 seconds
              DECOUPLE completed...       0.0443 seconds
                  PHOT completed...       0.1770 seconds
               CLDPROC completed...       0.2314 seconds
                  CHEM completed...       0.6211 seconds
                  AERO completed...       0.8215 seconds
            Master Time Step
            Processing completed...       5.3500 seconds

     Processing Day/Time [YYYYDDD:HHMMSS]: 2017357:114400
       Which is Equivalent to (UTC): 11:44:00 Saturday,  Dec. 23, 2017
       Time-Step Length (HHMMSS): 000400
                 VDIFF completed...       0.9464 seconds
                COUPLE completed...       0.1194 seconds
                  HADV completed...       1.8679 seconds
                  ZADV completed...       0.3008 seconds
                 HDIFF completed...       0.2140 seconds
              DECOUPLE completed...       0.0441 seconds
                  PHOT completed...       0.1764 seconds
               CLDPROC completed...       0.2294 seconds
                  CHEM completed...       0.6176 seconds
                  AERO completed...       0.8168 seconds
            Master Time Step
            Processing completed...       5.3379 seconds

     Processing Day/Time [YYYYDDD:HHMMSS]: 2017357:114800
       Which is Equivalent to (UTC): 11:48:00 Saturday,  Dec. 23, 2017
       Time-Step Length (HHMMSS): 000400
                 VDIFF completed...       0.9731 seconds
                COUPLE completed...       0.1306 seconds
                  HADV completed...       1.8504 seconds
                  ZADV completed...       0.3007 seconds
                 HDIFF completed...       0.2137 seconds
              DECOUPLE completed...       0.0443 seconds
                  PHOT completed...       0.1759 seconds
               CLDPROC completed...       0.2287 seconds
                  CHEM completed...       0.6141 seconds
                  AERO completed...       0.8163 seconds
            Master Time Step
            Processing completed...       5.3536 seconds

     Processing Day/Time [YYYYDDD:HHMMSS]: 2017357:115200
       Which is Equivalent to (UTC): 11:52:00 Saturday,  Dec. 23, 2017
       Time-Step Length (HHMMSS): 000400
                 VDIFF completed...       0.9773 seconds
                COUPLE completed...       0.1379 seconds
                  HADV completed...       1.8569 seconds
                  ZADV completed...       0.3021 seconds
                 HDIFF completed...       0.2126 seconds
              DECOUPLE completed...       0.0445 seconds
                  PHOT completed...       0.1753 seconds
               CLDPROC completed...       0.2259 seconds
                  CHEM completed...       0.6116 seconds
                  AERO completed...       0.8155 seconds
            Master Time Step
            Processing completed...       5.3650 seconds

     Processing Day/Time [YYYYDDD:HHMMSS]: 2017357:115600
       Which is Equivalent to (UTC): 11:56:00 Saturday,  Dec. 23, 2017
       Time-Step Length (HHMMSS): 000400
                 VDIFF completed...       2.7489 seconds
                COUPLE completed...       0.1711 seconds
                  HADV completed...       1.1028 seconds
                  ZADV completed...       0.2999 seconds
                 HDIFF completed...       0.2141 seconds
              DECOUPLE completed...       0.0448 seconds
                  PHOT completed...       0.1750 seconds
               CLDPROC completed...       2.2275 seconds
                  CHEM completed...       0.5747 seconds
                  AERO completed...       0.8588 seconds
            Master Time Step
            Processing completed...       8.4240 seconds

      =--> Data Output completed...       1.1323 seconds

     Processing Day/Time [YYYYDDD:HHMMSS]: 2017357:120000
       Which is Equivalent to (UTC): 12:00:00 Saturday,  Dec. 23, 2017
       Time-Step Length (HHMMSS): 000400
                 VDIFF completed...       5.5707 seconds
                COUPLE completed...       0.1422 seconds
                  HADV completed...       2.1313 seconds
                  ZADV completed...       0.2971 seconds
                 HDIFF completed...       0.2169 seconds
              DECOUPLE completed...       0.0440 seconds
                  PHOT completed...       1.2977 seconds
               CLDPROC completed...       0.2203 seconds
                  CHEM completed...       0.6086 seconds
                  AERO completed...       0.8202 seconds
            Master Time Step
            Processing completed...      11.3522 seconds

     Processing Day/Time [YYYYDDD:HHMMSS]: 2017357:120400
       Which is Equivalent to (UTC): 12:04:00 Saturday,  Dec. 23, 2017
       Time-Step Length (HHMMSS): 000400
                 VDIFF completed...       0.9529 seconds
                COUPLE completed...       0.1220 seconds
                  HADV completed...       2.0890 seconds
                  ZADV completed...       0.3071 seconds
                 HDIFF completed...       0.2230 seconds
              DECOUPLE completed...       0.0507 seconds
                  PHOT completed...       0.1711 seconds
               CLDPROC completed...       0.2136 seconds
                  CHEM completed...       0.6018 seconds
                  AERO completed...       0.8214 seconds
            Master Time Step
            Processing completed...       5.5540 seconds

     Processing Day/Time [YYYYDDD:HHMMSS]: 2017357:120800
       Which is Equivalent to (UTC): 12:08:00 Saturday,  Dec. 23, 2017
       Time-Step Length (HHMMSS): 000400
                 VDIFF completed...       0.9574 seconds
                COUPLE completed...       0.1211 seconds
                  HADV completed...       1.9148 seconds
                  ZADV completed...       0.3023 seconds
                 HDIFF completed...       0.2157 seconds
              DECOUPLE completed...       0.0444 seconds
                  PHOT completed...       0.1752 seconds
               CLDPROC completed...       0.2131 seconds
                  CHEM completed...       0.5958 seconds
                  AERO completed...       0.8189 seconds
            Master Time Step
            Processing completed...       5.3606 seconds

     Processing Day/Time [YYYYDDD:HHMMSS]: 2017357:121200
       Which is Equivalent to (UTC): 12:12:00 Saturday,  Dec. 23, 2017
       Time-Step Length (HHMMSS): 000400
                 VDIFF completed...       0.9521 seconds
                COUPLE completed...       0.1220 seconds
                  HADV completed...       1.9031 seconds
                  ZADV completed...       0.3030 seconds
                 HDIFF completed...       0.2145 seconds
              DECOUPLE completed...       0.0444 seconds
                  PHOT completed...       0.1749 seconds
               CLDPROC completed...       0.2127 seconds
                  CHEM completed...       0.5934 seconds
                  AERO completed...       0.8173 seconds
            Master Time Step
            Processing completed...       5.3384 seconds

     Processing Day/Time [YYYYDDD:HHMMSS]: 2017357:121600
       Which is Equivalent to (UTC): 12:16:00 Saturday,  Dec. 23, 2017
       Time-Step Length (HHMMSS): 000400
                 VDIFF completed...       0.9578 seconds
                COUPLE completed...       0.1243 seconds
                  HADV completed...       1.9035 seconds
                  ZADV completed...       0.2990 seconds
                 HDIFF completed...       0.2189 seconds
              DECOUPLE completed...       0.0449 seconds
                  PHOT completed...       0.1741 seconds
               CLDPROC completed...       0.2105 seconds
                  CHEM completed...       0.5913 seconds
                  AERO completed...       0.8147 seconds
            Master Time Step
            Processing completed...       5.3402 seconds

     Processing Day/Time [YYYYDDD:HHMMSS]: 2017357:122000
       Which is Equivalent to (UTC): 12:20:00 Saturday,  Dec. 23, 2017
       Time-Step Length (HHMMSS): 000400
                 VDIFF completed...       0.9128 seconds
                COUPLE completed...       0.1287 seconds
                  HADV completed...       1.9147 seconds
                  ZADV completed...       0.3022 seconds
                 HDIFF completed...       0.2159 seconds
              DECOUPLE completed...       0.0449 seconds
                  PHOT completed...       0.1741 seconds
               CLDPROC completed...       0.2084 seconds
                  CHEM completed...       0.5913 seconds
                  AERO completed...       0.8135 seconds
            Master Time Step
            Processing completed...       5.3075 seconds

     Processing Day/Time [YYYYDDD:HHMMSS]: 2017357:122400
       Which is Equivalent to (UTC): 12:24:00 Saturday,  Dec. 23, 2017
       Time-Step Length (HHMMSS): 000400
                 VDIFF completed...       0.9344 seconds
                COUPLE completed...       0.1290 seconds
                  HADV completed...       1.8744 seconds
                  ZADV completed...       0.3000 seconds
                 HDIFF completed...       0.2176 seconds
              DECOUPLE completed...       0.0449 seconds
                  PHOT completed...       0.1735 seconds
               CLDPROC completed...       0.2081 seconds
                  CHEM completed...       0.5907 seconds
                  AERO completed...       0.8112 seconds
            Master Time Step
            Processing completed...       5.2848 seconds

     Processing Day/Time [YYYYDDD:HHMMSS]: 2017357:122800
       Which is Equivalent to (UTC): 12:28:00 Saturday,  Dec. 23, 2017
       Time-Step Length (HHMMSS): 000400
                 VDIFF completed...       0.9248 seconds
                COUPLE completed...       0.1284 seconds
                  HADV completed...       1.8918 seconds
                  ZADV completed...       0.3006 seconds
                 HDIFF completed...       0.2173 seconds
              DECOUPLE completed...       0.0453 seconds
                  PHOT completed...       0.1736 seconds
               CLDPROC completed...       0.2071 seconds
                  CHEM completed...       0.5899 seconds
                  AERO completed...       0.8112 seconds
            Master Time Step
            Processing completed...       5.2909 seconds

     Processing Day/Time [YYYYDDD:HHMMSS]: 2017357:123200
       Which is Equivalent to (UTC): 12:32:00 Saturday,  Dec. 23, 2017
       Time-Step Length (HHMMSS): 000400
                 VDIFF completed...       0.9274 seconds
                COUPLE completed...       0.1318 seconds
                  HADV completed...       1.8883 seconds
                  ZADV completed...       0.2998 seconds
                 HDIFF completed...       0.2183 seconds
              DECOUPLE completed...       0.0444 seconds
                  PHOT completed...       0.1737 seconds
               CLDPROC completed...       0.2073 seconds
                  CHEM completed...       0.5899 seconds
                  AERO completed...       0.8115 seconds
            Master Time Step
            Processing completed...       5.2932 seconds

     Processing Day/Time [YYYYDDD:HHMMSS]: 2017357:123600
       Which is Equivalent to (UTC): 12:36:00 Saturday,  Dec. 23, 2017
       Time-Step Length (HHMMSS): 000400
                 VDIFF completed...       0.9369 seconds
                COUPLE completed...       0.1344 seconds
                  HADV completed...       1.8673 seconds
                  ZADV completed...       0.3025 seconds
                 HDIFF completed...       0.2155 seconds
              DECOUPLE completed...       0.0453 seconds
                  PHOT completed...       0.1734 seconds
               CLDPROC completed...       0.2058 seconds
                  CHEM completed...       0.5890 seconds
                  AERO completed...       0.8118 seconds
            Master Time Step
            Processing completed...       5.2828 seconds

     Processing Day/Time [YYYYDDD:HHMMSS]: 2017357:124000
       Which is Equivalent to (UTC): 12:40:00 Saturday,  Dec. 23, 2017
       Time-Step Length (HHMMSS): 000400
                 VDIFF completed...       0.9119 seconds
                COUPLE completed...       0.1387 seconds
                  HADV completed...       1.9376 seconds
                  ZADV completed...       0.3005 seconds
                 HDIFF completed...       0.2171 seconds
              DECOUPLE completed...       0.0446 seconds
                  PHOT completed...       0.1726 seconds
               CLDPROC completed...       0.2064 seconds
                  CHEM completed...       0.5885 seconds
                  AERO completed...       0.8114 seconds
            Master Time Step
            Processing completed...       5.3304 seconds

     Processing Day/Time [YYYYDDD:HHMMSS]: 2017357:124400
       Which is Equivalent to (UTC): 12:44:00 Saturday,  Dec. 23, 2017
       Time-Step Length (HHMMSS): 000400
                 VDIFF completed...       0.9132 seconds
                COUPLE completed...       0.1403 seconds
                  HADV completed...       1.9717 seconds
                  ZADV completed...       0.3028 seconds
                 HDIFF completed...       0.2163 seconds
              DECOUPLE completed...       0.0439 seconds
                  PHOT completed...       0.1735 seconds
               CLDPROC completed...       0.2042 seconds
                  CHEM completed...       0.5881 seconds
                  AERO completed...       0.8101 seconds
            Master Time Step
            Processing completed...       5.3650 seconds

     Processing Day/Time [YYYYDDD:HHMMSS]: 2017357:124800
       Which is Equivalent to (UTC): 12:48:00 Saturday,  Dec. 23, 2017
       Time-Step Length (HHMMSS): 000400
                 VDIFF completed...       0.8661 seconds
                COUPLE completed...       0.1478 seconds
                  HADV completed...       2.0339 seconds
                  ZADV completed...       0.3010 seconds
                 HDIFF completed...       0.2174 seconds
              DECOUPLE completed...       0.0458 seconds
                  PHOT completed...       0.1719 seconds
               CLDPROC completed...       0.2020 seconds
                  CHEM completed...       0.5887 seconds
                  AERO completed...       0.8130 seconds
            Master Time Step
            Processing completed...       5.3886 seconds

     Processing Day/Time [YYYYDDD:HHMMSS]: 2017357:125200
       Which is Equivalent to (UTC): 12:52:00 Saturday,  Dec. 23, 2017
       Time-Step Length (HHMMSS): 000400
                 VDIFF completed...       0.8515 seconds
                COUPLE completed...       0.1421 seconds
                  HADV completed...       2.0760 seconds
                  ZADV completed...       0.3012 seconds
                 HDIFF completed...       0.2171 seconds
              DECOUPLE completed...       0.0448 seconds
                  PHOT completed...       0.1723 seconds
               CLDPROC completed...       0.2025 seconds
                  CHEM completed...       0.5866 seconds
                  AERO completed...       0.8128 seconds
            Master Time Step
            Processing completed...       5.4084 seconds

     Processing Day/Time [YYYYDDD:HHMMSS]: 2017357:125600
       Which is Equivalent to (UTC): 12:56:00 Saturday,  Dec. 23, 2017
       Time-Step Length (HHMMSS): 000400
                 VDIFF completed...       2.8301 seconds
                COUPLE completed...       0.1710 seconds
                  HADV completed...       1.1025 seconds
                  ZADV completed...       0.3030 seconds
                 HDIFF completed...       0.2143 seconds
              DECOUPLE completed...       0.0447 seconds
                  PHOT completed...       0.1715 seconds
               CLDPROC completed...       1.7129 seconds
                  CHEM completed...       0.5519 seconds
                  AERO completed...       0.8384 seconds
            Master Time Step
            Processing completed...       7.9451 seconds

      =--> Data Output completed...       1.6835 seconds

     Processing Day/Time [YYYYDDD:HHMMSS]: 2017357:130000
       Which is Equivalent to (UTC): 13:00:00 Saturday,  Dec. 23, 2017
       Time-Step Length (HHMMSS): 000400
                 VDIFF completed...       5.5385 seconds
                COUPLE completed...       0.1363 seconds
                  HADV completed...       2.1563 seconds
                  ZADV completed...       0.3023 seconds
                 HDIFF completed...       0.2129 seconds
              DECOUPLE completed...       0.0455 seconds
                  PHOT completed...       1.2931 seconds
               CLDPROC completed...       0.1952 seconds
                  CHEM completed...       0.5898 seconds
                  AERO completed...       0.8118 seconds
            Master Time Step
            Processing completed...      11.2858 seconds

     Processing Day/Time [YYYYDDD:HHMMSS]: 2017357:130400
       Which is Equivalent to (UTC): 13:04:00 Saturday,  Dec. 23, 2017
       Time-Step Length (HHMMSS): 000400
                 VDIFF completed...       0.8808 seconds
                COUPLE completed...       0.1320 seconds
                  HADV completed...       2.2507 seconds
                  ZADV completed...       0.3005 seconds
                 HDIFF completed...       0.2141 seconds
              DECOUPLE completed...       0.0437 seconds
                  PHOT completed...       0.1724 seconds
               CLDPROC completed...       0.1997 seconds
                  CHEM completed...       0.5929 seconds
                  AERO completed...       0.8116 seconds
            Master Time Step
            Processing completed...       5.6005 seconds

     Processing Day/Time [YYYYDDD:HHMMSS]: 2017357:130800
       Which is Equivalent to (UTC): 13:08:00 Saturday,  Dec. 23, 2017
       Time-Step Length (HHMMSS): 000400
                 VDIFF completed...       1.1756 seconds
                COUPLE completed...       0.0933 seconds
                  HADV completed...       2.0221 seconds
                  ZADV completed...       0.3006 seconds
                 HDIFF completed...       0.2141 seconds
              DECOUPLE completed...       0.0438 seconds
                  PHOT completed...       0.1715 seconds
               CLDPROC completed...       0.1997 seconds
                  CHEM completed...       0.5902 seconds
                  AERO completed...       0.8275 seconds
            Master Time Step
            Processing completed...       5.6428 seconds

     Processing Day/Time [YYYYDDD:HHMMSS]: 2017357:131200
       Which is Equivalent to (UTC): 13:12:00 Saturday,  Dec. 23, 2017
       Time-Step Length (HHMMSS): 000400
                 VDIFF completed...       0.8809 seconds
                COUPLE completed...       0.1196 seconds
                  HADV completed...       2.3103 seconds
                  ZADV completed...       0.2977 seconds
                 HDIFF completed...       0.2185 seconds
              DECOUPLE completed...       0.0437 seconds
                  PHOT completed...       0.1723 seconds
               CLDPROC completed...       0.1983 seconds
                  CHEM completed...       0.5914 seconds
                  AERO completed...       0.8120 seconds
            Master Time Step
            Processing completed...       5.6465 seconds

     Processing Day/Time [YYYYDDD:HHMMSS]: 2017357:131600
       Which is Equivalent to (UTC): 13:16:00 Saturday,  Dec. 23, 2017
       Time-Step Length (HHMMSS): 000400
                 VDIFF completed...       0.8559 seconds
                COUPLE completed...       0.1166 seconds
                  HADV completed...       2.4127 seconds
                  ZADV completed...       0.2980 seconds
                 HDIFF completed...       0.2161 seconds
              DECOUPLE completed...       0.0438 seconds
                  PHOT completed...       0.1719 seconds
               CLDPROC completed...       0.1985 seconds
                  CHEM completed...       0.5907 seconds
                  AERO completed...       0.8136 seconds
            Master Time Step
            Processing completed...       5.7186 seconds

     Processing Day/Time [YYYYDDD:HHMMSS]: 2017357:132000
       Which is Equivalent to (UTC): 13:20:00 Saturday,  Dec. 23, 2017
       Time-Step Length (HHMMSS): 000400
                 VDIFF completed...       0.8530 seconds
                COUPLE completed...       0.1089 seconds
                  HADV completed...       2.5446 seconds
                  ZADV completed...       0.2979 seconds
                 HDIFF completed...       0.2172 seconds
              DECOUPLE completed...       0.0435 seconds
                  PHOT completed...       0.1724 seconds
               CLDPROC completed...       0.1975 seconds
                  CHEM completed...       0.5900 seconds
                  AERO completed...       0.8112 seconds
            Master Time Step
            Processing completed...       5.8372 seconds

     Processing Day/Time [YYYYDDD:HHMMSS]: 2017357:132400
       Which is Equivalent to (UTC): 13:24:00 Saturday,  Dec. 23, 2017
       Time-Step Length (HHMMSS): 000400
                 VDIFF completed...       0.8401 seconds
                COUPLE completed...       0.1089 seconds
                  HADV completed...       2.4706 seconds
                  ZADV completed...       0.2986 seconds
                 HDIFF completed...       0.2155 seconds
              DECOUPLE completed...       0.0438 seconds
                  PHOT completed...       0.1711 seconds
               CLDPROC completed...       0.1948 seconds
                  CHEM completed...       0.5853 seconds
                  AERO completed...       0.8104 seconds
            Master Time Step
            Processing completed...       5.7422 seconds

     Processing Day/Time [YYYYDDD:HHMMSS]: 2017357:132800
       Which is Equivalent to (UTC): 13:28:00 Saturday,  Dec. 23, 2017
       Time-Step Length (HHMMSS): 000400
                 VDIFF completed...       0.8029 seconds
                COUPLE completed...       0.0763 seconds
                  HADV completed...       2.5588 seconds
                  ZADV completed...       0.2986 seconds
                 HDIFF completed...       0.2163 seconds
              DECOUPLE completed...       0.0437 seconds
                  PHOT completed...       0.1717 seconds
               CLDPROC completed...       0.1932 seconds
                  CHEM completed...       0.5834 seconds
                  AERO completed...       0.8114 seconds
            Master Time Step
            Processing completed...       5.7572 seconds

     Processing Day/Time [YYYYDDD:HHMMSS]: 2017357:133200
       Which is Equivalent to (UTC): 13:32:00 Saturday,  Dec. 23, 2017
       Time-Step Length (HHMMSS): 000400
                 VDIFF completed...       0.8132 seconds
                COUPLE completed...       0.1107 seconds
                  HADV completed...       2.5294 seconds
                  ZADV completed...       0.2993 seconds
                 HDIFF completed...       0.2156 seconds
              DECOUPLE completed...       0.0439 seconds
                  PHOT completed...       0.1710 seconds
               CLDPROC completed...       0.1908 seconds
                  CHEM completed...       0.5819 seconds
                  AERO completed...       0.8113 seconds
            Master Time Step
            Processing completed...       5.7680 seconds

     Processing Day/Time [YYYYDDD:HHMMSS]: 2017357:133600
       Which is Equivalent to (UTC): 13:36:00 Saturday,  Dec. 23, 2017
       Time-Step Length (HHMMSS): 000400
                 VDIFF completed...       0.8309 seconds
                COUPLE completed...       0.1133 seconds
                  HADV completed...       2.5171 seconds
                  ZADV completed...       0.2989 seconds
                 HDIFF completed...       0.2164 seconds
              DECOUPLE completed...       0.0438 seconds
                  PHOT completed...       0.1717 seconds
               CLDPROC completed...       0.1875 seconds
                  CHEM completed...       0.5805 seconds
                  AERO completed...       0.8127 seconds
            Master Time Step
            Processing completed...       5.7738 seconds

     Processing Day/Time [YYYYDDD:HHMMSS]: 2017357:134000
       Which is Equivalent to (UTC): 13:40:00 Saturday,  Dec. 23, 2017
       Time-Step Length (HHMMSS): 000400
                 VDIFF completed...       0.7693 seconds
                COUPLE completed...       0.1161 seconds
                  HADV completed...       2.5943 seconds
                  ZADV completed...       0.3030 seconds
                 HDIFF completed...       0.2124 seconds
              DECOUPLE completed...       0.0441 seconds
                  PHOT completed...       0.1703 seconds
               CLDPROC completed...       0.1838 seconds
                  CHEM completed...       0.5789 seconds
                  AERO completed...       0.8097 seconds
            Master Time Step
            Processing completed...       5.7829 seconds

     Processing Day/Time [YYYYDDD:HHMMSS]: 2017357:134400
       Which is Equivalent to (UTC): 13:44:00 Saturday,  Dec. 23, 2017
       Time-Step Length (HHMMSS): 000400
                 VDIFF completed...       0.7606 seconds
                COUPLE completed...       0.0742 seconds
                  HADV completed...       2.6509 seconds
                  ZADV completed...       0.2984 seconds
                 HDIFF completed...       0.2170 seconds
              DECOUPLE completed...       0.0435 seconds
                  PHOT completed...       0.1705 seconds
               CLDPROC completed...       0.1826 seconds
                  CHEM completed...       0.5757 seconds
                  AERO completed...       0.8096 seconds
            Master Time Step
            Processing completed...       5.7839 seconds

     Processing Day/Time [YYYYDDD:HHMMSS]: 2017357:134800
       Which is Equivalent to (UTC): 13:48:00 Saturday,  Dec. 23, 2017
       Time-Step Length (HHMMSS): 000400
                 VDIFF completed...       0.7520 seconds
                COUPLE completed...       0.0720 seconds
                  HADV completed...       2.6627 seconds
                  ZADV completed...       0.2982 seconds
                 HDIFF completed...       0.2167 seconds
              DECOUPLE completed...       0.0439 seconds
                  PHOT completed...       0.1712 seconds
               CLDPROC completed...       0.1784 seconds
                  CHEM completed...       0.5737 seconds
                  AERO completed...       0.8092 seconds
            Master Time Step
            Processing completed...       5.7791 seconds

     Processing Day/Time [YYYYDDD:HHMMSS]: 2017357:135200
       Which is Equivalent to (UTC): 13:52:00 Saturday,  Dec. 23, 2017
       Time-Step Length (HHMMSS): 000400
                 VDIFF completed...       0.7457 seconds
                COUPLE completed...       0.0664 seconds
                  HADV completed...       2.6740 seconds
                  ZADV completed...       0.3002 seconds
                 HDIFF completed...       0.2152 seconds
              DECOUPLE completed...       0.0434 seconds
                  PHOT completed...       0.1713 seconds
               CLDPROC completed...       0.1760 seconds
                  CHEM completed...       0.5708 seconds
                  AERO completed...       0.8104 seconds
            Master Time Step
            Processing completed...       5.7743 seconds

     Processing Day/Time [YYYYDDD:HHMMSS]: 2017357:135600
       Which is Equivalent to (UTC): 13:56:00 Saturday,  Dec. 23, 2017
       Time-Step Length (HHMMSS): 000400
                 VDIFF completed...       3.1964 seconds
                COUPLE completed...       0.1706 seconds
                  HADV completed...       1.1052 seconds
                  ZADV completed...       0.2974 seconds
                 HDIFF completed...       0.2151 seconds
              DECOUPLE completed...       0.0482 seconds
                  PHOT completed...       0.1697 seconds
               CLDPROC completed...       1.9390 seconds
                  CHEM completed...       0.5456 seconds
                  AERO completed...       0.8331 seconds
            Master Time Step
            Processing completed...       8.5234 seconds

      =--> Data Output completed...       1.3128 seconds

     Processing Day/Time [YYYYDDD:HHMMSS]: 2017357:140000
       Which is Equivalent to (UTC): 14:00:00 Saturday,  Dec. 23, 2017
       Time-Step Length (HHMMSS): 000400
                 VDIFF completed...       5.5183 seconds
                COUPLE completed...       0.1407 seconds
                  HADV completed...       2.2104 seconds
                  ZADV completed...       0.3014 seconds
                 HDIFF completed...       0.2127 seconds
              DECOUPLE completed...       0.0435 seconds
                  PHOT completed...       1.3652 seconds
               CLDPROC completed...       0.1721 seconds
                  CHEM completed...       0.5622 seconds
                  AERO completed...       0.8109 seconds
            Master Time Step
            Processing completed...      11.3401 seconds

     Processing Day/Time [YYYYDDD:HHMMSS]: 2017357:140400
       Which is Equivalent to (UTC): 14:04:00 Saturday,  Dec. 23, 2017
       Time-Step Length (HHMMSS): 000400
                 VDIFF completed...       0.7230 seconds
                COUPLE completed...       0.0720 seconds
                  HADV completed...       2.7508 seconds
                  ZADV completed...       0.3001 seconds
                 HDIFF completed...       0.2129 seconds
              DECOUPLE completed...       0.0450 seconds
                  PHOT completed...       0.1678 seconds
               CLDPROC completed...       0.1718 seconds
                  CHEM completed...       0.5557 seconds
                  AERO completed...       0.8100 seconds
            Master Time Step
            Processing completed...       5.8135 seconds

     Processing Day/Time [YYYYDDD:HHMMSS]: 2017357:140800
       Which is Equivalent to (UTC): 14:08:00 Saturday,  Dec. 23, 2017
       Time-Step Length (HHMMSS): 000400
                 VDIFF completed...       0.7471 seconds
                COUPLE completed...       0.0863 seconds
                  HADV completed...       2.7253 seconds
                  ZADV completed...       0.2969 seconds
                 HDIFF completed...       0.2171 seconds
              DECOUPLE completed...       0.0436 seconds
                  PHOT completed...       0.1700 seconds
               CLDPROC completed...       0.1714 seconds
                  CHEM completed...       0.5518 seconds
                  AERO completed...       0.8103 seconds
            Master Time Step
            Processing completed...       5.8208 seconds

     Processing Day/Time [YYYYDDD:HHMMSS]: 2017357:141200
       Which is Equivalent to (UTC): 14:12:00 Saturday,  Dec. 23, 2017
       Time-Step Length (HHMMSS): 000400
                 VDIFF completed...       0.7498 seconds
                COUPLE completed...       0.0980 seconds
                  HADV completed...       2.7296 seconds
                  ZADV completed...       0.3001 seconds
                 HDIFF completed...       0.2130 seconds
              DECOUPLE completed...       0.0446 seconds
                  PHOT completed...       0.1689 seconds
               CLDPROC completed...       0.1707 seconds
                  CHEM completed...       0.5485 seconds
                  AERO completed...       0.8095 seconds
            Master Time Step
            Processing completed...       5.8369 seconds

     Processing Day/Time [YYYYDDD:HHMMSS]: 2017357:141600
       Which is Equivalent to (UTC): 14:16:00 Saturday,  Dec. 23, 2017
       Time-Step Length (HHMMSS): 000400
                 VDIFF completed...       0.7773 seconds
                COUPLE completed...       0.0738 seconds
                  HADV completed...       2.7339 seconds
                  ZADV completed...       0.3010 seconds
                 HDIFF completed...       0.2119 seconds
              DECOUPLE completed...       0.0442 seconds
                  PHOT completed...       0.1689 seconds
               CLDPROC completed...       0.1714 seconds
                  CHEM completed...       0.5458 seconds
                  AERO completed...       0.8099 seconds
            Master Time Step
            Processing completed...       5.8427 seconds

     Processing Day/Time [YYYYDDD:HHMMSS]: 2017357:142000
       Which is Equivalent to (UTC): 14:20:00 Saturday,  Dec. 23, 2017
       Time-Step Length (HHMMSS): 000400
                 VDIFF completed...       0.8243 seconds
                COUPLE completed...       0.0765 seconds
                  HADV completed...       2.6964 seconds
                  ZADV completed...       0.3002 seconds
                 HDIFF completed...       0.2129 seconds
              DECOUPLE completed...       0.0438 seconds
                  PHOT completed...       0.1839 seconds
               CLDPROC completed...       0.1689 seconds
                  CHEM completed...       0.5463 seconds
                  AERO completed...       0.8098 seconds
            Master Time Step
            Processing completed...       5.8677 seconds

     Processing Day/Time [YYYYDDD:HHMMSS]: 2017357:142400
       Which is Equivalent to (UTC): 14:24:00 Saturday,  Dec. 23, 2017
       Time-Step Length (HHMMSS): 000400
                 VDIFF completed...       0.8915 seconds
                COUPLE completed...       0.0654 seconds
                  HADV completed...       2.6400 seconds
                  ZADV completed...       0.3008 seconds
                 HDIFF completed...       0.2127 seconds
              DECOUPLE completed...       0.0440 seconds
                  PHOT completed...       0.2059 seconds
               CLDPROC completed...       0.1679 seconds
                  CHEM completed...       0.5451 seconds
                  AERO completed...       0.8124 seconds
            Master Time Step
            Processing completed...       5.8902 seconds

     Processing Day/Time [YYYYDDD:HHMMSS]: 2017357:142800
       Which is Equivalent to (UTC): 14:28:00 Saturday,  Dec. 23, 2017
       Time-Step Length (HHMMSS): 000400
                 VDIFF completed...       0.9284 seconds
                COUPLE completed...       0.0622 seconds
                  HADV completed...       2.5821 seconds
                  ZADV completed...       0.3022 seconds
                 HDIFF completed...       0.2112 seconds
              DECOUPLE completed...       0.0458 seconds
                  PHOT completed...       0.2381 seconds
               CLDPROC completed...       0.1668 seconds
                  CHEM completed...       0.5465 seconds
                  AERO completed...       0.8111 seconds
            Master Time Step
            Processing completed...       5.8990 seconds

     Processing Day/Time [YYYYDDD:HHMMSS]: 2017357:143200
       Which is Equivalent to (UTC): 14:32:00 Saturday,  Dec. 23, 2017
       Time-Step Length (HHMMSS): 000400
                 VDIFF completed...       0.9691 seconds
                COUPLE completed...       0.0609 seconds
                  HADV completed...       2.6758 seconds
                  ZADV completed...       0.3006 seconds
                 HDIFF completed...       0.2134 seconds
              DECOUPLE completed...       0.0448 seconds
                  PHOT completed...       0.2739 seconds
               CLDPROC completed...       0.1661 seconds
                  CHEM completed...       0.5469 seconds
                  AERO completed...       0.8136 seconds
            Master Time Step
            Processing completed...       6.0694 seconds

     Processing Day/Time [YYYYDDD:HHMMSS]: 2017357:143600
       Which is Equivalent to (UTC): 14:36:00 Saturday,  Dec. 23, 2017
       Time-Step Length (HHMMSS): 000400
                 VDIFF completed...       1.0465 seconds
                COUPLE completed...       0.1237 seconds
                  HADV completed...       2.3387 seconds
                  ZADV completed...       0.2983 seconds
                 HDIFF completed...       0.2151 seconds
              DECOUPLE completed...       0.0441 seconds
                  PHOT completed...       0.3096 seconds
               CLDPROC completed...       0.1776 seconds
                  CHEM completed...       0.5480 seconds
                  AERO completed...       0.8145 seconds
            Master Time Step
            Processing completed...       5.9209 seconds

     Processing Day/Time [YYYYDDD:HHMMSS]: 2017357:144000
       Which is Equivalent to (UTC): 14:40:00 Saturday,  Dec. 23, 2017
       Time-Step Length (HHMMSS): 000400
                 VDIFF completed...       1.1832 seconds
                COUPLE completed...       0.1047 seconds
                  HADV completed...       2.1732 seconds
                  ZADV completed...       0.3019 seconds
                 HDIFF completed...       0.2110 seconds
              DECOUPLE completed...       0.0441 seconds
                  PHOT completed...       0.3439 seconds
               CLDPROC completed...       0.1775 seconds
                  CHEM completed...       0.5504 seconds
                  AERO completed...       0.8132 seconds
            Master Time Step
            Processing completed...       5.9072 seconds

     Processing Day/Time [YYYYDDD:HHMMSS]: 2017357:144400
       Which is Equivalent to (UTC): 14:44:00 Saturday,  Dec. 23, 2017
       Time-Step Length (HHMMSS): 000400
                 VDIFF completed...       1.1703 seconds
                COUPLE completed...       0.1037 seconds
                  HADV completed...       2.1558 seconds
                  ZADV completed...       0.3005 seconds
                 HDIFF completed...       0.2121 seconds
              DECOUPLE completed...       0.0445 seconds
                  PHOT completed...       0.3726 seconds
               CLDPROC completed...       0.1681 seconds
                  CHEM completed...       0.5522 seconds
                  AERO completed...       0.8154 seconds
            Master Time Step
            Processing completed...       5.8999 seconds

     Processing Day/Time [YYYYDDD:HHMMSS]: 2017357:144800
       Which is Equivalent to (UTC): 14:48:00 Saturday,  Dec. 23, 2017
       Time-Step Length (HHMMSS): 000400
                 VDIFF completed...       1.2320 seconds
                COUPLE completed...       0.1028 seconds
                  HADV completed...       2.0736 seconds
                  ZADV completed...       0.2996 seconds
                 HDIFF completed...       0.2135 seconds
              DECOUPLE completed...       0.0440 seconds
                  PHOT completed...       0.3882 seconds
               CLDPROC completed...       0.1692 seconds
                  CHEM completed...       0.5918 seconds
                  AERO completed...       0.8182 seconds
            Master Time Step
            Processing completed...       5.9366 seconds

     Processing Day/Time [YYYYDDD:HHMMSS]: 2017357:145200
       Which is Equivalent to (UTC): 14:52:00 Saturday,  Dec. 23, 2017
       Time-Step Length (HHMMSS): 000400
                 VDIFF completed...       1.2792 seconds
                COUPLE completed...       0.0921 seconds
                  HADV completed...       1.9609 seconds
                  ZADV completed...       0.3004 seconds
                 HDIFF completed...       0.2132 seconds
              DECOUPLE completed...       0.0439 seconds
                  PHOT completed...       0.4018 seconds
               CLDPROC completed...       0.1743 seconds
                  CHEM completed...       0.6557 seconds
                  AERO completed...       0.8204 seconds
            Master Time Step
            Processing completed...       5.9463 seconds

     Processing Day/Time [YYYYDDD:HHMMSS]: 2017357:145600
       Which is Equivalent to (UTC): 14:56:00 Saturday,  Dec. 23, 2017
       Time-Step Length (HHMMSS): 000400
                 VDIFF completed...       2.8917 seconds
                COUPLE completed...       0.1705 seconds
                  HADV completed...       1.1028 seconds
                  ZADV completed...       0.2976 seconds
                 HDIFF completed...       0.2273 seconds
              DECOUPLE completed...       0.0439 seconds
                  PHOT completed...       0.4145 seconds
               CLDPROC completed...       1.8453 seconds
                  CHEM completed...       0.7077 seconds
                  AERO completed...       0.8453 seconds
            Master Time Step
            Processing completed...       8.5522 seconds

      =--> Data Output completed...       1.2105 seconds

     Processing Day/Time [YYYYDDD:HHMMSS]: 2017357:150000
       Which is Equivalent to (UTC): 15:00:00 Saturday,  Dec. 23, 2017
       Time-Step Length (HHMMSS): 000500
                 VDIFF completed...       5.5241 seconds
                COUPLE completed...       0.1394 seconds
                  HADV completed...       2.5556 seconds
                  ZADV completed...       0.3212 seconds
                 HDIFF completed...       0.2041 seconds
              DECOUPLE completed...       0.0649 seconds
                  PHOT completed...       1.6248 seconds
               CLDPROC completed...       0.2151 seconds
                  CHEM completed...       0.8206 seconds
                  AERO completed...       0.8736 seconds
            Master Time Step
            Processing completed...      12.3449 seconds

     Processing Day/Time [YYYYDDD:HHMMSS]: 2017357:150500
       Which is Equivalent to (UTC): 15:05:00 Saturday,  Dec. 23, 2017
       Time-Step Length (HHMMSS): 000500
                 VDIFF completed...       0.9949 seconds
                COUPLE completed...       0.0927 seconds
                  HADV completed...       2.4448 seconds
                  ZADV completed...       0.2986 seconds
                 HDIFF completed...       0.2194 seconds
              DECOUPLE completed...       0.0437 seconds
                  PHOT completed...       0.4554 seconds
               CLDPROC completed...       0.2206 seconds
                  CHEM completed...       0.9164 seconds
                  AERO completed...       0.8663 seconds
            Master Time Step
            Processing completed...       6.5539 seconds

     Processing Day/Time [YYYYDDD:HHMMSS]: 2017357:151000
       Which is Equivalent to (UTC): 15:10:00 Saturday,  Dec. 23, 2017
       Time-Step Length (HHMMSS): 000500
                 VDIFF completed...       0.9139 seconds
                COUPLE completed...       0.0935 seconds
                  HADV completed...       2.2619 seconds
                  ZADV completed...       0.3001 seconds
                 HDIFF completed...       0.2168 seconds
              DECOUPLE completed...       0.0441 seconds
                  PHOT completed...       0.4696 seconds
               CLDPROC completed...       0.2166 seconds
                  CHEM completed...       0.9270 seconds
                  AERO completed...       0.8659 seconds
            Master Time Step
            Processing completed...       6.3116 seconds

     Processing Day/Time [YYYYDDD:HHMMSS]: 2017357:151500
       Which is Equivalent to (UTC): 15:15:00 Saturday,  Dec. 23, 2017
       Time-Step Length (HHMMSS): 000500
                 VDIFF completed...       0.9081 seconds
                COUPLE completed...       0.0858 seconds
                  HADV completed...       2.2805 seconds
                  ZADV completed...       0.3019 seconds
                 HDIFF completed...       0.2144 seconds
              DECOUPLE completed...       0.0441 seconds
                  PHOT completed...       0.4683 seconds
               CLDPROC completed...       0.2171 seconds
                  CHEM completed...       0.9102 seconds
                  AERO completed...       0.8698 seconds
            Master Time Step
            Processing completed...       6.3052 seconds

     Processing Day/Time [YYYYDDD:HHMMSS]: 2017357:152000
       Which is Equivalent to (UTC): 15:20:00 Saturday,  Dec. 23, 2017
       Time-Step Length (HHMMSS): 000500
                 VDIFF completed...       0.9053 seconds
                COUPLE completed...       0.0815 seconds
                  HADV completed...       2.3071 seconds
                  ZADV completed...       0.2995 seconds
                 HDIFF completed...       0.2164 seconds
              DECOUPLE completed...       0.0444 seconds
                  PHOT completed...       0.4684 seconds
               CLDPROC completed...       0.2207 seconds
                  CHEM completed...       0.9085 seconds
                  AERO completed...       0.8729 seconds
            Master Time Step
            Processing completed...       6.3295 seconds

     Processing Day/Time [YYYYDDD:HHMMSS]: 2017357:152500
       Which is Equivalent to (UTC): 15:25:00 Saturday,  Dec. 23, 2017
       Time-Step Length (HHMMSS): 000500
                 VDIFF completed...       0.9089 seconds
                COUPLE completed...       0.0801 seconds
                  HADV completed...       2.2875 seconds
                  ZADV completed...       0.2994 seconds
                 HDIFF completed...       0.2175 seconds
              DECOUPLE completed...       0.0442 seconds
                  PHOT completed...       0.4699 seconds
               CLDPROC completed...       0.2230 seconds
                  CHEM completed...       0.9076 seconds
                  AERO completed...       0.8760 seconds
            Master Time Step
            Processing completed...       6.3189 seconds

     Processing Day/Time [YYYYDDD:HHMMSS]: 2017357:153000
       Which is Equivalent to (UTC): 15:30:00 Saturday,  Dec. 23, 2017
       Time-Step Length (HHMMSS): 000500
                 VDIFF completed...       0.9067 seconds
                COUPLE completed...       0.0789 seconds
                  HADV completed...       2.2918 seconds
                  ZADV completed...       0.3028 seconds
                 HDIFF completed...       0.2122 seconds
              DECOUPLE completed...       0.0436 seconds
                  PHOT completed...       0.4690 seconds
               CLDPROC completed...       0.2268 seconds
                  CHEM completed...       0.9082 seconds
                  AERO completed...       0.8758 seconds
            Master Time Step
            Processing completed...       6.3206 seconds

     Processing Day/Time [YYYYDDD:HHMMSS]: 2017357:153500
       Which is Equivalent to (UTC): 15:35:00 Saturday,  Dec. 23, 2017
       Time-Step Length (HHMMSS): 000500
                 VDIFF completed...       0.9143 seconds
                COUPLE completed...       0.0813 seconds
                  HADV completed...       2.2793 seconds
                  ZADV completed...       0.2996 seconds
                 HDIFF completed...       0.2165 seconds
              DECOUPLE completed...       0.0444 seconds
                  PHOT completed...       0.4676 seconds
               CLDPROC completed...       0.2277 seconds
                  CHEM completed...       0.9128 seconds
                  AERO completed...       0.8747 seconds
            Master Time Step
            Processing completed...       6.3230 seconds

     Processing Day/Time [YYYYDDD:HHMMSS]: 2017357:154000
       Which is Equivalent to (UTC): 15:40:00 Saturday,  Dec. 23, 2017
       Time-Step Length (HHMMSS): 000500
                 VDIFF completed...       0.9180 seconds
                COUPLE completed...       0.0787 seconds
                  HADV completed...       2.2742 seconds
                  ZADV completed...       0.2985 seconds
                 HDIFF completed...       0.2172 seconds
              DECOUPLE completed...       0.0443 seconds
                  PHOT completed...       0.4675 seconds
               CLDPROC completed...       0.2291 seconds
                  CHEM completed...       0.9130 seconds
                  AERO completed...       0.8767 seconds
            Master Time Step
            Processing completed...       6.3220 seconds

     Processing Day/Time [YYYYDDD:HHMMSS]: 2017357:154500
       Which is Equivalent to (UTC): 15:45:00 Saturday,  Dec. 23, 2017
       Time-Step Length (HHMMSS): 000500
                 VDIFF completed...       0.9067 seconds
                COUPLE completed...       0.0810 seconds
                  HADV completed...       2.2821 seconds
                  ZADV completed...       0.3008 seconds
                 HDIFF completed...       0.2151 seconds
              DECOUPLE completed...       0.0446 seconds
                  PHOT completed...       0.4676 seconds
               CLDPROC completed...       0.2301 seconds
                  CHEM completed...       0.9145 seconds
                  AERO completed...       0.8772 seconds
            Master Time Step
            Processing completed...       6.3242 seconds

     Processing Day/Time [YYYYDDD:HHMMSS]: 2017357:155000
       Which is Equivalent to (UTC): 15:50:00 Saturday,  Dec. 23, 2017
       Time-Step Length (HHMMSS): 000500
                 VDIFF completed...       0.9187 seconds
                COUPLE completed...       0.0815 seconds
                  HADV completed...       2.4027 seconds
                  ZADV completed...       0.3019 seconds
                 HDIFF completed...       0.2136 seconds
              DECOUPLE completed...       0.0443 seconds
                  PHOT completed...       0.4678 seconds
               CLDPROC completed...       0.2322 seconds
                  CHEM completed...       0.9154 seconds
                  AERO completed...       0.8747 seconds
            Master Time Step
            Processing completed...       6.4578 seconds

     Processing Day/Time [YYYYDDD:HHMMSS]: 2017357:155500
       Which is Equivalent to (UTC): 15:55:00 Saturday,  Dec. 23, 2017
       Time-Step Length (HHMMSS): 000500
                 VDIFF completed...       2.5509 seconds
                COUPLE completed...       0.1709 seconds
                  HADV completed...       1.4823 seconds
                  ZADV completed...       0.2985 seconds
                 HDIFF completed...       0.2173 seconds
              DECOUPLE completed...       0.0447 seconds
                  PHOT completed...       0.4676 seconds
               CLDPROC completed...       1.7776 seconds
                  CHEM completed...       0.9306 seconds
                  AERO completed...       0.8994 seconds
            Master Time Step
            Processing completed...       8.8453 seconds

      =--> Data Output completed...       1.0957 seconds

     Processing Day/Time [YYYYDDD:HHMMSS]: 2017357:160000
       Which is Equivalent to (UTC): 16:00:00 Saturday,  Dec. 23, 2017
       Time-Step Length (HHMMSS): 000500
                 VDIFF completed...       5.6690 seconds
                COUPLE completed...       0.1323 seconds
                  HADV completed...       2.5581 seconds
                  ZADV completed...       0.2975 seconds
                 HDIFF completed...       0.2177 seconds
              DECOUPLE completed...       0.0442 seconds
                  PHOT completed...       1.5961 seconds
               CLDPROC completed...       0.2371 seconds
                  CHEM completed...       0.9109 seconds
                  AERO completed...       0.8798 seconds
            Master Time Step
            Processing completed...      12.5470 seconds

     Processing Day/Time [YYYYDDD:HHMMSS]: 2017357:160500
       Which is Equivalent to (UTC): 16:05:00 Saturday,  Dec. 23, 2017
       Time-Step Length (HHMMSS): 000500
                 VDIFF completed...       0.9408 seconds
                COUPLE completed...       0.0748 seconds
                  HADV completed...       2.1838 seconds
                  ZADV completed...       0.2982 seconds
                 HDIFF completed...       0.2183 seconds
              DECOUPLE completed...       0.0450 seconds
                  PHOT completed...       0.4676 seconds
               CLDPROC completed...       0.2333 seconds
                  CHEM completed...       0.9049 seconds
                  AERO completed...       0.8803 seconds
            Master Time Step
            Processing completed...       6.2513 seconds

     Processing Day/Time [YYYYDDD:HHMMSS]: 2017357:161000
       Which is Equivalent to (UTC): 16:10:00 Saturday,  Dec. 23, 2017
       Time-Step Length (HHMMSS): 000500
                 VDIFF completed...       0.9377 seconds
                COUPLE completed...       0.0742 seconds
                  HADV completed...       2.1342 seconds
                  ZADV completed...       0.2996 seconds
                 HDIFF completed...       0.2161 seconds
              DECOUPLE completed...       0.0437 seconds
                  PHOT completed...       0.4683 seconds
               CLDPROC completed...       0.2348 seconds
                  CHEM completed...       0.9017 seconds
                  AERO completed...       0.8812 seconds
            Master Time Step
            Processing completed...       6.1960 seconds

     Processing Day/Time [YYYYDDD:HHMMSS]: 2017357:161500
       Which is Equivalent to (UTC): 16:15:00 Saturday,  Dec. 23, 2017
       Time-Step Length (HHMMSS): 000500
                 VDIFF completed...       0.9346 seconds
                COUPLE completed...       0.0737 seconds
                  HADV completed...       2.1410 seconds
                  ZADV completed...       0.2977 seconds
                 HDIFF completed...       0.2183 seconds
              DECOUPLE completed...       0.0440 seconds
                  PHOT completed...       0.4675 seconds
               CLDPROC completed...       0.2351 seconds
                  CHEM completed...       0.8998 seconds
                  AERO completed...       0.8828 seconds
            Master Time Step
            Processing completed...       6.1995 seconds

     Processing Day/Time [YYYYDDD:HHMMSS]: 2017357:162000
       Which is Equivalent to (UTC): 16:20:00 Saturday,  Dec. 23, 2017
       Time-Step Length (HHMMSS): 000500
                 VDIFF completed...       0.9299 seconds
                COUPLE completed...       0.0736 seconds
                  HADV completed...       2.1514 seconds
                  ZADV completed...       0.2996 seconds
                 HDIFF completed...       0.2168 seconds
              DECOUPLE completed...       0.0442 seconds
                  PHOT completed...       0.4678 seconds
               CLDPROC completed...       0.2347 seconds
                  CHEM completed...       0.8970 seconds
                  AERO completed...       0.8827 seconds
            Master Time Step
            Processing completed...       6.2028 seconds

     Processing Day/Time [YYYYDDD:HHMMSS]: 2017357:162500
       Which is Equivalent to (UTC): 16:25:00 Saturday,  Dec. 23, 2017
       Time-Step Length (HHMMSS): 000500
                 VDIFF completed...       0.9380 seconds
                COUPLE completed...       0.0744 seconds
                  HADV completed...       2.1139 seconds
                  ZADV completed...       0.2995 seconds
                 HDIFF completed...       0.2164 seconds
              DECOUPLE completed...       0.0442 seconds
                  PHOT completed...       0.4682 seconds
               CLDPROC completed...       0.2343 seconds
                  CHEM completed...       0.8959 seconds
                  AERO completed...       0.8840 seconds
            Master Time Step
            Processing completed...       6.1738 seconds

     Processing Day/Time [YYYYDDD:HHMMSS]: 2017357:163000
       Which is Equivalent to (UTC): 16:30:00 Saturday,  Dec. 23, 2017
       Time-Step Length (HHMMSS): 000500
                 VDIFF completed...       0.9370 seconds
                COUPLE completed...       0.0699 seconds
                  HADV completed...       2.1222 seconds
                  ZADV completed...       0.3001 seconds
                 HDIFF completed...       0.2157 seconds
              DECOUPLE completed...       0.0450 seconds
                  PHOT completed...       0.4668 seconds
               CLDPROC completed...       0.2357 seconds
                  CHEM completed...       0.8946 seconds
                  AERO completed...       0.8855 seconds
            Master Time Step
            Processing completed...       6.1771 seconds

     Processing Day/Time [YYYYDDD:HHMMSS]: 2017357:163500
       Which is Equivalent to (UTC): 16:35:00 Saturday,  Dec. 23, 2017
       Time-Step Length (HHMMSS): 000500
                 VDIFF completed...       0.9328 seconds
                COUPLE completed...       0.0690 seconds
                  HADV completed...       2.2875 seconds
                  ZADV completed...       0.2979 seconds
                 HDIFF completed...       0.2190 seconds
              DECOUPLE completed...       0.0459 seconds
                  PHOT completed...       0.4659 seconds
               CLDPROC completed...       0.2350 seconds
                  CHEM completed...       0.8906 seconds
                  AERO completed...       0.8895 seconds
            Master Time Step
            Processing completed...       6.3365 seconds

     Processing Day/Time [YYYYDDD:HHMMSS]: 2017357:164000
       Which is Equivalent to (UTC): 16:40:00 Saturday,  Dec. 23, 2017
       Time-Step Length (HHMMSS): 000500
                 VDIFF completed...       0.9342 seconds
                COUPLE completed...       0.0700 seconds
                  HADV completed...       2.1027 seconds
                  ZADV completed...       0.2992 seconds
                 HDIFF completed...       0.2164 seconds
              DECOUPLE completed...       0.0441 seconds
                  PHOT completed...       0.4672 seconds
               CLDPROC completed...       0.2346 seconds
                  CHEM completed...       0.8880 seconds
                  AERO completed...       0.8888 seconds
            Master Time Step
            Processing completed...       6.1501 seconds

     Processing Day/Time [YYYYDDD:HHMMSS]: 2017357:164500
       Which is Equivalent to (UTC): 16:45:00 Saturday,  Dec. 23, 2017
       Time-Step Length (HHMMSS): 000500
                 VDIFF completed...       0.9342 seconds
                COUPLE completed...       0.0686 seconds
                  HADV completed...       2.1003 seconds
                  ZADV completed...       0.2985 seconds
                 HDIFF completed...       0.2177 seconds
              DECOUPLE completed...       0.0438 seconds
                  PHOT completed...       0.4686 seconds
               CLDPROC completed...       0.2337 seconds
                  CHEM completed...       0.8842 seconds
                  AERO completed...       0.8914 seconds
            Master Time Step
            Processing completed...       6.1462 seconds

     Processing Day/Time [YYYYDDD:HHMMSS]: 2017357:165000
       Which is Equivalent to (UTC): 16:50:00 Saturday,  Dec. 23, 2017
       Time-Step Length (HHMMSS): 000500
                 VDIFF completed...       0.9324 seconds
                COUPLE completed...       0.0683 seconds
                  HADV completed...       2.0804 seconds
                  ZADV completed...       0.3009 seconds
                 HDIFF completed...       0.2153 seconds
              DECOUPLE completed...       0.0443 seconds
                  PHOT completed...       0.4670 seconds
               CLDPROC completed...       0.2359 seconds
                  CHEM completed...       0.8821 seconds
                  AERO completed...       0.8907 seconds
            Master Time Step
            Processing completed...       6.1223 seconds

     Processing Day/Time [YYYYDDD:HHMMSS]: 2017357:165500
       Which is Equivalent to (UTC): 16:55:00 Saturday,  Dec. 23, 2017
       Time-Step Length (HHMMSS): 000500
                 VDIFF completed...       2.6306 seconds
                COUPLE completed...       0.1706 seconds
                  HADV completed...       1.4294 seconds
                  ZADV completed...       0.3012 seconds
                 HDIFF completed...       0.2149 seconds
              DECOUPLE completed...       0.0443 seconds
                  PHOT completed...       0.4675 seconds
               CLDPROC completed...       1.6740 seconds
                  CHEM completed...       0.8856 seconds
                  AERO completed...       0.9213 seconds
            Master Time Step
            Processing completed...       8.7457 seconds

      =--> Data Output completed...       1.0552 seconds

     Processing Day/Time [YYYYDDD:HHMMSS]: 2017357:170000
       Which is Equivalent to (UTC): 17:00:00 Saturday,  Dec. 23, 2017
       Time-Step Length (HHMMSS): 000500
                 VDIFF completed...       5.3810 seconds
                COUPLE completed...       0.1245 seconds
                  HADV completed...       2.5389 seconds
                  ZADV completed...       0.3009 seconds
                 HDIFF completed...       0.2155 seconds
              DECOUPLE completed...       0.0443 seconds
                  PHOT completed...       1.6251 seconds
               CLDPROC completed...       0.2383 seconds
                  CHEM completed...       0.8753 seconds
                  AERO completed...       0.8971 seconds
            Master Time Step
            Processing completed...      12.2428 seconds

     Processing Day/Time [YYYYDDD:HHMMSS]: 2017357:170500
       Which is Equivalent to (UTC): 17:05:00 Saturday,  Dec. 23, 2017
       Time-Step Length (HHMMSS): 000500
                 VDIFF completed...       0.9010 seconds
                COUPLE completed...       0.0710 seconds
                  HADV completed...       2.0901 seconds
                  ZADV completed...       0.3021 seconds
                 HDIFF completed...       0.2920 seconds
              DECOUPLE completed...       0.0444 seconds
                  PHOT completed...       0.4667 seconds
               CLDPROC completed...       0.2366 seconds
                  CHEM completed...       0.8992 seconds
                  AERO completed...       0.8839 seconds
            Master Time Step
            Processing completed...       6.1916 seconds

     Processing Day/Time [YYYYDDD:HHMMSS]: 2017357:171000
       Which is Equivalent to (UTC): 17:10:00 Saturday,  Dec. 23, 2017
       Time-Step Length (HHMMSS): 000500
                 VDIFF completed...       0.9111 seconds
                COUPLE completed...       0.0644 seconds
                  HADV completed...       2.0784 seconds
                  ZADV completed...       0.2995 seconds
                 HDIFF completed...       0.2161 seconds
              DECOUPLE completed...       0.0436 seconds
                  PHOT completed...       0.4692 seconds
               CLDPROC completed...       0.2367 seconds
                  CHEM completed...       0.8754 seconds
                  AERO completed...       0.8901 seconds
            Master Time Step
            Processing completed...       6.0858 seconds

     Processing Day/Time [YYYYDDD:HHMMSS]: 2017357:171500
       Which is Equivalent to (UTC): 17:15:00 Saturday,  Dec. 23, 2017
       Time-Step Length (HHMMSS): 000500
                 VDIFF completed...       0.9150 seconds
                COUPLE completed...       0.0686 seconds
                  HADV completed...       2.0929 seconds
                  ZADV completed...       0.2997 seconds
                 HDIFF completed...       0.2157 seconds
              DECOUPLE completed...       0.0436 seconds
                  PHOT completed...       0.4685 seconds
               CLDPROC completed...       0.2366 seconds
                  CHEM completed...       0.8746 seconds
                  AERO completed...       0.8928 seconds
            Master Time Step
            Processing completed...       6.1119 seconds

     Processing Day/Time [YYYYDDD:HHMMSS]: 2017357:172000
       Which is Equivalent to (UTC): 17:20:00 Saturday,  Dec. 23, 2017
       Time-Step Length (HHMMSS): 000500
                 VDIFF completed...       0.9327 seconds
                COUPLE completed...       0.0665 seconds
                  HADV completed...       2.0768 seconds
                  ZADV completed...       0.3005 seconds
                 HDIFF completed...       0.2146 seconds
              DECOUPLE completed...       0.0443 seconds
                  PHOT completed...       0.4678 seconds
               CLDPROC completed...       0.2362 seconds
                  CHEM completed...       0.8759 seconds
                  AERO completed...       0.8999 seconds
            Master Time Step
            Processing completed...       6.1204 seconds

     Processing Day/Time [YYYYDDD:HHMMSS]: 2017357:172500
       Which is Equivalent to (UTC): 17:25:00 Saturday,  Dec. 23, 2017
       Time-Step Length (HHMMSS): 000500
                 VDIFF completed...       0.9264 seconds
                COUPLE completed...       0.0678 seconds
                  HADV completed...       2.0728 seconds
                  ZADV completed...       0.3023 seconds
                 HDIFF completed...       0.2127 seconds
              DECOUPLE completed...       0.0445 seconds
                  PHOT completed...       0.4665 seconds
               CLDPROC completed...       0.2370 seconds
                  CHEM completed...       0.8743 seconds
                  AERO completed...       0.8950 seconds
            Master Time Step
            Processing completed...       6.1043 seconds

     Processing Day/Time [YYYYDDD:HHMMSS]: 2017357:173000
       Which is Equivalent to (UTC): 17:30:00 Saturday,  Dec. 23, 2017
       Time-Step Length (HHMMSS): 000500
                 VDIFF completed...       0.9327 seconds
                COUPLE completed...       0.0670 seconds
                  HADV completed...       2.0752 seconds
                  ZADV completed...       0.3018 seconds
                 HDIFF completed...       0.2119 seconds
              DECOUPLE completed...       0.0442 seconds
                  PHOT completed...       0.4666 seconds
               CLDPROC completed...       0.2386 seconds
                  CHEM completed...       0.8724 seconds
                  AERO completed...       0.8942 seconds
            Master Time Step
            Processing completed...       6.1095 seconds

     Processing Day/Time [YYYYDDD:HHMMSS]: 2017357:173500
       Which is Equivalent to (UTC): 17:35:00 Saturday,  Dec. 23, 2017
       Time-Step Length (HHMMSS): 000500
                 VDIFF completed...       0.9369 seconds
                COUPLE completed...       0.0669 seconds
                  HADV completed...       2.0704 seconds
                  ZADV completed...       0.3012 seconds
                 HDIFF completed...       0.2131 seconds
              DECOUPLE completed...       0.0439 seconds
                  PHOT completed...       0.4682 seconds
               CLDPROC completed...       0.2378 seconds
                  CHEM completed...       0.8719 seconds
                  AERO completed...       0.8968 seconds
            Master Time Step
            Processing completed...       6.1120 seconds

     Processing Day/Time [YYYYDDD:HHMMSS]: 2017357:174000
       Which is Equivalent to (UTC): 17:40:00 Saturday,  Dec. 23, 2017
       Time-Step Length (HHMMSS): 000500
                 VDIFF completed...       0.9367 seconds
                COUPLE completed...       0.0696 seconds
                  HADV completed...       2.0522 seconds
                  ZADV completed...       0.2989 seconds
                 HDIFF completed...       0.2155 seconds
              DECOUPLE completed...       0.0438 seconds
                  PHOT completed...       0.4675 seconds
               CLDPROC completed...       0.2381 seconds
                  CHEM completed...       0.8705 seconds
                  AERO completed...       0.8978 seconds
            Master Time Step
            Processing completed...       6.0949 seconds

     Processing Day/Time [YYYYDDD:HHMMSS]: 2017357:174500
       Which is Equivalent to (UTC): 17:45:00 Saturday,  Dec. 23, 2017
       Time-Step Length (HHMMSS): 000500
                 VDIFF completed...       0.9356 seconds
                COUPLE completed...       0.0688 seconds
                  HADV completed...       2.0512 seconds
                  ZADV completed...       0.3025 seconds
                 HDIFF completed...       0.2122 seconds
              DECOUPLE completed...       0.0440 seconds
                  PHOT completed...       0.4675 seconds
               CLDPROC completed...       0.2384 seconds
                  CHEM completed...       0.8722 seconds
                  AERO completed...       0.9026 seconds
            Master Time Step
            Processing completed...       6.0987 seconds

     Processing Day/Time [YYYYDDD:HHMMSS]: 2017357:175000
       Which is Equivalent to (UTC): 17:50:00 Saturday,  Dec. 23, 2017
       Time-Step Length (HHMMSS): 000500
                 VDIFF completed...       0.9309 seconds
                COUPLE completed...       0.0697 seconds
                  HADV completed...       2.0397 seconds
                  ZADV completed...       0.3012 seconds
                 HDIFF completed...       0.2127 seconds
              DECOUPLE completed...       0.0440 seconds
                  PHOT completed...       0.4663 seconds
               CLDPROC completed...       0.2392 seconds
                  CHEM completed...       0.8727 seconds
                  AERO completed...       0.9030 seconds
            Master Time Step
            Processing completed...       6.0824 seconds

     Processing Day/Time [YYYYDDD:HHMMSS]: 2017357:175500
       Which is Equivalent to (UTC): 17:55:00 Saturday,  Dec. 23, 2017
       Time-Step Length (HHMMSS): 000500
                 VDIFF completed...       2.6764 seconds
                COUPLE completed...       0.1709 seconds
                  HADV completed...       1.3753 seconds
                  ZADV completed...       0.2998 seconds
                 HDIFF completed...       0.2154 seconds
              DECOUPLE completed...       0.0440 seconds
                  PHOT completed...       0.4676 seconds
               CLDPROC completed...       1.5924 seconds
                  CHEM completed...       0.8818 seconds
                  AERO completed...       0.9237 seconds
            Master Time Step
            Processing completed...       8.6487 seconds

      =--> Data Output completed...       1.0647 seconds

     Processing Day/Time [YYYYDDD:HHMMSS]: 2017357:180000
       Which is Equivalent to (UTC): 18:00:00 Saturday,  Dec. 23, 2017
       Time-Step Length (HHMMSS): 000500
                 VDIFF completed...       5.5809 seconds
                COUPLE completed...       0.1208 seconds
                  HADV completed...       2.6141 seconds
                  ZADV completed...       0.3017 seconds
                 HDIFF completed...       0.2121 seconds
              DECOUPLE completed...       0.0445 seconds
                  PHOT completed...       1.5715 seconds
               CLDPROC completed...       0.2400 seconds
                  CHEM completed...       0.8670 seconds
                  AERO completed...       0.9215 seconds
            Master Time Step
            Processing completed...      12.4775 seconds

     Processing Day/Time [YYYYDDD:HHMMSS]: 2017357:180500
       Which is Equivalent to (UTC): 18:05:00 Saturday,  Dec. 23, 2017
       Time-Step Length (HHMMSS): 000500
                 VDIFF completed...       0.9250 seconds
                COUPLE completed...       0.0731 seconds
                  HADV completed...       2.1106 seconds
                  ZADV completed...       0.3043 seconds
                 HDIFF completed...       0.2161 seconds
              DECOUPLE completed...       0.0492 seconds
                  PHOT completed...       0.4635 seconds
               CLDPROC completed...       0.2312 seconds
                  CHEM completed...       0.8663 seconds
                  AERO completed...       0.9165 seconds
            Master Time Step
            Processing completed...       6.1568 seconds

     Processing Day/Time [YYYYDDD:HHMMSS]: 2017357:181000
       Which is Equivalent to (UTC): 18:10:00 Saturday,  Dec. 23, 2017
       Time-Step Length (HHMMSS): 000500
                 VDIFF completed...       0.9286 seconds
                COUPLE completed...       0.0743 seconds
                  HADV completed...       2.1079 seconds
                  ZADV completed...       0.3003 seconds
                 HDIFF completed...       0.2146 seconds
              DECOUPLE completed...       0.0451 seconds
                  PHOT completed...       0.4708 seconds
               CLDPROC completed...       0.2337 seconds
                  CHEM completed...       0.8678 seconds
                  AERO completed...       0.9158 seconds
            Master Time Step
            Processing completed...       6.1634 seconds

     Processing Day/Time [YYYYDDD:HHMMSS]: 2017357:181500
       Which is Equivalent to (UTC): 18:15:00 Saturday,  Dec. 23, 2017
       Time-Step Length (HHMMSS): 000500
                 VDIFF completed...       0.9286 seconds
                COUPLE completed...       0.0721 seconds
                  HADV completed...       2.0941 seconds
                  ZADV completed...       0.3064 seconds
                 HDIFF completed...       0.2081 seconds
              DECOUPLE completed...       0.0449 seconds
                  PHOT completed...       0.4705 seconds
               CLDPROC completed...       0.2346 seconds
                  CHEM completed...       0.8648 seconds
                  AERO completed...       0.9220 seconds
            Master Time Step
            Processing completed...       6.1504 seconds

     Processing Day/Time [YYYYDDD:HHMMSS]: 2017357:182000
       Which is Equivalent to (UTC): 18:20:00 Saturday,  Dec. 23, 2017
       Time-Step Length (HHMMSS): 000500
                 VDIFF completed...       0.9237 seconds
                COUPLE completed...       0.0695 seconds
                  HADV completed...       2.1224 seconds
                  ZADV completed...       0.3050 seconds
                 HDIFF completed...       0.2092 seconds
              DECOUPLE completed...       0.0454 seconds
                  PHOT completed...       0.4691 seconds
               CLDPROC completed...       0.2349 seconds
                  CHEM completed...       0.8654 seconds
                  AERO completed...       0.9254 seconds
            Master Time Step
            Processing completed...       6.1751 seconds

     Processing Day/Time [YYYYDDD:HHMMSS]: 2017357:182500
       Which is Equivalent to (UTC): 18:25:00 Saturday,  Dec. 23, 2017
       Time-Step Length (HHMMSS): 000500
                 VDIFF completed...       0.9252 seconds
                COUPLE completed...       0.0729 seconds
                  HADV completed...       2.0979 seconds
                  ZADV completed...       0.3056 seconds
                 HDIFF completed...       0.2096 seconds
              DECOUPLE completed...       0.0445 seconds
                  PHOT completed...       0.4703 seconds
               CLDPROC completed...       0.2344 seconds
                  CHEM completed...       0.8635 seconds
                  AERO completed...       0.9318 seconds
            Master Time Step
            Processing completed...       6.1602 seconds

     Processing Day/Time [YYYYDDD:HHMMSS]: 2017357:183000
       Which is Equivalent to (UTC): 18:30:00 Saturday,  Dec. 23, 2017
       Time-Step Length (HHMMSS): 000500
                 VDIFF completed...       0.9211 seconds
                COUPLE completed...       0.0730 seconds
                  HADV completed...       2.0964 seconds
                  ZADV completed...       0.3052 seconds
                 HDIFF completed...       0.2725 seconds
              DECOUPLE completed...       0.0446 seconds
                  PHOT completed...       0.4699 seconds
               CLDPROC completed...       0.2347 seconds
                  CHEM completed...       0.8619 seconds
                  AERO completed...       0.9255 seconds
            Master Time Step
            Processing completed...       6.2099 seconds

     Processing Day/Time [YYYYDDD:HHMMSS]: 2017357:183500
       Which is Equivalent to (UTC): 18:35:00 Saturday,  Dec. 23, 2017
       Time-Step Length (HHMMSS): 000500
                 VDIFF completed...       0.9288 seconds
                COUPLE completed...       0.0732 seconds
                  HADV completed...       2.0858 seconds
                  ZADV completed...       0.3050 seconds
                 HDIFF completed...       0.2084 seconds
              DECOUPLE completed...       0.0445 seconds
                  PHOT completed...       0.4700 seconds
               CLDPROC completed...       0.2344 seconds
                  CHEM completed...       0.8610 seconds
                  AERO completed...       0.9270 seconds
            Master Time Step
            Processing completed...       6.1433 seconds

     Processing Day/Time [YYYYDDD:HHMMSS]: 2017357:184000
       Which is Equivalent to (UTC): 18:40:00 Saturday,  Dec. 23, 2017
       Time-Step Length (HHMMSS): 000500
                 VDIFF completed...       0.9327 seconds
                COUPLE completed...       0.0747 seconds
                  HADV completed...       2.0733 seconds
                  ZADV completed...       0.3046 seconds
                 HDIFF completed...       0.2099 seconds
              DECOUPLE completed...       0.0441 seconds
                  PHOT completed...       0.4706 seconds
               CLDPROC completed...       0.2340 seconds
                  CHEM completed...       0.8593 seconds
                  AERO completed...       0.9425 seconds
            Master Time Step
            Processing completed...       6.1507 seconds

     Processing Day/Time [YYYYDDD:HHMMSS]: 2017357:184500
       Which is Equivalent to (UTC): 18:45:00 Saturday,  Dec. 23, 2017
       Time-Step Length (HHMMSS): 000500
                 VDIFF completed...       0.9240 seconds
                COUPLE completed...       0.0815 seconds
                  HADV completed...       2.0615 seconds
                  ZADV completed...       0.3055 seconds
                 HDIFF completed...       0.2088 seconds
              DECOUPLE completed...       0.0445 seconds
                  PHOT completed...       0.4695 seconds
               CLDPROC completed...       0.2341 seconds
                  CHEM completed...       0.8585 seconds
                  AERO completed...       0.9413 seconds
            Master Time Step
            Processing completed...       6.1342 seconds

     Processing Day/Time [YYYYDDD:HHMMSS]: 2017357:185000
       Which is Equivalent to (UTC): 18:50:00 Saturday,  Dec. 23, 2017
       Time-Step Length (HHMMSS): 000500
                 VDIFF completed...       0.9250 seconds
                COUPLE completed...       0.0848 seconds
                  HADV completed...       2.0536 seconds
                  ZADV completed...       0.3052 seconds
                 HDIFF completed...       0.2086 seconds
              DECOUPLE completed...       0.0443 seconds
                  PHOT completed...       0.4702 seconds
               CLDPROC completed...       0.2343 seconds
                  CHEM completed...       0.8584 seconds
                  AERO completed...       0.9434 seconds
            Master Time Step
            Processing completed...       6.1330 seconds

     Processing Day/Time [YYYYDDD:HHMMSS]: 2017357:185500
       Which is Equivalent to (UTC): 18:55:00 Saturday,  Dec. 23, 2017
       Time-Step Length (HHMMSS): 000500
                 VDIFF completed...       2.7575 seconds
                COUPLE completed...       0.1706 seconds
                  HADV completed...       1.4411 seconds
                  ZADV completed...       0.3050 seconds
                 HDIFF completed...       0.2095 seconds
              DECOUPLE completed...       0.0446 seconds
                  PHOT completed...       0.4716 seconds
               CLDPROC completed...       1.6724 seconds
                  CHEM completed...       0.8748 seconds
                  AERO completed...       0.9753 seconds
            Master Time Step
            Processing completed...       8.9279 seconds

      =--> Data Output completed...       1.0533 seconds

     Processing Day/Time [YYYYDDD:HHMMSS]: 2017357:190000
       Which is Equivalent to (UTC): 19:00:00 Saturday,  Dec. 23, 2017
       Time-Step Length (HHMMSS): 000500
                 VDIFF completed...       5.6058 seconds
                COUPLE completed...       0.1136 seconds
                  HADV completed...       2.7948 seconds
                  ZADV completed...       0.3028 seconds
                 HDIFF completed...       0.2110 seconds
              DECOUPLE completed...       0.0442 seconds
                  PHOT completed...       2.3488 seconds
               CLDPROC completed...       0.2410 seconds
                  CHEM completed...       0.8503 seconds
                  AERO completed...       0.9468 seconds
            Master Time Step
            Processing completed...      13.4622 seconds

     Processing Day/Time [YYYYDDD:HHMMSS]: 2017357:190500
       Which is Equivalent to (UTC): 19:05:00 Saturday,  Dec. 23, 2017
       Time-Step Length (HHMMSS): 000500
                 VDIFF completed...       0.9659 seconds
                COUPLE completed...       0.0875 seconds
                  HADV completed...       2.0469 seconds
                  ZADV completed...       0.3048 seconds
                 HDIFF completed...       0.2084 seconds
              DECOUPLE completed...       0.0442 seconds
                  PHOT completed...       0.4686 seconds
               CLDPROC completed...       0.2371 seconds
                  CHEM completed...       0.8521 seconds
                  AERO completed...       0.9480 seconds
            Master Time Step
            Processing completed...       6.1646 seconds

     Processing Day/Time [YYYYDDD:HHMMSS]: 2017357:191000
       Which is Equivalent to (UTC): 19:10:00 Saturday,  Dec. 23, 2017
       Time-Step Length (HHMMSS): 000500
                 VDIFF completed...       0.9424 seconds
                COUPLE completed...       0.0929 seconds
                  HADV completed...       2.0357 seconds
                  ZADV completed...       0.3012 seconds
                 HDIFF completed...       0.2109 seconds
              DECOUPLE completed...       0.0437 seconds
                  PHOT completed...       0.4687 seconds
               CLDPROC completed...       0.2361 seconds
                  CHEM completed...       0.8496 seconds
                  AERO completed...       0.9507 seconds
            Master Time Step
            Processing completed...       6.1363 seconds

     Processing Day/Time [YYYYDDD:HHMMSS]: 2017357:191500
       Which is Equivalent to (UTC): 19:15:00 Saturday,  Dec. 23, 2017
       Time-Step Length (HHMMSS): 000500
                 VDIFF completed...       0.9416 seconds
                COUPLE completed...       0.0935 seconds
                  HADV completed...       2.1665 seconds
                  ZADV completed...       0.3028 seconds
                 HDIFF completed...       0.2096 seconds
              DECOUPLE completed...       0.0434 seconds
                  PHOT completed...       0.4680 seconds
               CLDPROC completed...       0.2368 seconds
                  CHEM completed...       0.8463 seconds
                  AERO completed...       0.9523 seconds
            Master Time Step
            Processing completed...       6.2653 seconds

     Processing Day/Time [YYYYDDD:HHMMSS]: 2017357:192000
       Which is Equivalent to (UTC): 19:20:00 Saturday,  Dec. 23, 2017
       Time-Step Length (HHMMSS): 000500
                 VDIFF completed...       0.9332 seconds
                COUPLE completed...       0.0953 seconds
                  HADV completed...       2.0410 seconds
                  ZADV completed...       0.3013 seconds
                 HDIFF completed...       0.2099 seconds
              DECOUPLE completed...       0.0441 seconds
                  PHOT completed...       0.4687 seconds
               CLDPROC completed...       0.2349 seconds
                  CHEM completed...       0.8446 seconds
                  AERO completed...       0.9514 seconds
            Master Time Step
            Processing completed...       6.1299 seconds

     Processing Day/Time [YYYYDDD:HHMMSS]: 2017357:192500
       Which is Equivalent to (UTC): 19:25:00 Saturday,  Dec. 23, 2017
       Time-Step Length (HHMMSS): 000500
                 VDIFF completed...       0.9322 seconds
                COUPLE completed...       0.0927 seconds
                  HADV completed...       2.0453 seconds
                  ZADV completed...       0.3049 seconds
                 HDIFF completed...       0.2074 seconds
              DECOUPLE completed...       0.0436 seconds
                  PHOT completed...       0.4691 seconds
               CLDPROC completed...       0.2350 seconds
                  CHEM completed...       0.8430 seconds
                  AERO completed...       0.9602 seconds
            Master Time Step
            Processing completed...       6.1380 seconds

     Processing Day/Time [YYYYDDD:HHMMSS]: 2017357:193000
       Which is Equivalent to (UTC): 19:30:00 Saturday,  Dec. 23, 2017
       Time-Step Length (HHMMSS): 000500
                 VDIFF completed...       0.9230 seconds
                COUPLE completed...       0.0946 seconds
                  HADV completed...       2.0502 seconds
                  ZADV completed...       0.3050 seconds
                 HDIFF completed...       0.2068 seconds
              DECOUPLE completed...       0.0440 seconds
                  PHOT completed...       0.4678 seconds
               CLDPROC completed...       0.2357 seconds
                  CHEM completed...       0.8412 seconds
                  AERO completed...       0.9532 seconds
            Master Time Step
            Processing completed...       6.1262 seconds

     Processing Day/Time [YYYYDDD:HHMMSS]: 2017357:193500
       Which is Equivalent to (UTC): 19:35:00 Saturday,  Dec. 23, 2017
       Time-Step Length (HHMMSS): 000500
                 VDIFF completed...       0.9330 seconds
                COUPLE completed...       0.0944 seconds
                  HADV completed...       2.0418 seconds
                  ZADV completed...       0.3038 seconds
                 HDIFF completed...       0.2078 seconds
              DECOUPLE completed...       0.0432 seconds
                  PHOT completed...       0.4701 seconds
               CLDPROC completed...       0.2344 seconds
                  CHEM completed...       0.8386 seconds
                  AERO completed...       0.9541 seconds
            Master Time Step
            Processing completed...       6.1261 seconds

     Processing Day/Time [YYYYDDD:HHMMSS]: 2017357:194000
       Which is Equivalent to (UTC): 19:40:00 Saturday,  Dec. 23, 2017
       Time-Step Length (HHMMSS): 000500
                 VDIFF completed...       0.9275 seconds
                COUPLE completed...       0.0939 seconds
                  HADV completed...       2.0454 seconds
                  ZADV completed...       0.3020 seconds
                 HDIFF completed...       0.2091 seconds
              DECOUPLE completed...       0.0445 seconds
                  PHOT completed...       0.4686 seconds
               CLDPROC completed...       0.2334 seconds
                  CHEM completed...       0.8371 seconds
                  AERO completed...       0.9536 seconds
            Master Time Step
            Processing completed...       6.1201 seconds

     Processing Day/Time [YYYYDDD:HHMMSS]: 2017357:194500
       Which is Equivalent to (UTC): 19:45:00 Saturday,  Dec. 23, 2017
       Time-Step Length (HHMMSS): 000500
                 VDIFF completed...       0.9249 seconds
                COUPLE completed...       0.0957 seconds
                  HADV completed...       2.0335 seconds
                  ZADV completed...       0.3050 seconds
                 HDIFF completed...       0.2075 seconds
              DECOUPLE completed...       0.0444 seconds
                  PHOT completed...       0.4671 seconds
               CLDPROC completed...       0.2331 seconds
                  CHEM completed...       0.8373 seconds
                  AERO completed...       0.9560 seconds
            Master Time Step
            Processing completed...       6.1097 seconds

     Processing Day/Time [YYYYDDD:HHMMSS]: 2017357:195000
       Which is Equivalent to (UTC): 19:50:00 Saturday,  Dec. 23, 2017
       Time-Step Length (HHMMSS): 000500
                 VDIFF completed...       0.9170 seconds
                COUPLE completed...       0.1046 seconds
                  HADV completed...       2.0260 seconds
                  ZADV completed...       0.3017 seconds
                 HDIFF completed...       0.2095 seconds
              DECOUPLE completed...       0.0447 seconds
                  PHOT completed...       0.4675 seconds
               CLDPROC completed...       0.2323 seconds
                  CHEM completed...       0.8364 seconds
                  AERO completed...       0.9552 seconds
            Master Time Step
            Processing completed...       6.1002 seconds

     Processing Day/Time [YYYYDDD:HHMMSS]: 2017357:195500
       Which is Equivalent to (UTC): 19:55:00 Saturday,  Dec. 23, 2017
       Time-Step Length (HHMMSS): 000500
                 VDIFF completed...       2.7809 seconds
                COUPLE completed...       0.1701 seconds
                  HADV completed...       1.4652 seconds
                  ZADV completed...       0.3047 seconds
                 HDIFF completed...       0.2067 seconds
              DECOUPLE completed...       0.0442 seconds
                  PHOT completed...       0.4678 seconds
               CLDPROC completed...       1.5499 seconds
                  CHEM completed...       0.8382 seconds
                  AERO completed...       0.9640 seconds
            Master Time Step
            Processing completed...       8.7978 seconds

      =--> Data Output completed...       1.0947 seconds

     Processing Day/Time [YYYYDDD:HHMMSS]: 2017357:200000
       Which is Equivalent to (UTC): 20:00:00 Saturday,  Dec. 23, 2017
       Time-Step Length (HHMMSS): 000500
                 VDIFF completed...       5.5299 seconds
                COUPLE completed...       0.1206 seconds
                  HADV completed...       3.0158 seconds
                  ZADV completed...       0.3015 seconds
                 HDIFF completed...       0.2112 seconds
              DECOUPLE completed...       0.0441 seconds
                  PHOT completed...       1.5973 seconds
               CLDPROC completed...       0.2336 seconds
                  CHEM completed...       0.8660 seconds
                  AERO completed...       1.0098 seconds
            Master Time Step
            Processing completed...      12.9344 seconds

     Processing Day/Time [YYYYDDD:HHMMSS]: 2017357:200500
       Which is Equivalent to (UTC): 20:05:00 Saturday,  Dec. 23, 2017
       Time-Step Length (HHMMSS): 000500
                 VDIFF completed...       0.8433 seconds
                COUPLE completed...       0.1123 seconds
                  HADV completed...       1.9446 seconds
                  ZADV completed...       0.3040 seconds
                 HDIFF completed...       0.2084 seconds
              DECOUPLE completed...       0.0451 seconds
                  PHOT completed...       0.4696 seconds
               CLDPROC completed...       0.2305 seconds
                  CHEM completed...       0.8285 seconds
                  AERO completed...       0.9680 seconds
            Master Time Step
            Processing completed...       5.9574 seconds

     Processing Day/Time [YYYYDDD:HHMMSS]: 2017357:201000
       Which is Equivalent to (UTC): 20:10:00 Saturday,  Dec. 23, 2017
       Time-Step Length (HHMMSS): 000500
                 VDIFF completed...       0.9232 seconds
                COUPLE completed...       0.1102 seconds
                  HADV completed...       1.9111 seconds
                  ZADV completed...       0.3047 seconds
                 HDIFF completed...       0.2078 seconds
              DECOUPLE completed...       0.0443 seconds
                  PHOT completed...       0.4690 seconds
               CLDPROC completed...       0.2291 seconds
                  CHEM completed...       0.8290 seconds
                  AERO completed...       0.9645 seconds
            Master Time Step
            Processing completed...       5.9977 seconds

     Processing Day/Time [YYYYDDD:HHMMSS]: 2017357:201500
       Which is Equivalent to (UTC): 20:15:00 Saturday,  Dec. 23, 2017
       Time-Step Length (HHMMSS): 000500
                 VDIFF completed...       0.9312 seconds
                COUPLE completed...       0.1106 seconds
                  HADV completed...       1.9042 seconds
                  ZADV completed...       0.3045 seconds
                 HDIFF completed...       0.2082 seconds
              DECOUPLE completed...       0.0443 seconds
                  PHOT completed...       0.4691 seconds
               CLDPROC completed...       0.2284 seconds
                  CHEM completed...       0.8267 seconds
                  AERO completed...       0.9634 seconds
            Master Time Step
            Processing completed...       5.9955 seconds

     Processing Day/Time [YYYYDDD:HHMMSS]: 2017357:202000
       Which is Equivalent to (UTC): 20:20:00 Saturday,  Dec. 23, 2017
       Time-Step Length (HHMMSS): 000500
                 VDIFF completed...       0.9234 seconds
                COUPLE completed...       0.1118 seconds
                  HADV completed...       1.9144 seconds
                  ZADV completed...       0.3037 seconds
                 HDIFF completed...       0.2078 seconds
              DECOUPLE completed...       0.0442 seconds
                  PHOT completed...       0.4692 seconds
               CLDPROC completed...       0.2294 seconds
                  CHEM completed...       0.8260 seconds
                  AERO completed...       0.9620 seconds
            Master Time Step
            Processing completed...       5.9971 seconds

     Processing Day/Time [YYYYDDD:HHMMSS]: 2017357:202500
       Which is Equivalent to (UTC): 20:25:00 Saturday,  Dec. 23, 2017
       Time-Step Length (HHMMSS): 000500
                 VDIFF completed...       0.9309 seconds
                COUPLE completed...       0.1111 seconds
                  HADV completed...       1.9078 seconds
                  ZADV completed...       0.3038 seconds
                 HDIFF completed...       0.2079 seconds
              DECOUPLE completed...       0.0441 seconds
                  PHOT completed...       0.4692 seconds
               CLDPROC completed...       0.2295 seconds
                  CHEM completed...       0.8250 seconds
                  AERO completed...       0.9624 seconds
            Master Time Step
            Processing completed...       5.9968 seconds

     Processing Day/Time [YYYYDDD:HHMMSS]: 2017357:203000
       Which is Equivalent to (UTC): 20:30:00 Saturday,  Dec. 23, 2017
       Time-Step Length (HHMMSS): 000500
                 VDIFF completed...       0.9215 seconds
                COUPLE completed...       0.1128 seconds
                  HADV completed...       1.9072 seconds
                  ZADV completed...       0.3016 seconds
                 HDIFF completed...       0.2098 seconds
              DECOUPLE completed...       0.0448 seconds
                  PHOT completed...       0.4692 seconds
               CLDPROC completed...       0.2284 seconds
                  CHEM completed...       0.8239 seconds
                  AERO completed...       0.9569 seconds
            Master Time Step
            Processing completed...       5.9815 seconds

     Processing Day/Time [YYYYDDD:HHMMSS]: 2017357:203500
       Which is Equivalent to (UTC): 20:35:00 Saturday,  Dec. 23, 2017
       Time-Step Length (HHMMSS): 000500
                 VDIFF completed...       0.9301 seconds
                COUPLE completed...       0.1129 seconds
                  HADV completed...       1.9065 seconds
                  ZADV completed...       0.3037 seconds
                 HDIFF completed...       0.2078 seconds
              DECOUPLE completed...       0.0447 seconds
                  PHOT completed...       0.4689 seconds
               CLDPROC completed...       0.2283 seconds
                  CHEM completed...       0.8261 seconds
                  AERO completed...       0.9593 seconds
            Master Time Step
            Processing completed...       5.9935 seconds

     Processing Day/Time [YYYYDDD:HHMMSS]: 2017357:204000
       Which is Equivalent to (UTC): 20:40:00 Saturday,  Dec. 23, 2017
       Time-Step Length (HHMMSS): 000500
                 VDIFF completed...       0.9338 seconds
                COUPLE completed...       0.1113 seconds
                  HADV completed...       2.0607 seconds
                  ZADV completed...       0.3047 seconds
                 HDIFF completed...       0.2066 seconds
              DECOUPLE completed...       0.0455 seconds
                  PHOT completed...       0.4681 seconds
               CLDPROC completed...       0.2286 seconds
                  CHEM completed...       0.8287 seconds
                  AERO completed...       0.9627 seconds
            Master Time Step
            Processing completed...       6.1559 seconds

     Processing Day/Time [YYYYDDD:HHMMSS]: 2017357:204500
       Which is Equivalent to (UTC): 20:45:00 Saturday,  Dec. 23, 2017
       Time-Step Length (HHMMSS): 000500
                 VDIFF completed...       0.9465 seconds
                COUPLE completed...       0.1061 seconds
                  HADV completed...       1.8632 seconds
                  ZADV completed...       0.3041 seconds
                 HDIFF completed...       0.2075 seconds
              DECOUPLE completed...       0.0446 seconds
                  PHOT completed...       0.4679 seconds
               CLDPROC completed...       0.2274 seconds
                  CHEM completed...       0.8315 seconds
                  AERO completed...       0.9589 seconds
            Master Time Step
            Processing completed...       5.9627 seconds

     Processing Day/Time [YYYYDDD:HHMMSS]: 2017357:205000
       Which is Equivalent to (UTC): 20:50:00 Saturday,  Dec. 23, 2017
       Time-Step Length (HHMMSS): 000500
                 VDIFF completed...       0.9594 seconds
                COUPLE completed...       0.1077 seconds
                  HADV completed...       1.8433 seconds
                  ZADV completed...       0.3062 seconds
                 HDIFF completed...       0.2059 seconds
              DECOUPLE completed...       0.0446 seconds
                  PHOT completed...       0.4679 seconds
               CLDPROC completed...       0.2254 seconds
                  CHEM completed...       0.8286 seconds
                  AERO completed...       0.9604 seconds
            Master Time Step
            Processing completed...       5.9544 seconds

     Processing Day/Time [YYYYDDD:HHMMSS]: 2017357:205500
       Which is Equivalent to (UTC): 20:55:00 Saturday,  Dec. 23, 2017
       Time-Step Length (HHMMSS): 000500
                 VDIFF completed...       2.8151 seconds
                COUPLE completed...       0.1710 seconds
                  HADV completed...       1.3723 seconds
                  ZADV completed...       0.3045 seconds
                 HDIFF completed...       0.2072 seconds
              DECOUPLE completed...       0.0443 seconds
                  PHOT completed...       0.4700 seconds
               CLDPROC completed...       1.3000 seconds
                  CHEM completed...       0.8795 seconds
                  AERO completed...       1.0163 seconds
            Master Time Step
            Processing completed...       8.5860 seconds

      =--> Data Output completed...       1.0407 seconds

     Processing Day/Time [YYYYDDD:HHMMSS]: 2017357:210000
       Which is Equivalent to (UTC): 21:00:00 Saturday,  Dec. 23, 2017
       Time-Step Length (HHMMSS): 000500
                 VDIFF completed...       5.4227 seconds
                COUPLE completed...       0.1223 seconds
                  HADV completed...       2.7196 seconds
                  ZADV completed...       0.3050 seconds
                 HDIFF completed...       0.2065 seconds
              DECOUPLE completed...       0.0445 seconds
                  PHOT completed...       1.8084 seconds
               CLDPROC completed...       0.2267 seconds
                  CHEM completed...       0.8133 seconds
                  AERO completed...       0.9461 seconds
            Master Time Step
            Processing completed...      12.6189 seconds

     Processing Day/Time [YYYYDDD:HHMMSS]: 2017357:210500
       Which is Equivalent to (UTC): 21:05:00 Saturday,  Dec. 23, 2017
       Time-Step Length (HHMMSS): 000500
                 VDIFF completed...       0.9262 seconds
                COUPLE completed...       0.1159 seconds
                  HADV completed...       1.9634 seconds
                  ZADV completed...       0.3032 seconds
                 HDIFF completed...       0.2048 seconds
              DECOUPLE completed...       0.0461 seconds
                  PHOT completed...       0.4648 seconds
               CLDPROC completed...       0.2208 seconds
                  CHEM completed...       0.8118 seconds
                  AERO completed...       0.9424 seconds
            Master Time Step
            Processing completed...       6.0026 seconds

     Processing Day/Time [YYYYDDD:HHMMSS]: 2017357:211000
       Which is Equivalent to (UTC): 21:10:00 Saturday,  Dec. 23, 2017
       Time-Step Length (HHMMSS): 000500
                 VDIFF completed...       0.9396 seconds
                COUPLE completed...       0.1117 seconds
                  HADV completed...       1.9709 seconds
                  ZADV completed...       0.2998 seconds
                 HDIFF completed...       0.2122 seconds
              DECOUPLE completed...       0.0440 seconds
                  PHOT completed...       0.4661 seconds
               CLDPROC completed...       0.2196 seconds
                  CHEM completed...       0.7996 seconds
                  AERO completed...       0.9411 seconds
            Master Time Step
            Processing completed...       6.0095 seconds

     Processing Day/Time [YYYYDDD:HHMMSS]: 2017357:211500
       Which is Equivalent to (UTC): 21:15:00 Saturday,  Dec. 23, 2017
       Time-Step Length (HHMMSS): 000500
                 VDIFF completed...       0.9728 seconds
                COUPLE completed...       0.1129 seconds
                  HADV completed...       1.9274 seconds
                  ZADV completed...       0.3044 seconds
                 HDIFF completed...       0.2078 seconds
              DECOUPLE completed...       0.0442 seconds
                  PHOT completed...       0.4666 seconds
               CLDPROC completed...       0.2185 seconds
                  CHEM completed...       0.7990 seconds
                  AERO completed...       0.9410 seconds
            Master Time Step
            Processing completed...       5.9994 seconds

     Processing Day/Time [YYYYDDD:HHMMSS]: 2017357:212000
       Which is Equivalent to (UTC): 21:20:00 Saturday,  Dec. 23, 2017
       Time-Step Length (HHMMSS): 000500
                 VDIFF completed...       0.9485 seconds
                COUPLE completed...       0.1174 seconds
                  HADV completed...       1.9497 seconds
                  ZADV completed...       0.3026 seconds
                 HDIFF completed...       0.2087 seconds
              DECOUPLE completed...       0.0438 seconds
                  PHOT completed...       0.4664 seconds
               CLDPROC completed...       0.2183 seconds
                  CHEM completed...       0.7935 seconds
                  AERO completed...       0.9394 seconds
            Master Time Step
            Processing completed...       5.9933 seconds

     Processing Day/Time [YYYYDDD:HHMMSS]: 2017357:212500
       Which is Equivalent to (UTC): 21:25:00 Saturday,  Dec. 23, 2017
       Time-Step Length (HHMMSS): 000500
                 VDIFF completed...       0.9492 seconds
                COUPLE completed...       0.1151 seconds
                  HADV completed...       1.9484 seconds
                  ZADV completed...       0.3030 seconds
                 HDIFF completed...       0.2089 seconds
              DECOUPLE completed...       0.0438 seconds
                  PHOT completed...       0.4660 seconds
               CLDPROC completed...       0.2172 seconds
                  CHEM completed...       0.7903 seconds
                  AERO completed...       0.9382 seconds
            Master Time Step
            Processing completed...       5.9841 seconds

     Processing Day/Time [YYYYDDD:HHMMSS]: 2017357:213000
       Which is Equivalent to (UTC): 21:30:00 Saturday,  Dec. 23, 2017
       Time-Step Length (HHMMSS): 000500
                 VDIFF completed...       0.9444 seconds
                COUPLE completed...       0.1132 seconds
                  HADV completed...       1.9171 seconds
                  ZADV completed...       0.3026 seconds
                 HDIFF completed...       0.2103 seconds
              DECOUPLE completed...       0.0437 seconds
                  PHOT completed...       0.4674 seconds
               CLDPROC completed...       0.2151 seconds
                  CHEM completed...       0.7836 seconds
                  AERO completed...       0.9421 seconds
            Master Time Step
            Processing completed...       5.9405 seconds

     Processing Day/Time [YYYYDDD:HHMMSS]: 2017357:213500
       Which is Equivalent to (UTC): 21:35:00 Saturday,  Dec. 23, 2017
       Time-Step Length (HHMMSS): 000500
                 VDIFF completed...       0.8930 seconds
                COUPLE completed...       0.1158 seconds
                  HADV completed...       1.9701 seconds
                  ZADV completed...       0.3020 seconds
                 HDIFF completed...       0.2102 seconds
              DECOUPLE completed...       0.0438 seconds
                  PHOT completed...       0.4664 seconds
               CLDPROC completed...       0.2119 seconds
                  CHEM completed...       0.7884 seconds
                  AERO completed...       0.9441 seconds
            Master Time Step
            Processing completed...       5.9467 seconds

     Processing Day/Time [YYYYDDD:HHMMSS]: 2017357:214000
       Which is Equivalent to (UTC): 21:40:00 Saturday,  Dec. 23, 2017
       Time-Step Length (HHMMSS): 000500
                 VDIFF completed...       0.8437 seconds
                COUPLE completed...       0.1199 seconds
                  HADV completed...       2.0020 seconds
                  ZADV completed...       0.3019 seconds
                 HDIFF completed...       0.2100 seconds
              DECOUPLE completed...       0.0441 seconds
                  PHOT completed...       0.4675 seconds
               CLDPROC completed...       0.2049 seconds
                  CHEM completed...       0.7814 seconds
                  AERO completed...       0.9398 seconds
            Master Time Step
            Processing completed...       5.9166 seconds

     Processing Day/Time [YYYYDDD:HHMMSS]: 2017357:214500
       Which is Equivalent to (UTC): 21:45:00 Saturday,  Dec. 23, 2017
       Time-Step Length (HHMMSS): 000500
                 VDIFF completed...       0.9101 seconds
                COUPLE completed...       0.1086 seconds
                  HADV completed...       1.9473 seconds
                  ZADV completed...       0.3023 seconds
                 HDIFF completed...       0.2099 seconds
              DECOUPLE completed...       0.0439 seconds
                  PHOT completed...       0.4672 seconds
               CLDPROC completed...       0.2039 seconds
                  CHEM completed...       0.7821 seconds
                  AERO completed...       0.9395 seconds
            Master Time Step
            Processing completed...       5.9157 seconds

     Processing Day/Time [YYYYDDD:HHMMSS]: 2017357:215000
       Which is Equivalent to (UTC): 21:50:00 Saturday,  Dec. 23, 2017
       Time-Step Length (HHMMSS): 000500
                 VDIFF completed...       0.9365 seconds
                COUPLE completed...       0.0968 seconds
                  HADV completed...       1.9434 seconds
                  ZADV completed...       0.3004 seconds
                 HDIFF completed...       0.2116 seconds
              DECOUPLE completed...       0.0439 seconds
                  PHOT completed...       0.4676 seconds
               CLDPROC completed...       0.2001 seconds
                  CHEM completed...       0.7803 seconds
                  AERO completed...       0.9396 seconds
            Master Time Step
            Processing completed...       5.9212 seconds

     Processing Day/Time [YYYYDDD:HHMMSS]: 2017357:215500
       Which is Equivalent to (UTC): 21:55:00 Saturday,  Dec. 23, 2017
       Time-Step Length (HHMMSS): 000500
                 VDIFF completed...       2.7561 seconds
                COUPLE completed...       0.1702 seconds
                  HADV completed...       1.4438 seconds
                  ZADV completed...       0.3026 seconds
                 HDIFF completed...       0.2084 seconds
              DECOUPLE completed...       0.0441 seconds
                  PHOT completed...       0.4662 seconds
               CLDPROC completed...       1.3935 seconds
                  CHEM completed...       0.7828 seconds
                  AERO completed...       0.9409 seconds
            Master Time Step
            Processing completed...       8.5147 seconds

      =--> Data Output completed...       1.1379 seconds

     Processing Day/Time [YYYYDDD:HHMMSS]: 2017357:220000
       Which is Equivalent to (UTC): 22:00:00 Saturday,  Dec. 23, 2017
       Time-Step Length (HHMMSS): 000400
                 VDIFF completed...       5.5660 seconds
                COUPLE completed...       0.1302 seconds
                  HADV completed...       2.2871 seconds
                  ZADV completed...       0.3033 seconds
                 HDIFF completed...       0.2095 seconds
              DECOUPLE completed...       0.0438 seconds
                  PHOT completed...       1.6458 seconds
               CLDPROC completed...       0.1925 seconds
                  CHEM completed...       0.7315 seconds
                  AERO completed...       0.9080 seconds
            Master Time Step
            Processing completed...      12.0213 seconds

     Processing Day/Time [YYYYDDD:HHMMSS]: 2017357:220400
       Which is Equivalent to (UTC): 22:04:00 Saturday,  Dec. 23, 2017
       Time-Step Length (HHMMSS): 000400
                 VDIFF completed...       1.0306 seconds
                COUPLE completed...       0.0844 seconds
                  HADV completed...       1.4527 seconds
                  ZADV completed...       0.3014 seconds
                 HDIFF completed...       0.2084 seconds
              DECOUPLE completed...       0.0437 seconds
                  PHOT completed...       0.4663 seconds
               CLDPROC completed...       0.1910 seconds
                  CHEM completed...       0.7299 seconds
                  AERO completed...       0.9182 seconds
            Master Time Step
            Processing completed...       5.4310 seconds

     Processing Day/Time [YYYYDDD:HHMMSS]: 2017357:220800
       Which is Equivalent to (UTC): 22:08:00 Saturday,  Dec. 23, 2017
       Time-Step Length (HHMMSS): 000400
                 VDIFF completed...       1.0037 seconds
                COUPLE completed...       0.0923 seconds
                  HADV completed...       1.4434 seconds
                  ZADV completed...       0.3027 seconds
                 HDIFF completed...       0.2074 seconds
              DECOUPLE completed...       0.0443 seconds
                  PHOT completed...       0.4653 seconds
               CLDPROC completed...       0.1900 seconds
                  CHEM completed...       0.7290 seconds
                  AERO completed...       0.9117 seconds
            Master Time Step
            Processing completed...       5.3927 seconds

     Processing Day/Time [YYYYDDD:HHMMSS]: 2017357:221200
       Which is Equivalent to (UTC): 22:12:00 Saturday,  Dec. 23, 2017
       Time-Step Length (HHMMSS): 000400
                 VDIFF completed...       0.9746 seconds
                COUPLE completed...       0.0896 seconds
                  HADV completed...       1.4501 seconds
                  ZADV completed...       0.3035 seconds
                 HDIFF completed...       0.2070 seconds
              DECOUPLE completed...       0.0438 seconds
                  PHOT completed...       0.4678 seconds
               CLDPROC completed...       0.1893 seconds
                  CHEM completed...       0.7294 seconds
                  AERO completed...       0.9130 seconds
            Master Time Step
            Processing completed...       5.3731 seconds

     Processing Day/Time [YYYYDDD:HHMMSS]: 2017357:221600
       Which is Equivalent to (UTC): 22:16:00 Saturday,  Dec. 23, 2017
       Time-Step Length (HHMMSS): 000400
                 VDIFF completed...       0.9612 seconds
                COUPLE completed...       0.0883 seconds
                  HADV completed...       1.4595 seconds
                  ZADV completed...       0.3015 seconds
                 HDIFF completed...       0.2081 seconds
              DECOUPLE completed...       0.0435 seconds
                  PHOT completed...       0.4669 seconds
               CLDPROC completed...       0.1886 seconds
                  CHEM completed...       0.7317 seconds
                  AERO completed...       0.9142 seconds
            Master Time Step
            Processing completed...       5.3681 seconds

     Processing Day/Time [YYYYDDD:HHMMSS]: 2017357:222000
       Which is Equivalent to (UTC): 22:20:00 Saturday,  Dec. 23, 2017
       Time-Step Length (HHMMSS): 000400
                 VDIFF completed...       0.9478 seconds
                COUPLE completed...       0.0846 seconds
                  HADV completed...       1.4601 seconds
                  ZADV completed...       0.3023 seconds
                 HDIFF completed...       0.2077 seconds
              DECOUPLE completed...       0.0439 seconds
                  PHOT completed...       0.4671 seconds
               CLDPROC completed...       0.1874 seconds
                  CHEM completed...       0.7344 seconds
                  AERO completed...       0.9221 seconds
            Master Time Step
            Processing completed...       5.3611 seconds

     Processing Day/Time [YYYYDDD:HHMMSS]: 2017357:222400
       Which is Equivalent to (UTC): 22:24:00 Saturday,  Dec. 23, 2017
       Time-Step Length (HHMMSS): 000400
                 VDIFF completed...       0.9422 seconds
                COUPLE completed...       0.0761 seconds
                  HADV completed...       1.4610 seconds
                  ZADV completed...       0.3030 seconds
                 HDIFF completed...       0.2064 seconds
              DECOUPLE completed...       0.0439 seconds
                  PHOT completed...       0.4666 seconds
               CLDPROC completed...       0.1852 seconds
                  CHEM completed...       0.7357 seconds
                  AERO completed...       0.9181 seconds
            Master Time Step
            Processing completed...       5.3427 seconds

     Processing Day/Time [YYYYDDD:HHMMSS]: 2017357:222800
       Which is Equivalent to (UTC): 22:28:00 Saturday,  Dec. 23, 2017
       Time-Step Length (HHMMSS): 000400
                 VDIFF completed...       0.9396 seconds
                COUPLE completed...       0.0750 seconds
                  HADV completed...       1.4558 seconds
                  ZADV completed...       0.3030 seconds
                 HDIFF completed...       0.2067 seconds
              DECOUPLE completed...       0.0440 seconds
                  PHOT completed...       0.4674 seconds
               CLDPROC completed...       0.1861 seconds
                  CHEM completed...       0.7373 seconds
                  AERO completed...       0.9223 seconds
            Master Time Step
            Processing completed...       5.3420 seconds

     Processing Day/Time [YYYYDDD:HHMMSS]: 2017357:223200
       Which is Equivalent to (UTC): 22:32:00 Saturday,  Dec. 23, 2017
       Time-Step Length (HHMMSS): 000400
                 VDIFF completed...       0.9206 seconds
                COUPLE completed...       0.0767 seconds
                  HADV completed...       1.4580 seconds
                  ZADV completed...       0.3020 seconds
                 HDIFF completed...       0.2079 seconds
              DECOUPLE completed...       0.0440 seconds
                  PHOT completed...       0.4675 seconds
               CLDPROC completed...       0.1851 seconds
                  CHEM completed...       0.7396 seconds
                  AERO completed...       0.9221 seconds
            Master Time Step
            Processing completed...       5.3282 seconds

     Processing Day/Time [YYYYDDD:HHMMSS]: 2017357:223600
       Which is Equivalent to (UTC): 22:36:00 Saturday,  Dec. 23, 2017
       Time-Step Length (HHMMSS): 000400
                 VDIFF completed...       0.9194 seconds
                COUPLE completed...       0.0764 seconds
                  HADV completed...       1.4425 seconds
                  ZADV completed...       0.3009 seconds
                 HDIFF completed...       0.2100 seconds
              DECOUPLE completed...       0.0440 seconds
                  PHOT completed...       0.4685 seconds
               CLDPROC completed...       0.1838 seconds
                  CHEM completed...       0.7421 seconds
                  AERO completed...       0.9247 seconds
            Master Time Step
            Processing completed...       5.3169 seconds

     Processing Day/Time [YYYYDDD:HHMMSS]: 2017357:224000
       Which is Equivalent to (UTC): 22:40:00 Saturday,  Dec. 23, 2017
       Time-Step Length (HHMMSS): 000400
                 VDIFF completed...       0.9159 seconds
                COUPLE completed...       0.0749 seconds
                  HADV completed...       1.6025 seconds
                  ZADV completed...       0.3024 seconds
                 HDIFF completed...       0.2080 seconds
              DECOUPLE completed...       0.0435 seconds
                  PHOT completed...       0.4689 seconds
               CLDPROC completed...       0.1822 seconds
                  CHEM completed...       0.7438 seconds
                  AERO completed...       0.9260 seconds
            Master Time Step
            Processing completed...       5.4725 seconds

     Processing Day/Time [YYYYDDD:HHMMSS]: 2017357:224400
       Which is Equivalent to (UTC): 22:44:00 Saturday,  Dec. 23, 2017
       Time-Step Length (HHMMSS): 000400
                 VDIFF completed...       0.9059 seconds
                COUPLE completed...       0.0735 seconds
                  HADV completed...       1.4308 seconds
                  ZADV completed...       0.3020 seconds
                 HDIFF completed...       0.2092 seconds
              DECOUPLE completed...       0.0437 seconds
                  PHOT completed...       0.4676 seconds
               CLDPROC completed...       0.1785 seconds
                  CHEM completed...       0.7462 seconds
                  AERO completed...       0.9243 seconds
            Master Time Step
            Processing completed...       5.2860 seconds

     Processing Day/Time [YYYYDDD:HHMMSS]: 2017357:224800
       Which is Equivalent to (UTC): 22:48:00 Saturday,  Dec. 23, 2017
       Time-Step Length (HHMMSS): 000400
                 VDIFF completed...       0.9030 seconds
                COUPLE completed...       0.0747 seconds
                  HADV completed...       1.4262 seconds
                  ZADV completed...       0.3032 seconds
                 HDIFF completed...       0.2066 seconds
              DECOUPLE completed...       0.0440 seconds
                  PHOT completed...       0.4683 seconds
               CLDPROC completed...       0.1780 seconds
                  CHEM completed...       0.7472 seconds
                  AERO completed...       0.9292 seconds
            Master Time Step
            Processing completed...       5.2850 seconds

     Processing Day/Time [YYYYDDD:HHMMSS]: 2017357:225200
       Which is Equivalent to (UTC): 22:52:00 Saturday,  Dec. 23, 2017
       Time-Step Length (HHMMSS): 000400
                 VDIFF completed...       0.9073 seconds
                COUPLE completed...       0.0806 seconds
                  HADV completed...       1.4086 seconds
                  ZADV completed...       0.3042 seconds
                 HDIFF completed...       0.2071 seconds
              DECOUPLE completed...       0.0441 seconds
                  PHOT completed...       0.4702 seconds
               CLDPROC completed...       0.1780 seconds
                  CHEM completed...       0.7520 seconds
                  AERO completed...       0.9505 seconds
            Master Time Step
            Processing completed...       5.3041 seconds

     Processing Day/Time [YYYYDDD:HHMMSS]: 2017357:225600
       Which is Equivalent to (UTC): 22:56:00 Saturday,  Dec. 23, 2017
       Time-Step Length (HHMMSS): 000400
                 VDIFF completed...       2.5141 seconds
                COUPLE completed...       0.1694 seconds
                  HADV completed...       1.0324 seconds
                  ZADV completed...       0.3013 seconds
                 HDIFF completed...       0.2093 seconds
              DECOUPLE completed...       0.0431 seconds
                  PHOT completed...       0.4642 seconds
               CLDPROC completed...       1.4010 seconds
                  CHEM completed...       0.7555 seconds
                  AERO completed...       0.9135 seconds
            Master Time Step
            Processing completed...       7.8100 seconds

      =--> Data Output completed...       1.1182 seconds

     Processing Day/Time [YYYYDDD:HHMMSS]: 2017357:230000
       Which is Equivalent to (UTC): 23:00:00 Saturday,  Dec. 23, 2017
       Time-Step Length (HHMMSS): 000400
                 VDIFF completed...       5.4839 seconds
                COUPLE completed...       0.1277 seconds
                  HADV completed...       2.3330 seconds
                  ZADV completed...       0.3012 seconds
                 HDIFF completed...       0.2098 seconds
              DECOUPLE completed...       0.0433 seconds
                  PHOT completed...       1.6321 seconds
               CLDPROC completed...       0.1699 seconds
                  CHEM completed...       0.7567 seconds
                  AERO completed...       0.9282 seconds
            Master Time Step
            Processing completed...      11.9900 seconds

     Processing Day/Time [YYYYDDD:HHMMSS]: 2017357:230400
       Which is Equivalent to (UTC): 23:04:00 Saturday,  Dec. 23, 2017
       Time-Step Length (HHMMSS): 000400
                 VDIFF completed...       0.8955 seconds
                COUPLE completed...       0.0636 seconds
                  HADV completed...       1.4569 seconds
                  ZADV completed...       0.3004 seconds
                 HDIFF completed...       0.2118 seconds
              DECOUPLE completed...       0.0441 seconds
                  PHOT completed...       0.4736 seconds
               CLDPROC completed...       0.1643 seconds
                  CHEM completed...       0.7591 seconds
                  AERO completed...       0.9310 seconds
            Master Time Step
            Processing completed...       5.3018 seconds

     Processing Day/Time [YYYYDDD:HHMMSS]: 2017357:230800
       Which is Equivalent to (UTC): 23:08:00 Saturday,  Dec. 23, 2017
       Time-Step Length (HHMMSS): 000400
                 VDIFF completed...       0.8712 seconds
                COUPLE completed...       0.0627 seconds
                  HADV completed...       1.6238 seconds
                  ZADV completed...       0.3032 seconds
                 HDIFF completed...       0.2084 seconds
              DECOUPLE completed...       0.0442 seconds
                  PHOT completed...       0.4721 seconds
               CLDPROC completed...       0.1571 seconds
                  CHEM completed...       0.7592 seconds
                  AERO completed...       0.9318 seconds
            Master Time Step
            Processing completed...       5.4354 seconds

     Processing Day/Time [YYYYDDD:HHMMSS]: 2017357:231200
       Which is Equivalent to (UTC): 23:12:00 Saturday,  Dec. 23, 2017
       Time-Step Length (HHMMSS): 000400
                 VDIFF completed...       0.8718 seconds
                COUPLE completed...       0.0637 seconds
                  HADV completed...       1.4477 seconds
                  ZADV completed...       0.3002 seconds
                 HDIFF completed...       0.2118 seconds
              DECOUPLE completed...       0.0442 seconds
                  PHOT completed...       0.4713 seconds
               CLDPROC completed...       0.1558 seconds
                  CHEM completed...       0.7623 seconds
                  AERO completed...       0.9391 seconds
            Master Time Step
            Processing completed...       5.2712 seconds

     Processing Day/Time [YYYYDDD:HHMMSS]: 2017357:231600
       Which is Equivalent to (UTC): 23:16:00 Saturday,  Dec. 23, 2017
       Time-Step Length (HHMMSS): 000400
                 VDIFF completed...       0.8627 seconds
                COUPLE completed...       0.0673 seconds
                  HADV completed...       1.4297 seconds
                  ZADV completed...       0.3007 seconds
                 HDIFF completed...       0.2108 seconds
              DECOUPLE completed...       0.0440 seconds
                  PHOT completed...       0.4720 seconds
               CLDPROC completed...       0.1526 seconds
                  CHEM completed...       0.7636 seconds
                  AERO completed...       0.9424 seconds
            Master Time Step
            Processing completed...       5.2505 seconds

     Processing Day/Time [YYYYDDD:HHMMSS]: 2017357:232000
       Which is Equivalent to (UTC): 23:20:00 Saturday,  Dec. 23, 2017
       Time-Step Length (HHMMSS): 000400
                 VDIFF completed...       0.8613 seconds
                COUPLE completed...       0.0705 seconds
                  HADV completed...       1.3791 seconds
                  ZADV completed...       0.3025 seconds
                 HDIFF completed...       0.2087 seconds
              DECOUPLE completed...       0.0437 seconds
                  PHOT completed...       0.4725 seconds
               CLDPROC completed...       0.1500 seconds
                  CHEM completed...       0.7674 seconds
                  AERO completed...       0.9416 seconds
            Master Time Step
            Processing completed...       5.2018 seconds

     Processing Day/Time [YYYYDDD:HHMMSS]: 2017357:232400
       Which is Equivalent to (UTC): 23:24:00 Saturday,  Dec. 23, 2017
       Time-Step Length (HHMMSS): 000400
                 VDIFF completed...       0.8484 seconds
                COUPLE completed...       0.0753 seconds
                  HADV completed...       1.3400 seconds
                  ZADV completed...       0.3015 seconds
                 HDIFF completed...       0.2099 seconds
              DECOUPLE completed...       0.0443 seconds
                  PHOT completed...       0.4719 seconds
               CLDPROC completed...       0.1476 seconds
                  CHEM completed...       0.7690 seconds
                  AERO completed...       0.9445 seconds
            Master Time Step
            Processing completed...       5.1569 seconds

     Processing Day/Time [YYYYDDD:HHMMSS]: 2017357:232800
       Which is Equivalent to (UTC): 23:28:00 Saturday,  Dec. 23, 2017
       Time-Step Length (HHMMSS): 000400
                 VDIFF completed...       0.8391 seconds
                COUPLE completed...       0.0780 seconds
                  HADV completed...       1.3364 seconds
                  ZADV completed...       0.3031 seconds
                 HDIFF completed...       0.2084 seconds
              DECOUPLE completed...       0.0446 seconds
                  PHOT completed...       0.4727 seconds
               CLDPROC completed...       0.1443 seconds
                  CHEM completed...       0.7709 seconds
                  AERO completed...       0.9494 seconds
            Master Time Step
            Processing completed...       5.1515 seconds

     Processing Day/Time [YYYYDDD:HHMMSS]: 2017357:233200
       Which is Equivalent to (UTC): 23:32:00 Saturday,  Dec. 23, 2017
       Time-Step Length (HHMMSS): 000400
                 VDIFF completed...       0.8525 seconds
                COUPLE completed...       0.0655 seconds
                  HADV completed...       1.3306 seconds
                  ZADV completed...       0.3028 seconds
                 HDIFF completed...       0.2090 seconds
              DECOUPLE completed...       0.0442 seconds
                  PHOT completed...       0.4730 seconds
               CLDPROC completed...       0.1428 seconds
                  CHEM completed...       0.7729 seconds
                  AERO completed...       0.9483 seconds
            Master Time Step
            Processing completed...       5.1460 seconds

     Processing Day/Time [YYYYDDD:HHMMSS]: 2017357:233600
       Which is Equivalent to (UTC): 23:36:00 Saturday,  Dec. 23, 2017
       Time-Step Length (HHMMSS): 000400
                 VDIFF completed...       0.8418 seconds
                COUPLE completed...       0.0619 seconds
                  HADV completed...       1.3402 seconds
                  ZADV completed...       0.3025 seconds
                 HDIFF completed...       0.2089 seconds
              DECOUPLE completed...       0.0437 seconds
                  PHOT completed...       0.4734 seconds
               CLDPROC completed...       0.1384 seconds
                  CHEM completed...       0.7758 seconds
                  AERO completed...       0.9476 seconds
            Master Time Step
            Processing completed...       5.1382 seconds

     Processing Day/Time [YYYYDDD:HHMMSS]: 2017357:234000
       Which is Equivalent to (UTC): 23:40:00 Saturday,  Dec. 23, 2017
       Time-Step Length (HHMMSS): 000400
                 VDIFF completed...       0.8381 seconds
                COUPLE completed...       0.0592 seconds
                  HADV completed...       1.3439 seconds
                  ZADV completed...       0.3033 seconds
                 HDIFF completed...       0.2084 seconds
              DECOUPLE completed...       0.0444 seconds
                  PHOT completed...       0.4737 seconds
               CLDPROC completed...       0.1326 seconds
                  CHEM completed...       0.7799 seconds
                  AERO completed...       0.9500 seconds
            Master Time Step
            Processing completed...       5.1375 seconds

     Processing Day/Time [YYYYDDD:HHMMSS]: 2017357:234400
       Which is Equivalent to (UTC): 23:44:00 Saturday,  Dec. 23, 2017
       Time-Step Length (HHMMSS): 000400
                 VDIFF completed...       0.8424 seconds
                COUPLE completed...       0.0574 seconds
                  HADV completed...       1.3360 seconds
                  ZADV completed...       0.3012 seconds
                 HDIFF completed...       0.2101 seconds
              DECOUPLE completed...       0.0437 seconds
                  PHOT completed...       0.4752 seconds
               CLDPROC completed...       0.1305 seconds
                  CHEM completed...       0.7856 seconds
                  AERO completed...       0.9569 seconds
            Master Time Step
            Processing completed...       5.1435 seconds

     Processing Day/Time [YYYYDDD:HHMMSS]: 2017357:234800
       Which is Equivalent to (UTC): 23:48:00 Saturday,  Dec. 23, 2017
       Time-Step Length (HHMMSS): 000400
                 VDIFF completed...       0.8351 seconds
                COUPLE completed...       0.0537 seconds
                  HADV completed...       1.3295 seconds
                  ZADV completed...       0.3015 seconds
                 HDIFF completed...       0.2105 seconds
              DECOUPLE completed...       0.0445 seconds
                  PHOT completed...       0.4755 seconds
               CLDPROC completed...       0.1273 seconds
                  CHEM completed...       0.7929 seconds
                  AERO completed...       0.9553 seconds
            Master Time Step
            Processing completed...       5.1299 seconds

     Processing Day/Time [YYYYDDD:HHMMSS]: 2017357:235200
       Which is Equivalent to (UTC): 23:52:00 Saturday,  Dec. 23, 2017
       Time-Step Length (HHMMSS): 000400
                 VDIFF completed...       0.8406 seconds
                COUPLE completed...       0.0505 seconds
                  HADV completed...       1.4947 seconds
                  ZADV completed...       0.3012 seconds
                 HDIFF completed...       0.2104 seconds
              DECOUPLE completed...       0.0442 seconds
                  PHOT completed...       0.4761 seconds
               CLDPROC completed...       0.1252 seconds
                  CHEM completed...       0.7959 seconds
                  AERO completed...       0.9673 seconds
            Master Time Step
            Processing completed...       5.3106 seconds

     Processing Day/Time [YYYYDDD:HHMMSS]: 2017357:235600
       Which is Equivalent to (UTC): 23:56:00 Saturday,  Dec. 23, 2017
       Time-Step Length (HHMMSS): 000400
                 VDIFF completed...       2.1977 seconds
                COUPLE completed...       0.1704 seconds
                  HADV completed...       1.1142 seconds
                  ZADV completed...       0.3013 seconds
                 HDIFF completed...       0.2136 seconds
              DECOUPLE completed...       0.0443 seconds
                  PHOT completed...       0.4660 seconds
               CLDPROC completed...       1.2818 seconds
                  CHEM completed...       0.8026 seconds
                  AERO completed...       0.9425 seconds
            Master Time Step
            Processing completed...       7.5381 seconds

      =--> Data Output completed...       1.0372 seconds


     ==============================================
     |>---   PROGRAM COMPLETED SUCCESSFULLY   ---<|
     ==============================================
     Date and time 0:00:00   Dec. 24, 2017  (2017358:000000)

     The elapsed time for this simulation was    2352.8 seconds.

133030.434u 1076.520s 39:16.50 5690.9%	0+0k 42207984+36017496io 137653pf+0w

CMAQ Processing of Day 20171223 Finished at Thu Mar  6 20:59:26 UTC 2025

\\\\\=====\\\\\=====\\\\\=====\\\\\=====/////=====/////=====/////=====/////


==================================
  ***** CMAQ TIMING REPORT *****
==================================
Start Day: 2017-12-22
End Day:   2017-12-23
Number of Simulation Days: 2
Domain Name:               12US1
Number of Grid Cells:      4803435  (ROW x COL x LAY)
Number of Layers:          35
Number of Processes:       128
   All times are in seconds.

Num  Day        Wall Time
01   2017-12-22   2147.8
02   2017-12-23   2352.8
     Total Time = 4500.60
      Avg. Time = 2250.30
