Start Model Run At  Tue Mar 11 16:34:15 UTC 2025
information about processor including whether using hyperthreading
Architecture:                       aarch64
CPU op-mode(s):                     32-bit, 64-bit
Byte Order:                         Little Endian
CPU(s):                             64
On-line CPU(s) list:                0-63
Thread(s) per core:                 1
Core(s) per socket:                 64
Socket(s):                          1
NUMA node(s):                       1
Vendor ID:                          ARM
Model:                              1
Stepping:                           r1p1
BogoMIPS:                           2100.00
L1d cache:                          4 MiB
L1i cache:                          4 MiB
L2 cache:                           64 MiB
L3 cache:                           32 MiB
NUMA node0 CPU(s):                  0-63
Vulnerability Gather data sampling: Not affected
Vulnerability Itlb multihit:        Not affected
Vulnerability L1tf:                 Not affected
Vulnerability Mds:                  Not affected
Vulnerability Meltdown:             Not affected
Vulnerability Mmio stale data:      Not affected
Vulnerability Retbleed:             Not affected
Vulnerability Spec rstack overflow: Not affected
Vulnerability Spec store bypass:    Mitigation; Speculative Store Bypass disabled via prctl
Vulnerability Spectre v1:           Mitigation; __user pointer sanitization
Vulnerability Spectre v2:           Mitigation; CSV2, BHB
Vulnerability Srbds:                Not affected
Vulnerability Tsx async abort:      Not affected
Flags:                              fp asimd evtstrm aes pmull sha1 sha2 crc32 atomics fphp asimdhp cpuid asimdrdm jscvt fcma lrcpc dcpop sha3 sm3 sm4 asimddp sha512 sve asimdfhm dit uscat ilrcpc flagm ssbs paca pacg dcpodp svei8mm svebf16 i8mm bf16 dgh rng
information about cluster
PARTITION AVAIL  TIMELIMIT  NODES  STATE NODELIST
queue1*      up   infinite     16  idle~ queue1-dy-compute-resource-1-[4-12],queue1-dy-compute-resource-2-[1-7]
queue1*      up   infinite      3  alloc queue1-dy-compute-resource-1-[1-3]
information about filesystem
Filesystem                              Size  Used Avail Use% Mounted on
/dev/root                                39G   22G   17G  57% /
devtmpfs                                 62G     0   62G   0% /dev
tmpfs                                    62G     0   62G   0% /dev/shm
tmpfs                                    13G  1.0M   13G   1% /run
tmpfs                                   5.0M     0  5.0M   0% /run/lock
tmpfs                                    62G     0   62G   0% /sys/fs/cgroup
/dev/nvme0n1p15                          98M  6.3M   92M   7% /boot/efi
/dev/loop0                               22M   22M     0 100% /snap/amazon-ssm-agent/7994
/dev/loop2                               60M   60M     0 100% /snap/core20/2321
/dev/loop1                               50M   50M     0 100% /snap/core18/2826
/dev/loop4                               34M   34M     0 100% /snap/snapd/21467
/dev/loop3                               92M   92M     0 100% /snap/lxd/24065
10.0.15.80:/opt/parallelcluster/shared   39G   25G   15G  64% /opt/parallelcluster/shared
10.0.15.80:/home                         39G   25G   15G  64% /home
10.0.15.80:/shared                      246G  193G   44G  82% /shared
10.0.4.244@tcp:/7oiolb4v                1.1T  359G  756G  33% /fsx
10.0.15.80:/opt/slurm                    39G   25G   15G  64% /opt/slurm
/dev/loop5                               69M   69M     0 100% /snap/core22/1752
list the mounted volumes
clnt_create: RPC: Program not registered
Compiler is set to gcc

Working Directory is /shared/build/openmpi_gcc/CMAQ_v54+/CCTM/scripts
Build Directory is /shared/build/openmpi_gcc/CMAQ_v54+/CCTM/scripts/BLD_CCTM_v54+_gcc
Output Directory is //fsx/data/output/output_v54+_cb6r5_ae7_aq_WR413_MYR_gcc_2018_12US1_3x64_12x16_classic_fsx
Log Directory is //fsx/data/output/output_v54+_cb6r5_ae7_aq_WR413_MYR_gcc_2018_12US1_3x64_12x16_classic_fsx/LOGS
Executable Name is CCTM_v54+.exe

---CMAQ EXECUTION ID: CMAQ_CCTMv54+_sha=0fcfdaa092_ubuntu_20250311_163415_512599262 ---

Set up input and output files for Day 2017-12-22.

Existing Logs and Output Files for Day 2017-12-22 Will Be Deleted
rm: No match.

CMAQ Processing of Day 20171222 Began at Tue Mar 11 16:34:15 UTC 2025

        CTM_APPL  |  v54+_cb6r5_ae7_aq_WR413_MYR_gcc_2018_12US1_3x64_12x16_classic_fsx_20171222
#================================================================================#        
#|                                                                              |#        
#|               The Community Multiscale Air Quality (CMAQ) Model              |#        
#|                                   Version 5.4                                |#        
#|                                                                              |#        
#|                          Built and Maintained by the                         |#        
#|                        Office of Research and Development                    |#        
#|                   United States Environmental Protection Agency              |#        
#|                                                                              |#        
#|                            https://www.epa.gov/cmaq                          |#        
#|                                                                              |#        
#|       Source Code:   https://www.github.com/USEPA/cmaq/tree/master           |#        
#|       Documentation: https://www.github.com/USEPA/cmaq/tree/master/DOCS      |#        
#|                                                                              |#        
#|         The CMAQ Model is tested and released with cooperation from          |#        
#|         the Community Modeling and Analysis System (CMAS) Center via         |#        
#|         contract support. CMAS is managed by the Institute for the           |#        
#|         Environment, University of North Carolina at Chapel Hill.            |#        
#|         CMAS URL: (https://www.cmascenter.org)                               |#        
#|                                                                              |#        
#================================================================================#        
                                                                     
     This program uses the EPA-AREAL/MCNC-EnvPgms/BAMS/ UNC IE       
     Models-3 I/O Applications Programming Interface, [I/O API]      
     which is built on top of the netCDF I/O library (Copyright      
     993, 1996 University Corporation for Atmospheric Research       
     Unidata Program) and the PVM parallel-programming library       
     (from Oak Ridge National Laboratory).                           
     Copyright (C) 1992-2002 MCNC,                                   
     (C) 1992-2018 Carlie J. Coats, Jr.,                             
     (C) 2003-2012 Baron Advanced Meteorological Systems, LLC, and   
     (C) 2014-2023 UNC Institute for the Environment.                
     Released under the GNU LGPL  License, version 2.1.  See URL     
                                                                     
         https://www.gnu.org/licenses/old-licenses/lgpl-2.1.html     
                                                                     
     for conditions of use.                                          
                                                                     
     ioapi-3.2: $Id: init3.F90 247 2023-03-22 15:59:19Z coats $
     netCDF version 4.8.1 of Jun 30 2023 14:38:29 $
      

     ===========================================
     |>---   ENVIRONMENT VARIABLE REPORT   ---<|
     ===========================================

     |> Grid and High-Level Model Parameters:
     +=========================================
      --Env Variable-- | --Value--
      --------------------------------------------------------------------------------
             BLD  |             (default)
          OUTDIR  |  //fsx/data/output/output_v54+_cb6r5_ae7_aq_WR413_MYR_gcc_2018_12US1_3x64_12x16_classic_fsx
       NEW_START  |          T
  IGNORE_SOILINP  |          F (default)
    EXECUTION_ID  |  CMAQ_CCTMv54+_sha=0fcfdaa092_ubuntu_20250311_163415_512599262
       GRID_NAME  |  12US1
       CTM_TSTEP  |       10000
      CTM_RUNLEN  |      240000
    CTM_PROGNAME  |  DRIVER (default)
      CTM_STDATE  |     2017356
      CTM_STTIME  |           0
     NPCOL_NPROW  |  12 16
     CTM_MAXSYNC  |         300
     CTM_MINSYNC  |          60

     |> Multiprocess control, output and error checking:
     +====================================================
      --Env Variable-- | --Value--
      --------------------------------------------------------------------------------
 PRINT_PROC_TIME  |          T
     FL_ERR_STOP  |          F
       CTM_CKSUM  |          T
AVG_FILE_ENDTIME  |          F
   AVG_CONC_SPCS  |  ALL
       CONC_SPCS  |  O3 NO ANO3I ANO3J NO2 FORM ISOP NH3 ANH4I ANH4J ASO4I ASO4J
 ACONC_BLEV_ELEV  |   1 1
  CONC_BLEV_ELEV  |   1 1
 IOAPI_LOG_WRITE  |          F
         VERTEXT  |          F
VERTEXT_COORD_PA  |  /shared/build/openmpi_gcc/CMAQ_v54+/CCTM/scripts/lonlat.csv
   gc_matrix_nml  |  /shared/build/openmpi_gcc/CMAQ_v54+/CCTM/scripts/BLD_CCTM_v54+_gcc/GC_cb6r5_ae7_aq.nml
   ae_matrix_nml  |  /shared/build/openmpi_gcc/CMAQ_v54+/CCTM/scripts/BLD_CCTM_v54+_gcc/AE_cb6r5_ae7_aq.nml
   nr_matrix_nml  |  /shared/build/openmpi_gcc/CMAQ_v54+/CCTM/scripts/BLD_CCTM_v54+_gcc/NR_cb6r5_ae7_aq.nml
   tr_matrix_nml  |  /shared/build/openmpi_gcc/CMAQ_v54+/CCTM/scripts/BLD_CCTM_v54+_gcc/Species_Table_TR_0.nml

     |> Chemistry and Photolysis:
     +=============================
      --Env Variable-- | --Value--
      --------------------------------------------------------------------------------
    CTM_PHOTDIAG  |          F
CORE_SHELL_OPTIC  |          F (default)
 OPTICS_MIE_CALC  |          F (default)
       GEAR_ATOL  |   0.100E-08 (default)
       GEAR_RTOL  |   0.100E-02 (default)
         RB_RTOL  |   0.100E-02 (default)
         RB_ATOL  |   0.100E-06 (default)

     |> Aerosols:
     +=============
      --Env Variable-- | --Value--
      --------------------------------------------------------------------------------
   IC_AERO_M2WET  |          F
   BC_AERO_M2WET  |          F
   IC_AERO_M2USE  |          F
   BC_AERO_M2USE  |          F
    STM_SO4TRACK  |          F

     |> Cloud Processes:
     +====================
      --Env Variable-- | --Value--
      --------------------------------------------------------------------------------
        CLD_DIAG  |          F

     |> Air-Surface Exchange Processes:
     +===================================
      --Env Variable-- | --Value--
      --------------------------------------------------------------------------------
      PX_VERSION  |          T
      CTM_ABFLUX  |          T
      CTM_MOSAIC  |          F
    CTM_SFC_HONO  |          T
     CLM_VERSION  |          F
    NOAH_VERSION  |          F
   CTM_DEPV_FILE  |          F
      CTM_HGBIDI  |          F
CTM_BIDI_FERT_NH  |          T
 CTM_WBDUST_BELD  |  UNKNOWN (default)
   STAGECTRL_NML  |  /shared/build/openmpi_gcc/CMAQ_v54+/CCTM/scripts/BLD_CCTM_v54+_gcc/CMAQ_Control_STAGE.nml
   CTM_STAGE_P22  |          F
   CTM_STAGE_E20  |          T
   CTM_STAGE_S22  |          F

     |> Transport Processes:
     +========================
      --Env Variable-- | --Value--
      --------------------------------------------------------------------------------
CTM_VDIFF_DIAG_F  |          F (default)
  SIGMA_SYNC_TOP  |   0.700E+00
    ADV_HDIV_LIM  |   0.900E+00 (default)
     CTM_ADV_CFL  |   0.950E+00
           KZMIN  |          T
        CTM_WVEL  |          T
   CTM_GRAV_SETL  |          T

     |> Emissions Parameters:
     +=========================
      --Env Variable-- | --Value--
      --------------------------------------------------------------------------------
      CTM_EMLAYS  |           0 (default)
   MISC_CTRL_NML  |  /shared/build/openmpi_gcc/CMAQ_v54+/CCTM/scripts/BLD_CCTM_v54+_gcc/CMAQ_Control_Misc.nml
  DESID_CTRL_NML  |  /shared/build/openmpi_gcc/CMAQ_v54+/CCTM/scripts/BLD_CCTM_v54+_gcc/CMAQ_Control_DESID.nml
DESID_CHEM_CTRL_  |  /shared/build/openmpi_gcc/CMAQ_v54+/CCTM/scripts/BLD_CCTM_v54+_gcc/CMAQ_Control_DESID_cb6r5_ae7_aq.nml
       N_EMIS_GR  |           2
       N_EMIS_TR  |           0 (default)
     CTM_EMISCHK  |          F
 CTM_BIOGEMIS_BE  |          T
 CTM_BIOGEMIS_MG  |          F
   USE_MEGAN_LAI  |          F (default)
    MGN_ONLN_DEP  |          F (default)
     BDSNP_MEGAN  |          F
       BIOG_SPRO  |  DEFAULT (default)
      B3GTS_DIAG  |          F
    CTM_MGEMDIAG  |          F (default)
  CTM_OCEAN_CHEM  |          T
     CTM_WB_DUST  |          F
 CTM_DUSTEM_DIAG  |          F
    CTM_SSEMDIAG  |          F
     CTM_LTNG_NO  |          F
   LTNG_ASSIM_DT  |           0 (default)
          LTNGNO  |  InLine (default)
        USE_NLDN  |          F (default)
        LTNGDIAG  |          F
         MOLSNCG  |   0.350E+03 (default)
         MOLSNIC  |   0.350E+03 (default)
       N_EMIS_PT  |          10
          IPVERT  |           0 (default)
   EMIS_SYM_DATE  |          F (default)

     |> Process Analysis Parameters:
     +================================
      --Env Variable-- | --Value--
      --------------------------------------------------------------------------------
      CTM_PROCAN  |          F
    PA_BCOL_ECOL  |             (default)
    PA_BROW_EROW  |             (default)
    PA_BLEV_ELEV  |             (default)
       MET_TSTEP  |       10000 (default)

     MET data determined based on WRF ARW version 4.3.3


          -=-  MPP Processor-to-Subdomain Map  -=-
                 Number of Processors = 192
    ____________________________________________________
    |                                                  |
    |  PE    #Cols    Col_Range     #Rows    Row_Range |
    |__________________________________________________|
    |                                                  |
    |  0       39      1:  39         19      1:  19   |
    |  1       39     40:  78         19      1:  19   |
    |  2       39     79: 117         19      1:  19   |
    |  3       38    118: 155         19      1:  19   |
    |  4       38    156: 193         19      1:  19   |
    |  5       38    194: 231         19      1:  19   |
    |  6       38    232: 269         19      1:  19   |
    |  7       38    270: 307         19      1:  19   |
    |  8       38    308: 345         19      1:  19   |
    |  9       38    346: 383         19      1:  19   |
    | 10       38    384: 421         19      1:  19   |
    | 11       38    422: 459         19      1:  19   |
    | 12       39      1:  39         19     20:  38   |
    | 13       39     40:  78         19     20:  38   |
    | 14       39     79: 117         19     20:  38   |
    | 15       38    118: 155         19     20:  38   |
    | 16       38    156: 193         19     20:  38   |
    | 17       38    194: 231         19     20:  38   |
    | 18       38    232: 269         19     20:  38   |
    | 19       38    270: 307         19     20:  38   |
    | 20       38    308: 345         19     20:  38   |
    | 21       38    346: 383         19     20:  38   |
    | 22       38    384: 421         19     20:  38   |
    | 23       38    422: 459         19     20:  38   |
    | 24       39      1:  39         19     39:  57   |
    | 25       39     40:  78         19     39:  57   |
    | 26       39     79: 117         19     39:  57   |
    | 27       38    118: 155         19     39:  57   |
    | 28       38    156: 193         19     39:  57   |
    | 29       38    194: 231         19     39:  57   |
    | 30       38    232: 269         19     39:  57   |
    | 31       38    270: 307         19     39:  57   |
    | 32       38    308: 345         19     39:  57   |
    | 33       38    346: 383         19     39:  57   |
    | 34       38    384: 421         19     39:  57   |
    | 35       38    422: 459         19     39:  57   |
    | 36       39      1:  39         19     58:  76   |
    | 37       39     40:  78         19     58:  76   |
    | 38       39     79: 117         19     58:  76   |
    | 39       38    118: 155         19     58:  76   |
    | 40       38    156: 193         19     58:  76   |
    | 41       38    194: 231         19     58:  76   |
    | 42       38    232: 269         19     58:  76   |
    | 43       38    270: 307         19     58:  76   |
    | 44       38    308: 345         19     58:  76   |
    | 45       38    346: 383         19     58:  76   |
    | 46       38    384: 421         19     58:  76   |
    | 47       38    422: 459         19     58:  76   |
    | 48       39      1:  39         19     77:  95   |
    | 49       39     40:  78         19     77:  95   |
    | 50       39     79: 117         19     77:  95   |
    | 51       38    118: 155         19     77:  95   |
    | 52       38    156: 193         19     77:  95   |
    | 53       38    194: 231         19     77:  95   |
    | 54       38    232: 269         19     77:  95   |
    | 55       38    270: 307         19     77:  95   |
    | 56       38    308: 345         19     77:  95   |
    | 57       38    346: 383         19     77:  95   |
    | 58       38    384: 421         19     77:  95   |
    | 59       38    422: 459         19     77:  95   |
    | 60       39      1:  39         19     96: 114   |
    | 61       39     40:  78         19     96: 114   |
    | 62       39     79: 117         19     96: 114   |
    | 63       38    118: 155         19     96: 114   |
    | 64       38    156: 193         19     96: 114   |
    | 65       38    194: 231         19     96: 114   |
    | 66       38    232: 269         19     96: 114   |
    | 67       38    270: 307         19     96: 114   |
    | 68       38    308: 345         19     96: 114   |
    | 69       38    346: 383         19     96: 114   |
    | 70       38    384: 421         19     96: 114   |
    | 71       38    422: 459         19     96: 114   |
    | 72       39      1:  39         19    115: 133   |
    | 73       39     40:  78         19    115: 133   |
    | 74       39     79: 117         19    115: 133   |
    | 75       38    118: 155         19    115: 133   |
    | 76       38    156: 193         19    115: 133   |
    | 77       38    194: 231         19    115: 133   |
    | 78       38    232: 269         19    115: 133   |
    | 79       38    270: 307         19    115: 133   |
    | 80       38    308: 345         19    115: 133   |
    | 81       38    346: 383         19    115: 133   |
    | 82       38    384: 421         19    115: 133   |
    | 83       38    422: 459         19    115: 133   |
    | 84       39      1:  39         19    134: 152   |
    | 85       39     40:  78         19    134: 152   |
    | 86       39     79: 117         19    134: 152   |
    | 87       38    118: 155         19    134: 152   |
    | 88       38    156: 193         19    134: 152   |
    | 89       38    194: 231         19    134: 152   |
    | 90       38    232: 269         19    134: 152   |
    | 91       38    270: 307         19    134: 152   |
    | 92       38    308: 345         19    134: 152   |
    | 93       38    346: 383         19    134: 152   |
    | 94       38    384: 421         19    134: 152   |
    | 95       38    422: 459         19    134: 152   |
    | 96       39      1:  39         19    153: 171   |
    | 97       39     40:  78         19    153: 171   |
    | 98       39     79: 117         19    153: 171   |
    | 99       38    118: 155         19    153: 171   |
    |100       38    156: 193         19    153: 171   |
    |101       38    194: 231         19    153: 171   |
    |102       38    232: 269         19    153: 171   |
    |103       38    270: 307         19    153: 171   |
    |104       38    308: 345         19    153: 171   |
    |105       38    346: 383         19    153: 171   |
    |106       38    384: 421         19    153: 171   |
    |107       38    422: 459         19    153: 171   |
    |108       39      1:  39         19    172: 190   |
    |109       39     40:  78         19    172: 190   |
    |110       39     79: 117         19    172: 190   |
    |111       38    118: 155         19    172: 190   |
    |112       38    156: 193         19    172: 190   |
    |113       38    194: 231         19    172: 190   |
    |114       38    232: 269         19    172: 190   |
    |115       38    270: 307         19    172: 190   |
    |116       38    308: 345         19    172: 190   |
    |117       38    346: 383         19    172: 190   |
    |118       38    384: 421         19    172: 190   |
    |119       38    422: 459         19    172: 190   |
    |120       39      1:  39         19    191: 209   |
    |121       39     40:  78         19    191: 209   |
    |122       39     79: 117         19    191: 209   |
    |123       38    118: 155         19    191: 209   |
    |124       38    156: 193         19    191: 209   |
    |125       38    194: 231         19    191: 209   |
    |126       38    232: 269         19    191: 209   |
    |127       38    270: 307         19    191: 209   |
    |128       38    308: 345         19    191: 209   |
    |129       38    346: 383         19    191: 209   |
    |130       38    384: 421         19    191: 209   |
    |131       38    422: 459         19    191: 209   |
    |132       39      1:  39         18    210: 227   |
    |133       39     40:  78         18    210: 227   |
    |134       39     79: 117         18    210: 227   |
    |135       38    118: 155         18    210: 227   |
    |136       38    156: 193         18    210: 227   |
    |137       38    194: 231         18    210: 227   |
    |138       38    232: 269         18    210: 227   |
    |139       38    270: 307         18    210: 227   |
    |140       38    308: 345         18    210: 227   |
    |141       38    346: 383         18    210: 227   |
    |142       38    384: 421         18    210: 227   |
    |143       38    422: 459         18    210: 227   |
    |144       39      1:  39         18    228: 245   |
    |145       39     40:  78         18    228: 245   |
    |146       39     79: 117         18    228: 245   |
    |147       38    118: 155         18    228: 245   |
    |148       38    156: 193         18    228: 245   |
    |149       38    194: 231         18    228: 245   |
    |150       38    232: 269         18    228: 245   |
    |151       38    270: 307         18    228: 245   |
    |152       38    308: 345         18    228: 245   |
    |153       38    346: 383         18    228: 245   |
    |154       38    384: 421         18    228: 245   |
    |155       38    422: 459         18    228: 245   |
    |156       39      1:  39         18    246: 263   |
    |157       39     40:  78         18    246: 263   |
    |158       39     79: 117         18    246: 263   |
    |159       38    118: 155         18    246: 263   |
    |160       38    156: 193         18    246: 263   |
    |161       38    194: 231         18    246: 263   |
    |162       38    232: 269         18    246: 263   |
    |163       38    270: 307         18    246: 263   |
    |164       38    308: 345         18    246: 263   |
    |165       38    346: 383         18    246: 263   |
    |166       38    384: 421         18    246: 263   |
    |167       38    422: 459         18    246: 263   |
    |168       39      1:  39         18    264: 281   |
    |169       39     40:  78         18    264: 281   |
    |170       39     79: 117         18    264: 281   |
    |171       38    118: 155         18    264: 281   |
    |172       38    156: 193         18    264: 281   |
    |173       38    194: 231         18    264: 281   |
    |174       38    232: 269         18    264: 281   |
    |175       38    270: 307         18    264: 281   |
    |176       38    308: 345         18    264: 281   |
    |177       38    346: 383         18    264: 281   |
    |178       38    384: 421         18    264: 281   |
    |179       38    422: 459         18    264: 281   |
    |180       39      1:  39         18    282: 299   |
    |181       39     40:  78         18    282: 299   |
    |182       39     79: 117         18    282: 299   |
    |183       38    118: 155         18    282: 299   |
    |184       38    156: 193         18    282: 299   |
    |185       38    194: 231         18    282: 299   |
    |186       38    232: 269         18    282: 299   |
    |187       38    270: 307         18    282: 299   |
    |188       38    308: 345         18    282: 299   |
    |189       38    346: 383         18    282: 299   |
    |190       38    384: 421         18    282: 299   |
    |191       38    422: 459         18    282: 299   |
    |__________________________________________________|



     ================================
     |>---   TIME INTEGRATION   ---<|
     ================================

     Processing Day/Time [YYYYDDD:HHMMSS]: 2017356:000000
       Which is Equivalent to (UTC): 0:00:00  Friday,  Dec. 22, 2017
       Time-Step Length (HHMMSS): 000500
                 VDIFF completed...       1.1939 seconds
                COUPLE completed...       0.0408 seconds
                  HADV completed...       1.5526 seconds
                  ZADV completed...       0.2000 seconds
                 HDIFF completed...       0.1379 seconds
              DECOUPLE completed...       0.0330 seconds
                  PHOT completed...       0.5026 seconds
               CLDPROC completed...       0.1164 seconds
                  CHEM completed...       0.5574 seconds
                  AERO completed...       0.7360 seconds
            Master Time Step
            Processing completed...       5.0749 seconds

     Processing Day/Time [YYYYDDD:HHMMSS]: 2017356:000500
       Which is Equivalent to (UTC): 0:05:00  Friday,  Dec. 22, 2017
       Time-Step Length (HHMMSS): 000500
                 VDIFF completed...       0.4554 seconds
                COUPLE completed...       0.0293 seconds
                  HADV completed...       1.2802 seconds
                  ZADV completed...       0.2002 seconds
                 HDIFF completed...       0.1413 seconds
              DECOUPLE completed...       0.0334 seconds
                  PHOT completed...       0.3173 seconds
               CLDPROC completed...       0.1176 seconds
                  CHEM completed...       0.5325 seconds
                  AERO completed...       0.7305 seconds
            Master Time Step
            Processing completed...       3.8417 seconds

     Processing Day/Time [YYYYDDD:HHMMSS]: 2017356:001000
       Which is Equivalent to (UTC): 0:10:00  Friday,  Dec. 22, 2017
       Time-Step Length (HHMMSS): 000500
                 VDIFF completed...       0.4746 seconds
                COUPLE completed...       0.0291 seconds
                  HADV completed...       1.2744 seconds
                  ZADV completed...       0.1996 seconds
                 HDIFF completed...       0.1383 seconds
              DECOUPLE completed...       0.0342 seconds
                  PHOT completed...       0.3172 seconds
               CLDPROC completed...       0.1204 seconds
                  CHEM completed...       0.5348 seconds
                  AERO completed...       0.7241 seconds
            Master Time Step
            Processing completed...       3.8505 seconds

     Processing Day/Time [YYYYDDD:HHMMSS]: 2017356:001500
       Which is Equivalent to (UTC): 0:15:00  Friday,  Dec. 22, 2017
       Time-Step Length (HHMMSS): 000500
                 VDIFF completed...       0.4621 seconds
                COUPLE completed...       0.0294 seconds
                  HADV completed...       1.2824 seconds
                  ZADV completed...       0.1992 seconds
                 HDIFF completed...       0.1384 seconds
              DECOUPLE completed...       0.0332 seconds
                  PHOT completed...       0.3177 seconds
               CLDPROC completed...       0.1226 seconds
                  CHEM completed...       0.5385 seconds
                  AERO completed...       0.7192 seconds
            Master Time Step
            Processing completed...       3.8464 seconds

     Processing Day/Time [YYYYDDD:HHMMSS]: 2017356:002000
       Which is Equivalent to (UTC): 0:20:00  Friday,  Dec. 22, 2017
       Time-Step Length (HHMMSS): 000500
                 VDIFF completed...       0.4637 seconds
                COUPLE completed...       0.0294 seconds
                  HADV completed...       1.2516 seconds
                  ZADV completed...       0.1996 seconds
                 HDIFF completed...       0.1383 seconds
              DECOUPLE completed...       0.0341 seconds
                  PHOT completed...       0.3180 seconds
               CLDPROC completed...       0.1258 seconds
                  CHEM completed...       0.5415 seconds
                  AERO completed...       0.7111 seconds
            Master Time Step
            Processing completed...       3.8160 seconds

     Processing Day/Time [YYYYDDD:HHMMSS]: 2017356:002500
       Which is Equivalent to (UTC): 0:25:00  Friday,  Dec. 22, 2017
       Time-Step Length (HHMMSS): 000500
                 VDIFF completed...       0.4632 seconds
                COUPLE completed...       0.0292 seconds
                  HADV completed...       1.2352 seconds
                  ZADV completed...       0.1993 seconds
                 HDIFF completed...       0.1386 seconds
              DECOUPLE completed...       0.0328 seconds
                  PHOT completed...       0.3200 seconds
               CLDPROC completed...       0.1252 seconds
                  CHEM completed...       0.5457 seconds
                  AERO completed...       0.7126 seconds
            Master Time Step
            Processing completed...       3.8048 seconds

     Processing Day/Time [YYYYDDD:HHMMSS]: 2017356:003000
       Which is Equivalent to (UTC): 0:30:00  Friday,  Dec. 22, 2017
       Time-Step Length (HHMMSS): 000500
                 VDIFF completed...       0.4640 seconds
                COUPLE completed...       0.0289 seconds
                  HADV completed...       1.2176 seconds
                  ZADV completed...       0.2011 seconds
                 HDIFF completed...       0.1367 seconds
              DECOUPLE completed...       0.0334 seconds
                  PHOT completed...       0.3198 seconds
               CLDPROC completed...       0.1245 seconds
                  CHEM completed...       0.5501 seconds
                  AERO completed...       0.7083 seconds
            Master Time Step
            Processing completed...       3.7883 seconds

     Processing Day/Time [YYYYDDD:HHMMSS]: 2017356:003500
       Which is Equivalent to (UTC): 0:35:00  Friday,  Dec. 22, 2017
       Time-Step Length (HHMMSS): 000500
                 VDIFF completed...       0.4588 seconds
                COUPLE completed...       0.0291 seconds
                  HADV completed...       1.1875 seconds
                  ZADV completed...       0.2001 seconds
                 HDIFF completed...       0.1378 seconds
              DECOUPLE completed...       0.0333 seconds
                  PHOT completed...       0.3209 seconds
               CLDPROC completed...       0.1234 seconds
                  CHEM completed...       0.5535 seconds
                  AERO completed...       0.7022 seconds
            Master Time Step
            Processing completed...       3.7500 seconds

     Processing Day/Time [YYYYDDD:HHMMSS]: 2017356:004000
       Which is Equivalent to (UTC): 0:40:00  Friday,  Dec. 22, 2017
       Time-Step Length (HHMMSS): 000500
                 VDIFF completed...       0.4674 seconds
                COUPLE completed...       0.0286 seconds
                  HADV completed...       1.1673 seconds
                  ZADV completed...       0.2002 seconds
                 HDIFF completed...       0.1383 seconds
              DECOUPLE completed...       0.0340 seconds
                  PHOT completed...       0.3110 seconds
               CLDPROC completed...       0.1217 seconds
                  CHEM completed...       0.5661 seconds
                  AERO completed...       0.7087 seconds
            Master Time Step
            Processing completed...       3.7471 seconds

     Processing Day/Time [YYYYDDD:HHMMSS]: 2017356:004500
       Which is Equivalent to (UTC): 0:45:00  Friday,  Dec. 22, 2017
       Time-Step Length (HHMMSS): 000500
                 VDIFF completed...       0.4602 seconds
                COUPLE completed...       0.0287 seconds
                  HADV completed...       1.1435 seconds
                  ZADV completed...       0.1996 seconds
                 HDIFF completed...       0.1391 seconds
              DECOUPLE completed...       0.0337 seconds
                  PHOT completed...       0.2989 seconds
               CLDPROC completed...       0.1203 seconds
                  CHEM completed...       0.5675 seconds
                  AERO completed...       0.7072 seconds
            Master Time Step
            Processing completed...       3.7027 seconds

     Processing Day/Time [YYYYDDD:HHMMSS]: 2017356:005000
       Which is Equivalent to (UTC): 0:50:00  Friday,  Dec. 22, 2017
       Time-Step Length (HHMMSS): 000500
                 VDIFF completed...       0.4702 seconds
                COUPLE completed...       0.0288 seconds
                  HADV completed...       1.1440 seconds
                  ZADV completed...       0.1998 seconds
                 HDIFF completed...       0.1395 seconds
              DECOUPLE completed...       0.0344 seconds
                  PHOT completed...       0.2856 seconds
               CLDPROC completed...       0.1195 seconds
                  CHEM completed...       0.5590 seconds
                  AERO completed...       0.7198 seconds
            Master Time Step
            Processing completed...       3.7045 seconds

     Processing Day/Time [YYYYDDD:HHMMSS]: 2017356:005500
       Which is Equivalent to (UTC): 0:55:00  Friday,  Dec. 22, 2017
       Time-Step Length (HHMMSS): 000500
                 VDIFF completed...       1.5116 seconds
                COUPLE completed...       0.1122 seconds
                  HADV completed...       1.1170 seconds
                  ZADV completed...       0.2003 seconds
                 HDIFF completed...       0.1384 seconds
              DECOUPLE completed...       0.0336 seconds
                  PHOT completed...       0.2571 seconds
               CLDPROC completed...       0.6033 seconds
                  CHEM completed...       0.5547 seconds
                  AERO completed...       0.6724 seconds
            Master Time Step
            Processing completed...       5.2045 seconds

      =--> Data Output completed...       1.5812 seconds

     Processing Day/Time [YYYYDDD:HHMMSS]: 2017356:010000
       Which is Equivalent to (UTC): 1:00:00  Friday,  Dec. 22, 2017
       Time-Step Length (HHMMSS): 000500
                 VDIFF completed...       4.5119 seconds
                COUPLE completed...       0.0880 seconds
                  HADV completed...       2.7197 seconds
                  ZADV completed...       0.2000 seconds
                 HDIFF completed...       0.1395 seconds
              DECOUPLE completed...       0.0341 seconds
                  PHOT completed...       1.0905 seconds
               CLDPROC completed...       0.1185 seconds
                  CHEM completed...       0.5103 seconds
                  AERO completed...       0.6856 seconds
            Master Time Step
            Processing completed...      10.1012 seconds

     Processing Day/Time [YYYYDDD:HHMMSS]: 2017356:010500
       Which is Equivalent to (UTC): 1:05:00  Friday,  Dec. 22, 2017
       Time-Step Length (HHMMSS): 000500
                 VDIFF completed...       0.5325 seconds
                COUPLE completed...       0.0288 seconds
                  HADV completed...       1.2867 seconds
                  ZADV completed...       0.1989 seconds
                 HDIFF completed...       0.1394 seconds
              DECOUPLE completed...       0.0334 seconds
                  PHOT completed...       0.2546 seconds
               CLDPROC completed...       0.1258 seconds
                  CHEM completed...       0.4889 seconds
                  AERO completed...       0.6876 seconds
            Master Time Step
            Processing completed...       3.7801 seconds

     Processing Day/Time [YYYYDDD:HHMMSS]: 2017356:011000
       Which is Equivalent to (UTC): 1:10:00  Friday,  Dec. 22, 2017
       Time-Step Length (HHMMSS): 000500
                 VDIFF completed...       0.5334 seconds
                COUPLE completed...       0.0290 seconds
                  HADV completed...       1.2785 seconds
                  ZADV completed...       0.1999 seconds
                 HDIFF completed...       0.1376 seconds
              DECOUPLE completed...       0.0333 seconds
                  PHOT completed...       0.2165 seconds
               CLDPROC completed...       0.1382 seconds
                  CHEM completed...       0.4780 seconds
                  AERO completed...       0.6941 seconds
            Master Time Step
            Processing completed...       3.7423 seconds

     Processing Day/Time [YYYYDDD:HHMMSS]: 2017356:011500
       Which is Equivalent to (UTC): 1:15:00  Friday,  Dec. 22, 2017
       Time-Step Length (HHMMSS): 000500
                 VDIFF completed...       0.5381 seconds
                COUPLE completed...       0.0297 seconds
                  HADV completed...       1.3281 seconds
                  ZADV completed...       0.1998 seconds
                 HDIFF completed...       0.1397 seconds
              DECOUPLE completed...       0.0331 seconds
                  PHOT completed...       0.1589 seconds
               CLDPROC completed...       0.1439 seconds
                  CHEM completed...       0.4852 seconds
                  AERO completed...       0.6973 seconds
            Master Time Step
            Processing completed...       3.7580 seconds

     Processing Day/Time [YYYYDDD:HHMMSS]: 2017356:012000
       Which is Equivalent to (UTC): 1:20:00  Friday,  Dec. 22, 2017
       Time-Step Length (HHMMSS): 000500
                 VDIFF completed...       0.5630 seconds
                COUPLE completed...       0.0307 seconds
                  HADV completed...       1.3873 seconds
                  ZADV completed...       0.1996 seconds
                 HDIFF completed...       0.1406 seconds
              DECOUPLE completed...       0.0319 seconds
                  PHOT completed...       0.1299 seconds
               CLDPROC completed...       0.1665 seconds
                  CHEM completed...       0.4893 seconds
                  AERO completed...       0.7037 seconds
            Master Time Step
            Processing completed...       3.8434 seconds

     Processing Day/Time [YYYYDDD:HHMMSS]: 2017356:012500
       Which is Equivalent to (UTC): 1:25:00  Friday,  Dec. 22, 2017
       Time-Step Length (HHMMSS): 000500
                 VDIFF completed...       0.5650 seconds
                COUPLE completed...       0.0308 seconds
                  HADV completed...       1.7182 seconds
                  ZADV completed...       0.1952 seconds
                 HDIFF completed...       0.1383 seconds
              DECOUPLE completed...       0.0329 seconds
                  PHOT completed...       0.1215 seconds
               CLDPROC completed...       0.1715 seconds
                  CHEM completed...       0.4882 seconds
                  AERO completed...       0.7042 seconds
            Master Time Step
            Processing completed...       4.1696 seconds

     Processing Day/Time [YYYYDDD:HHMMSS]: 2017356:013000
       Which is Equivalent to (UTC): 1:30:00  Friday,  Dec. 22, 2017
       Time-Step Length (HHMMSS): 000500
                 VDIFF completed...       0.5668 seconds
                COUPLE completed...       0.0310 seconds
                  HADV completed...       1.5107 seconds
                  ZADV completed...       0.1989 seconds
                 HDIFF completed...       0.1370 seconds
              DECOUPLE completed...       0.0323 seconds
                  PHOT completed...       0.1244 seconds
               CLDPROC completed...       0.1708 seconds
                  CHEM completed...       0.4863 seconds
                  AERO completed...       0.7016 seconds
            Master Time Step
            Processing completed...       3.9637 seconds

     Processing Day/Time [YYYYDDD:HHMMSS]: 2017356:013500
       Which is Equivalent to (UTC): 1:35:00  Friday,  Dec. 22, 2017
       Time-Step Length (HHMMSS): 000500
                 VDIFF completed...       0.5736 seconds
                COUPLE completed...       0.0304 seconds
                  HADV completed...       1.3824 seconds
                  ZADV completed...       0.1991 seconds
                 HDIFF completed...       0.1381 seconds
              DECOUPLE completed...       0.0325 seconds
                  PHOT completed...       0.1215 seconds
               CLDPROC completed...       0.1723 seconds
                  CHEM completed...       0.4835 seconds
                  AERO completed...       0.7027 seconds
            Master Time Step
            Processing completed...       3.8402 seconds

     Processing Day/Time [YYYYDDD:HHMMSS]: 2017356:014000
       Which is Equivalent to (UTC): 1:40:00  Friday,  Dec. 22, 2017
       Time-Step Length (HHMMSS): 000500
                 VDIFF completed...       0.5725 seconds
                COUPLE completed...       0.0305 seconds
                  HADV completed...       1.3131 seconds
                  ZADV completed...       0.1997 seconds
                 HDIFF completed...       0.1372 seconds
              DECOUPLE completed...       0.0333 seconds
                  PHOT completed...       0.1213 seconds
               CLDPROC completed...       0.1706 seconds
                  CHEM completed...       0.4810 seconds
                  AERO completed...       0.7011 seconds
            Master Time Step
            Processing completed...       3.7646 seconds

     Processing Day/Time [YYYYDDD:HHMMSS]: 2017356:014500
       Which is Equivalent to (UTC): 1:45:00  Friday,  Dec. 22, 2017
       Time-Step Length (HHMMSS): 000500
                 VDIFF completed...       0.5823 seconds
                COUPLE completed...       0.0306 seconds
                  HADV completed...       1.2975 seconds
                  ZADV completed...       0.1983 seconds
                 HDIFF completed...       0.1390 seconds
              DECOUPLE completed...       0.0330 seconds
                  PHOT completed...       0.1214 seconds
               CLDPROC completed...       0.1716 seconds
                  CHEM completed...       0.4814 seconds
                  AERO completed...       0.7009 seconds
            Master Time Step
            Processing completed...       3.7603 seconds

     Processing Day/Time [YYYYDDD:HHMMSS]: 2017356:015000
       Which is Equivalent to (UTC): 1:50:00  Friday,  Dec. 22, 2017
       Time-Step Length (HHMMSS): 000500
                 VDIFF completed...       0.5786 seconds
                COUPLE completed...       0.0308 seconds
                  HADV completed...       1.3336 seconds
                  ZADV completed...       0.1994 seconds
                 HDIFF completed...       0.1379 seconds
              DECOUPLE completed...       0.0335 seconds
                  PHOT completed...       0.1208 seconds
               CLDPROC completed...       0.1710 seconds
                  CHEM completed...       0.4790 seconds
                  AERO completed...       0.7005 seconds
            Master Time Step
            Processing completed...       3.7894 seconds

     Processing Day/Time [YYYYDDD:HHMMSS]: 2017356:015500
       Which is Equivalent to (UTC): 1:55:00  Friday,  Dec. 22, 2017
       Time-Step Length (HHMMSS): 000500
                 VDIFF completed...       1.7533 seconds
                COUPLE completed...       0.1115 seconds
                  HADV completed...       1.1268 seconds
                  ZADV completed...       0.1997 seconds
                 HDIFF completed...       0.1384 seconds
              DECOUPLE completed...       0.0330 seconds
                  PHOT completed...       0.1214 seconds
               CLDPROC completed...       0.8333 seconds
                  CHEM completed...       0.5085 seconds
                  AERO completed...       0.6748 seconds
            Master Time Step
            Processing completed...       5.5061 seconds

      =--> Data Output completed...       1.4614 seconds

     Processing Day/Time [YYYYDDD:HHMMSS]: 2017356:020000
       Which is Equivalent to (UTC): 2:00:00  Friday,  Dec. 22, 2017
       Time-Step Length (HHMMSS): 000500
                 VDIFF completed...       4.4675 seconds
                COUPLE completed...       0.1008 seconds
                  HADV completed...       2.9000 seconds
                  ZADV completed...       0.2002 seconds
                 HDIFF completed...       0.1376 seconds
              DECOUPLE completed...       0.0326 seconds
                  PHOT completed...       0.9135 seconds
               CLDPROC completed...       0.1792 seconds
                  CHEM completed...       0.4764 seconds
                  AERO completed...       0.7091 seconds
            Master Time Step
            Processing completed...      10.1222 seconds

     Processing Day/Time [YYYYDDD:HHMMSS]: 2017356:020500
       Which is Equivalent to (UTC): 2:05:00  Friday,  Dec. 22, 2017
       Time-Step Length (HHMMSS): 000500
                 VDIFF completed...       0.5875 seconds
                COUPLE completed...       0.0323 seconds
                  HADV completed...       1.3740 seconds
                  ZADV completed...       0.1996 seconds
                 HDIFF completed...       0.1389 seconds
              DECOUPLE completed...       0.0324 seconds
                  PHOT completed...       0.1210 seconds
               CLDPROC completed...       0.1711 seconds
                  CHEM completed...       0.4706 seconds
                  AERO completed...       0.7061 seconds
            Master Time Step
            Processing completed...       3.8379 seconds

     Processing Day/Time [YYYYDDD:HHMMSS]: 2017356:021000
       Which is Equivalent to (UTC): 2:10:00  Friday,  Dec. 22, 2017
       Time-Step Length (HHMMSS): 000500
                 VDIFF completed...       0.5796 seconds
                COUPLE completed...       0.0314 seconds
                  HADV completed...       1.3031 seconds
                  ZADV completed...       0.1992 seconds
                 HDIFF completed...       0.1390 seconds
              DECOUPLE completed...       0.0328 seconds
                  PHOT completed...       0.1203 seconds
               CLDPROC completed...       0.1712 seconds
                  CHEM completed...       0.4672 seconds
                  AERO completed...       0.7007 seconds
            Master Time Step
            Processing completed...       3.7492 seconds

     Processing Day/Time [YYYYDDD:HHMMSS]: 2017356:021500
       Which is Equivalent to (UTC): 2:15:00  Friday,  Dec. 22, 2017
       Time-Step Length (HHMMSS): 000500
                 VDIFF completed...       0.5816 seconds
                COUPLE completed...       0.0323 seconds
                  HADV completed...       1.3137 seconds
                  ZADV completed...       0.1993 seconds
                 HDIFF completed...       0.1391 seconds
              DECOUPLE completed...       0.0333 seconds
                  PHOT completed...       0.1202 seconds
               CLDPROC completed...       0.1707 seconds
                  CHEM completed...       0.4641 seconds
                  AERO completed...       0.7059 seconds
            Master Time Step
            Processing completed...       3.7646 seconds

     Processing Day/Time [YYYYDDD:HHMMSS]: 2017356:022000
       Which is Equivalent to (UTC): 2:20:00  Friday,  Dec. 22, 2017
       Time-Step Length (HHMMSS): 000500
                 VDIFF completed...       0.5831 seconds
                COUPLE completed...       0.0329 seconds
                  HADV completed...       1.3481 seconds
                  ZADV completed...       0.1989 seconds
                 HDIFF completed...       0.1383 seconds
              DECOUPLE completed...       0.0322 seconds
                  PHOT completed...       0.1218 seconds
               CLDPROC completed...       0.1711 seconds
                  CHEM completed...       0.4651 seconds
                  AERO completed...       0.7020 seconds
            Master Time Step
            Processing completed...       3.7977 seconds

     Processing Day/Time [YYYYDDD:HHMMSS]: 2017356:022500
       Which is Equivalent to (UTC): 2:25:00  Friday,  Dec. 22, 2017
       Time-Step Length (HHMMSS): 000500
                 VDIFF completed...       0.5846 seconds
                COUPLE completed...       0.0323 seconds
                  HADV completed...       1.3033 seconds
                  ZADV completed...       0.1995 seconds
                 HDIFF completed...       0.1388 seconds
              DECOUPLE completed...       0.0337 seconds
                  PHOT completed...       0.1203 seconds
               CLDPROC completed...       0.1703 seconds
                  CHEM completed...       0.4617 seconds
                  AERO completed...       0.7018 seconds
            Master Time Step
            Processing completed...       3.7508 seconds

     Processing Day/Time [YYYYDDD:HHMMSS]: 2017356:023000
       Which is Equivalent to (UTC): 2:30:00  Friday,  Dec. 22, 2017
       Time-Step Length (HHMMSS): 000500
                 VDIFF completed...       0.5856 seconds
                COUPLE completed...       0.0328 seconds
                  HADV completed...       1.3108 seconds
                  ZADV completed...       0.1994 seconds
                 HDIFF completed...       0.1380 seconds
              DECOUPLE completed...       0.0329 seconds
                  PHOT completed...       0.1213 seconds
               CLDPROC completed...       0.1700 seconds
                  CHEM completed...       0.4622 seconds
                  AERO completed...       0.7010 seconds
            Master Time Step
            Processing completed...       3.7584 seconds

     Processing Day/Time [YYYYDDD:HHMMSS]: 2017356:023500
       Which is Equivalent to (UTC): 2:35:00  Friday,  Dec. 22, 2017
       Time-Step Length (HHMMSS): 000500
                 VDIFF completed...       0.5868 seconds
                COUPLE completed...       0.0328 seconds
                  HADV completed...       1.3152 seconds
                  ZADV completed...       0.1986 seconds
                 HDIFF completed...       0.1400 seconds
              DECOUPLE completed...       0.0329 seconds
                  PHOT completed...       0.1209 seconds
               CLDPROC completed...       0.1701 seconds
                  CHEM completed...       0.4608 seconds
                  AERO completed...       0.7051 seconds
            Master Time Step
            Processing completed...       3.7681 seconds

     Processing Day/Time [YYYYDDD:HHMMSS]: 2017356:024000
       Which is Equivalent to (UTC): 2:40:00  Friday,  Dec. 22, 2017
       Time-Step Length (HHMMSS): 000500
                 VDIFF completed...       0.5854 seconds
                COUPLE completed...       0.0335 seconds
                  HADV completed...       1.3068 seconds
                  ZADV completed...       0.1996 seconds
                 HDIFF completed...       0.1390 seconds
              DECOUPLE completed...       0.0332 seconds
                  PHOT completed...       0.1204 seconds
               CLDPROC completed...       0.1707 seconds
                  CHEM completed...       0.4596 seconds
                  AERO completed...       0.7036 seconds
            Master Time Step
            Processing completed...       3.7558 seconds

     Processing Day/Time [YYYYDDD:HHMMSS]: 2017356:024500
       Which is Equivalent to (UTC): 2:45:00  Friday,  Dec. 22, 2017
       Time-Step Length (HHMMSS): 000500
                 VDIFF completed...       0.5868 seconds
                COUPLE completed...       0.0331 seconds
                  HADV completed...       1.3063 seconds
                  ZADV completed...       0.1986 seconds
                 HDIFF completed...       0.1394 seconds
              DECOUPLE completed...       0.0327 seconds
                  PHOT completed...       0.1212 seconds
               CLDPROC completed...       0.1703 seconds
                  CHEM completed...       0.4580 seconds
                  AERO completed...       0.7056 seconds
            Master Time Step
            Processing completed...       3.7562 seconds

     Processing Day/Time [YYYYDDD:HHMMSS]: 2017356:025000
       Which is Equivalent to (UTC): 2:50:00  Friday,  Dec. 22, 2017
       Time-Step Length (HHMMSS): 000500
                 VDIFF completed...       0.5870 seconds
                COUPLE completed...       0.0333 seconds
                  HADV completed...       1.3053 seconds
                  ZADV completed...       0.1991 seconds
                 HDIFF completed...       0.1388 seconds
              DECOUPLE completed...       0.0334 seconds
                  PHOT completed...       0.1207 seconds
               CLDPROC completed...       0.1704 seconds
                  CHEM completed...       0.4568 seconds
                  AERO completed...       0.7023 seconds
            Master Time Step
            Processing completed...       3.7517 seconds

     Processing Day/Time [YYYYDDD:HHMMSS]: 2017356:025500
       Which is Equivalent to (UTC): 2:55:00  Friday,  Dec. 22, 2017
       Time-Step Length (HHMMSS): 000500
                 VDIFF completed...       1.7141 seconds
                COUPLE completed...       0.1119 seconds
                  HADV completed...       1.3737 seconds
                  ZADV completed...       0.1989 seconds
                 HDIFF completed...       0.1393 seconds
              DECOUPLE completed...       0.0332 seconds
                  PHOT completed...       0.1209 seconds
               CLDPROC completed...       0.8345 seconds
                  CHEM completed...       0.4561 seconds
                  AERO completed...       0.6903 seconds
            Master Time Step
            Processing completed...       5.6772 seconds

      =--> Data Output completed...       1.4606 seconds

     Processing Day/Time [YYYYDDD:HHMMSS]: 2017356:030000
       Which is Equivalent to (UTC): 3:00:00  Friday,  Dec. 22, 2017
       Time-Step Length (HHMMSS): 000500
                 VDIFF completed...       4.3803 seconds
                COUPLE completed...       0.0905 seconds
                  HADV completed...       3.0703 seconds
                  ZADV completed...       0.1980 seconds
                 HDIFF completed...       0.1405 seconds
              DECOUPLE completed...       0.0331 seconds
                  PHOT completed...       0.9754 seconds
               CLDPROC completed...       0.1773 seconds
                  CHEM completed...       0.4581 seconds
                  AERO completed...       0.7090 seconds
            Master Time Step
            Processing completed...      10.2346 seconds

     Processing Day/Time [YYYYDDD:HHMMSS]: 2017356:030500
       Which is Equivalent to (UTC): 3:05:00  Friday,  Dec. 22, 2017
       Time-Step Length (HHMMSS): 000500
                 VDIFF completed...       0.5920 seconds
                COUPLE completed...       0.0332 seconds
                  HADV completed...       1.2870 seconds
                  ZADV completed...       0.1991 seconds
                 HDIFF completed...       0.1396 seconds
              DECOUPLE completed...       0.0332 seconds
                  PHOT completed...       0.1220 seconds
               CLDPROC completed...       0.1689 seconds
                  CHEM completed...       0.4540 seconds
                  AERO completed...       0.7006 seconds
            Master Time Step
            Processing completed...       3.7307 seconds

     Processing Day/Time [YYYYDDD:HHMMSS]: 2017356:031000
       Which is Equivalent to (UTC): 3:10:00  Friday,  Dec. 22, 2017
       Time-Step Length (HHMMSS): 000500
                 VDIFF completed...       0.5908 seconds
                COUPLE completed...       0.0328 seconds
                  HADV completed...       1.3582 seconds
                  ZADV completed...       0.1989 seconds
                 HDIFF completed...       0.1402 seconds
              DECOUPLE completed...       0.0330 seconds
                  PHOT completed...       0.1215 seconds
               CLDPROC completed...       0.1691 seconds
                  CHEM completed...       0.4483 seconds
                  AERO completed...       0.7014 seconds
            Master Time Step
            Processing completed...       3.7952 seconds

     Processing Day/Time [YYYYDDD:HHMMSS]: 2017356:031500
       Which is Equivalent to (UTC): 3:15:00  Friday,  Dec. 22, 2017
       Time-Step Length (HHMMSS): 000500
                 VDIFF completed...       0.5962 seconds
                COUPLE completed...       0.0346 seconds
                  HADV completed...       1.3578 seconds
                  ZADV completed...       0.1978 seconds
                 HDIFF completed...       0.1408 seconds
              DECOUPLE completed...       0.0333 seconds
                  PHOT completed...       0.1212 seconds
               CLDPROC completed...       0.1680 seconds
                  CHEM completed...       0.4502 seconds
                  AERO completed...       0.7028 seconds
            Master Time Step
            Processing completed...       3.8071 seconds

     Processing Day/Time [YYYYDDD:HHMMSS]: 2017356:032000
       Which is Equivalent to (UTC): 3:20:00  Friday,  Dec. 22, 2017
       Time-Step Length (HHMMSS): 000500
                 VDIFF completed...       0.5908 seconds
                COUPLE completed...       0.0347 seconds
                  HADV completed...       1.3548 seconds
                  ZADV completed...       0.1990 seconds
                 HDIFF completed...       0.1399 seconds
              DECOUPLE completed...       0.0332 seconds
                  PHOT completed...       0.1210 seconds
               CLDPROC completed...       0.1685 seconds
                  CHEM completed...       0.4468 seconds
                  AERO completed...       0.6986 seconds
            Master Time Step
            Processing completed...       3.7918 seconds

     Processing Day/Time [YYYYDDD:HHMMSS]: 2017356:032500
       Which is Equivalent to (UTC): 3:25:00  Friday,  Dec. 22, 2017
       Time-Step Length (HHMMSS): 000500
                 VDIFF completed...       0.6014 seconds
                COUPLE completed...       0.0354 seconds
                  HADV completed...       1.3600 seconds
                  ZADV completed...       0.1998 seconds
                 HDIFF completed...       0.1392 seconds
              DECOUPLE completed...       0.0326 seconds
                  PHOT completed...       0.1213 seconds
               CLDPROC completed...       0.1685 seconds
                  CHEM completed...       0.4448 seconds
                  AERO completed...       0.6963 seconds
            Master Time Step
            Processing completed...       3.8036 seconds

     Processing Day/Time [YYYYDDD:HHMMSS]: 2017356:033000
       Which is Equivalent to (UTC): 3:30:00  Friday,  Dec. 22, 2017
       Time-Step Length (HHMMSS): 000500
                 VDIFF completed...       0.6048 seconds
                COUPLE completed...       0.0348 seconds
                  HADV completed...       1.3678 seconds
                  ZADV completed...       0.1989 seconds
                 HDIFF completed...       0.1388 seconds
              DECOUPLE completed...       0.0334 seconds
                  PHOT completed...       0.1214 seconds
               CLDPROC completed...       0.1682 seconds
                  CHEM completed...       0.4449 seconds
                  AERO completed...       0.6982 seconds
            Master Time Step
            Processing completed...       3.8155 seconds

     Processing Day/Time [YYYYDDD:HHMMSS]: 2017356:033500
       Which is Equivalent to (UTC): 3:35:00  Friday,  Dec. 22, 2017
       Time-Step Length (HHMMSS): 000500
                 VDIFF completed...       0.6058 seconds
                COUPLE completed...       0.0346 seconds
                  HADV completed...       1.3584 seconds
                  ZADV completed...       0.1996 seconds
                 HDIFF completed...       0.1394 seconds
              DECOUPLE completed...       0.0333 seconds
                  PHOT completed...       0.1208 seconds
               CLDPROC completed...       0.1672 seconds
                  CHEM completed...       0.4413 seconds
                  AERO completed...       0.6962 seconds
            Master Time Step
            Processing completed...       3.8017 seconds

     Processing Day/Time [YYYYDDD:HHMMSS]: 2017356:034000
       Which is Equivalent to (UTC): 3:40:00  Friday,  Dec. 22, 2017
       Time-Step Length (HHMMSS): 000500
                 VDIFF completed...       0.6026 seconds
                COUPLE completed...       0.0351 seconds
                  HADV completed...       1.3735 seconds
                  ZADV completed...       0.1988 seconds
                 HDIFF completed...       0.1407 seconds
              DECOUPLE completed...       0.0334 seconds
                  PHOT completed...       0.1210 seconds
               CLDPROC completed...       0.1670 seconds
                  CHEM completed...       0.4420 seconds
                  AERO completed...       0.6951 seconds
            Master Time Step
            Processing completed...       3.8130 seconds

     Processing Day/Time [YYYYDDD:HHMMSS]: 2017356:034500
       Which is Equivalent to (UTC): 3:45:00  Friday,  Dec. 22, 2017
       Time-Step Length (HHMMSS): 000500
                 VDIFF completed...       0.6031 seconds
                COUPLE completed...       0.0367 seconds
                  HADV completed...       1.3674 seconds
                  ZADV completed...       0.1994 seconds
                 HDIFF completed...       0.1385 seconds
              DECOUPLE completed...       0.0330 seconds
                  PHOT completed...       0.1209 seconds
               CLDPROC completed...       0.1677 seconds
                  CHEM completed...       0.4405 seconds
                  AERO completed...       0.6912 seconds
            Master Time Step
            Processing completed...       3.8031 seconds

     Processing Day/Time [YYYYDDD:HHMMSS]: 2017356:035000
       Which is Equivalent to (UTC): 3:50:00  Friday,  Dec. 22, 2017
       Time-Step Length (HHMMSS): 000500
                 VDIFF completed...       0.6117 seconds
                COUPLE completed...       0.0354 seconds
                  HADV completed...       1.3563 seconds
                  ZADV completed...       0.1995 seconds
                 HDIFF completed...       0.1474 seconds
              DECOUPLE completed...       0.0358 seconds
                  PHOT completed...       0.1131 seconds
               CLDPROC completed...       0.1642 seconds
                  CHEM completed...       0.4414 seconds
                  AERO completed...       0.6960 seconds
            Master Time Step
            Processing completed...       3.8058 seconds

     Processing Day/Time [YYYYDDD:HHMMSS]: 2017356:035500
       Which is Equivalent to (UTC): 3:55:00  Friday,  Dec. 22, 2017
       Time-Step Length (HHMMSS): 000500
                 VDIFF completed...       1.7255 seconds
                COUPLE completed...       0.1113 seconds
                  HADV completed...       1.1571 seconds
                  ZADV completed...       0.2002 seconds
                 HDIFF completed...       0.1396 seconds
              DECOUPLE completed...       0.0339 seconds
                  PHOT completed...       0.1206 seconds
               CLDPROC completed...       0.9205 seconds
                  CHEM completed...       0.4319 seconds
                  AERO completed...       0.6841 seconds
            Master Time Step
            Processing completed...       5.5298 seconds

      =--> Data Output completed...       1.5066 seconds

     Processing Day/Time [YYYYDDD:HHMMSS]: 2017356:040000
       Which is Equivalent to (UTC): 4:00:00  Friday,  Dec. 22, 2017
       Time-Step Length (HHMMSS): 000500
                 VDIFF completed...       4.5231 seconds
                COUPLE completed...       0.0900 seconds
                  HADV completed...       3.3400 seconds
                  ZADV completed...       0.1989 seconds
                 HDIFF completed...       0.1393 seconds
              DECOUPLE completed...       0.0337 seconds
                  PHOT completed...       0.8943 seconds
               CLDPROC completed...       0.1746 seconds
                  CHEM completed...       0.4427 seconds
                  AERO completed...       0.7000 seconds
            Master Time Step
            Processing completed...      10.5420 seconds

     Processing Day/Time [YYYYDDD:HHMMSS]: 2017356:040500
       Which is Equivalent to (UTC): 4:05:00  Friday,  Dec. 22, 2017
       Time-Step Length (HHMMSS): 000500
                 VDIFF completed...       0.5863 seconds
                COUPLE completed...       0.0372 seconds
                  HADV completed...       1.5548 seconds
                  ZADV completed...       0.1978 seconds
                 HDIFF completed...       0.1402 seconds
              DECOUPLE completed...       0.0325 seconds
                  PHOT completed...       0.1215 seconds
               CLDPROC completed...       0.1689 seconds
                  CHEM completed...       0.4389 seconds
                  AERO completed...       0.6903 seconds
            Master Time Step
            Processing completed...       3.9703 seconds

     Processing Day/Time [YYYYDDD:HHMMSS]: 2017356:041000
       Which is Equivalent to (UTC): 4:10:00  Friday,  Dec. 22, 2017
       Time-Step Length (HHMMSS): 000500
                 VDIFF completed...       0.6018 seconds
                COUPLE completed...       0.0351 seconds
                  HADV completed...       1.3865 seconds
                  ZADV completed...       0.1972 seconds
                 HDIFF completed...       0.1406 seconds
              DECOUPLE completed...       0.0322 seconds
                  PHOT completed...       0.1223 seconds
               CLDPROC completed...       0.1676 seconds
                  CHEM completed...       0.4329 seconds
                  AERO completed...       0.6891 seconds
            Master Time Step
            Processing completed...       3.8066 seconds

     Processing Day/Time [YYYYDDD:HHMMSS]: 2017356:041500
       Which is Equivalent to (UTC): 4:15:00  Friday,  Dec. 22, 2017
       Time-Step Length (HHMMSS): 000500
                 VDIFF completed...       0.6037 seconds
                COUPLE completed...       0.0357 seconds
                  HADV completed...       1.4205 seconds
                  ZADV completed...       0.1982 seconds
                 HDIFF completed...       0.1403 seconds
              DECOUPLE completed...       0.0331 seconds
                  PHOT completed...       0.1208 seconds
               CLDPROC completed...       0.1660 seconds
                  CHEM completed...       0.4362 seconds
                  AERO completed...       0.6861 seconds
            Master Time Step
            Processing completed...       3.8450 seconds

     Processing Day/Time [YYYYDDD:HHMMSS]: 2017356:042000
       Which is Equivalent to (UTC): 4:20:00  Friday,  Dec. 22, 2017
       Time-Step Length (HHMMSS): 000500
                 VDIFF completed...       0.6016 seconds
                COUPLE completed...       0.0342 seconds
                  HADV completed...       1.4359 seconds
                  ZADV completed...       0.1973 seconds
                 HDIFF completed...       0.1401 seconds
              DECOUPLE completed...       0.0335 seconds
                  PHOT completed...       0.1203 seconds
               CLDPROC completed...       0.1770 seconds
                  CHEM completed...       0.4337 seconds
                  AERO completed...       0.6851 seconds
            Master Time Step
            Processing completed...       3.8635 seconds

     Processing Day/Time [YYYYDDD:HHMMSS]: 2017356:042500
       Which is Equivalent to (UTC): 4:25:00  Friday,  Dec. 22, 2017
       Time-Step Length (HHMMSS): 000500
                 VDIFF completed...       0.5923 seconds
                COUPLE completed...       0.0355 seconds
                  HADV completed...       1.4379 seconds
                  ZADV completed...       0.1970 seconds
                 HDIFF completed...       0.1415 seconds
              DECOUPLE completed...       0.0333 seconds
                  PHOT completed...       0.1203 seconds
               CLDPROC completed...       0.1658 seconds
                  CHEM completed...       0.4338 seconds
                  AERO completed...       0.6900 seconds
            Master Time Step
            Processing completed...       3.8523 seconds

     Processing Day/Time [YYYYDDD:HHMMSS]: 2017356:043000
       Which is Equivalent to (UTC): 4:30:00  Friday,  Dec. 22, 2017
       Time-Step Length (HHMMSS): 000500
                 VDIFF completed...       0.5990 seconds
                COUPLE completed...       0.0341 seconds
                  HADV completed...       1.4370 seconds
                  ZADV completed...       0.1980 seconds
                 HDIFF completed...       0.1398 seconds
              DECOUPLE completed...       0.0324 seconds
                  PHOT completed...       0.1210 seconds
               CLDPROC completed...       0.1665 seconds
                  CHEM completed...       0.4307 seconds
                  AERO completed...       0.6854 seconds
            Master Time Step
            Processing completed...       3.8485 seconds

     Processing Day/Time [YYYYDDD:HHMMSS]: 2017356:043500
       Which is Equivalent to (UTC): 4:35:00  Friday,  Dec. 22, 2017
       Time-Step Length (HHMMSS): 000500
                 VDIFF completed...       0.6085 seconds
                COUPLE completed...       0.0341 seconds
                  HADV completed...       1.6243 seconds
                  ZADV completed...       0.1978 seconds
                 HDIFF completed...       0.1403 seconds
              DECOUPLE completed...       0.0325 seconds
                  PHOT completed...       0.1216 seconds
               CLDPROC completed...       0.1664 seconds
                  CHEM completed...       0.4302 seconds
                  AERO completed...       0.6815 seconds
            Master Time Step
            Processing completed...       4.0415 seconds

     Processing Day/Time [YYYYDDD:HHMMSS]: 2017356:044000
       Which is Equivalent to (UTC): 4:40:00  Friday,  Dec. 22, 2017
       Time-Step Length (HHMMSS): 000500
                 VDIFF completed...       0.6096 seconds
                COUPLE completed...       0.0347 seconds
                  HADV completed...       1.4427 seconds
                  ZADV completed...       0.1973 seconds
                 HDIFF completed...       0.1401 seconds
              DECOUPLE completed...       0.0321 seconds
                  PHOT completed...       0.1216 seconds
               CLDPROC completed...       0.1655 seconds
                  CHEM completed...       0.4288 seconds
                  AERO completed...       0.6857 seconds
            Master Time Step
            Processing completed...       3.8626 seconds

     Processing Day/Time [YYYYDDD:HHMMSS]: 2017356:044500
       Which is Equivalent to (UTC): 4:45:00  Friday,  Dec. 22, 2017
       Time-Step Length (HHMMSS): 000500
                 VDIFF completed...       0.6077 seconds
                COUPLE completed...       0.0340 seconds
                  HADV completed...       1.4497 seconds
                  ZADV completed...       0.1972 seconds
                 HDIFF completed...       0.1407 seconds
              DECOUPLE completed...       0.0332 seconds
                  PHOT completed...       0.1207 seconds
               CLDPROC completed...       0.1651 seconds
                  CHEM completed...       0.4274 seconds
                  AERO completed...       0.6818 seconds
            Master Time Step
            Processing completed...       3.8620 seconds

     Processing Day/Time [YYYYDDD:HHMMSS]: 2017356:045000
       Which is Equivalent to (UTC): 4:50:00  Friday,  Dec. 22, 2017
       Time-Step Length (HHMMSS): 000500
                 VDIFF completed...       0.6136 seconds
                COUPLE completed...       0.0340 seconds
                  HADV completed...       1.4544 seconds
                  ZADV completed...       0.1968 seconds
                 HDIFF completed...       0.1405 seconds
              DECOUPLE completed...       0.0326 seconds
                  PHOT completed...       0.1211 seconds
               CLDPROC completed...       0.1656 seconds
                  CHEM completed...       0.4262 seconds
                  AERO completed...       0.6820 seconds
            Master Time Step
            Processing completed...       3.8717 seconds

     Processing Day/Time [YYYYDDD:HHMMSS]: 2017356:045500
       Which is Equivalent to (UTC): 4:55:00  Friday,  Dec. 22, 2017
       Time-Step Length (HHMMSS): 000500
                 VDIFF completed...       1.8023 seconds
                COUPLE completed...       0.1121 seconds
                  HADV completed...       1.1626 seconds
                  ZADV completed...       0.1968 seconds
                 HDIFF completed...       0.1419 seconds
              DECOUPLE completed...       0.0323 seconds
                  PHOT completed...       0.1209 seconds
               CLDPROC completed...       0.9735 seconds
                  CHEM completed...       0.4159 seconds
                  AERO completed...       0.6794 seconds
            Master Time Step
            Processing completed...       5.6408 seconds

      =--> Data Output completed...       1.5349 seconds

     Processing Day/Time [YYYYDDD:HHMMSS]: 2017356:050000
       Which is Equivalent to (UTC): 5:00:00  Friday,  Dec. 22, 2017
       Time-Step Length (HHMMSS): 000500
                 VDIFF completed...       4.6778 seconds
                COUPLE completed...       0.0922 seconds
                  HADV completed...       2.5747 seconds
                  ZADV completed...       0.1987 seconds
                 HDIFF completed...       0.1401 seconds
              DECOUPLE completed...       0.0334 seconds
                  PHOT completed...       0.9830 seconds
               CLDPROC completed...       0.1710 seconds
                  CHEM completed...       0.4331 seconds
                  AERO completed...       0.6886 seconds
            Master Time Step
            Processing completed...       9.9964 seconds

     Processing Day/Time [YYYYDDD:HHMMSS]: 2017356:050500
       Which is Equivalent to (UTC): 5:05:00  Friday,  Dec. 22, 2017
       Time-Step Length (HHMMSS): 000500
                 VDIFF completed...       0.6061 seconds
                COUPLE completed...       0.0363 seconds
                  HADV completed...       1.2728 seconds
                  ZADV completed...       0.1982 seconds
                 HDIFF completed...       0.1398 seconds
              DECOUPLE completed...       0.0326 seconds
                  PHOT completed...       0.1221 seconds
               CLDPROC completed...       0.1637 seconds
                  CHEM completed...       0.4267 seconds
                  AERO completed...       0.6754 seconds
            Master Time Step
            Processing completed...       3.6782 seconds

     Processing Day/Time [YYYYDDD:HHMMSS]: 2017356:051000
       Which is Equivalent to (UTC): 5:10:00  Friday,  Dec. 22, 2017
       Time-Step Length (HHMMSS): 000500
                 VDIFF completed...       0.6140 seconds
                COUPLE completed...       0.0366 seconds
                  HADV completed...       1.4166 seconds
                  ZADV completed...       0.1985 seconds
                 HDIFF completed...       0.1407 seconds
              DECOUPLE completed...       0.0335 seconds
                  PHOT completed...       0.1215 seconds
               CLDPROC completed...       0.1635 seconds
                  CHEM completed...       0.4239 seconds
                  AERO completed...       0.6717 seconds
            Master Time Step
            Processing completed...       3.8215 seconds

     Processing Day/Time [YYYYDDD:HHMMSS]: 2017356:051500
       Which is Equivalent to (UTC): 5:15:00  Friday,  Dec. 22, 2017
       Time-Step Length (HHMMSS): 000500
                 VDIFF completed...       0.6202 seconds
                COUPLE completed...       0.0357 seconds
                  HADV completed...       1.4378 seconds
                  ZADV completed...       0.1993 seconds
                 HDIFF completed...       0.1398 seconds
              DECOUPLE completed...       0.0338 seconds
                  PHOT completed...       0.1218 seconds
               CLDPROC completed...       0.1647 seconds
                  CHEM completed...       0.4248 seconds
                  AERO completed...       0.6695 seconds
            Master Time Step
            Processing completed...       3.8484 seconds

     Processing Day/Time [YYYYDDD:HHMMSS]: 2017356:052000
       Which is Equivalent to (UTC): 5:20:00  Friday,  Dec. 22, 2017
       Time-Step Length (HHMMSS): 000500
                 VDIFF completed...       0.6177 seconds
                COUPLE completed...       0.0375 seconds
                  HADV completed...       1.4280 seconds
                  ZADV completed...       0.1979 seconds
                 HDIFF completed...       0.1408 seconds
              DECOUPLE completed...       0.0335 seconds
                  PHOT completed...       0.1215 seconds
               CLDPROC completed...       0.1653 seconds
                  CHEM completed...       0.4252 seconds
                  AERO completed...       0.6658 seconds
            Master Time Step
            Processing completed...       3.8344 seconds

     Processing Day/Time [YYYYDDD:HHMMSS]: 2017356:052500
       Which is Equivalent to (UTC): 5:25:00  Friday,  Dec. 22, 2017
       Time-Step Length (HHMMSS): 000500
                 VDIFF completed...       0.6168 seconds
                COUPLE completed...       0.0389 seconds
                  HADV completed...       1.4432 seconds
                  ZADV completed...       0.1986 seconds
                 HDIFF completed...       0.1406 seconds
              DECOUPLE completed...       0.0331 seconds
                  PHOT completed...       0.1215 seconds
               CLDPROC completed...       0.1654 seconds
                  CHEM completed...       0.4263 seconds
                  AERO completed...       0.6659 seconds
            Master Time Step
            Processing completed...       3.8513 seconds

     Processing Day/Time [YYYYDDD:HHMMSS]: 2017356:053000
       Which is Equivalent to (UTC): 5:30:00  Friday,  Dec. 22, 2017
       Time-Step Length (HHMMSS): 000500
                 VDIFF completed...       0.6194 seconds
                COUPLE completed...       0.0378 seconds
                  HADV completed...       1.4253 seconds
                  ZADV completed...       0.1979 seconds
                 HDIFF completed...       0.1409 seconds
              DECOUPLE completed...       0.0334 seconds
                  PHOT completed...       0.1203 seconds
               CLDPROC completed...       0.1640 seconds
                  CHEM completed...       0.4254 seconds
                  AERO completed...       0.6650 seconds
            Master Time Step
            Processing completed...       3.8336 seconds

     Processing Day/Time [YYYYDDD:HHMMSS]: 2017356:053500
       Which is Equivalent to (UTC): 5:35:00  Friday,  Dec. 22, 2017
       Time-Step Length (HHMMSS): 000500
                 VDIFF completed...       0.6139 seconds
                COUPLE completed...       0.0402 seconds
                  HADV completed...       1.4409 seconds
                  ZADV completed...       0.1989 seconds
                 HDIFF completed...       0.2518 seconds
              DECOUPLE completed...       0.0333 seconds
                  PHOT completed...       0.1211 seconds
               CLDPROC completed...       0.1638 seconds
                  CHEM completed...       0.4267 seconds
                  AERO completed...       0.6764 seconds
            Master Time Step
            Processing completed...       3.9719 seconds

     Processing Day/Time [YYYYDDD:HHMMSS]: 2017356:054000
       Which is Equivalent to (UTC): 5:40:00  Friday,  Dec. 22, 2017
       Time-Step Length (HHMMSS): 000500
                 VDIFF completed...       0.6008 seconds
                COUPLE completed...       0.0396 seconds
                  HADV completed...       1.4350 seconds
                  ZADV completed...       0.1979 seconds
                 HDIFF completed...       0.1409 seconds
              DECOUPLE completed...       0.0331 seconds
                  PHOT completed...       0.1205 seconds
               CLDPROC completed...       0.1636 seconds
                  CHEM completed...       0.4281 seconds
                  AERO completed...       0.6631 seconds
            Master Time Step
            Processing completed...       3.8278 seconds

     Processing Day/Time [YYYYDDD:HHMMSS]: 2017356:054500
       Which is Equivalent to (UTC): 5:45:00  Friday,  Dec. 22, 2017
       Time-Step Length (HHMMSS): 000500
                 VDIFF completed...       0.6111 seconds
                COUPLE completed...       0.0408 seconds
                  HADV completed...       1.4344 seconds
                  ZADV completed...       0.1990 seconds
                 HDIFF completed...       0.1391 seconds
              DECOUPLE completed...       0.0330 seconds
                  PHOT completed...       0.1215 seconds
               CLDPROC completed...       0.1629 seconds
                  CHEM completed...       0.4257 seconds
                  AERO completed...       0.6634 seconds
            Master Time Step
            Processing completed...       3.8361 seconds

     Processing Day/Time [YYYYDDD:HHMMSS]: 2017356:055000
       Which is Equivalent to (UTC): 5:50:00  Friday,  Dec. 22, 2017
       Time-Step Length (HHMMSS): 000500
                 VDIFF completed...       0.6123 seconds
                COUPLE completed...       0.0427 seconds
                  HADV completed...       1.4389 seconds
                  ZADV completed...       0.1988 seconds
                 HDIFF completed...       0.1404 seconds
              DECOUPLE completed...       0.0339 seconds
                  PHOT completed...       0.1202 seconds
               CLDPROC completed...       0.1624 seconds
                  CHEM completed...       0.4260 seconds
                  AERO completed...       0.6657 seconds
            Master Time Step
            Processing completed...       3.8458 seconds

     Processing Day/Time [YYYYDDD:HHMMSS]: 2017356:055500
       Which is Equivalent to (UTC): 5:55:00  Friday,  Dec. 22, 2017
       Time-Step Length (HHMMSS): 000500
                 VDIFF completed...       1.8486 seconds
                COUPLE completed...       0.1116 seconds
                  HADV completed...       1.1260 seconds
                  ZADV completed...       0.1992 seconds
                 HDIFF completed...       0.1395 seconds
              DECOUPLE completed...       0.0337 seconds
                  PHOT completed...       0.1212 seconds
               CLDPROC completed...       1.0407 seconds
                  CHEM completed...       0.4219 seconds
                  AERO completed...       0.6650 seconds
            Master Time Step
            Processing completed...       5.7119 seconds

      =--> Data Output completed...       1.6156 seconds

     Processing Day/Time [YYYYDDD:HHMMSS]: 2017356:060000
       Which is Equivalent to (UTC): 6:00:00  Friday,  Dec. 22, 2017
       Time-Step Length (HHMMSS): 000500
                 VDIFF completed...       4.6193 seconds
                COUPLE completed...       0.0947 seconds
                  HADV completed...       2.8618 seconds
                  ZADV completed...       0.1968 seconds
                 HDIFF completed...       0.1429 seconds
              DECOUPLE completed...       0.0339 seconds
                  PHOT completed...       1.1119 seconds
               CLDPROC completed...       0.1724 seconds
                  CHEM completed...       0.4322 seconds
                  AERO completed...       0.6676 seconds
            Master Time Step
            Processing completed...      10.3372 seconds

     Processing Day/Time [YYYYDDD:HHMMSS]: 2017356:060500
       Which is Equivalent to (UTC): 6:05:00  Friday,  Dec. 22, 2017
       Time-Step Length (HHMMSS): 000500
                 VDIFF completed...       0.6134 seconds
                COUPLE completed...       0.0384 seconds
                  HADV completed...       1.3726 seconds
                  ZADV completed...       0.1980 seconds
                 HDIFF completed...       0.1404 seconds
              DECOUPLE completed...       0.0334 seconds
                  PHOT completed...       0.1215 seconds
               CLDPROC completed...       0.1669 seconds
                  CHEM completed...       0.4264 seconds
                  AERO completed...       0.6606 seconds
            Master Time Step
            Processing completed...       3.7732 seconds

     Processing Day/Time [YYYYDDD:HHMMSS]: 2017356:061000
       Which is Equivalent to (UTC): 6:10:00  Friday,  Dec. 22, 2017
       Time-Step Length (HHMMSS): 000500
                 VDIFF completed...       0.6085 seconds
                COUPLE completed...       0.0386 seconds
                  HADV completed...       1.4537 seconds
                  ZADV completed...       0.1987 seconds
                 HDIFF completed...       0.1398 seconds
              DECOUPLE completed...       0.0336 seconds
                  PHOT completed...       0.1204 seconds
               CLDPROC completed...       0.1667 seconds
                  CHEM completed...       0.4273 seconds
                  AERO completed...       0.6555 seconds
            Master Time Step
            Processing completed...       3.8472 seconds

     Processing Day/Time [YYYYDDD:HHMMSS]: 2017356:061500
       Which is Equivalent to (UTC): 6:15:00  Friday,  Dec. 22, 2017
       Time-Step Length (HHMMSS): 000500
                 VDIFF completed...       0.6054 seconds
                COUPLE completed...       0.0421 seconds
                  HADV completed...       1.4564 seconds
                  ZADV completed...       0.1976 seconds
                 HDIFF completed...       0.1432 seconds
              DECOUPLE completed...       0.0333 seconds
                  PHOT completed...       0.1213 seconds
               CLDPROC completed...       0.1670 seconds
                  CHEM completed...       0.4281 seconds
                  AERO completed...       0.6555 seconds
            Master Time Step
            Processing completed...       3.8538 seconds

     Processing Day/Time [YYYYDDD:HHMMSS]: 2017356:062000
       Which is Equivalent to (UTC): 6:20:00  Friday,  Dec. 22, 2017
       Time-Step Length (HHMMSS): 000500
                 VDIFF completed...       0.6054 seconds
                COUPLE completed...       0.0408 seconds
                  HADV completed...       1.4548 seconds
                  ZADV completed...       0.1985 seconds
                 HDIFF completed...       0.1386 seconds
              DECOUPLE completed...       0.0334 seconds
                  PHOT completed...       0.1205 seconds
               CLDPROC completed...       0.1750 seconds
                  CHEM completed...       0.4272 seconds
                  AERO completed...       0.6460 seconds
            Master Time Step
            Processing completed...       3.8449 seconds

     Processing Day/Time [YYYYDDD:HHMMSS]: 2017356:062500
       Which is Equivalent to (UTC): 6:25:00  Friday,  Dec. 22, 2017
       Time-Step Length (HHMMSS): 000500
                 VDIFF completed...       0.6024 seconds
                COUPLE completed...       0.0393 seconds
                  HADV completed...       1.4667 seconds
                  ZADV completed...       0.1979 seconds
                 HDIFF completed...       0.1403 seconds
              DECOUPLE completed...       0.0334 seconds
                  PHOT completed...       0.1211 seconds
               CLDPROC completed...       0.1672 seconds
                  CHEM completed...       0.4259 seconds
                  AERO completed...       0.6532 seconds
            Master Time Step
            Processing completed...       3.8516 seconds

     Processing Day/Time [YYYYDDD:HHMMSS]: 2017356:063000
       Which is Equivalent to (UTC): 6:30:00  Friday,  Dec. 22, 2017
       Time-Step Length (HHMMSS): 000500
                 VDIFF completed...       0.5995 seconds
                COUPLE completed...       0.0405 seconds
                  HADV completed...       1.4653 seconds
                  ZADV completed...       0.1976 seconds
                 HDIFF completed...       0.1394 seconds
              DECOUPLE completed...       0.0331 seconds
                  PHOT completed...       0.1209 seconds
               CLDPROC completed...       0.1700 seconds
                  CHEM completed...       0.4279 seconds
                  AERO completed...       0.6495 seconds
            Master Time Step
            Processing completed...       3.8489 seconds

     Processing Day/Time [YYYYDDD:HHMMSS]: 2017356:063500
       Which is Equivalent to (UTC): 6:35:00  Friday,  Dec. 22, 2017
       Time-Step Length (HHMMSS): 000500
                 VDIFF completed...       0.6102 seconds
                COUPLE completed...       0.0376 seconds
                  HADV completed...       1.4599 seconds
                  ZADV completed...       0.1967 seconds
                 HDIFF completed...       0.1409 seconds
              DECOUPLE completed...       0.0328 seconds
                  PHOT completed...       0.1214 seconds
               CLDPROC completed...       0.1684 seconds
                  CHEM completed...       0.4267 seconds
                  AERO completed...       0.6495 seconds
            Master Time Step
            Processing completed...       3.8486 seconds

     Processing Day/Time [YYYYDDD:HHMMSS]: 2017356:064000
       Which is Equivalent to (UTC): 6:40:00  Friday,  Dec. 22, 2017
       Time-Step Length (HHMMSS): 000500
                 VDIFF completed...       0.5960 seconds
                COUPLE completed...       0.0408 seconds
                  HADV completed...       1.4822 seconds
                  ZADV completed...       0.1966 seconds
                 HDIFF completed...       0.1419 seconds
              DECOUPLE completed...       0.0330 seconds
                  PHOT completed...       0.1212 seconds
               CLDPROC completed...       0.1697 seconds
                  CHEM completed...       0.4277 seconds
                  AERO completed...       0.6493 seconds
            Master Time Step
            Processing completed...       3.8623 seconds

     Processing Day/Time [YYYYDDD:HHMMSS]: 2017356:064500
       Which is Equivalent to (UTC): 6:45:00  Friday,  Dec. 22, 2017
       Time-Step Length (HHMMSS): 000500
                 VDIFF completed...       0.6027 seconds
                COUPLE completed...       0.0412 seconds
                  HADV completed...       1.4633 seconds
                  ZADV completed...       0.1971 seconds
                 HDIFF completed...       0.1414 seconds
              DECOUPLE completed...       0.0334 seconds
                  PHOT completed...       0.1208 seconds
               CLDPROC completed...       0.1681 seconds
                  CHEM completed...       0.4377 seconds
                  AERO completed...       0.6455 seconds
            Master Time Step
            Processing completed...       3.8548 seconds

     Processing Day/Time [YYYYDDD:HHMMSS]: 2017356:065000
       Which is Equivalent to (UTC): 6:50:00  Friday,  Dec. 22, 2017
       Time-Step Length (HHMMSS): 000500
                 VDIFF completed...       0.5939 seconds
                COUPLE completed...       0.0413 seconds
                  HADV completed...       1.4733 seconds
                  ZADV completed...       0.1968 seconds
                 HDIFF completed...       0.1410 seconds
              DECOUPLE completed...       0.0325 seconds
                  PHOT completed...       0.1210 seconds
               CLDPROC completed...       0.1690 seconds
                  CHEM completed...       0.4267 seconds
                  AERO completed...       0.6483 seconds
            Master Time Step
            Processing completed...       3.8486 seconds

     Processing Day/Time [YYYYDDD:HHMMSS]: 2017356:065500
       Which is Equivalent to (UTC): 6:55:00  Friday,  Dec. 22, 2017
       Time-Step Length (HHMMSS): 000500
                 VDIFF completed...       1.8454 seconds
                COUPLE completed...       0.1119 seconds
                  HADV completed...       1.1169 seconds
                  ZADV completed...       0.1976 seconds
                 HDIFF completed...       0.1404 seconds
              DECOUPLE completed...       0.0332 seconds
                  PHOT completed...       0.1210 seconds
               CLDPROC completed...       1.0602 seconds
                  CHEM completed...       0.4241 seconds
                  AERO completed...       0.6613 seconds
            Master Time Step
            Processing completed...       5.7161 seconds

      =--> Data Output completed...       1.5862 seconds

     Processing Day/Time [YYYYDDD:HHMMSS]: 2017356:070000
       Which is Equivalent to (UTC): 7:00:00  Friday,  Dec. 22, 2017
       Time-Step Length (HHMMSS): 000500
                 VDIFF completed...       4.7374 seconds
                COUPLE completed...       0.0944 seconds
                  HADV completed...       2.4865 seconds
                  ZADV completed...       0.1966 seconds
                 HDIFF completed...       0.1423 seconds
              DECOUPLE completed...       0.0328 seconds
                  PHOT completed...       1.0174 seconds
               CLDPROC completed...       0.1748 seconds
                  CHEM completed...       0.4324 seconds
                  AERO completed...       0.6543 seconds
            Master Time Step
            Processing completed...       9.9723 seconds

     Processing Day/Time [YYYYDDD:HHMMSS]: 2017356:070500
       Which is Equivalent to (UTC): 7:05:00  Friday,  Dec. 22, 2017
       Time-Step Length (HHMMSS): 000500
                 VDIFF completed...       0.6028 seconds
                COUPLE completed...       0.0425 seconds
                  HADV completed...       1.3759 seconds
                  ZADV completed...       0.1981 seconds
                 HDIFF completed...       0.1402 seconds
              DECOUPLE completed...       0.0336 seconds
                  PHOT completed...       0.1209 seconds
               CLDPROC completed...       0.1699 seconds
                  CHEM completed...       0.4291 seconds
                  AERO completed...       0.6463 seconds
            Master Time Step
            Processing completed...       3.7632 seconds

     Processing Day/Time [YYYYDDD:HHMMSS]: 2017356:071000
       Which is Equivalent to (UTC): 7:10:00  Friday,  Dec. 22, 2017
       Time-Step Length (HHMMSS): 000500
                 VDIFF completed...       0.5930 seconds
                COUPLE completed...       0.0402 seconds
                  HADV completed...       1.4686 seconds
                  ZADV completed...       0.1979 seconds
                 HDIFF completed...       0.1408 seconds
              DECOUPLE completed...       0.0333 seconds
                  PHOT completed...       0.1219 seconds
               CLDPROC completed...       0.1700 seconds
                  CHEM completed...       0.4294 seconds
                  AERO completed...       0.6438 seconds
            Master Time Step
            Processing completed...       3.8424 seconds

     Processing Day/Time [YYYYDDD:HHMMSS]: 2017356:071500
       Which is Equivalent to (UTC): 7:15:00  Friday,  Dec. 22, 2017
       Time-Step Length (HHMMSS): 000500
                 VDIFF completed...       0.5910 seconds
                COUPLE completed...       0.0417 seconds
                  HADV completed...       1.4796 seconds
                  ZADV completed...       0.1972 seconds
                 HDIFF completed...       0.1409 seconds
              DECOUPLE completed...       0.0334 seconds
                  PHOT completed...       0.1213 seconds
               CLDPROC completed...       0.1715 seconds
                  CHEM completed...       0.4285 seconds
                  AERO completed...       0.6416 seconds
            Master Time Step
            Processing completed...       3.8511 seconds

     Processing Day/Time [YYYYDDD:HHMMSS]: 2017356:072000
       Which is Equivalent to (UTC): 7:20:00  Friday,  Dec. 22, 2017
       Time-Step Length (HHMMSS): 000500
                 VDIFF completed...       0.5823 seconds
                COUPLE completed...       0.0475 seconds
                  HADV completed...       1.4750 seconds
                  ZADV completed...       0.1974 seconds
                 HDIFF completed...       0.1400 seconds
              DECOUPLE completed...       0.0331 seconds
                  PHOT completed...       0.1205 seconds
               CLDPROC completed...       0.1729 seconds
                  CHEM completed...       0.4288 seconds
                  AERO completed...       0.6422 seconds
            Master Time Step
            Processing completed...       3.8440 seconds

     Processing Day/Time [YYYYDDD:HHMMSS]: 2017356:072500
       Which is Equivalent to (UTC): 7:25:00  Friday,  Dec. 22, 2017
       Time-Step Length (HHMMSS): 000500
                 VDIFF completed...       0.5823 seconds
                COUPLE completed...       0.0472 seconds
                  HADV completed...       1.4784 seconds
                  ZADV completed...       0.1972 seconds
                 HDIFF completed...       0.1412 seconds
              DECOUPLE completed...       0.0331 seconds
                  PHOT completed...       0.1212 seconds
               CLDPROC completed...       0.1711 seconds
                  CHEM completed...       0.4286 seconds
                  AERO completed...       0.6411 seconds
            Master Time Step
            Processing completed...       3.8456 seconds

     Processing Day/Time [YYYYDDD:HHMMSS]: 2017356:073000
       Which is Equivalent to (UTC): 7:30:00  Friday,  Dec. 22, 2017
       Time-Step Length (HHMMSS): 000500
                 VDIFF completed...       0.5808 seconds
                COUPLE completed...       0.0476 seconds
                  HADV completed...       1.4874 seconds
                  ZADV completed...       0.1972 seconds
                 HDIFF completed...       0.1413 seconds
              DECOUPLE completed...       0.0331 seconds
                  PHOT completed...       0.1208 seconds
               CLDPROC completed...       0.1713 seconds
                  CHEM completed...       0.4292 seconds
                  AERO completed...       0.6405 seconds
            Master Time Step
            Processing completed...       3.8535 seconds

     Processing Day/Time [YYYYDDD:HHMMSS]: 2017356:073500
       Which is Equivalent to (UTC): 7:35:00  Friday,  Dec. 22, 2017
       Time-Step Length (HHMMSS): 000500
                 VDIFF completed...       0.5809 seconds
                COUPLE completed...       0.0476 seconds
                  HADV completed...       1.4998 seconds
                  ZADV completed...       0.1970 seconds
                 HDIFF completed...       0.1413 seconds
              DECOUPLE completed...       0.0333 seconds
                  PHOT completed...       0.1211 seconds
               CLDPROC completed...       0.1709 seconds
                  CHEM completed...       0.4289 seconds
                  AERO completed...       0.6388 seconds
            Master Time Step
            Processing completed...       3.8640 seconds

     Processing Day/Time [YYYYDDD:HHMMSS]: 2017356:074000
       Which is Equivalent to (UTC): 7:40:00  Friday,  Dec. 22, 2017
       Time-Step Length (HHMMSS): 000500
                 VDIFF completed...       0.5814 seconds
                COUPLE completed...       0.0473 seconds
                  HADV completed...       1.4870 seconds
                  ZADV completed...       0.1984 seconds
                 HDIFF completed...       0.1395 seconds
              DECOUPLE completed...       0.0327 seconds
                  PHOT completed...       0.1215 seconds
               CLDPROC completed...       0.1716 seconds
                  CHEM completed...       0.4299 seconds
                  AERO completed...       0.6399 seconds
            Master Time Step
            Processing completed...       3.8529 seconds

     Processing Day/Time [YYYYDDD:HHMMSS]: 2017356:074500
       Which is Equivalent to (UTC): 7:45:00  Friday,  Dec. 22, 2017
       Time-Step Length (HHMMSS): 000500
                 VDIFF completed...       0.5811 seconds
                COUPLE completed...       0.0456 seconds
                  HADV completed...       1.4961 seconds
                  ZADV completed...       0.1987 seconds
                 HDIFF completed...       0.1400 seconds
              DECOUPLE completed...       0.0333 seconds
                  PHOT completed...       0.1207 seconds
               CLDPROC completed...       0.1711 seconds
                  CHEM completed...       0.4291 seconds
                  AERO completed...       0.6391 seconds
            Master Time Step
            Processing completed...       3.8594 seconds

     Processing Day/Time [YYYYDDD:HHMMSS]: 2017356:075000
       Which is Equivalent to (UTC): 7:50:00  Friday,  Dec. 22, 2017
       Time-Step Length (HHMMSS): 000500
                 VDIFF completed...       0.5796 seconds
                COUPLE completed...       0.0457 seconds
                  HADV completed...       1.4987 seconds
                  ZADV completed...       0.1966 seconds
                 HDIFF completed...       0.1418 seconds
              DECOUPLE completed...       0.0330 seconds
                  PHOT completed...       0.1212 seconds
               CLDPROC completed...       0.1697 seconds
                  CHEM completed...       0.4285 seconds
                  AERO completed...       0.6400 seconds
            Master Time Step
            Processing completed...       3.8591 seconds

     Processing Day/Time [YYYYDDD:HHMMSS]: 2017356:075500
       Which is Equivalent to (UTC): 7:55:00  Friday,  Dec. 22, 2017
       Time-Step Length (HHMMSS): 000500
                 VDIFF completed...       1.8594 seconds
                COUPLE completed...       0.1117 seconds
                  HADV completed...       1.1164 seconds
                  ZADV completed...       0.1980 seconds
                 HDIFF completed...       0.1406 seconds
              DECOUPLE completed...       0.0331 seconds
                  PHOT completed...       0.1210 seconds
               CLDPROC completed...       1.0654 seconds
                  CHEM completed...       0.4336 seconds
                  AERO completed...       0.6549 seconds
            Master Time Step
            Processing completed...       5.7389 seconds

      =--> Data Output completed...       1.9166 seconds

     Processing Day/Time [YYYYDDD:HHMMSS]: 2017356:080000
       Which is Equivalent to (UTC): 8:00:00  Friday,  Dec. 22, 2017
       Time-Step Length (HHMMSS): 000500
                 VDIFF completed...       4.2560 seconds
                COUPLE completed...       0.1112 seconds
                  HADV completed...       3.0700 seconds
                  ZADV completed...       0.1989 seconds
                 HDIFF completed...       0.1405 seconds
              DECOUPLE completed...       0.0338 seconds
                  PHOT completed...       0.9099 seconds
               CLDPROC completed...       0.1782 seconds
                  CHEM completed...       0.4323 seconds
                  AERO completed...       0.6485 seconds
            Master Time Step
            Processing completed...       9.9827 seconds

     Processing Day/Time [YYYYDDD:HHMMSS]: 2017356:080500
       Which is Equivalent to (UTC): 8:05:00  Friday,  Dec. 22, 2017
       Time-Step Length (HHMMSS): 000500
                 VDIFF completed...       0.5834 seconds
                COUPLE completed...       0.0473 seconds
                  HADV completed...       1.5709 seconds
                  ZADV completed...       0.1989 seconds
                 HDIFF completed...       0.1394 seconds
              DECOUPLE completed...       0.0322 seconds
                  PHOT completed...       0.1216 seconds
               CLDPROC completed...       0.1716 seconds
                  CHEM completed...       0.4291 seconds
                  AERO completed...       0.6399 seconds
            Master Time Step
            Processing completed...       3.9386 seconds

     Processing Day/Time [YYYYDDD:HHMMSS]: 2017356:081000
       Which is Equivalent to (UTC): 8:10:00  Friday,  Dec. 22, 2017
       Time-Step Length (HHMMSS): 000500
                 VDIFF completed...       0.5877 seconds
                COUPLE completed...       0.0438 seconds
                  HADV completed...       1.4819 seconds
                  ZADV completed...       0.1980 seconds
                 HDIFF completed...       0.1405 seconds
              DECOUPLE completed...       0.0319 seconds
                  PHOT completed...       0.1218 seconds
               CLDPROC completed...       0.1727 seconds
                  CHEM completed...       0.4283 seconds
                  AERO completed...       0.6407 seconds
            Master Time Step
            Processing completed...       3.8499 seconds

     Processing Day/Time [YYYYDDD:HHMMSS]: 2017356:081500
       Which is Equivalent to (UTC): 8:15:00  Friday,  Dec. 22, 2017
       Time-Step Length (HHMMSS): 000500
                 VDIFF completed...       0.5813 seconds
                COUPLE completed...       0.0484 seconds
                  HADV completed...       1.4950 seconds
                  ZADV completed...       0.1987 seconds
                 HDIFF completed...       0.1395 seconds
              DECOUPLE completed...       0.0329 seconds
                  PHOT completed...       0.1210 seconds
               CLDPROC completed...       0.1726 seconds
                  CHEM completed...       0.4286 seconds
                  AERO completed...       0.6359 seconds
            Master Time Step
            Processing completed...       3.8584 seconds

     Processing Day/Time [YYYYDDD:HHMMSS]: 2017356:082000
       Which is Equivalent to (UTC): 8:20:00  Friday,  Dec. 22, 2017
       Time-Step Length (HHMMSS): 000500
                 VDIFF completed...       0.5720 seconds
                COUPLE completed...       0.0549 seconds
                  HADV completed...       1.4949 seconds
                  ZADV completed...       0.1982 seconds
                 HDIFF completed...       0.1396 seconds
              DECOUPLE completed...       0.0320 seconds
                  PHOT completed...       0.1218 seconds
               CLDPROC completed...       0.1725 seconds
                  CHEM completed...       0.4277 seconds
                  AERO completed...       0.6367 seconds
            Master Time Step
            Processing completed...       3.8546 seconds

     Processing Day/Time [YYYYDDD:HHMMSS]: 2017356:082500
       Which is Equivalent to (UTC): 8:25:00  Friday,  Dec. 22, 2017
       Time-Step Length (HHMMSS): 000500
                 VDIFF completed...       0.5787 seconds
                COUPLE completed...       0.0555 seconds
                  HADV completed...       1.5126 seconds
                  ZADV completed...       0.1985 seconds
                 HDIFF completed...       0.1433 seconds
              DECOUPLE completed...       0.0336 seconds
                  PHOT completed...       0.1209 seconds
               CLDPROC completed...       0.1731 seconds
                  CHEM completed...       0.4266 seconds
                  AERO completed...       0.6311 seconds
            Master Time Step
            Processing completed...       3.8775 seconds

     Processing Day/Time [YYYYDDD:HHMMSS]: 2017356:083000
       Which is Equivalent to (UTC): 8:30:00  Friday,  Dec. 22, 2017
       Time-Step Length (HHMMSS): 000500
                 VDIFF completed...       0.5751 seconds
                COUPLE completed...       0.0531 seconds
                  HADV completed...       1.4971 seconds
                  ZADV completed...       0.1982 seconds
                 HDIFF completed...       0.1398 seconds
              DECOUPLE completed...       0.0330 seconds
                  PHOT completed...       0.1208 seconds
               CLDPROC completed...       0.1724 seconds
                  CHEM completed...       0.4278 seconds
                  AERO completed...       0.6442 seconds
            Master Time Step
            Processing completed...       3.8657 seconds

     Processing Day/Time [YYYYDDD:HHMMSS]: 2017356:083500
       Which is Equivalent to (UTC): 8:35:00  Friday,  Dec. 22, 2017
       Time-Step Length (HHMMSS): 000500
                 VDIFF completed...       0.5531 seconds
                COUPLE completed...       0.0558 seconds
                  HADV completed...       1.5016 seconds
                  ZADV completed...       0.1985 seconds
                 HDIFF completed...       0.1399 seconds
              DECOUPLE completed...       0.0323 seconds
                  PHOT completed...       0.1212 seconds
               CLDPROC completed...       0.1725 seconds
                  CHEM completed...       0.4266 seconds
                  AERO completed...       0.6349 seconds
            Master Time Step
            Processing completed...       3.8409 seconds

     Processing Day/Time [YYYYDDD:HHMMSS]: 2017356:084000
       Which is Equivalent to (UTC): 8:40:00  Friday,  Dec. 22, 2017
       Time-Step Length (HHMMSS): 000500
                 VDIFF completed...       0.5721 seconds
                COUPLE completed...       0.0548 seconds
                  HADV completed...       1.5031 seconds
                  ZADV completed...       0.1980 seconds
                 HDIFF completed...       0.1407 seconds
              DECOUPLE completed...       0.0328 seconds
                  PHOT completed...       0.1212 seconds
               CLDPROC completed...       0.1716 seconds
                  CHEM completed...       0.4263 seconds
                  AERO completed...       0.6322 seconds
            Master Time Step
            Processing completed...       3.8572 seconds

     Processing Day/Time [YYYYDDD:HHMMSS]: 2017356:084500
       Which is Equivalent to (UTC): 8:45:00  Friday,  Dec. 22, 2017
       Time-Step Length (HHMMSS): 000500
                 VDIFF completed...       0.5722 seconds
                COUPLE completed...       0.0540 seconds
                  HADV completed...       1.4972 seconds
                  ZADV completed...       0.1983 seconds
                 HDIFF completed...       0.1398 seconds
              DECOUPLE completed...       0.0329 seconds
                  PHOT completed...       0.1213 seconds
               CLDPROC completed...       0.1730 seconds
                  CHEM completed...       0.4266 seconds
                  AERO completed...       0.6298 seconds
            Master Time Step
            Processing completed...       3.8498 seconds

     Processing Day/Time [YYYYDDD:HHMMSS]: 2017356:085000
       Which is Equivalent to (UTC): 8:50:00  Friday,  Dec. 22, 2017
       Time-Step Length (HHMMSS): 000500
                 VDIFF completed...       0.5665 seconds
                COUPLE completed...       0.0559 seconds
                  HADV completed...       1.4951 seconds
                  ZADV completed...       0.1991 seconds
                 HDIFF completed...       0.1383 seconds
              DECOUPLE completed...       0.0322 seconds
                  PHOT completed...       0.1220 seconds
               CLDPROC completed...       0.1709 seconds
                  CHEM completed...       0.4268 seconds
                  AERO completed...       0.6321 seconds
            Master Time Step
            Processing completed...       3.8428 seconds

     Processing Day/Time [YYYYDDD:HHMMSS]: 2017356:085500
       Which is Equivalent to (UTC): 8:55:00  Friday,  Dec. 22, 2017
       Time-Step Length (HHMMSS): 000500
                 VDIFF completed...       1.8781 seconds
                COUPLE completed...       0.1120 seconds
                  HADV completed...       1.1171 seconds
                  ZADV completed...       0.1985 seconds
                 HDIFF completed...       0.1395 seconds
              DECOUPLE completed...       0.0334 seconds
                  PHOT completed...       0.1211 seconds
               CLDPROC completed...       1.0594 seconds
                  CHEM completed...       0.4245 seconds
                  AERO completed...       0.6413 seconds
            Master Time Step
            Processing completed...       5.7289 seconds

      =--> Data Output completed...       1.9165 seconds

     Processing Day/Time [YYYYDDD:HHMMSS]: 2017356:090000
       Which is Equivalent to (UTC): 9:00:00  Friday,  Dec. 22, 2017
       Time-Step Length (HHMMSS): 000500
                 VDIFF completed...       4.3143 seconds
                COUPLE completed...       0.1029 seconds
                  HADV completed...       3.9810 seconds
                  ZADV completed...       0.1931 seconds
                 HDIFF completed...       0.2689 seconds
              DECOUPLE completed...       0.0352 seconds
                  PHOT completed...       0.9695 seconds
               CLDPROC completed...       0.1786 seconds
                  CHEM completed...       0.4290 seconds
                  AERO completed...       0.6444 seconds
            Master Time Step
            Processing completed...      11.1199 seconds

     Processing Day/Time [YYYYDDD:HHMMSS]: 2017356:090500
       Which is Equivalent to (UTC): 9:05:00  Friday,  Dec. 22, 2017
       Time-Step Length (HHMMSS): 000500
                 VDIFF completed...       0.5843 seconds
                COUPLE completed...       0.0451 seconds
                  HADV completed...       1.5418 seconds
                  ZADV completed...       0.1976 seconds
                 HDIFF completed...       0.1413 seconds
              DECOUPLE completed...       0.0333 seconds
                  PHOT completed...       0.1215 seconds
               CLDPROC completed...       0.1682 seconds
                  CHEM completed...       0.4258 seconds
                  AERO completed...       0.6328 seconds
            Master Time Step
            Processing completed...       3.8961 seconds

     Processing Day/Time [YYYYDDD:HHMMSS]: 2017356:091000
       Which is Equivalent to (UTC): 9:10:00  Friday,  Dec. 22, 2017
       Time-Step Length (HHMMSS): 000500
                 VDIFF completed...       0.5718 seconds
                COUPLE completed...       0.0526 seconds
                  HADV completed...       1.5045 seconds
                  ZADV completed...       0.1979 seconds
                 HDIFF completed...       0.1415 seconds
              DECOUPLE completed...       0.0331 seconds
                  PHOT completed...       0.1210 seconds
               CLDPROC completed...       0.1709 seconds
                  CHEM completed...       0.4249 seconds
                  AERO completed...       0.6319 seconds
            Master Time Step
            Processing completed...       3.8513 seconds

     Processing Day/Time [YYYYDDD:HHMMSS]: 2017356:091500
       Which is Equivalent to (UTC): 9:15:00  Friday,  Dec. 22, 2017
       Time-Step Length (HHMMSS): 000500
                 VDIFF completed...       0.5764 seconds
                COUPLE completed...       0.0502 seconds
                  HADV completed...       1.5100 seconds
                  ZADV completed...       0.1983 seconds
                 HDIFF completed...       0.1403 seconds
              DECOUPLE completed...       0.0334 seconds
                  PHOT completed...       0.1210 seconds
               CLDPROC completed...       0.1703 seconds
                  CHEM completed...       0.4242 seconds
                  AERO completed...       0.6345 seconds
            Master Time Step
            Processing completed...       3.8627 seconds

     Processing Day/Time [YYYYDDD:HHMMSS]: 2017356:092000
       Which is Equivalent to (UTC): 9:20:00  Friday,  Dec. 22, 2017
       Time-Step Length (HHMMSS): 000500
                 VDIFF completed...       0.5618 seconds
                COUPLE completed...       0.0543 seconds
                  HADV completed...       1.5041 seconds
                  ZADV completed...       0.1979 seconds
                 HDIFF completed...       0.1405 seconds
              DECOUPLE completed...       0.0337 seconds
                  PHOT completed...       0.1207 seconds
               CLDPROC completed...       0.1713 seconds
                  CHEM completed...       0.4234 seconds
                  AERO completed...       0.6347 seconds
            Master Time Step
            Processing completed...       3.8460 seconds

     Processing Day/Time [YYYYDDD:HHMMSS]: 2017356:092500
       Which is Equivalent to (UTC): 9:25:00  Friday,  Dec. 22, 2017
       Time-Step Length (HHMMSS): 000500
                 VDIFF completed...       0.5679 seconds
                COUPLE completed...       0.0522 seconds
                  HADV completed...       1.5117 seconds
                  ZADV completed...       0.1973 seconds
                 HDIFF completed...       0.1427 seconds
              DECOUPLE completed...       0.0333 seconds
                  PHOT completed...       0.1215 seconds
               CLDPROC completed...       0.1722 seconds
                  CHEM completed...       0.4244 seconds
                  AERO completed...       0.6308 seconds
            Master Time Step
            Processing completed...       3.8550 seconds

     Processing Day/Time [YYYYDDD:HHMMSS]: 2017356:093000
       Which is Equivalent to (UTC): 9:30:00  Friday,  Dec. 22, 2017
       Time-Step Length (HHMMSS): 000500
                 VDIFF completed...       0.5691 seconds
                COUPLE completed...       0.0519 seconds
                  HADV completed...       1.5117 seconds
                  ZADV completed...       0.1974 seconds
                 HDIFF completed...       0.1413 seconds
              DECOUPLE completed...       0.0334 seconds
                  PHOT completed...       0.1205 seconds
               CLDPROC completed...       0.1710 seconds
                  CHEM completed...       0.4244 seconds
                  AERO completed...       0.6304 seconds
            Master Time Step
            Processing completed...       3.8550 seconds

     Processing Day/Time [YYYYDDD:HHMMSS]: 2017356:093500
       Which is Equivalent to (UTC): 9:35:00  Friday,  Dec. 22, 2017
       Time-Step Length (HHMMSS): 000500
                 VDIFF completed...       0.5645 seconds
                COUPLE completed...       0.0531 seconds
                  HADV completed...       1.5286 seconds
                  ZADV completed...       0.1976 seconds
                 HDIFF completed...       0.1407 seconds
              DECOUPLE completed...       0.0335 seconds
                  PHOT completed...       0.1211 seconds
               CLDPROC completed...       0.1704 seconds
                  CHEM completed...       0.4246 seconds
                  AERO completed...       0.6287 seconds
            Master Time Step
            Processing completed...       3.8674 seconds

     Processing Day/Time [YYYYDDD:HHMMSS]: 2017356:094000
       Which is Equivalent to (UTC): 9:40:00  Friday,  Dec. 22, 2017
       Time-Step Length (HHMMSS): 000500
                 VDIFF completed...       0.5614 seconds
                COUPLE completed...       0.0554 seconds
                  HADV completed...       1.5305 seconds
                  ZADV completed...       0.1973 seconds
                 HDIFF completed...       0.1406 seconds
              DECOUPLE completed...       0.0337 seconds
                  PHOT completed...       0.1207 seconds
               CLDPROC completed...       0.1705 seconds
                  CHEM completed...       0.4253 seconds
                  AERO completed...       0.6291 seconds
            Master Time Step
            Processing completed...       3.8689 seconds

     Processing Day/Time [YYYYDDD:HHMMSS]: 2017356:094500
       Which is Equivalent to (UTC): 9:45:00  Friday,  Dec. 22, 2017
       Time-Step Length (HHMMSS): 000500
                 VDIFF completed...       0.5598 seconds
                COUPLE completed...       0.0541 seconds
                  HADV completed...       1.5140 seconds
                  ZADV completed...       0.1979 seconds
                 HDIFF completed...       0.1402 seconds
              DECOUPLE completed...       0.0334 seconds
                  PHOT completed...       0.1207 seconds
               CLDPROC completed...       0.1701 seconds
                  CHEM completed...       0.4246 seconds
                  AERO completed...       0.6283 seconds
            Master Time Step
            Processing completed...       3.8483 seconds

     Processing Day/Time [YYYYDDD:HHMMSS]: 2017356:095000
       Which is Equivalent to (UTC): 9:50:00  Friday,  Dec. 22, 2017
       Time-Step Length (HHMMSS): 000500
                 VDIFF completed...       0.5743 seconds
                COUPLE completed...       0.0475 seconds
                  HADV completed...       1.5284 seconds
                  ZADV completed...       0.1979 seconds
                 HDIFF completed...       0.1401 seconds
              DECOUPLE completed...       0.0336 seconds
                  PHOT completed...       0.1211 seconds
               CLDPROC completed...       0.1683 seconds
                  CHEM completed...       0.4250 seconds
                  AERO completed...       0.6332 seconds
            Master Time Step
            Processing completed...       3.8747 seconds

     Processing Day/Time [YYYYDDD:HHMMSS]: 2017356:095500
       Which is Equivalent to (UTC): 9:55:00  Friday,  Dec. 22, 2017
       Time-Step Length (HHMMSS): 000500
                 VDIFF completed...       1.8797 seconds
                COUPLE completed...       0.1114 seconds
                  HADV completed...       1.1260 seconds
                  ZADV completed...       0.1987 seconds
                 HDIFF completed...       0.1398 seconds
              DECOUPLE completed...       0.0335 seconds
                  PHOT completed...       0.1207 seconds
               CLDPROC completed...       1.0373 seconds
                  CHEM completed...       0.4261 seconds
                  AERO completed...       0.6468 seconds
            Master Time Step
            Processing completed...       5.7261 seconds

      =--> Data Output completed...       1.7922 seconds

     Processing Day/Time [YYYYDDD:HHMMSS]: 2017356:100000
       Which is Equivalent to (UTC): 10:00:00 Friday,  Dec. 22, 2017
       Time-Step Length (HHMMSS): 000500
                 VDIFF completed...       4.5960 seconds
                COUPLE completed...       0.1015 seconds
                  HADV completed...       2.5936 seconds
                  ZADV completed...       0.1984 seconds
                 HDIFF completed...       0.1409 seconds
              DECOUPLE completed...       0.0334 seconds
                  PHOT completed...       1.0007 seconds
               CLDPROC completed...       0.1770 seconds
                  CHEM completed...       0.4307 seconds
                  AERO completed...       0.6336 seconds
            Master Time Step
            Processing completed...       9.9090 seconds

     Processing Day/Time [YYYYDDD:HHMMSS]: 2017356:100500
       Which is Equivalent to (UTC): 10:05:00 Friday,  Dec. 22, 2017
       Time-Step Length (HHMMSS): 000500
                 VDIFF completed...       0.5727 seconds
                COUPLE completed...       0.0515 seconds
                  HADV completed...       1.3283 seconds
                  ZADV completed...       0.1990 seconds
                 HDIFF completed...       0.1389 seconds
              DECOUPLE completed...       0.0334 seconds
                  PHOT completed...       0.1216 seconds
               CLDPROC completed...       0.1699 seconds
                  CHEM completed...       0.4250 seconds
                  AERO completed...       0.6239 seconds
            Master Time Step
            Processing completed...       3.6688 seconds

     Processing Day/Time [YYYYDDD:HHMMSS]: 2017356:101000
       Which is Equivalent to (UTC): 10:10:00 Friday,  Dec. 22, 2017
       Time-Step Length (HHMMSS): 000500
                 VDIFF completed...       0.5585 seconds
                COUPLE completed...       0.0572 seconds
                  HADV completed...       1.5142 seconds
                  ZADV completed...       0.1976 seconds
                 HDIFF completed...       0.1398 seconds
              DECOUPLE completed...       0.0333 seconds
                  PHOT completed...       0.1218 seconds
               CLDPROC completed...       0.1716 seconds
                  CHEM completed...       0.4252 seconds
                  AERO completed...       0.6227 seconds
            Master Time Step
            Processing completed...       3.8452 seconds

     Processing Day/Time [YYYYDDD:HHMMSS]: 2017356:101500
       Which is Equivalent to (UTC): 10:15:00 Friday,  Dec. 22, 2017
       Time-Step Length (HHMMSS): 000500
                 VDIFF completed...       0.5749 seconds
                COUPLE completed...       0.0495 seconds
                  HADV completed...       1.5106 seconds
                  ZADV completed...       0.1988 seconds
                 HDIFF completed...       0.1398 seconds
              DECOUPLE completed...       0.0336 seconds
                  PHOT completed...       0.1211 seconds
               CLDPROC completed...       0.1705 seconds
                  CHEM completed...       0.4252 seconds
                  AERO completed...       0.6256 seconds
            Master Time Step
            Processing completed...       3.8541 seconds

     Processing Day/Time [YYYYDDD:HHMMSS]: 2017356:102000
       Which is Equivalent to (UTC): 10:20:00 Friday,  Dec. 22, 2017
       Time-Step Length (HHMMSS): 000500
                 VDIFF completed...       0.5869 seconds
                COUPLE completed...       0.0439 seconds
                  HADV completed...       1.4978 seconds
                  ZADV completed...       0.1980 seconds
                 HDIFF completed...       0.1395 seconds
              DECOUPLE completed...       0.0329 seconds
                  PHOT completed...       0.1213 seconds
               CLDPROC completed...       0.1720 seconds
                  CHEM completed...       0.4266 seconds
                  AERO completed...       0.6242 seconds
            Master Time Step
            Processing completed...       3.8474 seconds

     Processing Day/Time [YYYYDDD:HHMMSS]: 2017356:102500
       Which is Equivalent to (UTC): 10:25:00 Friday,  Dec. 22, 2017
       Time-Step Length (HHMMSS): 000500
                 VDIFF completed...       0.5528 seconds
                COUPLE completed...       0.0568 seconds
                  HADV completed...       1.5256 seconds
                  ZADV completed...       0.1978 seconds
                 HDIFF completed...       0.1400 seconds
              DECOUPLE completed...       0.0333 seconds
                  PHOT completed...       0.1208 seconds
               CLDPROC completed...       0.1720 seconds
                  CHEM completed...       0.4259 seconds
                  AERO completed...       0.6216 seconds
            Master Time Step
            Processing completed...       3.8511 seconds

     Processing Day/Time [YYYYDDD:HHMMSS]: 2017356:103000
       Which is Equivalent to (UTC): 10:30:00 Friday,  Dec. 22, 2017
       Time-Step Length (HHMMSS): 000500
                 VDIFF completed...       0.5634 seconds
                COUPLE completed...       0.0551 seconds
                  HADV completed...       1.5291 seconds
                  ZADV completed...       0.1980 seconds
                 HDIFF completed...       0.1398 seconds
              DECOUPLE completed...       0.0329 seconds
                  PHOT completed...       0.1211 seconds
               CLDPROC completed...       0.1713 seconds
                  CHEM completed...       0.4246 seconds
                  AERO completed...       0.6119 seconds
            Master Time Step
            Processing completed...       3.8518 seconds

     Processing Day/Time [YYYYDDD:HHMMSS]: 2017356:103500
       Which is Equivalent to (UTC): 10:35:00 Friday,  Dec. 22, 2017
       Time-Step Length (HHMMSS): 000500
                 VDIFF completed...       0.5609 seconds
                COUPLE completed...       0.0592 seconds
                  HADV completed...       1.5269 seconds
                  ZADV completed...       0.1982 seconds
                 HDIFF completed...       0.1389 seconds
              DECOUPLE completed...       0.0331 seconds
                  PHOT completed...       0.1214 seconds
               CLDPROC completed...       0.1715 seconds
                  CHEM completed...       0.4252 seconds
                  AERO completed...       0.6173 seconds
            Master Time Step
            Processing completed...       3.8569 seconds

     Processing Day/Time [YYYYDDD:HHMMSS]: 2017356:104000
       Which is Equivalent to (UTC): 10:40:00 Friday,  Dec. 22, 2017
       Time-Step Length (HHMMSS): 000500
                 VDIFF completed...       0.5605 seconds
                COUPLE completed...       0.0553 seconds
                  HADV completed...       1.5862 seconds
                  ZADV completed...       0.1972 seconds
                 HDIFF completed...       0.1397 seconds
              DECOUPLE completed...       0.0332 seconds
                  PHOT completed...       0.1213 seconds
               CLDPROC completed...       0.1702 seconds
                  CHEM completed...       0.4262 seconds
                  AERO completed...       0.6145 seconds
            Master Time Step
            Processing completed...       3.9089 seconds

     Processing Day/Time [YYYYDDD:HHMMSS]: 2017356:104500
       Which is Equivalent to (UTC): 10:45:00 Friday,  Dec. 22, 2017
       Time-Step Length (HHMMSS): 000500
                 VDIFF completed...       0.5832 seconds
                COUPLE completed...       0.0467 seconds
                  HADV completed...       1.5157 seconds
                  ZADV completed...       0.1980 seconds
                 HDIFF completed...       0.1401 seconds
              DECOUPLE completed...       0.0334 seconds
                  PHOT completed...       0.1210 seconds
               CLDPROC completed...       0.1681 seconds
                  CHEM completed...       0.4270 seconds
                  AERO completed...       0.6183 seconds
            Master Time Step
            Processing completed...       3.8559 seconds

     Processing Day/Time [YYYYDDD:HHMMSS]: 2017356:105000
       Which is Equivalent to (UTC): 10:50:00 Friday,  Dec. 22, 2017
       Time-Step Length (HHMMSS): 000500
                 VDIFF completed...       0.5654 seconds
                COUPLE completed...       0.0557 seconds
                  HADV completed...       1.5300 seconds
                  ZADV completed...       0.1974 seconds
                 HDIFF completed...       0.1412 seconds
              DECOUPLE completed...       0.0335 seconds
                  PHOT completed...       0.1211 seconds
               CLDPROC completed...       0.1677 seconds
                  CHEM completed...       0.4252 seconds
                  AERO completed...       0.6134 seconds
            Master Time Step
            Processing completed...       3.8528 seconds

     Processing Day/Time [YYYYDDD:HHMMSS]: 2017356:105500
       Which is Equivalent to (UTC): 10:55:00 Friday,  Dec. 22, 2017
       Time-Step Length (HHMMSS): 000500
                 VDIFF completed...       1.9518 seconds
                COUPLE completed...       0.1122 seconds
                  HADV completed...       1.1303 seconds
                  ZADV completed...       0.1980 seconds
                 HDIFF completed...       0.1404 seconds
              DECOUPLE completed...       0.0333 seconds
                  PHOT completed...       0.1206 seconds
               CLDPROC completed...       1.0357 seconds
                  CHEM completed...       0.4245 seconds
                  AERO completed...       0.6375 seconds
            Master Time Step
            Processing completed...       5.7886 seconds

      =--> Data Output completed...       2.0051 seconds

     Processing Day/Time [YYYYDDD:HHMMSS]: 2017356:110000
       Which is Equivalent to (UTC): 11:00:00 Friday,  Dec. 22, 2017
       Time-Step Length (HHMMSS): 000500
                 VDIFF completed...       4.3914 seconds
                COUPLE completed...       0.1069 seconds
                  HADV completed...       3.1542 seconds
                  ZADV completed...       0.1987 seconds
                 HDIFF completed...       0.1398 seconds
              DECOUPLE completed...       0.0333 seconds
                  PHOT completed...       0.8216 seconds
               CLDPROC completed...       0.1737 seconds
                  CHEM completed...       0.4316 seconds
                  AERO completed...       0.6279 seconds
            Master Time Step
            Processing completed...      10.0839 seconds

     Processing Day/Time [YYYYDDD:HHMMSS]: 2017356:110500
       Which is Equivalent to (UTC): 11:05:00 Friday,  Dec. 22, 2017
       Time-Step Length (HHMMSS): 000500
                 VDIFF completed...       0.5565 seconds
                COUPLE completed...       0.0620 seconds
                  HADV completed...       1.6841 seconds
                  ZADV completed...       0.1997 seconds
                 HDIFF completed...       0.1398 seconds
              DECOUPLE completed...       0.0347 seconds
                  PHOT completed...       0.1193 seconds
               CLDPROC completed...       0.1651 seconds
                  CHEM completed...       0.4288 seconds
                  AERO completed...       0.6216 seconds
            Master Time Step
            Processing completed...       4.0155 seconds

     Processing Day/Time [YYYYDDD:HHMMSS]: 2017356:111000
       Which is Equivalent to (UTC): 11:10:00 Friday,  Dec. 22, 2017
       Time-Step Length (HHMMSS): 000500
                 VDIFF completed...       0.5530 seconds
                COUPLE completed...       0.0554 seconds
                  HADV completed...       1.5281 seconds
                  ZADV completed...       0.1996 seconds
                 HDIFF completed...       0.1391 seconds
              DECOUPLE completed...       0.0338 seconds
                  PHOT completed...       0.1200 seconds
               CLDPROC completed...       0.1652 seconds
                  CHEM completed...       0.4280 seconds
                  AERO completed...       0.6213 seconds
            Master Time Step
            Processing completed...       3.8474 seconds

     Processing Day/Time [YYYYDDD:HHMMSS]: 2017356:111500
       Which is Equivalent to (UTC): 11:15:00 Friday,  Dec. 22, 2017
       Time-Step Length (HHMMSS): 000500
                 VDIFF completed...       0.5441 seconds
                COUPLE completed...       0.0582 seconds
                  HADV completed...       1.5324 seconds
                  ZADV completed...       0.2002 seconds
                 HDIFF completed...       0.1390 seconds
              DECOUPLE completed...       0.0335 seconds
                  PHOT completed...       0.1201 seconds
               CLDPROC completed...       0.1675 seconds
                  CHEM completed...       0.4279 seconds
                  AERO completed...       0.6200 seconds
            Master Time Step
            Processing completed...       3.8465 seconds

     Processing Day/Time [YYYYDDD:HHMMSS]: 2017356:112000
       Which is Equivalent to (UTC): 11:20:00 Friday,  Dec. 22, 2017
       Time-Step Length (HHMMSS): 000500
                 VDIFF completed...       0.5435 seconds
                COUPLE completed...       0.0521 seconds
                  HADV completed...       1.5347 seconds
                  ZADV completed...       0.1999 seconds
                 HDIFF completed...       0.1379 seconds
              DECOUPLE completed...       0.0339 seconds
                  PHOT completed...       0.1195 seconds
               CLDPROC completed...       0.1683 seconds
                  CHEM completed...       0.4278 seconds
                  AERO completed...       0.6406 seconds
            Master Time Step
            Processing completed...       3.8626 seconds

     Processing Day/Time [YYYYDDD:HHMMSS]: 2017356:112500
       Which is Equivalent to (UTC): 11:25:00 Friday,  Dec. 22, 2017
       Time-Step Length (HHMMSS): 000500
                 VDIFF completed...       0.5348 seconds
                COUPLE completed...       0.0563 seconds
                  HADV completed...       1.5348 seconds
                  ZADV completed...       0.1999 seconds
                 HDIFF completed...       0.1380 seconds
              DECOUPLE completed...       0.0339 seconds
                  PHOT completed...       0.1198 seconds
               CLDPROC completed...       0.1642 seconds
                  CHEM completed...       0.4304 seconds
                  AERO completed...       0.6266 seconds
            Master Time Step
            Processing completed...       3.8436 seconds

     Processing Day/Time [YYYYDDD:HHMMSS]: 2017356:113000
       Which is Equivalent to (UTC): 11:30:00 Friday,  Dec. 22, 2017
       Time-Step Length (HHMMSS): 000500
                 VDIFF completed...       0.5698 seconds
                COUPLE completed...       0.0498 seconds
                  HADV completed...       1.5113 seconds
                  ZADV completed...       0.1995 seconds
                 HDIFF completed...       0.1394 seconds
              DECOUPLE completed...       0.0338 seconds
                  PHOT completed...       0.1195 seconds
               CLDPROC completed...       0.1611 seconds
                  CHEM completed...       0.4286 seconds
                  AERO completed...       0.6283 seconds
            Master Time Step
            Processing completed...       3.8427 seconds

     Processing Day/Time [YYYYDDD:HHMMSS]: 2017356:113500
       Which is Equivalent to (UTC): 11:35:00 Friday,  Dec. 22, 2017
       Time-Step Length (HHMMSS): 000500
                 VDIFF completed...       0.5565 seconds
                COUPLE completed...       0.0577 seconds
                  HADV completed...       1.5378 seconds
                  ZADV completed...       0.1998 seconds
                 HDIFF completed...       0.1387 seconds
              DECOUPLE completed...       0.0337 seconds
                  PHOT completed...       0.1187 seconds
               CLDPROC completed...       0.1610 seconds
                  CHEM completed...       0.4272 seconds
                  AERO completed...       0.6277 seconds
            Master Time Step
            Processing completed...       3.8626 seconds

     Processing Day/Time [YYYYDDD:HHMMSS]: 2017356:114000
       Which is Equivalent to (UTC): 11:40:00 Friday,  Dec. 22, 2017
       Time-Step Length (HHMMSS): 000500
                 VDIFF completed...       0.5709 seconds
                COUPLE completed...       0.0546 seconds
                  HADV completed...       1.6862 seconds
                  ZADV completed...       0.1981 seconds
                 HDIFF completed...       0.1411 seconds
              DECOUPLE completed...       0.0343 seconds
                  PHOT completed...       0.1183 seconds
               CLDPROC completed...       0.1617 seconds
                  CHEM completed...       0.4234 seconds
                  AERO completed...       0.6239 seconds
            Master Time Step
            Processing completed...       4.0166 seconds

     Processing Day/Time [YYYYDDD:HHMMSS]: 2017356:114500
       Which is Equivalent to (UTC): 11:45:00 Friday,  Dec. 22, 2017
       Time-Step Length (HHMMSS): 000500
                 VDIFF completed...       0.5744 seconds
                COUPLE completed...       0.0562 seconds
                  HADV completed...       1.5205 seconds
                  ZADV completed...       0.2004 seconds
                 HDIFF completed...       0.1380 seconds
              DECOUPLE completed...       0.0341 seconds
                  PHOT completed...       0.1176 seconds
               CLDPROC completed...       0.1583 seconds
                  CHEM completed...       0.4234 seconds
                  AERO completed...       0.6268 seconds
            Master Time Step
            Processing completed...       3.8543 seconds

     Processing Day/Time [YYYYDDD:HHMMSS]: 2017356:115000
       Which is Equivalent to (UTC): 11:50:00 Friday,  Dec. 22, 2017
       Time-Step Length (HHMMSS): 000500
                 VDIFF completed...       0.5832 seconds
                COUPLE completed...       0.0609 seconds
                  HADV completed...       1.5207 seconds
                  ZADV completed...       0.1997 seconds
                 HDIFF completed...       0.1388 seconds
              DECOUPLE completed...       0.0341 seconds
                  PHOT completed...       0.1172 seconds
               CLDPROC completed...       0.1514 seconds
                  CHEM completed...       0.4203 seconds
                  AERO completed...       0.6233 seconds
            Master Time Step
            Processing completed...       3.8541 seconds

     Processing Day/Time [YYYYDDD:HHMMSS]: 2017356:115500
       Which is Equivalent to (UTC): 11:55:00 Friday,  Dec. 22, 2017
       Time-Step Length (HHMMSS): 000500
                 VDIFF completed...       1.9672 seconds
                COUPLE completed...       0.1114 seconds
                  HADV completed...       1.1168 seconds
                  ZADV completed...       0.1999 seconds
                 HDIFF completed...       0.1378 seconds
              DECOUPLE completed...       0.0333 seconds
                  PHOT completed...       0.1180 seconds
               CLDPROC completed...       1.0228 seconds
                  CHEM completed...       0.4197 seconds
                  AERO completed...       0.6369 seconds
            Master Time Step
            Processing completed...       5.7683 seconds

      =--> Data Output completed...       1.9774 seconds

     Processing Day/Time [YYYYDDD:HHMMSS]: 2017356:120000
       Which is Equivalent to (UTC): 12:00:00 Friday,  Dec. 22, 2017
       Time-Step Length (HHMMSS): 000500
                 VDIFF completed...       4.6802 seconds
                COUPLE completed...       0.1153 seconds
                  HADV completed...       2.9098 seconds
                  ZADV completed...       0.1992 seconds
                 HDIFF completed...       0.1389 seconds
              DECOUPLE completed...       0.0328 seconds
                  PHOT completed...       0.9092 seconds
               CLDPROC completed...       0.1525 seconds
                  CHEM completed...       0.4159 seconds
                  AERO completed...       0.6327 seconds
            Master Time Step
            Processing completed...      10.1873 seconds

     Processing Day/Time [YYYYDDD:HHMMSS]: 2017356:120500
       Which is Equivalent to (UTC): 12:05:00 Friday,  Dec. 22, 2017
       Time-Step Length (HHMMSS): 000500
                 VDIFF completed...       0.5651 seconds
                COUPLE completed...       0.0709 seconds
                  HADV completed...       1.5590 seconds
                  ZADV completed...       0.1990 seconds
                 HDIFF completed...       0.1391 seconds
              DECOUPLE completed...       0.0331 seconds
                  PHOT completed...       0.1161 seconds
               CLDPROC completed...       0.1434 seconds
                  CHEM completed...       0.4087 seconds
                  AERO completed...       0.6080 seconds
            Master Time Step
            Processing completed...       3.8461 seconds

     Processing Day/Time [YYYYDDD:HHMMSS]: 2017356:121000
       Which is Equivalent to (UTC): 12:10:00 Friday,  Dec. 22, 2017
       Time-Step Length (HHMMSS): 000500
                 VDIFF completed...       0.5765 seconds
                COUPLE completed...       0.0834 seconds
                  HADV completed...       1.5388 seconds
                  ZADV completed...       0.1987 seconds
                 HDIFF completed...       0.1381 seconds
              DECOUPLE completed...       0.0332 seconds
                  PHOT completed...       0.1167 seconds
               CLDPROC completed...       0.1418 seconds
                  CHEM completed...       0.4057 seconds
                  AERO completed...       0.6082 seconds
            Master Time Step
            Processing completed...       3.8445 seconds

     Processing Day/Time [YYYYDDD:HHMMSS]: 2017356:121500
       Which is Equivalent to (UTC): 12:15:00 Friday,  Dec. 22, 2017
       Time-Step Length (HHMMSS): 000500
                 VDIFF completed...       0.5451 seconds
                COUPLE completed...       0.0875 seconds
                  HADV completed...       1.5688 seconds
                  ZADV completed...       0.1997 seconds
                 HDIFF completed...       0.1391 seconds
              DECOUPLE completed...       0.0333 seconds
                  PHOT completed...       0.1161 seconds
               CLDPROC completed...       0.1423 seconds
                  CHEM completed...       0.4049 seconds
                  AERO completed...       0.6025 seconds
            Master Time Step
            Processing completed...       3.8405 seconds

     Processing Day/Time [YYYYDDD:HHMMSS]: 2017356:122000
       Which is Equivalent to (UTC): 12:20:00 Friday,  Dec. 22, 2017
       Time-Step Length (HHMMSS): 000500
                 VDIFF completed...       0.5418 seconds
                COUPLE completed...       0.0817 seconds
                  HADV completed...       1.5882 seconds
                  ZADV completed...       0.1986 seconds
                 HDIFF completed...       0.1385 seconds
              DECOUPLE completed...       0.0327 seconds
                  PHOT completed...       0.1172 seconds
               CLDPROC completed...       0.1396 seconds
                  CHEM completed...       0.4022 seconds
                  AERO completed...       0.5957 seconds
            Master Time Step
            Processing completed...       3.8382 seconds

     Processing Day/Time [YYYYDDD:HHMMSS]: 2017356:122500
       Which is Equivalent to (UTC): 12:25:00 Friday,  Dec. 22, 2017
       Time-Step Length (HHMMSS): 000500
                 VDIFF completed...       0.5448 seconds
                COUPLE completed...       0.0842 seconds
                  HADV completed...       1.5938 seconds
                  ZADV completed...       0.1997 seconds
                 HDIFF completed...       0.1389 seconds
              DECOUPLE completed...       0.0331 seconds
                  PHOT completed...       0.1131 seconds
               CLDPROC completed...       0.1414 seconds
                  CHEM completed...       0.4011 seconds
                  AERO completed...       0.5941 seconds
            Master Time Step
            Processing completed...       3.8488 seconds

     Processing Day/Time [YYYYDDD:HHMMSS]: 2017356:123000
       Which is Equivalent to (UTC): 12:30:00 Friday,  Dec. 22, 2017
       Time-Step Length (HHMMSS): 000500
                 VDIFF completed...       0.5091 seconds
                COUPLE completed...       0.0910 seconds
                  HADV completed...       1.6160 seconds
                  ZADV completed...       0.1990 seconds
                 HDIFF completed...       0.1380 seconds
              DECOUPLE completed...       0.0331 seconds
                  PHOT completed...       0.1135 seconds
               CLDPROC completed...       0.1404 seconds
                  CHEM completed...       0.4015 seconds
                  AERO completed...       0.5930 seconds
            Master Time Step
            Processing completed...       3.8392 seconds

     Processing Day/Time [YYYYDDD:HHMMSS]: 2017356:123500
       Which is Equivalent to (UTC): 12:35:00 Friday,  Dec. 22, 2017
       Time-Step Length (HHMMSS): 000500
                 VDIFF completed...       0.5242 seconds
                COUPLE completed...       0.0920 seconds
                  HADV completed...       1.6259 seconds
                  ZADV completed...       0.1997 seconds
                 HDIFF completed...       0.1385 seconds
              DECOUPLE completed...       0.0330 seconds
                  PHOT completed...       0.1142 seconds
               CLDPROC completed...       0.1370 seconds
                  CHEM completed...       0.4002 seconds
                  AERO completed...       0.5951 seconds
            Master Time Step
            Processing completed...       3.8642 seconds

     Processing Day/Time [YYYYDDD:HHMMSS]: 2017356:124000
       Which is Equivalent to (UTC): 12:40:00 Friday,  Dec. 22, 2017
       Time-Step Length (HHMMSS): 000500
                 VDIFF completed...       0.4997 seconds
                COUPLE completed...       0.0957 seconds
                  HADV completed...       1.8260 seconds
                  ZADV completed...       0.1999 seconds
                 HDIFF completed...       0.1369 seconds
              DECOUPLE completed...       0.0331 seconds
                  PHOT completed...       0.1140 seconds
               CLDPROC completed...       0.1356 seconds
                  CHEM completed...       0.3979 seconds
                  AERO completed...       0.5913 seconds
            Master Time Step
            Processing completed...       4.0353 seconds

     Processing Day/Time [YYYYDDD:HHMMSS]: 2017356:124500
       Which is Equivalent to (UTC): 12:45:00 Friday,  Dec. 22, 2017
       Time-Step Length (HHMMSS): 000500
                 VDIFF completed...       0.4924 seconds
                COUPLE completed...       0.0908 seconds
                  HADV completed...       1.6579 seconds
                  ZADV completed...       0.1997 seconds
                 HDIFF completed...       0.1373 seconds
              DECOUPLE completed...       0.0327 seconds
                  PHOT completed...       0.1132 seconds
               CLDPROC completed...       0.1328 seconds
                  CHEM completed...       0.3994 seconds
                  AERO completed...       0.5884 seconds
            Master Time Step
            Processing completed...       3.8490 seconds

     Processing Day/Time [YYYYDDD:HHMMSS]: 2017356:125000
       Which is Equivalent to (UTC): 12:50:00 Friday,  Dec. 22, 2017
       Time-Step Length (HHMMSS): 000500
                 VDIFF completed...       0.4938 seconds
                COUPLE completed...       0.0757 seconds
                  HADV completed...       1.6887 seconds
                  ZADV completed...       0.1989 seconds
                 HDIFF completed...       0.1391 seconds
              DECOUPLE completed...       0.0327 seconds
                  PHOT completed...       0.1121 seconds
               CLDPROC completed...       0.1288 seconds
                  CHEM completed...       0.3996 seconds
                  AERO completed...       0.5843 seconds
            Master Time Step
            Processing completed...       3.8584 seconds

     Processing Day/Time [YYYYDDD:HHMMSS]: 2017356:125500
       Which is Equivalent to (UTC): 12:55:00 Friday,  Dec. 22, 2017
       Time-Step Length (HHMMSS): 000500
                 VDIFF completed...       2.0676 seconds
                COUPLE completed...       0.1118 seconds
                  HADV completed...       1.1249 seconds
                  ZADV completed...       0.2002 seconds
                 HDIFF completed...       0.1382 seconds
              DECOUPLE completed...       0.0334 seconds
                  PHOT completed...       0.1119 seconds
               CLDPROC completed...       1.0390 seconds
                  CHEM completed...       0.3813 seconds
                  AERO completed...       0.6024 seconds
            Master Time Step
            Processing completed...       5.8148 seconds

      =--> Data Output completed...       2.0011 seconds

     Processing Day/Time [YYYYDDD:HHMMSS]: 2017356:130000
       Which is Equivalent to (UTC): 13:00:00 Friday,  Dec. 22, 2017
       Time-Step Length (HHMMSS): 000500
                 VDIFF completed...       4.7613 seconds
                COUPLE completed...       0.1039 seconds
                  HADV completed...       2.7697 seconds
                  ZADV completed...       0.1991 seconds
                 HDIFF completed...       0.1385 seconds
              DECOUPLE completed...       0.0333 seconds
                  PHOT completed...       0.9492 seconds
               CLDPROC completed...       0.1304 seconds
                  CHEM completed...       0.3986 seconds
                  AERO completed...       0.5854 seconds
            Master Time Step
            Processing completed...      10.0734 seconds

     Processing Day/Time [YYYYDDD:HHMMSS]: 2017356:130500
       Which is Equivalent to (UTC): 13:05:00 Friday,  Dec. 22, 2017
       Time-Step Length (HHMMSS): 000500
                 VDIFF completed...       0.4953 seconds
                COUPLE completed...       0.0566 seconds
                  HADV completed...       1.7827 seconds
                  ZADV completed...       0.2005 seconds
                 HDIFF completed...       0.1372 seconds
              DECOUPLE completed...       0.0331 seconds
                  PHOT completed...       0.1119 seconds
               CLDPROC completed...       0.1261 seconds
                  CHEM completed...       0.3953 seconds
                  AERO completed...       0.5855 seconds
            Master Time Step
            Processing completed...       3.9288 seconds

     Processing Day/Time [YYYYDDD:HHMMSS]: 2017356:131000
       Which is Equivalent to (UTC): 13:10:00 Friday,  Dec. 22, 2017
       Time-Step Length (HHMMSS): 000500
                 VDIFF completed...       0.4982 seconds
                COUPLE completed...       0.0563 seconds
                  HADV completed...       1.7515 seconds
                  ZADV completed...       0.1991 seconds
                 HDIFF completed...       0.1394 seconds
              DECOUPLE completed...       0.0329 seconds
                  PHOT completed...       0.1119 seconds
               CLDPROC completed...       0.1276 seconds
                  CHEM completed...       0.3953 seconds
                  AERO completed...       0.5862 seconds
            Master Time Step
            Processing completed...       3.8994 seconds

     Processing Day/Time [YYYYDDD:HHMMSS]: 2017356:131500
       Which is Equivalent to (UTC): 13:15:00 Friday,  Dec. 22, 2017
       Time-Step Length (HHMMSS): 000500
                 VDIFF completed...       0.5057 seconds
                COUPLE completed...       0.0538 seconds
                  HADV completed...       1.7655 seconds
                  ZADV completed...       0.1998 seconds
                 HDIFF completed...       0.1383 seconds
              DECOUPLE completed...       0.0333 seconds
                  PHOT completed...       0.1101 seconds
               CLDPROC completed...       0.1277 seconds
                  CHEM completed...       0.3965 seconds
                  AERO completed...       0.5835 seconds
            Master Time Step
            Processing completed...       3.9181 seconds

     Processing Day/Time [YYYYDDD:HHMMSS]: 2017356:132000
       Which is Equivalent to (UTC): 13:20:00 Friday,  Dec. 22, 2017
       Time-Step Length (HHMMSS): 000500
                 VDIFF completed...       0.5084 seconds
                COUPLE completed...       0.0563 seconds
                  HADV completed...       1.8067 seconds
                  ZADV completed...       0.1997 seconds
                 HDIFF completed...       0.1375 seconds
              DECOUPLE completed...       0.0335 seconds
                  PHOT completed...       0.1099 seconds
               CLDPROC completed...       0.1292 seconds
                  CHEM completed...       0.3960 seconds
                  AERO completed...       0.5816 seconds
            Master Time Step
            Processing completed...       3.9639 seconds

     Processing Day/Time [YYYYDDD:HHMMSS]: 2017356:132500
       Which is Equivalent to (UTC): 13:25:00 Friday,  Dec. 22, 2017
       Time-Step Length (HHMMSS): 000500
                 VDIFF completed...       0.4973 seconds
                COUPLE completed...       0.0621 seconds
                  HADV completed...       1.8494 seconds
                  ZADV completed...       0.1997 seconds
                 HDIFF completed...       0.1393 seconds
              DECOUPLE completed...       0.0339 seconds
                  PHOT completed...       0.1088 seconds
               CLDPROC completed...       0.1291 seconds
                  CHEM completed...       0.3951 seconds
                  AERO completed...       0.5794 seconds
            Master Time Step
            Processing completed...       3.9984 seconds

     Processing Day/Time [YYYYDDD:HHMMSS]: 2017356:133000
       Which is Equivalent to (UTC): 13:30:00 Friday,  Dec. 22, 2017
       Time-Step Length (HHMMSS): 000500
                 VDIFF completed...       0.5058 seconds
                COUPLE completed...       0.0618 seconds
                  HADV completed...       1.8769 seconds
                  ZADV completed...       0.1995 seconds
                 HDIFF completed...       0.1391 seconds
              DECOUPLE completed...       0.0334 seconds
                  PHOT completed...       0.1098 seconds
               CLDPROC completed...       0.1289 seconds
                  CHEM completed...       0.3993 seconds
                  AERO completed...       0.5782 seconds
            Master Time Step
            Processing completed...       4.0364 seconds

     Processing Day/Time [YYYYDDD:HHMMSS]: 2017356:133500
       Which is Equivalent to (UTC): 13:35:00 Friday,  Dec. 22, 2017
       Time-Step Length (HHMMSS): 000500
                 VDIFF completed...       0.4957 seconds
                COUPLE completed...       0.0591 seconds
                  HADV completed...       1.8907 seconds
                  ZADV completed...       0.2001 seconds
                 HDIFF completed...       0.1383 seconds
              DECOUPLE completed...       0.0336 seconds
                  PHOT completed...       0.1091 seconds
               CLDPROC completed...       0.1273 seconds
                  CHEM completed...       0.3904 seconds
                  AERO completed...       0.5788 seconds
            Master Time Step
            Processing completed...       4.0278 seconds

     Processing Day/Time [YYYYDDD:HHMMSS]: 2017356:134000
       Which is Equivalent to (UTC): 13:40:00 Friday,  Dec. 22, 2017
       Time-Step Length (HHMMSS): 000500
                 VDIFF completed...       0.5245 seconds
                COUPLE completed...       0.0631 seconds
                  HADV completed...       1.8891 seconds
                  ZADV completed...       0.1993 seconds
                 HDIFF completed...       0.1390 seconds
              DECOUPLE completed...       0.0339 seconds
                  PHOT completed...       0.1080 seconds
               CLDPROC completed...       0.1252 seconds
                  CHEM completed...       0.3945 seconds
                  AERO completed...       0.5780 seconds
            Master Time Step
            Processing completed...       4.0596 seconds

     Processing Day/Time [YYYYDDD:HHMMSS]: 2017356:134500
       Which is Equivalent to (UTC): 13:45:00 Friday,  Dec. 22, 2017
       Time-Step Length (HHMMSS): 000500
                 VDIFF completed...       0.5024 seconds
                COUPLE completed...       0.0720 seconds
                  HADV completed...       1.8928 seconds
                  ZADV completed...       0.2002 seconds
                 HDIFF completed...       0.1380 seconds
              DECOUPLE completed...       0.0338 seconds
                  PHOT completed...       0.1081 seconds
               CLDPROC completed...       0.1226 seconds
                  CHEM completed...       0.3921 seconds
                  AERO completed...       0.5780 seconds
            Master Time Step
            Processing completed...       4.0447 seconds

     Processing Day/Time [YYYYDDD:HHMMSS]: 2017356:135000
       Which is Equivalent to (UTC): 13:50:00 Friday,  Dec. 22, 2017
       Time-Step Length (HHMMSS): 000500
                 VDIFF completed...       0.4985 seconds
                COUPLE completed...       0.0686 seconds
                  HADV completed...       1.9281 seconds
                  ZADV completed...       0.1994 seconds
                 HDIFF completed...       0.1391 seconds
              DECOUPLE completed...       0.0334 seconds
                  PHOT completed...       0.1082 seconds
               CLDPROC completed...       0.1198 seconds
                  CHEM completed...       0.3959 seconds
                  AERO completed...       0.5736 seconds
            Master Time Step
            Processing completed...       4.0695 seconds

     Processing Day/Time [YYYYDDD:HHMMSS]: 2017356:135500
       Which is Equivalent to (UTC): 13:55:00 Friday,  Dec. 22, 2017
       Time-Step Length (HHMMSS): 000500
                 VDIFF completed...       2.2457 seconds
                COUPLE completed...       0.1117 seconds
                  HADV completed...       1.1159 seconds
                  ZADV completed...       0.2005 seconds
                 HDIFF completed...       0.1368 seconds
              DECOUPLE completed...       0.0333 seconds
                  PHOT completed...       0.1088 seconds
               CLDPROC completed...       1.1983 seconds
                  CHEM completed...       0.3765 seconds
                  AERO completed...       0.5867 seconds
            Master Time Step
            Processing completed...       6.1183 seconds

      =--> Data Output completed...       1.9065 seconds

     Processing Day/Time [YYYYDDD:HHMMSS]: 2017356:140000
       Which is Equivalent to (UTC): 14:00:00 Friday,  Dec. 22, 2017
       Time-Step Length (HHMMSS): 000500
                 VDIFF completed...       4.4871 seconds
                COUPLE completed...       0.1125 seconds
                  HADV completed...       2.6969 seconds
                  ZADV completed...       0.2002 seconds
                 HDIFF completed...       0.1399 seconds
              DECOUPLE completed...       0.0337 seconds
                  PHOT completed...       0.9476 seconds
               CLDPROC completed...       0.1148 seconds
                  CHEM completed...       0.3931 seconds
                  AERO completed...       0.5756 seconds
            Master Time Step
            Processing completed...       9.7061 seconds

     Processing Day/Time [YYYYDDD:HHMMSS]: 2017356:140500
       Which is Equivalent to (UTC): 14:05:00 Friday,  Dec. 22, 2017
       Time-Step Length (HHMMSS): 000500
                 VDIFF completed...       0.4881 seconds
                COUPLE completed...       0.0457 seconds
                  HADV completed...       1.9404 seconds
                  ZADV completed...       0.2002 seconds
                 HDIFF completed...       0.1374 seconds
              DECOUPLE completed...       0.0320 seconds
                  PHOT completed...       0.1098 seconds
               CLDPROC completed...       0.1160 seconds
                  CHEM completed...       0.3876 seconds
                  AERO completed...       0.5746 seconds
            Master Time Step
            Processing completed...       4.0360 seconds

     Processing Day/Time [YYYYDDD:HHMMSS]: 2017356:141000
       Which is Equivalent to (UTC): 14:10:00 Friday,  Dec. 22, 2017
       Time-Step Length (HHMMSS): 000500
                 VDIFF completed...       0.4901 seconds
                COUPLE completed...       0.0439 seconds
                  HADV completed...       1.9172 seconds
                  ZADV completed...       0.1997 seconds
                 HDIFF completed...       0.1381 seconds
              DECOUPLE completed...       0.0326 seconds
                  PHOT completed...       0.1093 seconds
               CLDPROC completed...       0.1174 seconds
                  CHEM completed...       0.3834 seconds
                  AERO completed...       0.5736 seconds
            Master Time Step
            Processing completed...       4.0084 seconds

     Processing Day/Time [YYYYDDD:HHMMSS]: 2017356:141500
       Which is Equivalent to (UTC): 14:15:00 Friday,  Dec. 22, 2017
       Time-Step Length (HHMMSS): 000500
                 VDIFF completed...       0.5056 seconds
                COUPLE completed...       0.0463 seconds
                  HADV completed...       1.9192 seconds
                  ZADV completed...       0.2001 seconds
                 HDIFF completed...       0.1383 seconds
              DECOUPLE completed...       0.0331 seconds
                  PHOT completed...       0.1081 seconds
               CLDPROC completed...       0.1203 seconds
                  CHEM completed...       0.3814 seconds
                  AERO completed...       0.5723 seconds
            Master Time Step
            Processing completed...       4.0288 seconds

     Processing Day/Time [YYYYDDD:HHMMSS]: 2017356:142000
       Which is Equivalent to (UTC): 14:20:00 Friday,  Dec. 22, 2017
       Time-Step Length (HHMMSS): 000500
                 VDIFF completed...       0.5369 seconds
                COUPLE completed...       0.0554 seconds
                  HADV completed...       1.8894 seconds
                  ZADV completed...       0.1988 seconds
                 HDIFF completed...       0.1392 seconds
              DECOUPLE completed...       0.0329 seconds
                  PHOT completed...       0.1086 seconds
               CLDPROC completed...       0.1230 seconds
                  CHEM completed...       0.3819 seconds
                  AERO completed...       0.5678 seconds
            Master Time Step
            Processing completed...       4.0379 seconds

     Processing Day/Time [YYYYDDD:HHMMSS]: 2017356:142500
       Which is Equivalent to (UTC): 14:25:00 Friday,  Dec. 22, 2017
       Time-Step Length (HHMMSS): 000500
                 VDIFF completed...       0.6185 seconds
                COUPLE completed...       0.0731 seconds
                  HADV completed...       1.7907 seconds
                  ZADV completed...       0.2043 seconds
                 HDIFF completed...       0.1341 seconds
              DECOUPLE completed...       0.0324 seconds
                  PHOT completed...       0.1095 seconds
               CLDPROC completed...       0.1231 seconds
                  CHEM completed...       0.3806 seconds
                  AERO completed...       0.5717 seconds
            Master Time Step
            Processing completed...       4.0420 seconds

     Processing Day/Time [YYYYDDD:HHMMSS]: 2017356:143000
       Which is Equivalent to (UTC): 14:30:00 Friday,  Dec. 22, 2017
       Time-Step Length (HHMMSS): 000500
                 VDIFF completed...       0.6916 seconds
                COUPLE completed...       0.0604 seconds
                  HADV completed...       1.7257 seconds
                  ZADV completed...       0.1992 seconds
                 HDIFF completed...       0.1381 seconds
              DECOUPLE completed...       0.0334 seconds
                  PHOT completed...       0.1335 seconds
               CLDPROC completed...       0.1231 seconds
                  CHEM completed...       0.3926 seconds
                  AERO completed...       0.5713 seconds
            Master Time Step
            Processing completed...       4.0732 seconds

     Processing Day/Time [YYYYDDD:HHMMSS]: 2017356:143500
       Which is Equivalent to (UTC): 14:35:00 Friday,  Dec. 22, 2017
       Time-Step Length (HHMMSS): 000500
                 VDIFF completed...       0.6790 seconds
                COUPLE completed...       0.0666 seconds
                  HADV completed...       1.6980 seconds
                  ZADV completed...       0.1996 seconds
                 HDIFF completed...       0.1377 seconds
              DECOUPLE completed...       0.0332 seconds
                  PHOT completed...       0.1772 seconds
               CLDPROC completed...       0.1344 seconds
                  CHEM completed...       0.3840 seconds
                  AERO completed...       0.5710 seconds
            Master Time Step
            Processing completed...       4.0848 seconds

     Processing Day/Time [YYYYDDD:HHMMSS]: 2017356:144000
       Which is Equivalent to (UTC): 14:40:00 Friday,  Dec. 22, 2017
       Time-Step Length (HHMMSS): 000500
                 VDIFF completed...       0.6322 seconds
                COUPLE completed...       0.0655 seconds
                  HADV completed...       1.6926 seconds
                  ZADV completed...       0.1994 seconds
                 HDIFF completed...       0.1369 seconds
              DECOUPLE completed...       0.0326 seconds
                  PHOT completed...       0.2229 seconds
               CLDPROC completed...       0.1362 seconds
                  CHEM completed...       0.3869 seconds
                  AERO completed...       0.5695 seconds
            Master Time Step
            Processing completed...       4.0790 seconds

     Processing Day/Time [YYYYDDD:HHMMSS]: 2017356:144500
       Which is Equivalent to (UTC): 14:45:00 Friday,  Dec. 22, 2017
       Time-Step Length (HHMMSS): 000500
                 VDIFF completed...       0.6766 seconds
                COUPLE completed...       0.0658 seconds
                  HADV completed...       1.6139 seconds
                  ZADV completed...       0.1998 seconds
                 HDIFF completed...       0.1377 seconds
              DECOUPLE completed...       0.0330 seconds
                  PHOT completed...       0.2474 seconds
               CLDPROC completed...       0.1521 seconds
                  CHEM completed...       0.3782 seconds
                  AERO completed...       0.5714 seconds
            Master Time Step
            Processing completed...       4.0801 seconds

     Processing Day/Time [YYYYDDD:HHMMSS]: 2017356:145000
       Which is Equivalent to (UTC): 14:50:00 Friday,  Dec. 22, 2017
       Time-Step Length (HHMMSS): 000500
                 VDIFF completed...       0.7703 seconds
                COUPLE completed...       0.0400 seconds
                  HADV completed...       1.5037 seconds
                  ZADV completed...       0.1998 seconds
                 HDIFF completed...       0.1385 seconds
              DECOUPLE completed...       0.0328 seconds
                  PHOT completed...       0.2482 seconds
               CLDPROC completed...       0.1529 seconds
                  CHEM completed...       0.3785 seconds
                  AERO completed...       0.5652 seconds
            Master Time Step
            Processing completed...       4.0335 seconds

     Processing Day/Time [YYYYDDD:HHMMSS]: 2017356:145500
       Which is Equivalent to (UTC): 14:55:00 Friday,  Dec. 22, 2017
       Time-Step Length (HHMMSS): 000500
                 VDIFF completed...       2.1377 seconds
                COUPLE completed...       0.1123 seconds
                  HADV completed...       1.0506 seconds
                  ZADV completed...       0.2008 seconds
                 HDIFF completed...       0.1371 seconds
              DECOUPLE completed...       0.0326 seconds
                  PHOT completed...       0.2584 seconds
               CLDPROC completed...       1.0567 seconds
                  CHEM completed...       0.4289 seconds
                  AERO completed...       0.5729 seconds
            Master Time Step
            Processing completed...       5.9912 seconds

      =--> Data Output completed...       1.8014 seconds

     Processing Day/Time [YYYYDDD:HHMMSS]: 2017356:150000
       Which is Equivalent to (UTC): 15:00:00 Friday,  Dec. 22, 2017
       Time-Step Length (HHMMSS): 000500
                 VDIFF completed...       4.1278 seconds
                COUPLE completed...       0.1089 seconds
                  HADV completed...       3.2192 seconds
                  ZADV completed...       0.1999 seconds
                 HDIFF completed...       0.1383 seconds
              DECOUPLE completed...       0.0334 seconds
                  PHOT completed...       1.1224 seconds
               CLDPROC completed...       0.1563 seconds
                  CHEM completed...       0.5327 seconds
                  AERO completed...       0.5926 seconds
            Master Time Step
            Processing completed...      10.2360 seconds

     Processing Day/Time [YYYYDDD:HHMMSS]: 2017356:150500
       Which is Equivalent to (UTC): 15:05:00 Friday,  Dec. 22, 2017
       Time-Step Length (HHMMSS): 000500
                 VDIFF completed...       0.6319 seconds
                COUPLE completed...       0.0339 seconds
                  HADV completed...       1.4845 seconds
                  ZADV completed...       0.2004 seconds
                 HDIFF completed...       0.1369 seconds
              DECOUPLE completed...       0.0330 seconds
                  PHOT completed...       0.2997 seconds
               CLDPROC completed...       0.1449 seconds
                  CHEM completed...       0.6050 seconds
                  AERO completed...       0.5872 seconds
            Master Time Step
            Processing completed...       4.1610 seconds

     Processing Day/Time [YYYYDDD:HHMMSS]: 2017356:151000
       Which is Equivalent to (UTC): 15:10:00 Friday,  Dec. 22, 2017
       Time-Step Length (HHMMSS): 000500
                 VDIFF completed...       0.5235 seconds
                COUPLE completed...       0.0354 seconds
                  HADV completed...       1.4808 seconds
                  ZADV completed...       0.1987 seconds
                 HDIFF completed...       0.1389 seconds
              DECOUPLE completed...       0.0328 seconds
                  PHOT completed...       0.3080 seconds
               CLDPROC completed...       0.1437 seconds
                  CHEM completed...       0.6251 seconds
                  AERO completed...       0.5815 seconds
            Master Time Step
            Processing completed...       4.0694 seconds

     Processing Day/Time [YYYYDDD:HHMMSS]: 2017356:151500
       Which is Equivalent to (UTC): 15:15:00 Friday,  Dec. 22, 2017
       Time-Step Length (HHMMSS): 000500
                 VDIFF completed...       0.5042 seconds
                COUPLE completed...       0.0383 seconds
                  HADV completed...       1.4940 seconds
                  ZADV completed...       0.2005 seconds
                 HDIFF completed...       0.1375 seconds
              DECOUPLE completed...       0.0331 seconds
                  PHOT completed...       0.3072 seconds
               CLDPROC completed...       0.1463 seconds
                  CHEM completed...       0.5959 seconds
                  AERO completed...       0.5891 seconds
            Master Time Step
            Processing completed...       4.0478 seconds

     Processing Day/Time [YYYYDDD:HHMMSS]: 2017356:152000
       Which is Equivalent to (UTC): 15:20:00 Friday,  Dec. 22, 2017
       Time-Step Length (HHMMSS): 000500
                 VDIFF completed...       0.5158 seconds
                COUPLE completed...       0.0328 seconds
                  HADV completed...       1.5271 seconds
                  ZADV completed...       0.1989 seconds
                 HDIFF completed...       0.1373 seconds
              DECOUPLE completed...       0.0326 seconds
                  PHOT completed...       0.3068 seconds
               CLDPROC completed...       0.1490 seconds
                  CHEM completed...       0.5890 seconds
                  AERO completed...       0.5913 seconds
            Master Time Step
            Processing completed...       4.0843 seconds

     Processing Day/Time [YYYYDDD:HHMMSS]: 2017356:152500
       Which is Equivalent to (UTC): 15:25:00 Friday,  Dec. 22, 2017
       Time-Step Length (HHMMSS): 000500
                 VDIFF completed...       0.5277 seconds
                COUPLE completed...       0.0376 seconds
                  HADV completed...       1.5202 seconds
                  ZADV completed...       0.2004 seconds
                 HDIFF completed...       0.1372 seconds
              DECOUPLE completed...       0.0327 seconds
                  PHOT completed...       0.3069 seconds
               CLDPROC completed...       0.1501 seconds
                  CHEM completed...       0.5891 seconds
                  AERO completed...       0.5883 seconds
            Master Time Step
            Processing completed...       4.0940 seconds

     Processing Day/Time [YYYYDDD:HHMMSS]: 2017356:153000
       Which is Equivalent to (UTC): 15:30:00 Friday,  Dec. 22, 2017
       Time-Step Length (HHMMSS): 000500
                 VDIFF completed...       0.5398 seconds
                COUPLE completed...       0.0404 seconds
                  HADV completed...       1.5146 seconds
                  ZADV completed...       0.1997 seconds
                 HDIFF completed...       0.1387 seconds
              DECOUPLE completed...       0.0330 seconds
                  PHOT completed...       0.3053 seconds
               CLDPROC completed...       0.1508 seconds
                  CHEM completed...       0.5926 seconds
                  AERO completed...       0.5892 seconds
            Master Time Step
            Processing completed...       4.1079 seconds

     Processing Day/Time [YYYYDDD:HHMMSS]: 2017356:153500
       Which is Equivalent to (UTC): 15:35:00 Friday,  Dec. 22, 2017
       Time-Step Length (HHMMSS): 000500
                 VDIFF completed...       0.5443 seconds
                COUPLE completed...       0.0414 seconds
                  HADV completed...       1.5510 seconds
                  ZADV completed...       0.1942 seconds
                 HDIFF completed...       0.1623 seconds
              DECOUPLE completed...       0.0335 seconds
                  PHOT completed...       0.3060 seconds
               CLDPROC completed...       0.1506 seconds
                  CHEM completed...       0.6015 seconds
                  AERO completed...       0.5858 seconds
            Master Time Step
            Processing completed...       4.1747 seconds

     Processing Day/Time [YYYYDDD:HHMMSS]: 2017356:154000
       Which is Equivalent to (UTC): 15:40:00 Friday,  Dec. 22, 2017
       Time-Step Length (HHMMSS): 000500
                 VDIFF completed...       0.5258 seconds
                COUPLE completed...       0.0412 seconds
                  HADV completed...       1.5335 seconds
                  ZADV completed...       0.2002 seconds
                 HDIFF completed...       0.1374 seconds
              DECOUPLE completed...       0.0335 seconds
                  PHOT completed...       0.3059 seconds
               CLDPROC completed...       0.1518 seconds
                  CHEM completed...       0.6066 seconds
                  AERO completed...       0.5794 seconds
            Master Time Step
            Processing completed...       4.1193 seconds

     Processing Day/Time [YYYYDDD:HHMMSS]: 2017356:154500
       Which is Equivalent to (UTC): 15:45:00 Friday,  Dec. 22, 2017
       Time-Step Length (HHMMSS): 000500
                 VDIFF completed...       0.5333 seconds
                COUPLE completed...       0.0417 seconds
                  HADV completed...       1.5375 seconds
                  ZADV completed...       0.2001 seconds
                 HDIFF completed...       0.1366 seconds
              DECOUPLE completed...       0.0327 seconds
                  PHOT completed...       0.3067 seconds
               CLDPROC completed...       0.1512 seconds
                  CHEM completed...       0.6090 seconds
                  AERO completed...       0.5797 seconds
            Master Time Step
            Processing completed...       4.1323 seconds

     Processing Day/Time [YYYYDDD:HHMMSS]: 2017356:155000
       Which is Equivalent to (UTC): 15:50:00 Friday,  Dec. 22, 2017
       Time-Step Length (HHMMSS): 000500
                 VDIFF completed...       0.5269 seconds
                COUPLE completed...       0.0401 seconds
                  HADV completed...       1.5658 seconds
                  ZADV completed...       0.1998 seconds
                 HDIFF completed...       0.1370 seconds
              DECOUPLE completed...       0.0328 seconds
                  PHOT completed...       0.3074 seconds
               CLDPROC completed...       0.1513 seconds
                  CHEM completed...       0.6061 seconds
                  AERO completed...       0.5743 seconds
            Master Time Step
            Processing completed...       4.1459 seconds

     Processing Day/Time [YYYYDDD:HHMMSS]: 2017356:155500
       Which is Equivalent to (UTC): 15:55:00 Friday,  Dec. 22, 2017
       Time-Step Length (HHMMSS): 000500
                 VDIFF completed...       1.9264 seconds
                COUPLE completed...       0.1114 seconds
                  HADV completed...       1.0486 seconds
                  ZADV completed...       0.1989 seconds
                 HDIFF completed...       0.2155 seconds
              DECOUPLE completed...       0.0441 seconds
                  PHOT completed...       0.2885 seconds
               CLDPROC completed...       1.0596 seconds
                  CHEM completed...       0.6024 seconds
                  AERO completed...       0.6014 seconds
            Master Time Step
            Processing completed...       6.1010 seconds

      =--> Data Output completed...       1.6141 seconds

     Processing Day/Time [YYYYDDD:HHMMSS]: 2017356:160000
       Which is Equivalent to (UTC): 16:00:00 Friday,  Dec. 22, 2017
       Time-Step Length (HHMMSS): 000500
                 VDIFF completed...       4.3927 seconds
                COUPLE completed...       0.1065 seconds
                  HADV completed...       2.7162 seconds
                  ZADV completed...       0.2000 seconds
                 HDIFF completed...       0.1377 seconds
              DECOUPLE completed...       0.0327 seconds
                  PHOT completed...       1.2809 seconds
               CLDPROC completed...       0.1545 seconds
                  CHEM completed...       0.6023 seconds
                  AERO completed...       0.5802 seconds
            Master Time Step
            Processing completed...      10.2075 seconds

     Processing Day/Time [YYYYDDD:HHMMSS]: 2017356:160500
       Which is Equivalent to (UTC): 16:05:00 Friday,  Dec. 22, 2017
       Time-Step Length (HHMMSS): 000500
                 VDIFF completed...       0.5255 seconds
                COUPLE completed...       0.0420 seconds
                  HADV completed...       1.5147 seconds
                  ZADV completed...       0.2007 seconds
                 HDIFF completed...       0.1379 seconds
              DECOUPLE completed...       0.0344 seconds
                  PHOT completed...       0.3044 seconds
               CLDPROC completed...       0.1521 seconds
                  CHEM completed...       0.5993 seconds
                  AERO completed...       0.5784 seconds
            Master Time Step
            Processing completed...       4.0934 seconds

     Processing Day/Time [YYYYDDD:HHMMSS]: 2017356:161000
       Which is Equivalent to (UTC): 16:10:00 Friday,  Dec. 22, 2017
       Time-Step Length (HHMMSS): 000500
                 VDIFF completed...       0.5192 seconds
                COUPLE completed...       0.0412 seconds
                  HADV completed...       1.6044 seconds
                  ZADV completed...       0.1995 seconds
                 HDIFF completed...       0.1382 seconds
              DECOUPLE completed...       0.0332 seconds
                  PHOT completed...       0.3076 seconds
               CLDPROC completed...       0.1533 seconds
                  CHEM completed...       0.5970 seconds
                  AERO completed...       0.5756 seconds
            Master Time Step
            Processing completed...       4.1711 seconds

     Processing Day/Time [YYYYDDD:HHMMSS]: 2017356:161500
       Which is Equivalent to (UTC): 16:15:00 Friday,  Dec. 22, 2017
       Time-Step Length (HHMMSS): 000500
                 VDIFF completed...       0.5214 seconds
                COUPLE completed...       0.0398 seconds
                  HADV completed...       1.6260 seconds
                  ZADV completed...       0.2007 seconds
                 HDIFF completed...       0.1377 seconds
              DECOUPLE completed...       0.0345 seconds
                  PHOT completed...       0.3058 seconds
               CLDPROC completed...       0.1542 seconds
                  CHEM completed...       0.5936 seconds
                  AERO completed...       0.5746 seconds
            Master Time Step
            Processing completed...       4.1924 seconds

     Processing Day/Time [YYYYDDD:HHMMSS]: 2017356:162000
       Which is Equivalent to (UTC): 16:20:00 Friday,  Dec. 22, 2017
       Time-Step Length (HHMMSS): 000500
                 VDIFF completed...       0.5494 seconds
                COUPLE completed...       0.0367 seconds
                  HADV completed...       1.6268 seconds
                  ZADV completed...       0.2001 seconds
                 HDIFF completed...       0.1374 seconds
              DECOUPLE completed...       0.0329 seconds
                  PHOT completed...       0.3077 seconds
               CLDPROC completed...       0.1561 seconds
                  CHEM completed...       0.5904 seconds
                  AERO completed...       0.5757 seconds
            Master Time Step
            Processing completed...       4.2172 seconds

     Processing Day/Time [YYYYDDD:HHMMSS]: 2017356:162500
       Which is Equivalent to (UTC): 16:25:00 Friday,  Dec. 22, 2017
       Time-Step Length (HHMMSS): 000500
                 VDIFF completed...       0.5155 seconds
                COUPLE completed...       0.0380 seconds
                  HADV completed...       1.6783 seconds
                  ZADV completed...       0.2004 seconds
                 HDIFF completed...       0.1381 seconds
              DECOUPLE completed...       0.0339 seconds
                  PHOT completed...       0.3062 seconds
               CLDPROC completed...       0.1557 seconds
                  CHEM completed...       0.5884 seconds
                  AERO completed...       0.5741 seconds
            Master Time Step
            Processing completed...       4.2325 seconds

     Processing Day/Time [YYYYDDD:HHMMSS]: 2017356:163000
       Which is Equivalent to (UTC): 16:30:00 Friday,  Dec. 22, 2017
       Time-Step Length (HHMMSS): 000500
                 VDIFF completed...       0.5156 seconds
                COUPLE completed...       0.0390 seconds
                  HADV completed...       1.6715 seconds
                  ZADV completed...       0.2003 seconds
                 HDIFF completed...       0.1366 seconds
              DECOUPLE completed...       0.0333 seconds
                  PHOT completed...       0.3077 seconds
               CLDPROC completed...       0.1565 seconds
                  CHEM completed...       0.5867 seconds
                  AERO completed...       0.5738 seconds
            Master Time Step
            Processing completed...       4.2247 seconds

     Processing Day/Time [YYYYDDD:HHMMSS]: 2017356:163500
       Which is Equivalent to (UTC): 16:35:00 Friday,  Dec. 22, 2017
       Time-Step Length (HHMMSS): 000500
                 VDIFF completed...       0.5188 seconds
                COUPLE completed...       0.0394 seconds
                  HADV completed...       1.6885 seconds
                  ZADV completed...       0.2000 seconds
                 HDIFF completed...       0.1370 seconds
              DECOUPLE completed...       0.0329 seconds
                  PHOT completed...       0.3066 seconds
               CLDPROC completed...       0.1574 seconds
                  CHEM completed...       0.5953 seconds
                  AERO completed...       0.5776 seconds
            Master Time Step
            Processing completed...       4.2580 seconds

     Processing Day/Time [YYYYDDD:HHMMSS]: 2017356:164000
       Which is Equivalent to (UTC): 16:40:00 Friday,  Dec. 22, 2017
       Time-Step Length (HHMMSS): 000500
                 VDIFF completed...       0.5025 seconds
                COUPLE completed...       0.0389 seconds
                  HADV completed...       1.6868 seconds
                  ZADV completed...       0.2001 seconds
                 HDIFF completed...       0.1378 seconds
              DECOUPLE completed...       0.0335 seconds
                  PHOT completed...       0.3060 seconds
               CLDPROC completed...       0.1558 seconds
                  CHEM completed...       0.5846 seconds
                  AERO completed...       0.5918 seconds
            Master Time Step
            Processing completed...       4.2424 seconds

     Processing Day/Time [YYYYDDD:HHMMSS]: 2017356:164500
       Which is Equivalent to (UTC): 16:45:00 Friday,  Dec. 22, 2017
       Time-Step Length (HHMMSS): 000500
                 VDIFF completed...       0.5002 seconds
                COUPLE completed...       0.0393 seconds
                  HADV completed...       1.6856 seconds
                  ZADV completed...       0.2000 seconds
                 HDIFF completed...       0.1370 seconds
              DECOUPLE completed...       0.0342 seconds
                  PHOT completed...       0.3059 seconds
               CLDPROC completed...       0.1545 seconds
                  CHEM completed...       0.5850 seconds
                  AERO completed...       0.5784 seconds
            Master Time Step
            Processing completed...       4.2247 seconds

     Processing Day/Time [YYYYDDD:HHMMSS]: 2017356:165000
       Which is Equivalent to (UTC): 16:50:00 Friday,  Dec. 22, 2017
       Time-Step Length (HHMMSS): 000500
                 VDIFF completed...       0.5422 seconds
                COUPLE completed...       0.0370 seconds
                  HADV completed...       1.6635 seconds
                  ZADV completed...       0.2001 seconds
                 HDIFF completed...       0.1372 seconds
              DECOUPLE completed...       0.0336 seconds
                  PHOT completed...       0.3064 seconds
               CLDPROC completed...       0.1540 seconds
                  CHEM completed...       0.5853 seconds
                  AERO completed...       0.5762 seconds
            Master Time Step
            Processing completed...       4.2400 seconds

     Processing Day/Time [YYYYDDD:HHMMSS]: 2017356:165500
       Which is Equivalent to (UTC): 16:55:00 Friday,  Dec. 22, 2017
       Time-Step Length (HHMMSS): 000500
                 VDIFF completed...       2.0310 seconds
                COUPLE completed...       0.1126 seconds
                  HADV completed...       1.0494 seconds
                  ZADV completed...       0.2001 seconds
                 HDIFF completed...       0.1374 seconds
              DECOUPLE completed...       0.0342 seconds
                  PHOT completed...       0.3064 seconds
               CLDPROC completed...       1.1198 seconds
                  CHEM completed...       0.5921 seconds
                  AERO completed...       0.5994 seconds
            Master Time Step
            Processing completed...       6.1864 seconds

      =--> Data Output completed...       1.5692 seconds

     Processing Day/Time [YYYYDDD:HHMMSS]: 2017356:170000
       Which is Equivalent to (UTC): 17:00:00 Friday,  Dec. 22, 2017
       Time-Step Length (HHMMSS): 000500
                 VDIFF completed...       4.6519 seconds
                COUPLE completed...       0.1004 seconds
                  HADV completed...       3.0929 seconds
                  ZADV completed...       0.1997 seconds
                 HDIFF completed...       0.1384 seconds
              DECOUPLE completed...       0.0328 seconds
                  PHOT completed...       1.1518 seconds
               CLDPROC completed...       0.1572 seconds
                  CHEM completed...       0.5848 seconds
                  AERO completed...       0.5790 seconds
            Master Time Step
            Processing completed...      10.6920 seconds

     Processing Day/Time [YYYYDDD:HHMMSS]: 2017356:170500
       Which is Equivalent to (UTC): 17:05:00 Friday,  Dec. 22, 2017
       Time-Step Length (HHMMSS): 000500
                 VDIFF completed...       0.5441 seconds
                COUPLE completed...       0.0398 seconds
                  HADV completed...       1.6115 seconds
                  ZADV completed...       0.2002 seconds
                 HDIFF completed...       0.1380 seconds
              DECOUPLE completed...       0.0327 seconds
                  PHOT completed...       0.3071 seconds
               CLDPROC completed...       0.1528 seconds
                  CHEM completed...       0.5832 seconds
                  AERO completed...       0.5694 seconds
            Master Time Step
            Processing completed...       4.1825 seconds

     Processing Day/Time [YYYYDDD:HHMMSS]: 2017356:171000
       Which is Equivalent to (UTC): 17:10:00 Friday,  Dec. 22, 2017
       Time-Step Length (HHMMSS): 000500
                 VDIFF completed...       0.5454 seconds
                COUPLE completed...       0.0393 seconds
                  HADV completed...       1.7168 seconds
                  ZADV completed...       0.1996 seconds
                 HDIFF completed...       0.1388 seconds
              DECOUPLE completed...       0.0345 seconds
                  PHOT completed...       0.3047 seconds
               CLDPROC completed...       0.1534 seconds
                  CHEM completed...       0.5825 seconds
                  AERO completed...       0.5794 seconds
            Master Time Step
            Processing completed...       4.2987 seconds

     Processing Day/Time [YYYYDDD:HHMMSS]: 2017356:171500
       Which is Equivalent to (UTC): 17:15:00 Friday,  Dec. 22, 2017
       Time-Step Length (HHMMSS): 000500
                 VDIFF completed...       0.5235 seconds
                COUPLE completed...       0.0394 seconds
                  HADV completed...       1.7332 seconds
                  ZADV completed...       0.2004 seconds
                 HDIFF completed...       0.1375 seconds
              DECOUPLE completed...       0.0340 seconds
                  PHOT completed...       0.3049 seconds
               CLDPROC completed...       0.1624 seconds
                  CHEM completed...       0.5814 seconds
                  AERO completed...       0.5715 seconds
            Master Time Step
            Processing completed...       4.2925 seconds

     Processing Day/Time [YYYYDDD:HHMMSS]: 2017356:172000
       Which is Equivalent to (UTC): 17:20:00 Friday,  Dec. 22, 2017
       Time-Step Length (HHMMSS): 000500
                 VDIFF completed...       0.5347 seconds
                COUPLE completed...       0.0403 seconds
                  HADV completed...       1.7397 seconds
                  ZADV completed...       0.2000 seconds
                 HDIFF completed...       0.1377 seconds
              DECOUPLE completed...       0.0332 seconds
                  PHOT completed...       0.3063 seconds
               CLDPROC completed...       0.1552 seconds
                  CHEM completed...       0.5900 seconds
                  AERO completed...       0.5761 seconds
            Master Time Step
            Processing completed...       4.3174 seconds

     Processing Day/Time [YYYYDDD:HHMMSS]: 2017356:172500
       Which is Equivalent to (UTC): 17:25:00 Friday,  Dec. 22, 2017
       Time-Step Length (HHMMSS): 000500
                 VDIFF completed...       0.5199 seconds
                COUPLE completed...       0.0412 seconds
                  HADV completed...       1.7380 seconds
                  ZADV completed...       0.2001 seconds
                 HDIFF completed...       0.1374 seconds
              DECOUPLE completed...       0.0338 seconds
                  PHOT completed...       0.3066 seconds
               CLDPROC completed...       0.1551 seconds
                  CHEM completed...       0.5808 seconds
                  AERO completed...       0.5791 seconds
            Master Time Step
            Processing completed...       4.2958 seconds

     Processing Day/Time [YYYYDDD:HHMMSS]: 2017356:173000
       Which is Equivalent to (UTC): 17:30:00 Friday,  Dec. 22, 2017
       Time-Step Length (HHMMSS): 000500
                 VDIFF completed...       0.5343 seconds
                COUPLE completed...       0.0399 seconds
                  HADV completed...       1.7413 seconds
                  ZADV completed...       0.1995 seconds
                 HDIFF completed...       0.1371 seconds
              DECOUPLE completed...       0.0334 seconds
                  PHOT completed...       0.3087 seconds
               CLDPROC completed...       0.1561 seconds
                  CHEM completed...       0.5812 seconds
                  AERO completed...       0.5686 seconds
            Master Time Step
            Processing completed...       4.3046 seconds

     Processing Day/Time [YYYYDDD:HHMMSS]: 2017356:173500
       Which is Equivalent to (UTC): 17:35:00 Friday,  Dec. 22, 2017
       Time-Step Length (HHMMSS): 000500
                 VDIFF completed...       0.5278 seconds
                COUPLE completed...       0.0520 seconds
                  HADV completed...       1.7526 seconds
                  ZADV completed...       0.1997 seconds
                 HDIFF completed...       0.1372 seconds
              DECOUPLE completed...       0.0337 seconds
                  PHOT completed...       0.3069 seconds
               CLDPROC completed...       0.1558 seconds
                  CHEM completed...       0.5786 seconds
                  AERO completed...       0.5690 seconds
            Master Time Step
            Processing completed...       4.3177 seconds

     Processing Day/Time [YYYYDDD:HHMMSS]: 2017356:174000
       Which is Equivalent to (UTC): 17:40:00 Friday,  Dec. 22, 2017
       Time-Step Length (HHMMSS): 000500
                 VDIFF completed...       0.5423 seconds
                COUPLE completed...       0.0391 seconds
                  HADV completed...       1.7620 seconds
                  ZADV completed...       0.1999 seconds
                 HDIFF completed...       0.1375 seconds
              DECOUPLE completed...       0.0341 seconds
                  PHOT completed...       0.3063 seconds
               CLDPROC completed...       0.1561 seconds
                  CHEM completed...       0.5812 seconds
                  AERO completed...       0.5686 seconds
            Master Time Step
            Processing completed...       4.3308 seconds

     Processing Day/Time [YYYYDDD:HHMMSS]: 2017356:174500
       Which is Equivalent to (UTC): 17:45:00 Friday,  Dec. 22, 2017
       Time-Step Length (HHMMSS): 000500
                 VDIFF completed...       0.5287 seconds
                COUPLE completed...       0.0388 seconds
                  HADV completed...       1.7639 seconds
                  ZADV completed...       0.2000 seconds
                 HDIFF completed...       0.1370 seconds
              DECOUPLE completed...       0.0339 seconds
                  PHOT completed...       0.3063 seconds
               CLDPROC completed...       0.1551 seconds
                  CHEM completed...       0.5798 seconds
                  AERO completed...       0.5779 seconds
            Master Time Step
            Processing completed...       4.3261 seconds

     Processing Day/Time [YYYYDDD:HHMMSS]: 2017356:175000
       Which is Equivalent to (UTC): 17:50:00 Friday,  Dec. 22, 2017
       Time-Step Length (HHMMSS): 000500
                 VDIFF completed...       0.5254 seconds
                COUPLE completed...       0.0414 seconds
                  HADV completed...       1.7522 seconds
                  ZADV completed...       0.2031 seconds
                 HDIFF completed...       0.1358 seconds
              DECOUPLE completed...       0.0340 seconds
                  PHOT completed...       0.3072 seconds
               CLDPROC completed...       0.1568 seconds
                  CHEM completed...       0.5806 seconds
                  AERO completed...       0.5758 seconds
            Master Time Step
            Processing completed...       4.3168 seconds

     Processing Day/Time [YYYYDDD:HHMMSS]: 2017356:175500
       Which is Equivalent to (UTC): 17:55:00 Friday,  Dec. 22, 2017
       Time-Step Length (HHMMSS): 000500
                 VDIFF completed...       2.1204 seconds
                COUPLE completed...       0.1118 seconds
                  HADV completed...       1.0874 seconds
                  ZADV completed...       0.2000 seconds
                 HDIFF completed...       0.1374 seconds
              DECOUPLE completed...       0.0338 seconds
                  PHOT completed...       0.3053 seconds
               CLDPROC completed...       1.2008 seconds
                  CHEM completed...       0.5978 seconds
                  AERO completed...       0.5961 seconds
            Master Time Step
            Processing completed...       6.3936 seconds

      =--> Data Output completed...       1.6174 seconds

     Processing Day/Time [YYYYDDD:HHMMSS]: 2017356:180000
       Which is Equivalent to (UTC): 18:00:00 Friday,  Dec. 22, 2017
       Time-Step Length (HHMMSS): 000500
                 VDIFF completed...       4.2643 seconds
                COUPLE completed...       0.1047 seconds
                  HADV completed...       3.3525 seconds
                  ZADV completed...       0.1993 seconds
                 HDIFF completed...       0.1372 seconds
              DECOUPLE completed...       0.0328 seconds
                  PHOT completed...       1.1079 seconds
               CLDPROC completed...       0.1614 seconds
                  CHEM completed...       0.5825 seconds
                  AERO completed...       0.5806 seconds
            Master Time Step
            Processing completed...      10.5281 seconds

     Processing Day/Time [YYYYDDD:HHMMSS]: 2017356:180500
       Which is Equivalent to (UTC): 18:05:00 Friday,  Dec. 22, 2017
       Time-Step Length (HHMMSS): 000500
                 VDIFF completed...       0.5409 seconds
                COUPLE completed...       0.0393 seconds
                  HADV completed...       1.8383 seconds
                  ZADV completed...       0.1995 seconds
                 HDIFF completed...       0.1360 seconds
              DECOUPLE completed...       0.0330 seconds
                  PHOT completed...       0.3074 seconds
               CLDPROC completed...       0.1581 seconds
                  CHEM completed...       0.5800 seconds
                  AERO completed...       0.5694 seconds
            Master Time Step
            Processing completed...       4.4059 seconds

     Processing Day/Time [YYYYDDD:HHMMSS]: 2017356:181000
       Which is Equivalent to (UTC): 18:10:00 Friday,  Dec. 22, 2017
       Time-Step Length (HHMMSS): 000500
                 VDIFF completed...       0.5528 seconds
                COUPLE completed...       0.0375 seconds
                  HADV completed...       1.7427 seconds
                  ZADV completed...       0.1994 seconds
                 HDIFF completed...       0.1374 seconds
              DECOUPLE completed...       0.0326 seconds
                  PHOT completed...       0.3062 seconds
               CLDPROC completed...       0.1606 seconds
                  CHEM completed...       0.5818 seconds
                  AERO completed...       0.5713 seconds
            Master Time Step
            Processing completed...       4.3262 seconds

     Processing Day/Time [YYYYDDD:HHMMSS]: 2017356:181500
       Which is Equivalent to (UTC): 18:15:00 Friday,  Dec. 22, 2017
       Time-Step Length (HHMMSS): 000500
                 VDIFF completed...       0.5443 seconds
                COUPLE completed...       0.0390 seconds
                  HADV completed...       1.7399 seconds
                  ZADV completed...       0.1994 seconds
                 HDIFF completed...       0.1359 seconds
              DECOUPLE completed...       0.0332 seconds
                  PHOT completed...       0.3061 seconds
               CLDPROC completed...       0.1610 seconds
                  CHEM completed...       0.5810 seconds
                  AERO completed...       0.5701 seconds
            Master Time Step
            Processing completed...       4.3140 seconds

     Processing Day/Time [YYYYDDD:HHMMSS]: 2017356:182000
       Which is Equivalent to (UTC): 18:20:00 Friday,  Dec. 22, 2017
       Time-Step Length (HHMMSS): 000500
                 VDIFF completed...       0.5463 seconds
                COUPLE completed...       0.0387 seconds
                  HADV completed...       1.7397 seconds
                  ZADV completed...       0.1990 seconds
                 HDIFF completed...       0.1365 seconds
              DECOUPLE completed...       0.0326 seconds
                  PHOT completed...       0.3086 seconds
               CLDPROC completed...       0.1610 seconds
                  CHEM completed...       0.5805 seconds
                  AERO completed...       0.5717 seconds
            Master Time Step
            Processing completed...       4.3188 seconds

     Processing Day/Time [YYYYDDD:HHMMSS]: 2017356:182500
       Which is Equivalent to (UTC): 18:25:00 Friday,  Dec. 22, 2017
       Time-Step Length (HHMMSS): 000500
                 VDIFF completed...       0.5397 seconds
                COUPLE completed...       0.0381 seconds
                  HADV completed...       1.7612 seconds
                  ZADV completed...       0.1990 seconds
                 HDIFF completed...       0.1362 seconds
              DECOUPLE completed...       0.0324 seconds
                  PHOT completed...       0.3075 seconds
               CLDPROC completed...       0.1621 seconds
                  CHEM completed...       0.5804 seconds
                  AERO completed...       0.5717 seconds
            Master Time Step
            Processing completed...       4.3324 seconds

     Processing Day/Time [YYYYDDD:HHMMSS]: 2017356:183000
       Which is Equivalent to (UTC): 18:30:00 Friday,  Dec. 22, 2017
       Time-Step Length (HHMMSS): 000500
                 VDIFF completed...       0.5391 seconds
                COUPLE completed...       0.0378 seconds
                  HADV completed...       1.7540 seconds
                  ZADV completed...       0.1990 seconds
                 HDIFF completed...       0.1367 seconds
              DECOUPLE completed...       0.0315 seconds
                  PHOT completed...       0.3077 seconds
               CLDPROC completed...       0.1618 seconds
                  CHEM completed...       0.5802 seconds
                  AERO completed...       0.5712 seconds
            Master Time Step
            Processing completed...       4.3233 seconds

     Processing Day/Time [YYYYDDD:HHMMSS]: 2017356:183500
       Which is Equivalent to (UTC): 18:35:00 Friday,  Dec. 22, 2017
       Time-Step Length (HHMMSS): 000500
                 VDIFF completed...       0.5419 seconds
                COUPLE completed...       0.0387 seconds
                  HADV completed...       1.7459 seconds
                  ZADV completed...       0.1983 seconds
                 HDIFF completed...       0.1367 seconds
              DECOUPLE completed...       0.0333 seconds
                  PHOT completed...       0.3071 seconds
               CLDPROC completed...       0.1616 seconds
                  CHEM completed...       0.5805 seconds
                  AERO completed...       0.5718 seconds
            Master Time Step
            Processing completed...       4.3201 seconds

     Processing Day/Time [YYYYDDD:HHMMSS]: 2017356:184000
       Which is Equivalent to (UTC): 18:40:00 Friday,  Dec. 22, 2017
       Time-Step Length (HHMMSS): 000500
                 VDIFF completed...       0.5470 seconds
                COUPLE completed...       0.0367 seconds
                  HADV completed...       1.7554 seconds
                  ZADV completed...       0.1982 seconds
                 HDIFF completed...       0.1374 seconds
              DECOUPLE completed...       0.0327 seconds
                  PHOT completed...       0.3132 seconds
               CLDPROC completed...       0.1591 seconds
                  CHEM completed...       0.5803 seconds
                  AERO completed...       0.5731 seconds
            Master Time Step
            Processing completed...       4.3376 seconds

     Processing Day/Time [YYYYDDD:HHMMSS]: 2017356:184500
       Which is Equivalent to (UTC): 18:45:00 Friday,  Dec. 22, 2017
       Time-Step Length (HHMMSS): 000500
                 VDIFF completed...       0.5389 seconds
                COUPLE completed...       0.0405 seconds
                  HADV completed...       1.7621 seconds
                  ZADV completed...       0.1994 seconds
                 HDIFF completed...       0.1368 seconds
              DECOUPLE completed...       0.0340 seconds
                  PHOT completed...       0.3065 seconds
               CLDPROC completed...       0.1622 seconds
                  CHEM completed...       0.5869 seconds
                  AERO completed...       0.5663 seconds
            Master Time Step
            Processing completed...       4.3363 seconds

     Processing Day/Time [YYYYDDD:HHMMSS]: 2017356:185000
       Which is Equivalent to (UTC): 18:50:00 Friday,  Dec. 22, 2017
       Time-Step Length (HHMMSS): 000500
                 VDIFF completed...       0.5416 seconds
                COUPLE completed...       0.0373 seconds
                  HADV completed...       2.9289 seconds
                  ZADV completed...       0.1880 seconds
                 HDIFF completed...       0.1995 seconds
              DECOUPLE completed...       0.0326 seconds
                  PHOT completed...       0.3086 seconds
               CLDPROC completed...       0.1612 seconds
                  CHEM completed...       0.5823 seconds
                  AERO completed...       0.5705 seconds
            Master Time Step
            Processing completed...       5.5545 seconds

     Processing Day/Time [YYYYDDD:HHMMSS]: 2017356:185500
       Which is Equivalent to (UTC): 18:55:00 Friday,  Dec. 22, 2017
       Time-Step Length (HHMMSS): 000500
                 VDIFF completed...       2.1461 seconds
                COUPLE completed...       0.1120 seconds
                  HADV completed...       1.0862 seconds
                  ZADV completed...       0.1992 seconds
                 HDIFF completed...       0.1363 seconds
              DECOUPLE completed...       0.0328 seconds
                  PHOT completed...       0.3076 seconds
               CLDPROC completed...       1.2259 seconds
                  CHEM completed...       0.6180 seconds
                  AERO completed...       0.5937 seconds
            Master Time Step
            Processing completed...       6.4621 seconds

      =--> Data Output completed...       1.6088 seconds

     Processing Day/Time [YYYYDDD:HHMMSS]: 2017356:190000
       Which is Equivalent to (UTC): 19:00:00 Friday,  Dec. 22, 2017
       Time-Step Length (HHMMSS): 000500
                 VDIFF completed...       4.3688 seconds
                COUPLE completed...       0.1144 seconds
                  HADV completed...       3.3186 seconds
                  ZADV completed...       0.1981 seconds
                 HDIFF completed...       0.1379 seconds
              DECOUPLE completed...       0.0327 seconds
                  PHOT completed...       1.0289 seconds
               CLDPROC completed...       0.1660 seconds
                  CHEM completed...       0.5872 seconds
                  AERO completed...       0.5857 seconds
            Master Time Step
            Processing completed...      10.5431 seconds

     Processing Day/Time [YYYYDDD:HHMMSS]: 2017356:190500
       Which is Equivalent to (UTC): 19:05:00 Friday,  Dec. 22, 2017
       Time-Step Length (HHMMSS): 000500
                 VDIFF completed...       0.5531 seconds
                COUPLE completed...       0.0380 seconds
                  HADV completed...       1.8652 seconds
                  ZADV completed...       0.1995 seconds
                 HDIFF completed...       0.1368 seconds
              DECOUPLE completed...       0.0335 seconds
                  PHOT completed...       0.3069 seconds
               CLDPROC completed...       0.1632 seconds
                  CHEM completed...       0.5812 seconds
                  AERO completed...       0.5761 seconds
            Master Time Step
            Processing completed...       4.4572 seconds

     Processing Day/Time [YYYYDDD:HHMMSS]: 2017356:191000
       Which is Equivalent to (UTC): 19:10:00 Friday,  Dec. 22, 2017
       Time-Step Length (HHMMSS): 000500
                 VDIFF completed...       0.5316 seconds
                COUPLE completed...       0.0396 seconds
                  HADV completed...       1.7603 seconds
                  ZADV completed...       0.1989 seconds
                 HDIFF completed...       0.1374 seconds
              DECOUPLE completed...       0.0330 seconds
                  PHOT completed...       0.3072 seconds
               CLDPROC completed...       0.1651 seconds
                  CHEM completed...       0.5831 seconds
                  AERO completed...       0.5770 seconds
            Master Time Step
            Processing completed...       4.3371 seconds

     Processing Day/Time [YYYYDDD:HHMMSS]: 2017356:191500
       Which is Equivalent to (UTC): 19:15:00 Friday,  Dec. 22, 2017
       Time-Step Length (HHMMSS): 000500
                 VDIFF completed...       0.5325 seconds
                COUPLE completed...       0.0392 seconds
                  HADV completed...       1.8756 seconds
                  ZADV completed...       0.1989 seconds
                 HDIFF completed...       0.1375 seconds
              DECOUPLE completed...       0.0334 seconds
                  PHOT completed...       0.3073 seconds
               CLDPROC completed...       0.1649 seconds
                  CHEM completed...       0.5831 seconds
                  AERO completed...       0.5746 seconds
            Master Time Step
            Processing completed...       4.4508 seconds

     Processing Day/Time [YYYYDDD:HHMMSS]: 2017356:192000
       Which is Equivalent to (UTC): 19:20:00 Friday,  Dec. 22, 2017
       Time-Step Length (HHMMSS): 000500
                 VDIFF completed...       0.5486 seconds
                COUPLE completed...       0.0365 seconds
                  HADV completed...       1.7463 seconds
                  ZADV completed...       0.1988 seconds
                 HDIFF completed...       0.1383 seconds
              DECOUPLE completed...       0.0336 seconds
                  PHOT completed...       0.3067 seconds
               CLDPROC completed...       0.1658 seconds
                  CHEM completed...       0.5821 seconds
                  AERO completed...       0.5778 seconds
            Master Time Step
            Processing completed...       4.3384 seconds

     Processing Day/Time [YYYYDDD:HHMMSS]: 2017356:192500
       Which is Equivalent to (UTC): 19:25:00 Friday,  Dec. 22, 2017
       Time-Step Length (HHMMSS): 000500
                 VDIFF completed...       0.5334 seconds
                COUPLE completed...       0.0381 seconds
                  HADV completed...       1.7531 seconds
                  ZADV completed...       0.1990 seconds
                 HDIFF completed...       0.1375 seconds
              DECOUPLE completed...       0.0333 seconds
                  PHOT completed...       0.3066 seconds
               CLDPROC completed...       0.1663 seconds
                  CHEM completed...       0.5849 seconds
                  AERO completed...       0.5767 seconds
            Master Time Step
            Processing completed...       4.3328 seconds

     Processing Day/Time [YYYYDDD:HHMMSS]: 2017356:193000
       Which is Equivalent to (UTC): 19:30:00 Friday,  Dec. 22, 2017
       Time-Step Length (HHMMSS): 000500
                 VDIFF completed...       0.5352 seconds
                COUPLE completed...       0.0367 seconds
                  HADV completed...       1.7611 seconds
                  ZADV completed...       0.1989 seconds
                 HDIFF completed...       0.1375 seconds
              DECOUPLE completed...       0.0334 seconds
                  PHOT completed...       0.3070 seconds
               CLDPROC completed...       0.1662 seconds
                  CHEM completed...       0.5835 seconds
                  AERO completed...       0.5794 seconds
            Master Time Step
            Processing completed...       4.3428 seconds

     Processing Day/Time [YYYYDDD:HHMMSS]: 2017356:193500
       Which is Equivalent to (UTC): 19:35:00 Friday,  Dec. 22, 2017
       Time-Step Length (HHMMSS): 000500
                 VDIFF completed...       0.5442 seconds
                COUPLE completed...       0.0389 seconds
                  HADV completed...       2.1442 seconds
                  ZADV completed...       0.1985 seconds
                 HDIFF completed...       0.1372 seconds
              DECOUPLE completed...       0.0347 seconds
                  PHOT completed...       0.3066 seconds
               CLDPROC completed...       0.1660 seconds
                  CHEM completed...       0.5844 seconds
                  AERO completed...       0.5746 seconds
            Master Time Step
            Processing completed...       4.7320 seconds

     Processing Day/Time [YYYYDDD:HHMMSS]: 2017356:194000
       Which is Equivalent to (UTC): 19:40:00 Friday,  Dec. 22, 2017
       Time-Step Length (HHMMSS): 000500
                 VDIFF completed...       0.5437 seconds
                COUPLE completed...       0.0371 seconds
                  HADV completed...       1.7496 seconds
                  ZADV completed...       0.1986 seconds
                 HDIFF completed...       0.1369 seconds
              DECOUPLE completed...       0.0334 seconds
                  PHOT completed...       0.3073 seconds
               CLDPROC completed...       0.1662 seconds
                  CHEM completed...       0.5838 seconds
                  AERO completed...       0.5798 seconds
            Master Time Step
            Processing completed...       4.3407 seconds

     Processing Day/Time [YYYYDDD:HHMMSS]: 2017356:194500
       Which is Equivalent to (UTC): 19:45:00 Friday,  Dec. 22, 2017
       Time-Step Length (HHMMSS): 000500
                 VDIFF completed...       0.5553 seconds
                COUPLE completed...       0.0402 seconds
                  HADV completed...       1.7269 seconds
                  ZADV completed...       0.1984 seconds
                 HDIFF completed...       0.1376 seconds
              DECOUPLE completed...       0.0338 seconds
                  PHOT completed...       0.3069 seconds
               CLDPROC completed...       0.1647 seconds
                  CHEM completed...       0.5865 seconds
                  AERO completed...       0.5789 seconds
            Master Time Step
            Processing completed...       4.3334 seconds

     Processing Day/Time [YYYYDDD:HHMMSS]: 2017356:195000
       Which is Equivalent to (UTC): 19:50:00 Friday,  Dec. 22, 2017
       Time-Step Length (HHMMSS): 000500
                 VDIFF completed...       0.5559 seconds
                COUPLE completed...       0.0395 seconds
                  HADV completed...       1.7412 seconds
                  ZADV completed...       0.1987 seconds
                 HDIFF completed...       0.1383 seconds
              DECOUPLE completed...       0.0341 seconds
                  PHOT completed...       0.3058 seconds
               CLDPROC completed...       0.1642 seconds
                  CHEM completed...       0.5850 seconds
                  AERO completed...       0.5750 seconds
            Master Time Step
            Processing completed...       4.3418 seconds

     Processing Day/Time [YYYYDDD:HHMMSS]: 2017356:195500
       Which is Equivalent to (UTC): 19:55:00 Friday,  Dec. 22, 2017
       Time-Step Length (HHMMSS): 000500
                 VDIFF completed...       2.1611 seconds
                COUPLE completed...       0.1111 seconds
                  HADV completed...       1.0886 seconds
                  ZADV completed...       0.1990 seconds
                 HDIFF completed...       0.1386 seconds
              DECOUPLE completed...       0.0332 seconds
                  PHOT completed...       0.3059 seconds
               CLDPROC completed...       1.2302 seconds
                  CHEM completed...       0.6184 seconds
                  AERO completed...       0.5965 seconds
            Master Time Step
            Processing completed...       6.4875 seconds

      =--> Data Output completed...       1.5853 seconds

     Processing Day/Time [YYYYDDD:HHMMSS]: 2017356:200000
       Which is Equivalent to (UTC): 20:00:00 Friday,  Dec. 22, 2017
       Time-Step Length (HHMMSS): 000500
                 VDIFF completed...       4.7229 seconds
                COUPLE completed...       0.1002 seconds
                  HADV completed...       2.9088 seconds
                  ZADV completed...       0.1984 seconds
                 HDIFF completed...       0.1379 seconds
              DECOUPLE completed...       0.0338 seconds
                  PHOT completed...       1.2119 seconds
               CLDPROC completed...       0.1693 seconds
                  CHEM completed...       0.5881 seconds
                  AERO completed...       0.5808 seconds
            Master Time Step
            Processing completed...      10.6551 seconds

     Processing Day/Time [YYYYDDD:HHMMSS]: 2017356:200500
       Which is Equivalent to (UTC): 20:05:00 Friday,  Dec. 22, 2017
       Time-Step Length (HHMMSS): 000500
                 VDIFF completed...       0.5628 seconds
                COUPLE completed...       0.0418 seconds
                  HADV completed...       1.6363 seconds
                  ZADV completed...       0.1988 seconds
                 HDIFF completed...       0.1377 seconds
              DECOUPLE completed...       0.0330 seconds
                  PHOT completed...       0.3071 seconds
               CLDPROC completed...       0.1655 seconds
                  CHEM completed...       0.5837 seconds
                  AERO completed...       0.5728 seconds
            Master Time Step
            Processing completed...       4.2437 seconds

     Processing Day/Time [YYYYDDD:HHMMSS]: 2017356:201000
       Which is Equivalent to (UTC): 20:10:00 Friday,  Dec. 22, 2017
       Time-Step Length (HHMMSS): 000500
                 VDIFF completed...       0.5645 seconds
                COUPLE completed...       0.0374 seconds
                  HADV completed...       1.7990 seconds
                  ZADV completed...       0.1985 seconds
                 HDIFF completed...       0.1385 seconds
              DECOUPLE completed...       0.0325 seconds
                  PHOT completed...       0.3086 seconds
               CLDPROC completed...       0.1663 seconds
                  CHEM completed...       0.5851 seconds
                  AERO completed...       0.5733 seconds
            Master Time Step
            Processing completed...       4.4061 seconds

     Processing Day/Time [YYYYDDD:HHMMSS]: 2017356:201500
       Which is Equivalent to (UTC): 20:15:00 Friday,  Dec. 22, 2017
       Time-Step Length (HHMMSS): 000500
                 VDIFF completed...       0.5633 seconds
                COUPLE completed...       0.0405 seconds
                  HADV completed...       1.8006 seconds
                  ZADV completed...       0.1987 seconds
                 HDIFF completed...       0.1381 seconds
              DECOUPLE completed...       0.0327 seconds
                  PHOT completed...       0.3092 seconds
               CLDPROC completed...       0.1670 seconds
                  CHEM completed...       0.5870 seconds
                  AERO completed...       0.5715 seconds
            Master Time Step
            Processing completed...       4.4100 seconds

     Processing Day/Time [YYYYDDD:HHMMSS]: 2017356:202000
       Which is Equivalent to (UTC): 20:20:00 Friday,  Dec. 22, 2017
       Time-Step Length (HHMMSS): 000500
                 VDIFF completed...       0.5586 seconds
                COUPLE completed...       0.0382 seconds
                  HADV completed...       1.7990 seconds
                  ZADV completed...       0.1984 seconds
                 HDIFF completed...       0.1387 seconds
              DECOUPLE completed...       0.0321 seconds
                  PHOT completed...       0.3095 seconds
               CLDPROC completed...       0.1675 seconds
                  CHEM completed...       0.5866 seconds
                  AERO completed...       0.5680 seconds
            Master Time Step
            Processing completed...       4.3972 seconds

     Processing Day/Time [YYYYDDD:HHMMSS]: 2017356:202500
       Which is Equivalent to (UTC): 20:25:00 Friday,  Dec. 22, 2017
       Time-Step Length (HHMMSS): 000500
                 VDIFF completed...       0.5742 seconds
                COUPLE completed...       0.0395 seconds
                  HADV completed...       1.7864 seconds
                  ZADV completed...       0.1986 seconds
                 HDIFF completed...       0.1372 seconds
              DECOUPLE completed...       0.0329 seconds
                  PHOT completed...       0.3088 seconds
               CLDPROC completed...       0.1672 seconds
                  CHEM completed...       0.5880 seconds
                  AERO completed...       0.5703 seconds
            Master Time Step
            Processing completed...       4.4039 seconds

     Processing Day/Time [YYYYDDD:HHMMSS]: 2017356:203000
       Which is Equivalent to (UTC): 20:30:00 Friday,  Dec. 22, 2017
       Time-Step Length (HHMMSS): 000500
                 VDIFF completed...       0.5802 seconds
                COUPLE completed...       0.0382 seconds
                  HADV completed...       1.9284 seconds
                  ZADV completed...       0.1984 seconds
                 HDIFF completed...       0.1384 seconds
              DECOUPLE completed...       0.0330 seconds
                  PHOT completed...       0.3077 seconds
               CLDPROC completed...       0.1659 seconds
                  CHEM completed...       0.5856 seconds
                  AERO completed...       0.5734 seconds
            Master Time Step
            Processing completed...       4.5516 seconds

     Processing Day/Time [YYYYDDD:HHMMSS]: 2017356:203500
       Which is Equivalent to (UTC): 20:35:00 Friday,  Dec. 22, 2017
       Time-Step Length (HHMMSS): 000500
                 VDIFF completed...       0.5697 seconds
                COUPLE completed...       0.0392 seconds
                  HADV completed...       1.7983 seconds
                  ZADV completed...       0.1990 seconds
                 HDIFF completed...       0.1375 seconds
              DECOUPLE completed...       0.0327 seconds
                  PHOT completed...       0.3084 seconds
               CLDPROC completed...       0.1681 seconds
                  CHEM completed...       0.5871 seconds
                  AERO completed...       0.5735 seconds
            Master Time Step
            Processing completed...       4.4142 seconds

     Processing Day/Time [YYYYDDD:HHMMSS]: 2017356:204000
       Which is Equivalent to (UTC): 20:40:00 Friday,  Dec. 22, 2017
       Time-Step Length (HHMMSS): 000500
                 VDIFF completed...       0.5737 seconds
                COUPLE completed...       0.0386 seconds
                  HADV completed...       1.7696 seconds
                  ZADV completed...       0.1983 seconds
                 HDIFF completed...       0.1382 seconds
              DECOUPLE completed...       0.0331 seconds
                  PHOT completed...       0.3078 seconds
               CLDPROC completed...       0.1685 seconds
                  CHEM completed...       0.5898 seconds
                  AERO completed...       0.5748 seconds
            Master Time Step
            Processing completed...       4.3931 seconds

     Processing Day/Time [YYYYDDD:HHMMSS]: 2017356:204500
       Which is Equivalent to (UTC): 20:45:00 Friday,  Dec. 22, 2017
       Time-Step Length (HHMMSS): 000500
                 VDIFF completed...       0.5681 seconds
                COUPLE completed...       0.0382 seconds
                  HADV completed...       1.7949 seconds
                  ZADV completed...       0.1979 seconds
                 HDIFF completed...       0.1395 seconds
              DECOUPLE completed...       0.0325 seconds
                  PHOT completed...       0.3091 seconds
               CLDPROC completed...       0.1674 seconds
                  CHEM completed...       0.5910 seconds
                  AERO completed...       0.5764 seconds
            Master Time Step
            Processing completed...       4.4156 seconds

     Processing Day/Time [YYYYDDD:HHMMSS]: 2017356:205000
       Which is Equivalent to (UTC): 20:50:00 Friday,  Dec. 22, 2017
       Time-Step Length (HHMMSS): 000500
                 VDIFF completed...       0.5637 seconds
                COUPLE completed...       0.0390 seconds
                  HADV completed...       1.7752 seconds
                  ZADV completed...       0.1985 seconds
                 HDIFF completed...       0.1387 seconds
              DECOUPLE completed...       0.0329 seconds
                  PHOT completed...       0.3082 seconds
               CLDPROC completed...       0.1668 seconds
                  CHEM completed...       0.5939 seconds
                  AERO completed...       0.5758 seconds
            Master Time Step
            Processing completed...       4.3932 seconds

     Processing Day/Time [YYYYDDD:HHMMSS]: 2017356:205500
       Which is Equivalent to (UTC): 20:55:00 Friday,  Dec. 22, 2017
       Time-Step Length (HHMMSS): 000500
                 VDIFF completed...       2.0699 seconds
                COUPLE completed...       0.1119 seconds
                  HADV completed...       1.1606 seconds
                  ZADV completed...       0.1989 seconds
                 HDIFF completed...       0.1371 seconds
              DECOUPLE completed...       0.0329 seconds
                  PHOT completed...       0.3086 seconds
               CLDPROC completed...       1.2289 seconds
                  CHEM completed...       0.5859 seconds
                  AERO completed...       0.5953 seconds
            Master Time Step
            Processing completed...       6.4349 seconds

      =--> Data Output completed...       1.5451 seconds

     Processing Day/Time [YYYYDDD:HHMMSS]: 2017356:210000
       Which is Equivalent to (UTC): 21:00:00 Friday,  Dec. 22, 2017
       Time-Step Length (HHMMSS): 000500
                 VDIFF completed...       4.6376 seconds
                COUPLE completed...       0.1017 seconds
                  HADV completed...       2.9550 seconds
                  ZADV completed...       0.1982 seconds
                 HDIFF completed...       0.1388 seconds
              DECOUPLE completed...       0.0328 seconds
                  PHOT completed...       1.2215 seconds
               CLDPROC completed...       0.1686 seconds
                  CHEM completed...       0.5996 seconds
                  AERO completed...       0.5730 seconds
            Master Time Step
            Processing completed...      10.6311 seconds

     Processing Day/Time [YYYYDDD:HHMMSS]: 2017356:210500
       Which is Equivalent to (UTC): 21:05:00 Friday,  Dec. 22, 2017
       Time-Step Length (HHMMSS): 000500
                 VDIFF completed...       0.5750 seconds
                COUPLE completed...       0.0455 seconds
                  HADV completed...       1.7294 seconds
                  ZADV completed...       0.1986 seconds
                 HDIFF completed...       0.1379 seconds
              DECOUPLE completed...       0.0334 seconds
                  PHOT completed...       0.3070 seconds
               CLDPROC completed...       0.1648 seconds
                  CHEM completed...       0.5947 seconds
                  AERO completed...       0.5753 seconds
            Master Time Step
            Processing completed...       4.3658 seconds

     Processing Day/Time [YYYYDDD:HHMMSS]: 2017356:211000
       Which is Equivalent to (UTC): 21:10:00 Friday,  Dec. 22, 2017
       Time-Step Length (HHMMSS): 000500
                 VDIFF completed...       0.5598 seconds
                COUPLE completed...       0.0434 seconds
                  HADV completed...       1.7373 seconds
                  ZADV completed...       0.1980 seconds
                 HDIFF completed...       0.1386 seconds
              DECOUPLE completed...       0.0332 seconds
                  PHOT completed...       0.3078 seconds
               CLDPROC completed...       0.1654 seconds
                  CHEM completed...       0.5954 seconds
                  AERO completed...       0.5784 seconds
            Master Time Step
            Processing completed...       4.3604 seconds

     Processing Day/Time [YYYYDDD:HHMMSS]: 2017356:211500
       Which is Equivalent to (UTC): 21:15:00 Friday,  Dec. 22, 2017
       Time-Step Length (HHMMSS): 000500
                 VDIFF completed...       0.5558 seconds
                COUPLE completed...       0.0432 seconds
                  HADV completed...       1.7480 seconds
                  ZADV completed...       0.1983 seconds
                 HDIFF completed...       0.1387 seconds
              DECOUPLE completed...       0.0335 seconds
                  PHOT completed...       0.3079 seconds
               CLDPROC completed...       0.1632 seconds
                  CHEM completed...       0.5948 seconds
                  AERO completed...       0.5745 seconds
            Master Time Step
            Processing completed...       4.3603 seconds

     Processing Day/Time [YYYYDDD:HHMMSS]: 2017356:212000
       Which is Equivalent to (UTC): 21:20:00 Friday,  Dec. 22, 2017
       Time-Step Length (HHMMSS): 000500
                 VDIFF completed...       0.5741 seconds
                COUPLE completed...       0.0417 seconds
                  HADV completed...       1.7435 seconds
                  ZADV completed...       0.1984 seconds
                 HDIFF completed...       0.1382 seconds
              DECOUPLE completed...       0.0329 seconds
                  PHOT completed...       0.3101 seconds
               CLDPROC completed...       0.1632 seconds
                  CHEM completed...       0.5883 seconds
                  AERO completed...       0.5739 seconds
            Master Time Step
            Processing completed...       4.3677 seconds

     Processing Day/Time [YYYYDDD:HHMMSS]: 2017356:212500
       Which is Equivalent to (UTC): 21:25:00 Friday,  Dec. 22, 2017
       Time-Step Length (HHMMSS): 000500
                 VDIFF completed...       0.5658 seconds
                COUPLE completed...       0.0386 seconds
                  HADV completed...       1.7446 seconds
                  ZADV completed...       0.1985 seconds
                 HDIFF completed...       0.1379 seconds
              DECOUPLE completed...       0.0335 seconds
                  PHOT completed...       0.3109 seconds
               CLDPROC completed...       0.1605 seconds
                  CHEM completed...       0.5905 seconds
                  AERO completed...       0.5766 seconds
            Master Time Step
            Processing completed...       4.3614 seconds

     Processing Day/Time [YYYYDDD:HHMMSS]: 2017356:213000
       Which is Equivalent to (UTC): 21:30:00 Friday,  Dec. 22, 2017
       Time-Step Length (HHMMSS): 000500
                 VDIFF completed...       0.5765 seconds
                COUPLE completed...       0.0454 seconds
                  HADV completed...       1.7003 seconds
                  ZADV completed...       0.1985 seconds
                 HDIFF completed...       0.1387 seconds
              DECOUPLE completed...       0.0330 seconds
                  PHOT completed...       0.3114 seconds
               CLDPROC completed...       0.1578 seconds
                  CHEM completed...       0.5893 seconds
                  AERO completed...       0.5744 seconds
            Master Time Step
            Processing completed...       4.3291 seconds

     Processing Day/Time [YYYYDDD:HHMMSS]: 2017356:213500
       Which is Equivalent to (UTC): 21:35:00 Friday,  Dec. 22, 2017
       Time-Step Length (HHMMSS): 000500
                 VDIFF completed...       0.5613 seconds
                COUPLE completed...       0.0425 seconds
                  HADV completed...       1.7146 seconds
                  ZADV completed...       0.1983 seconds
                 HDIFF completed...       0.1373 seconds
              DECOUPLE completed...       0.0323 seconds
                  PHOT completed...       0.3117 seconds
               CLDPROC completed...       0.1583 seconds
                  CHEM completed...       0.5845 seconds
                  AERO completed...       0.5694 seconds
            Master Time Step
            Processing completed...       4.3143 seconds

     Processing Day/Time [YYYYDDD:HHMMSS]: 2017356:214000
       Which is Equivalent to (UTC): 21:40:00 Friday,  Dec. 22, 2017
       Time-Step Length (HHMMSS): 000500
                 VDIFF completed...       0.5563 seconds
                COUPLE completed...       0.0396 seconds
                  HADV completed...       1.7266 seconds
                  ZADV completed...       0.1976 seconds
                 HDIFF completed...       0.1395 seconds
              DECOUPLE completed...       0.0329 seconds
                  PHOT completed...       0.3102 seconds
               CLDPROC completed...       0.1550 seconds
                  CHEM completed...       0.5870 seconds
                  AERO completed...       0.5811 seconds
            Master Time Step
            Processing completed...       4.3301 seconds

     Processing Day/Time [YYYYDDD:HHMMSS]: 2017356:214500
       Which is Equivalent to (UTC): 21:45:00 Friday,  Dec. 22, 2017
       Time-Step Length (HHMMSS): 000500
                 VDIFF completed...       0.5637 seconds
                COUPLE completed...       0.0452 seconds
                  HADV completed...       1.7016 seconds
                  ZADV completed...       0.1979 seconds
                 HDIFF completed...       0.1383 seconds
              DECOUPLE completed...       0.0327 seconds
                  PHOT completed...       0.3104 seconds
               CLDPROC completed...       0.1529 seconds
                  CHEM completed...       0.5843 seconds
                  AERO completed...       0.5829 seconds
            Master Time Step
            Processing completed...       4.3142 seconds

     Processing Day/Time [YYYYDDD:HHMMSS]: 2017356:215000
       Which is Equivalent to (UTC): 21:50:00 Friday,  Dec. 22, 2017
       Time-Step Length (HHMMSS): 000500
                 VDIFF completed...       0.5554 seconds
                COUPLE completed...       0.0462 seconds
                  HADV completed...       1.7107 seconds
                  ZADV completed...       0.1981 seconds
                 HDIFF completed...       0.1391 seconds
              DECOUPLE completed...       0.0326 seconds
                  PHOT completed...       0.3100 seconds
               CLDPROC completed...       0.1510 seconds
                  CHEM completed...       0.5837 seconds
                  AERO completed...       0.5795 seconds
            Master Time Step
            Processing completed...       4.3105 seconds

     Processing Day/Time [YYYYDDD:HHMMSS]: 2017356:215500
       Which is Equivalent to (UTC): 21:55:00 Friday,  Dec. 22, 2017
       Time-Step Length (HHMMSS): 000500
                 VDIFF completed...       2.0064 seconds
                COUPLE completed...       0.1116 seconds
                  HADV completed...       1.1604 seconds
                  ZADV completed...       0.1983 seconds
                 HDIFF completed...       0.1377 seconds
              DECOUPLE completed...       0.0332 seconds
                  PHOT completed...       0.3051 seconds
               CLDPROC completed...       1.2507 seconds
                  CHEM completed...       0.5572 seconds
                  AERO completed...       0.5870 seconds
            Master Time Step
            Processing completed...       6.3516 seconds

      =--> Data Output completed...       1.5861 seconds

     Processing Day/Time [YYYYDDD:HHMMSS]: 2017356:220000
       Which is Equivalent to (UTC): 22:00:00 Friday,  Dec. 22, 2017
       Time-Step Length (HHMMSS): 000500
                 VDIFF completed...       4.6713 seconds
                COUPLE completed...       0.0897 seconds
                  HADV completed...       2.9532 seconds
                  ZADV completed...       0.1988 seconds
                 HDIFF completed...       0.1380 seconds
              DECOUPLE completed...       0.0337 seconds
                  PHOT completed...       1.1811 seconds
               CLDPROC completed...       0.1468 seconds
                  CHEM completed...       0.5827 seconds
                  AERO completed...       0.5797 seconds
            Master Time Step
            Processing completed...      10.5799 seconds

     Processing Day/Time [YYYYDDD:HHMMSS]: 2017356:220500
       Which is Equivalent to (UTC): 22:05:00 Friday,  Dec. 22, 2017
       Time-Step Length (HHMMSS): 000500
                 VDIFF completed...       0.5412 seconds
                COUPLE completed...       0.0333 seconds
                  HADV completed...       1.6778 seconds
                  ZADV completed...       0.1989 seconds
                 HDIFF completed...       0.1380 seconds
              DECOUPLE completed...       0.0331 seconds
                  PHOT completed...       0.3100 seconds
               CLDPROC completed...       0.1428 seconds
                  CHEM completed...       0.5763 seconds
                  AERO completed...       0.5918 seconds
            Master Time Step
            Processing completed...       4.2473 seconds

     Processing Day/Time [YYYYDDD:HHMMSS]: 2017356:221000
       Which is Equivalent to (UTC): 22:10:00 Friday,  Dec. 22, 2017
       Time-Step Length (HHMMSS): 000500
                 VDIFF completed...       0.5227 seconds
                COUPLE completed...       0.0344 seconds
                  HADV completed...       1.7122 seconds
                  ZADV completed...       0.1988 seconds
                 HDIFF completed...       0.1383 seconds
              DECOUPLE completed...       0.0337 seconds
                  PHOT completed...       0.3096 seconds
               CLDPROC completed...       0.1410 seconds
                  CHEM completed...       0.5763 seconds
                  AERO completed...       0.5842 seconds
            Master Time Step
            Processing completed...       4.2554 seconds

     Processing Day/Time [YYYYDDD:HHMMSS]: 2017356:221500
       Which is Equivalent to (UTC): 22:15:00 Friday,  Dec. 22, 2017
       Time-Step Length (HHMMSS): 000500
                 VDIFF completed...       0.5062 seconds
                COUPLE completed...       0.0321 seconds
                  HADV completed...       1.7421 seconds
                  ZADV completed...       0.1985 seconds
                 HDIFF completed...       0.1376 seconds
              DECOUPLE completed...       0.0342 seconds
                  PHOT completed...       0.3074 seconds
               CLDPROC completed...       0.1425 seconds
                  CHEM completed...       0.5676 seconds
                  AERO completed...       0.5785 seconds
            Master Time Step
            Processing completed...       4.2508 seconds

     Processing Day/Time [YYYYDDD:HHMMSS]: 2017356:222000
       Which is Equivalent to (UTC): 22:20:00 Friday,  Dec. 22, 2017
       Time-Step Length (HHMMSS): 000500
                 VDIFF completed...       0.5050 seconds
                COUPLE completed...       0.0324 seconds
                  HADV completed...       1.7586 seconds
                  ZADV completed...       0.1985 seconds
                 HDIFF completed...       0.1393 seconds
              DECOUPLE completed...       0.0335 seconds
                  PHOT completed...       0.3082 seconds
               CLDPROC completed...       0.1413 seconds
                  CHEM completed...       0.5727 seconds
                  AERO completed...       0.5797 seconds
            Master Time Step
            Processing completed...       4.2731 seconds

     Processing Day/Time [YYYYDDD:HHMMSS]: 2017356:222500
       Which is Equivalent to (UTC): 22:25:00 Friday,  Dec. 22, 2017
       Time-Step Length (HHMMSS): 000500
                 VDIFF completed...       0.5098 seconds
                COUPLE completed...       0.0327 seconds
                  HADV completed...       1.7415 seconds
                  ZADV completed...       0.1982 seconds
                 HDIFF completed...       0.1375 seconds
              DECOUPLE completed...       0.0328 seconds
                  PHOT completed...       0.3108 seconds
               CLDPROC completed...       0.1424 seconds
                  CHEM completed...       0.5672 seconds
                  AERO completed...       0.5875 seconds
            Master Time Step
            Processing completed...       4.2648 seconds

     Processing Day/Time [YYYYDDD:HHMMSS]: 2017356:223000
       Which is Equivalent to (UTC): 22:30:00 Friday,  Dec. 22, 2017
       Time-Step Length (HHMMSS): 000500
                 VDIFF completed...       0.5029 seconds
                COUPLE completed...       0.0317 seconds
                  HADV completed...       1.7308 seconds
                  ZADV completed...       0.1983 seconds
                 HDIFF completed...       0.1387 seconds
              DECOUPLE completed...       0.0332 seconds
                  PHOT completed...       0.3114 seconds
               CLDPROC completed...       0.1417 seconds
                  CHEM completed...       0.5716 seconds
                  AERO completed...       0.5841 seconds
            Master Time Step
            Processing completed...       4.2487 seconds

     Processing Day/Time [YYYYDDD:HHMMSS]: 2017356:223500
       Which is Equivalent to (UTC): 22:35:00 Friday,  Dec. 22, 2017
       Time-Step Length (HHMMSS): 000500
                 VDIFF completed...       0.4886 seconds
                COUPLE completed...       0.0321 seconds
                  HADV completed...       1.6957 seconds
                  ZADV completed...       0.1987 seconds
                 HDIFF completed...       0.1374 seconds
              DECOUPLE completed...       0.0343 seconds
                  PHOT completed...       0.3091 seconds
               CLDPROC completed...       0.1490 seconds
                  CHEM completed...       0.5686 seconds
                  AERO completed...       0.5791 seconds
            Master Time Step
            Processing completed...       4.1972 seconds

     Processing Day/Time [YYYYDDD:HHMMSS]: 2017356:224000
       Which is Equivalent to (UTC): 22:40:00 Friday,  Dec. 22, 2017
       Time-Step Length (HHMMSS): 000500
                 VDIFF completed...       0.4887 seconds
                COUPLE completed...       0.0314 seconds
                  HADV completed...       1.6659 seconds
                  ZADV completed...       0.1982 seconds
                 HDIFF completed...       0.1390 seconds
              DECOUPLE completed...       0.0327 seconds
                  PHOT completed...       0.3114 seconds
               CLDPROC completed...       0.1390 seconds
                  CHEM completed...       0.5737 seconds
                  AERO completed...       0.6813 seconds
            Master Time Step
            Processing completed...       4.2659 seconds

     Processing Day/Time [YYYYDDD:HHMMSS]: 2017356:224500
       Which is Equivalent to (UTC): 22:45:00 Friday,  Dec. 22, 2017
       Time-Step Length (HHMMSS): 000500
                 VDIFF completed...       0.4341 seconds
                COUPLE completed...       0.0342 seconds
                  HADV completed...       1.5955 seconds
                  ZADV completed...       0.1989 seconds
                 HDIFF completed...       0.1375 seconds
              DECOUPLE completed...       0.0334 seconds
                  PHOT completed...       0.3106 seconds
               CLDPROC completed...       0.1347 seconds
                  CHEM completed...       0.5709 seconds
                  AERO completed...       0.5861 seconds
            Master Time Step
            Processing completed...       4.0402 seconds

     Processing Day/Time [YYYYDDD:HHMMSS]: 2017356:225000
       Which is Equivalent to (UTC): 22:50:00 Friday,  Dec. 22, 2017
       Time-Step Length (HHMMSS): 000500
                 VDIFF completed...       0.4755 seconds
                COUPLE completed...       0.0312 seconds
                  HADV completed...       1.6387 seconds
                  ZADV completed...       0.1984 seconds
                 HDIFF completed...       0.1394 seconds
              DECOUPLE completed...       0.0339 seconds
                  PHOT completed...       0.3109 seconds
               CLDPROC completed...       0.1320 seconds
                  CHEM completed...       0.5744 seconds
                  AERO completed...       0.6038 seconds
            Master Time Step
            Processing completed...       4.1425 seconds

     Processing Day/Time [YYYYDDD:HHMMSS]: 2017356:225500
       Which is Equivalent to (UTC): 22:55:00 Friday,  Dec. 22, 2017
       Time-Step Length (HHMMSS): 000500
                 VDIFF completed...       1.8236 seconds
                COUPLE completed...       0.1112 seconds
                  HADV completed...       1.0965 seconds
                  ZADV completed...       0.1988 seconds
                 HDIFF completed...       0.1388 seconds
              DECOUPLE completed...       0.0336 seconds
                  PHOT completed...       0.3063 seconds
               CLDPROC completed...       1.1687 seconds
                  CHEM completed...       0.5596 seconds
                  AERO completed...       0.5815 seconds
            Master Time Step
            Processing completed...       6.0232 seconds

      =--> Data Output completed...       1.5458 seconds

     Processing Day/Time [YYYYDDD:HHMMSS]: 2017356:230000
       Which is Equivalent to (UTC): 23:00:00 Friday,  Dec. 22, 2017
       Time-Step Length (HHMMSS): 000500
                 VDIFF completed...       4.4966 seconds
                COUPLE completed...       0.1001 seconds
                  HADV completed...       3.1572 seconds
                  ZADV completed...       0.1983 seconds
                 HDIFF completed...       0.1390 seconds
              DECOUPLE completed...       0.0332 seconds
                  PHOT completed...       1.1916 seconds
               CLDPROC completed...       0.1295 seconds
                  CHEM completed...       0.5810 seconds
                  AERO completed...       0.5860 seconds
            Master Time Step
            Processing completed...      10.6167 seconds

     Processing Day/Time [YYYYDDD:HHMMSS]: 2017356:230500
       Which is Equivalent to (UTC): 23:05:00 Friday,  Dec. 22, 2017
       Time-Step Length (HHMMSS): 000500
                 VDIFF completed...       0.4944 seconds
                COUPLE completed...       0.0356 seconds
                  HADV completed...       1.3661 seconds
                  ZADV completed...       0.1981 seconds
                 HDIFF completed...       0.1386 seconds
              DECOUPLE completed...       0.0333 seconds
                  PHOT completed...       0.3112 seconds
               CLDPROC completed...       0.1288 seconds
                  CHEM completed...       0.5779 seconds
                  AERO completed...       0.5829 seconds
            Master Time Step
            Processing completed...       3.8710 seconds

     Processing Day/Time [YYYYDDD:HHMMSS]: 2017356:231000
       Which is Equivalent to (UTC): 23:10:00 Friday,  Dec. 22, 2017
       Time-Step Length (HHMMSS): 000500
                 VDIFF completed...       0.5018 seconds
                COUPLE completed...       0.0319 seconds
                  HADV completed...       1.5149 seconds
                  ZADV completed...       0.1979 seconds
                 HDIFF completed...       0.1405 seconds
              DECOUPLE completed...       0.0335 seconds
                  PHOT completed...       0.3111 seconds
               CLDPROC completed...       0.1311 seconds
                  CHEM completed...       0.5770 seconds
                  AERO completed...       0.5851 seconds
            Master Time Step
            Processing completed...       4.0289 seconds

     Processing Day/Time [YYYYDDD:HHMMSS]: 2017356:231500
       Which is Equivalent to (UTC): 23:15:00 Friday,  Dec. 22, 2017
       Time-Step Length (HHMMSS): 000500
                 VDIFF completed...       0.4969 seconds
                COUPLE completed...       0.0328 seconds
                  HADV completed...       1.5168 seconds
                  ZADV completed...       0.1981 seconds
                 HDIFF completed...       0.1390 seconds
              DECOUPLE completed...       0.0333 seconds
                  PHOT completed...       0.3119 seconds
               CLDPROC completed...       0.1313 seconds
                  CHEM completed...       0.5731 seconds
                  AERO completed...       0.5867 seconds
            Master Time Step
            Processing completed...       4.0236 seconds

     Processing Day/Time [YYYYDDD:HHMMSS]: 2017356:232000
       Which is Equivalent to (UTC): 23:20:00 Friday,  Dec. 22, 2017
       Time-Step Length (HHMMSS): 000500
                 VDIFF completed...       0.4899 seconds
                COUPLE completed...       0.0332 seconds
                  HADV completed...       1.5101 seconds
                  ZADV completed...       0.1983 seconds
                 HDIFF completed...       0.1403 seconds
              DECOUPLE completed...       0.0325 seconds
                  PHOT completed...       0.3134 seconds
               CLDPROC completed...       0.1316 seconds
                  CHEM completed...       0.5765 seconds
                  AERO completed...       0.5861 seconds
            Master Time Step
            Processing completed...       4.0125 seconds

     Processing Day/Time [YYYYDDD:HHMMSS]: 2017356:232500
       Which is Equivalent to (UTC): 23:25:00 Friday,  Dec. 22, 2017
       Time-Step Length (HHMMSS): 000500
                 VDIFF completed...       0.4889 seconds
                COUPLE completed...       0.0355 seconds
                  HADV completed...       1.5043 seconds
                  ZADV completed...       0.1965 seconds
                 HDIFF completed...       0.1419 seconds
              DECOUPLE completed...       0.0327 seconds
                  PHOT completed...       0.3147 seconds
               CLDPROC completed...       0.1315 seconds
                  CHEM completed...       0.5705 seconds
                  AERO completed...       0.5844 seconds
            Master Time Step
            Processing completed...       4.0015 seconds

     Processing Day/Time [YYYYDDD:HHMMSS]: 2017356:233000
       Which is Equivalent to (UTC): 23:30:00 Friday,  Dec. 22, 2017
       Time-Step Length (HHMMSS): 000500
                 VDIFF completed...       0.5001 seconds
                COUPLE completed...       0.0397 seconds
                  HADV completed...       1.4855 seconds
                  ZADV completed...       0.1972 seconds
                 HDIFF completed...       0.1413 seconds
              DECOUPLE completed...       0.0326 seconds
                  PHOT completed...       0.3138 seconds
               CLDPROC completed...       0.1314 seconds
                  CHEM completed...       0.5717 seconds
                  AERO completed...       0.5874 seconds
            Master Time Step
            Processing completed...       4.0015 seconds

     Processing Day/Time [YYYYDDD:HHMMSS]: 2017356:233500
       Which is Equivalent to (UTC): 23:35:00 Friday,  Dec. 22, 2017
       Time-Step Length (HHMMSS): 000500
                 VDIFF completed...       0.5208 seconds
                COUPLE completed...       0.0337 seconds
                  HADV completed...       1.4627 seconds
                  ZADV completed...       0.1969 seconds
                 HDIFF completed...       0.1415 seconds
              DECOUPLE completed...       0.0330 seconds
                  PHOT completed...       0.3136 seconds
               CLDPROC completed...       0.1300 seconds
                  CHEM completed...       0.5688 seconds
                  AERO completed...       0.5905 seconds
            Master Time Step
            Processing completed...       3.9922 seconds

     Processing Day/Time [YYYYDDD:HHMMSS]: 2017356:234000
       Which is Equivalent to (UTC): 23:40:00 Friday,  Dec. 22, 2017
       Time-Step Length (HHMMSS): 000500
                 VDIFF completed...       0.5162 seconds
                COUPLE completed...       0.0320 seconds
                  HADV completed...       1.4630 seconds
                  ZADV completed...       0.1976 seconds
                 HDIFF completed...       0.1406 seconds
              DECOUPLE completed...       0.0330 seconds
                  PHOT completed...       0.3149 seconds
               CLDPROC completed...       0.1280 seconds
                  CHEM completed...       0.5719 seconds
                  AERO completed...       0.5973 seconds
            Master Time Step
            Processing completed...       3.9951 seconds

     Processing Day/Time [YYYYDDD:HHMMSS]: 2017356:234500
       Which is Equivalent to (UTC): 23:45:00 Friday,  Dec. 22, 2017
       Time-Step Length (HHMMSS): 000500
                 VDIFF completed...       0.5212 seconds
                COUPLE completed...       0.0354 seconds
                  HADV completed...       1.4440 seconds
                  ZADV completed...       0.1976 seconds
                 HDIFF completed...       0.1405 seconds
              DECOUPLE completed...       0.0329 seconds
                  PHOT completed...       0.3152 seconds
               CLDPROC completed...       0.1227 seconds
                  CHEM completed...       0.5731 seconds
                  AERO completed...       0.5931 seconds
            Master Time Step
            Processing completed...       3.9763 seconds

     Processing Day/Time [YYYYDDD:HHMMSS]: 2017356:235000
       Which is Equivalent to (UTC): 23:50:00 Friday,  Dec. 22, 2017
       Time-Step Length (HHMMSS): 000500
                 VDIFF completed...       0.5225 seconds
                COUPLE completed...       0.0335 seconds
                  HADV completed...       1.4389 seconds
                  ZADV completed...       0.1973 seconds
                 HDIFF completed...       0.1411 seconds
              DECOUPLE completed...       0.0323 seconds
                  PHOT completed...       0.3160 seconds
               CLDPROC completed...       0.1192 seconds
                  CHEM completed...       0.5742 seconds
                  AERO completed...       0.6257 seconds
            Master Time Step
            Processing completed...       4.0014 seconds

     Processing Day/Time [YYYYDDD:HHMMSS]: 2017356:235500
       Which is Equivalent to (UTC): 23:55:00 Friday,  Dec. 22, 2017
       Time-Step Length (HHMMSS): 000500
                 VDIFF completed...       1.9082 seconds
                COUPLE completed...       0.1117 seconds
                  HADV completed...       1.0963 seconds
                  ZADV completed...       0.1972 seconds
                 HDIFF completed...       0.1406 seconds
              DECOUPLE completed...       0.0330 seconds
                  PHOT completed...       0.3084 seconds
               CLDPROC completed...       1.1823 seconds
                  CHEM completed...       0.5781 seconds
                  AERO completed...       0.5636 seconds
            Master Time Step
            Processing completed...       6.1238 seconds

      =--> Data Output completed...       1.7307 seconds


     ==============================================
     |>---   PROGRAM COMPLETED SUCCESSFULLY   ---<|
     ==============================================
     Date and time 0:00:00   Dec. 23, 2017  (2017357:000000)

     The elapsed time for this simulation was    1592.5 seconds.

87851.975u 3069.184s 26:43.57 5669.9%	0+0k 45193640+52893600io 141564pf+0w

CMAQ Processing of Day 20171222 Finished at Tue Mar 11 17:00:59 UTC 2025

\\\\\=====\\\\\=====\\\\\=====\\\\\=====/////=====/////=====/////=====/////


Set up input and output files for Day 2017-12-23.

Existing Logs and Output Files for Day 2017-12-23 Will Be Deleted
rm: No match.

CMAQ Processing of Day 20171223 Began at Tue Mar 11 17:00:59 UTC 2025

        CTM_APPL  |  v54+_cb6r5_ae7_aq_WR413_MYR_gcc_2018_12US1_3x64_12x16_classic_fsx_20171223
#================================================================================#        
#|                                                                              |#        
#|               The Community Multiscale Air Quality (CMAQ) Model              |#        
#|                                   Version 5.4                                |#        
#|                                                                              |#        
#|                          Built and Maintained by the                         |#        
#|                        Office of Research and Development                    |#        
#|                   United States Environmental Protection Agency              |#        
#|                                                                              |#        
#|                            https://www.epa.gov/cmaq                          |#        
#|                                                                              |#        
#|       Source Code:   https://www.github.com/USEPA/cmaq/tree/master           |#        
#|       Documentation: https://www.github.com/USEPA/cmaq/tree/master/DOCS      |#        
#|                                                                              |#        
#|         The CMAQ Model is tested and released with cooperation from          |#        
#|         the Community Modeling and Analysis System (CMAS) Center via         |#        
#|         contract support. CMAS is managed by the Institute for the           |#        
#|         Environment, University of North Carolina at Chapel Hill.            |#        
#|         CMAS URL: (https://www.cmascenter.org)                               |#        
#|                                                                              |#        
#================================================================================#        
                                                                     
     This program uses the EPA-AREAL/MCNC-EnvPgms/BAMS/ UNC IE       
     Models-3 I/O Applications Programming Interface, [I/O API]      
     which is built on top of the netCDF I/O library (Copyright      
     993, 1996 University Corporation for Atmospheric Research       
     Unidata Program) and the PVM parallel-programming library       
     (from Oak Ridge National Laboratory).                           
     Copyright (C) 1992-2002 MCNC,                                   
     (C) 1992-2018 Carlie J. Coats, Jr.,                             
     (C) 2003-2012 Baron Advanced Meteorological Systems, LLC, and   
     (C) 2014-2023 UNC Institute for the Environment.                
     Released under the GNU LGPL  License, version 2.1.  See URL     
                                                                     
         https://www.gnu.org/licenses/old-licenses/lgpl-2.1.html     
                                                                     
     for conditions of use.                                          
                                                                     
     ioapi-3.2: $Id: init3.F90 247 2023-03-22 15:59:19Z coats $
     netCDF version 4.8.1 of Jun 30 2023 14:38:29 $
      

     ===========================================
     |>---   ENVIRONMENT VARIABLE REPORT   ---<|
     ===========================================

     |> Grid and High-Level Model Parameters:
     +=========================================
      --Env Variable-- | --Value--
      --------------------------------------------------------------------------------
             BLD  |             (default)
          OUTDIR  |  //fsx/data/output/output_v54+_cb6r5_ae7_aq_WR413_MYR_gcc_2018_12US1_3x64_12x16_classic_fsx
       NEW_START  |          F
  IGNORE_SOILINP  |          F (default)
    EXECUTION_ID  |  CMAQ_CCTMv54+_sha=0fcfdaa092_ubuntu_20250311_163415_512599262
       GRID_NAME  |  12US1
       CTM_TSTEP  |       10000
      CTM_RUNLEN  |      240000
    CTM_PROGNAME  |  DRIVER (default)
      CTM_STDATE  |     2017357
      CTM_STTIME  |           0
     NPCOL_NPROW  |  12 16
     CTM_MAXSYNC  |         300
     CTM_MINSYNC  |          60

     |> Multiprocess control, output and error checking:
     +====================================================
      --Env Variable-- | --Value--
      --------------------------------------------------------------------------------
 PRINT_PROC_TIME  |          T
     FL_ERR_STOP  |          F
       CTM_CKSUM  |          T
AVG_FILE_ENDTIME  |          F
   AVG_CONC_SPCS  |  ALL
       CONC_SPCS  |  O3 NO ANO3I ANO3J NO2 FORM ISOP NH3 ANH4I ANH4J ASO4I ASO4J
 ACONC_BLEV_ELEV  |   1 1
  CONC_BLEV_ELEV  |   1 1
 IOAPI_LOG_WRITE  |          F
         VERTEXT  |          F
VERTEXT_COORD_PA  |  /shared/build/openmpi_gcc/CMAQ_v54+/CCTM/scripts/lonlat.csv
   gc_matrix_nml  |  /shared/build/openmpi_gcc/CMAQ_v54+/CCTM/scripts/BLD_CCTM_v54+_gcc/GC_cb6r5_ae7_aq.nml
   ae_matrix_nml  |  /shared/build/openmpi_gcc/CMAQ_v54+/CCTM/scripts/BLD_CCTM_v54+_gcc/AE_cb6r5_ae7_aq.nml
   nr_matrix_nml  |  /shared/build/openmpi_gcc/CMAQ_v54+/CCTM/scripts/BLD_CCTM_v54+_gcc/NR_cb6r5_ae7_aq.nml
   tr_matrix_nml  |  /shared/build/openmpi_gcc/CMAQ_v54+/CCTM/scripts/BLD_CCTM_v54+_gcc/Species_Table_TR_0.nml

     |> Chemistry and Photolysis:
     +=============================
      --Env Variable-- | --Value--
      --------------------------------------------------------------------------------
    CTM_PHOTDIAG  |          F
CORE_SHELL_OPTIC  |          F (default)
 OPTICS_MIE_CALC  |          F (default)
       GEAR_ATOL  |   0.100E-08 (default)
       GEAR_RTOL  |   0.100E-02 (default)
         RB_RTOL  |   0.100E-02 (default)
         RB_ATOL  |   0.100E-06 (default)

     |> Aerosols:
     +=============
      --Env Variable-- | --Value--
      --------------------------------------------------------------------------------
   IC_AERO_M2WET  |          F
   BC_AERO_M2WET  |          F
   IC_AERO_M2USE  |          F
   BC_AERO_M2USE  |          F
    STM_SO4TRACK  |          F

     |> Cloud Processes:
     +====================
      --Env Variable-- | --Value--
      --------------------------------------------------------------------------------
        CLD_DIAG  |          F

     |> Air-Surface Exchange Processes:
     +===================================
      --Env Variable-- | --Value--
      --------------------------------------------------------------------------------
      PX_VERSION  |          T
      CTM_ABFLUX  |          T
      CTM_MOSAIC  |          F
    CTM_SFC_HONO  |          T
     CLM_VERSION  |          F
    NOAH_VERSION  |          F
   CTM_DEPV_FILE  |          F
      CTM_HGBIDI  |          F
CTM_BIDI_FERT_NH  |          T
 CTM_WBDUST_BELD  |  UNKNOWN (default)
   STAGECTRL_NML  |  /shared/build/openmpi_gcc/CMAQ_v54+/CCTM/scripts/BLD_CCTM_v54+_gcc/CMAQ_Control_STAGE.nml
   CTM_STAGE_P22  |          F
   CTM_STAGE_E20  |          T
   CTM_STAGE_S22  |          F

     |> Transport Processes:
     +========================
      --Env Variable-- | --Value--
      --------------------------------------------------------------------------------
CTM_VDIFF_DIAG_F  |          F (default)
  SIGMA_SYNC_TOP  |   0.700E+00
    ADV_HDIV_LIM  |   0.900E+00 (default)
     CTM_ADV_CFL  |   0.950E+00
           KZMIN  |          T
        CTM_WVEL  |          T
   CTM_GRAV_SETL  |          T

     |> Emissions Parameters:
     +=========================
      --Env Variable-- | --Value--
      --------------------------------------------------------------------------------
      CTM_EMLAYS  |           0 (default)
   MISC_CTRL_NML  |  /shared/build/openmpi_gcc/CMAQ_v54+/CCTM/scripts/BLD_CCTM_v54+_gcc/CMAQ_Control_Misc.nml
  DESID_CTRL_NML  |  /shared/build/openmpi_gcc/CMAQ_v54+/CCTM/scripts/BLD_CCTM_v54+_gcc/CMAQ_Control_DESID.nml
DESID_CHEM_CTRL_  |  /shared/build/openmpi_gcc/CMAQ_v54+/CCTM/scripts/BLD_CCTM_v54+_gcc/CMAQ_Control_DESID_cb6r5_ae7_aq.nml
       N_EMIS_GR  |           2
       N_EMIS_TR  |           0 (default)
     CTM_EMISCHK  |          F
 CTM_BIOGEMIS_BE  |          T
 CTM_BIOGEMIS_MG  |          F
   USE_MEGAN_LAI  |          F (default)
    MGN_ONLN_DEP  |          F (default)
     BDSNP_MEGAN  |          F
       BIOG_SPRO  |  DEFAULT (default)
      B3GTS_DIAG  |          F
    CTM_MGEMDIAG  |          F (default)
  CTM_OCEAN_CHEM  |          T
     CTM_WB_DUST  |          F
 CTM_DUSTEM_DIAG  |          F
    CTM_SSEMDIAG  |          F
     CTM_LTNG_NO  |          F
   LTNG_ASSIM_DT  |           0 (default)
          LTNGNO  |  InLine (default)
        USE_NLDN  |          F (default)
        LTNGDIAG  |          F
         MOLSNCG  |   0.350E+03 (default)
         MOLSNIC  |   0.350E+03 (default)
       N_EMIS_PT  |          10
          IPVERT  |           0 (default)
   EMIS_SYM_DATE  |          F (default)

     |> Process Analysis Parameters:
     +================================
      --Env Variable-- | --Value--
      --------------------------------------------------------------------------------
      CTM_PROCAN  |          F
    PA_BCOL_ECOL  |             (default)
    PA_BROW_EROW  |             (default)
    PA_BLEV_ELEV  |             (default)
       MET_TSTEP  |       10000 (default)

     MET data determined based on WRF ARW version 4.3.3


          -=-  MPP Processor-to-Subdomain Map  -=-
                 Number of Processors = 192
    ____________________________________________________
    |                                                  |
    |  PE    #Cols    Col_Range     #Rows    Row_Range |
    |__________________________________________________|
    |                                                  |
    |  0       39      1:  39         19      1:  19   |
    |  1       39     40:  78         19      1:  19   |
    |  2       39     79: 117         19      1:  19   |
    |  3       38    118: 155         19      1:  19   |
    |  4       38    156: 193         19      1:  19   |
    |  5       38    194: 231         19      1:  19   |
    |  6       38    232: 269         19      1:  19   |
    |  7       38    270: 307         19      1:  19   |
    |  8       38    308: 345         19      1:  19   |
    |  9       38    346: 383         19      1:  19   |
    | 10       38    384: 421         19      1:  19   |
    | 11       38    422: 459         19      1:  19   |
    | 12       39      1:  39         19     20:  38   |
    | 13       39     40:  78         19     20:  38   |
    | 14       39     79: 117         19     20:  38   |
    | 15       38    118: 155         19     20:  38   |
    | 16       38    156: 193         19     20:  38   |
    | 17       38    194: 231         19     20:  38   |
    | 18       38    232: 269         19     20:  38   |
    | 19       38    270: 307         19     20:  38   |
    | 20       38    308: 345         19     20:  38   |
    | 21       38    346: 383         19     20:  38   |
    | 22       38    384: 421         19     20:  38   |
    | 23       38    422: 459         19     20:  38   |
    | 24       39      1:  39         19     39:  57   |
    | 25       39     40:  78         19     39:  57   |
    | 26       39     79: 117         19     39:  57   |
    | 27       38    118: 155         19     39:  57   |
    | 28       38    156: 193         19     39:  57   |
    | 29       38    194: 231         19     39:  57   |
    | 30       38    232: 269         19     39:  57   |
    | 31       38    270: 307         19     39:  57   |
    | 32       38    308: 345         19     39:  57   |
    | 33       38    346: 383         19     39:  57   |
    | 34       38    384: 421         19     39:  57   |
    | 35       38    422: 459         19     39:  57   |
    | 36       39      1:  39         19     58:  76   |
    | 37       39     40:  78         19     58:  76   |
    | 38       39     79: 117         19     58:  76   |
    | 39       38    118: 155         19     58:  76   |
    | 40       38    156: 193         19     58:  76   |
    | 41       38    194: 231         19     58:  76   |
    | 42       38    232: 269         19     58:  76   |
    | 43       38    270: 307         19     58:  76   |
    | 44       38    308: 345         19     58:  76   |
    | 45       38    346: 383         19     58:  76   |
    | 46       38    384: 421         19     58:  76   |
    | 47       38    422: 459         19     58:  76   |
    | 48       39      1:  39         19     77:  95   |
    | 49       39     40:  78         19     77:  95   |
    | 50       39     79: 117         19     77:  95   |
    | 51       38    118: 155         19     77:  95   |
    | 52       38    156: 193         19     77:  95   |
    | 53       38    194: 231         19     77:  95   |
    | 54       38    232: 269         19     77:  95   |
    | 55       38    270: 307         19     77:  95   |
    | 56       38    308: 345         19     77:  95   |
    | 57       38    346: 383         19     77:  95   |
    | 58       38    384: 421         19     77:  95   |
    | 59       38    422: 459         19     77:  95   |
    | 60       39      1:  39         19     96: 114   |
    | 61       39     40:  78         19     96: 114   |
    | 62       39     79: 117         19     96: 114   |
    | 63       38    118: 155         19     96: 114   |
    | 64       38    156: 193         19     96: 114   |
    | 65       38    194: 231         19     96: 114   |
    | 66       38    232: 269         19     96: 114   |
    | 67       38    270: 307         19     96: 114   |
    | 68       38    308: 345         19     96: 114   |
    | 69       38    346: 383         19     96: 114   |
    | 70       38    384: 421         19     96: 114   |
    | 71       38    422: 459         19     96: 114   |
    | 72       39      1:  39         19    115: 133   |
    | 73       39     40:  78         19    115: 133   |
    | 74       39     79: 117         19    115: 133   |
    | 75       38    118: 155         19    115: 133   |
    | 76       38    156: 193         19    115: 133   |
    | 77       38    194: 231         19    115: 133   |
    | 78       38    232: 269         19    115: 133   |
    | 79       38    270: 307         19    115: 133   |
    | 80       38    308: 345         19    115: 133   |
    | 81       38    346: 383         19    115: 133   |
    | 82       38    384: 421         19    115: 133   |
    | 83       38    422: 459         19    115: 133   |
    | 84       39      1:  39         19    134: 152   |
    | 85       39     40:  78         19    134: 152   |
    | 86       39     79: 117         19    134: 152   |
    | 87       38    118: 155         19    134: 152   |
    | 88       38    156: 193         19    134: 152   |
    | 89       38    194: 231         19    134: 152   |
    | 90       38    232: 269         19    134: 152   |
    | 91       38    270: 307         19    134: 152   |
    | 92       38    308: 345         19    134: 152   |
    | 93       38    346: 383         19    134: 152   |
    | 94       38    384: 421         19    134: 152   |
    | 95       38    422: 459         19    134: 152   |
    | 96       39      1:  39         19    153: 171   |
    | 97       39     40:  78         19    153: 171   |
    | 98       39     79: 117         19    153: 171   |
    | 99       38    118: 155         19    153: 171   |
    |100       38    156: 193         19    153: 171   |
    |101       38    194: 231         19    153: 171   |
    |102       38    232: 269         19    153: 171   |
    |103       38    270: 307         19    153: 171   |
    |104       38    308: 345         19    153: 171   |
    |105       38    346: 383         19    153: 171   |
    |106       38    384: 421         19    153: 171   |
    |107       38    422: 459         19    153: 171   |
    |108       39      1:  39         19    172: 190   |
    |109       39     40:  78         19    172: 190   |
    |110       39     79: 117         19    172: 190   |
    |111       38    118: 155         19    172: 190   |
    |112       38    156: 193         19    172: 190   |
    |113       38    194: 231         19    172: 190   |
    |114       38    232: 269         19    172: 190   |
    |115       38    270: 307         19    172: 190   |
    |116       38    308: 345         19    172: 190   |
    |117       38    346: 383         19    172: 190   |
    |118       38    384: 421         19    172: 190   |
    |119       38    422: 459         19    172: 190   |
    |120       39      1:  39         19    191: 209   |
    |121       39     40:  78         19    191: 209   |
    |122       39     79: 117         19    191: 209   |
    |123       38    118: 155         19    191: 209   |
    |124       38    156: 193         19    191: 209   |
    |125       38    194: 231         19    191: 209   |
    |126       38    232: 269         19    191: 209   |
    |127       38    270: 307         19    191: 209   |
    |128       38    308: 345         19    191: 209   |
    |129       38    346: 383         19    191: 209   |
    |130       38    384: 421         19    191: 209   |
    |131       38    422: 459         19    191: 209   |
    |132       39      1:  39         18    210: 227   |
    |133       39     40:  78         18    210: 227   |
    |134       39     79: 117         18    210: 227   |
    |135       38    118: 155         18    210: 227   |
    |136       38    156: 193         18    210: 227   |
    |137       38    194: 231         18    210: 227   |
    |138       38    232: 269         18    210: 227   |
    |139       38    270: 307         18    210: 227   |
    |140       38    308: 345         18    210: 227   |
    |141       38    346: 383         18    210: 227   |
    |142       38    384: 421         18    210: 227   |
    |143       38    422: 459         18    210: 227   |
    |144       39      1:  39         18    228: 245   |
    |145       39     40:  78         18    228: 245   |
    |146       39     79: 117         18    228: 245   |
    |147       38    118: 155         18    228: 245   |
    |148       38    156: 193         18    228: 245   |
    |149       38    194: 231         18    228: 245   |
    |150       38    232: 269         18    228: 245   |
    |151       38    270: 307         18    228: 245   |
    |152       38    308: 345         18    228: 245   |
    |153       38    346: 383         18    228: 245   |
    |154       38    384: 421         18    228: 245   |
    |155       38    422: 459         18    228: 245   |
    |156       39      1:  39         18    246: 263   |
    |157       39     40:  78         18    246: 263   |
    |158       39     79: 117         18    246: 263   |
    |159       38    118: 155         18    246: 263   |
    |160       38    156: 193         18    246: 263   |
    |161       38    194: 231         18    246: 263   |
    |162       38    232: 269         18    246: 263   |
    |163       38    270: 307         18    246: 263   |
    |164       38    308: 345         18    246: 263   |
    |165       38    346: 383         18    246: 263   |
    |166       38    384: 421         18    246: 263   |
    |167       38    422: 459         18    246: 263   |
    |168       39      1:  39         18    264: 281   |
    |169       39     40:  78         18    264: 281   |
    |170       39     79: 117         18    264: 281   |
    |171       38    118: 155         18    264: 281   |
    |172       38    156: 193         18    264: 281   |
    |173       38    194: 231         18    264: 281   |
    |174       38    232: 269         18    264: 281   |
    |175       38    270: 307         18    264: 281   |
    |176       38    308: 345         18    264: 281   |
    |177       38    346: 383         18    264: 281   |
    |178       38    384: 421         18    264: 281   |
    |179       38    422: 459         18    264: 281   |
    |180       39      1:  39         18    282: 299   |
    |181       39     40:  78         18    282: 299   |
    |182       39     79: 117         18    282: 299   |
    |183       38    118: 155         18    282: 299   |
    |184       38    156: 193         18    282: 299   |
    |185       38    194: 231         18    282: 299   |
    |186       38    232: 269         18    282: 299   |
    |187       38    270: 307         18    282: 299   |
    |188       38    308: 345         18    282: 299   |
    |189       38    346: 383         18    282: 299   |
    |190       38    384: 421         18    282: 299   |
    |191       38    422: 459         18    282: 299   |
    |__________________________________________________|



     ================================
     |>---   TIME INTEGRATION   ---<|
     ================================

     Processing Day/Time [YYYYDDD:HHMMSS]: 2017357:000000
       Which is Equivalent to (UTC): 0:00:00  Saturday,  Dec. 23, 2017
       Time-Step Length (HHMMSS): 000500
                 VDIFF completed...       1.1898 seconds
                COUPLE completed...       0.0589 seconds
                  HADV completed...       1.6112 seconds
                  ZADV completed...       0.1992 seconds
                 HDIFF completed...       0.1404 seconds
              DECOUPLE completed...       0.0336 seconds
                  PHOT completed...       0.4806 seconds
               CLDPROC completed...       0.1157 seconds
                  CHEM completed...       0.5744 seconds
                  AERO completed...       0.5987 seconds
            Master Time Step
            Processing completed...       5.0067 seconds

     Processing Day/Time [YYYYDDD:HHMMSS]: 2017357:000500
       Which is Equivalent to (UTC): 0:05:00  Saturday,  Dec. 23, 2017
       Time-Step Length (HHMMSS): 000500
                 VDIFF completed...       0.4755 seconds
                COUPLE completed...       0.0315 seconds
                  HADV completed...       1.5693 seconds
                  ZADV completed...       0.1994 seconds
                 HDIFF completed...       0.1447 seconds
              DECOUPLE completed...       0.0347 seconds
                  PHOT completed...       0.3158 seconds
               CLDPROC completed...       0.1178 seconds
                  CHEM completed...       0.5794 seconds
                  AERO completed...       0.5932 seconds
            Master Time Step
            Processing completed...       4.0623 seconds

     Processing Day/Time [YYYYDDD:HHMMSS]: 2017357:001000
       Which is Equivalent to (UTC): 0:10:00  Saturday,  Dec. 23, 2017
       Time-Step Length (HHMMSS): 000500
                 VDIFF completed...       0.4601 seconds
                COUPLE completed...       0.0323 seconds
                  HADV completed...       1.5638 seconds
                  ZADV completed...       0.1991 seconds
                 HDIFF completed...       0.1408 seconds
              DECOUPLE completed...       0.0341 seconds
                  PHOT completed...       0.3178 seconds
               CLDPROC completed...       0.1204 seconds
                  CHEM completed...       0.5828 seconds
                  AERO completed...       0.5792 seconds
            Master Time Step
            Processing completed...       4.0314 seconds

     Processing Day/Time [YYYYDDD:HHMMSS]: 2017357:001500
       Which is Equivalent to (UTC): 0:15:00  Saturday,  Dec. 23, 2017
       Time-Step Length (HHMMSS): 000500
                 VDIFF completed...       0.4982 seconds
                COUPLE completed...       0.0311 seconds
                  HADV completed...       1.5388 seconds
                  ZADV completed...       0.1991 seconds
                 HDIFF completed...       0.1828 seconds
              DECOUPLE completed...       0.0342 seconds
                  PHOT completed...       0.3154 seconds
               CLDPROC completed...       0.1220 seconds
                  CHEM completed...       0.5866 seconds
                  AERO completed...       0.6174 seconds
            Master Time Step
            Processing completed...       4.1292 seconds

     Processing Day/Time [YYYYDDD:HHMMSS]: 2017357:002000
       Which is Equivalent to (UTC): 0:20:00  Saturday,  Dec. 23, 2017
       Time-Step Length (HHMMSS): 000500
                 VDIFF completed...       0.4738 seconds
                COUPLE completed...       0.0318 seconds
                  HADV completed...       1.5091 seconds
                  ZADV completed...       0.1990 seconds
                 HDIFF completed...       0.1401 seconds
              DECOUPLE completed...       0.0339 seconds
                  PHOT completed...       0.3179 seconds
               CLDPROC completed...       0.1224 seconds
                  CHEM completed...       0.5899 seconds
                  AERO completed...       0.6176 seconds
            Master Time Step
            Processing completed...       4.0394 seconds

     Processing Day/Time [YYYYDDD:HHMMSS]: 2017357:002500
       Which is Equivalent to (UTC): 0:25:00  Saturday,  Dec. 23, 2017
       Time-Step Length (HHMMSS): 000500
                 VDIFF completed...       0.4743 seconds
                COUPLE completed...       0.0305 seconds
                  HADV completed...       1.4970 seconds
                  ZADV completed...       0.1991 seconds
                 HDIFF completed...       0.1400 seconds
              DECOUPLE completed...       0.0339 seconds
                  PHOT completed...       0.3200 seconds
               CLDPROC completed...       0.1228 seconds
                  CHEM completed...       0.5936 seconds
                  AERO completed...       0.6210 seconds
            Master Time Step
            Processing completed...       4.0343 seconds

     Processing Day/Time [YYYYDDD:HHMMSS]: 2017357:003000
       Which is Equivalent to (UTC): 0:30:00  Saturday,  Dec. 23, 2017
       Time-Step Length (HHMMSS): 000500
                 VDIFF completed...       0.4646 seconds
                COUPLE completed...       0.0296 seconds
                  HADV completed...       1.5279 seconds
                  ZADV completed...       0.1992 seconds
                 HDIFF completed...       0.1395 seconds
              DECOUPLE completed...       0.0342 seconds
                  PHOT completed...       0.3193 seconds
               CLDPROC completed...       0.1226 seconds
                  CHEM completed...       0.5960 seconds
                  AERO completed...       0.6254 seconds
            Master Time Step
            Processing completed...       4.0626 seconds

     Processing Day/Time [YYYYDDD:HHMMSS]: 2017357:003500
       Which is Equivalent to (UTC): 0:35:00  Saturday,  Dec. 23, 2017
       Time-Step Length (HHMMSS): 000500
                 VDIFF completed...       0.4499 seconds
                COUPLE completed...       0.0299 seconds
                  HADV completed...       1.5111 seconds
                  ZADV completed...       0.1995 seconds
                 HDIFF completed...       0.1384 seconds
              DECOUPLE completed...       0.0348 seconds
                  PHOT completed...       0.3214 seconds
               CLDPROC completed...       0.1221 seconds
                  CHEM completed...       0.5987 seconds
                  AERO completed...       0.6243 seconds
            Master Time Step
            Processing completed...       4.0329 seconds

     Processing Day/Time [YYYYDDD:HHMMSS]: 2017357:004000
       Which is Equivalent to (UTC): 0:40:00  Saturday,  Dec. 23, 2017
       Time-Step Length (HHMMSS): 000500
                 VDIFF completed...       0.4544 seconds
                COUPLE completed...       0.0296 seconds
                  HADV completed...       1.5041 seconds
                  ZADV completed...       0.1991 seconds
                 HDIFF completed...       0.1402 seconds
              DECOUPLE completed...       0.0339 seconds
                  PHOT completed...       0.3137 seconds
               CLDPROC completed...       0.1205 seconds
                  CHEM completed...       0.6064 seconds
                  AERO completed...       0.6224 seconds
            Master Time Step
            Processing completed...       4.0287 seconds

     Processing Day/Time [YYYYDDD:HHMMSS]: 2017357:004500
       Which is Equivalent to (UTC): 0:45:00  Saturday,  Dec. 23, 2017
       Time-Step Length (HHMMSS): 000500
                 VDIFF completed...       0.4565 seconds
                COUPLE completed...       0.0296 seconds
                  HADV completed...       1.5044 seconds
                  ZADV completed...       0.1994 seconds
                 HDIFF completed...       0.1394 seconds
              DECOUPLE completed...       0.0341 seconds
                  PHOT completed...       0.3007 seconds
               CLDPROC completed...       0.1186 seconds
                  CHEM completed...       0.6029 seconds
                  AERO completed...       0.6160 seconds
            Master Time Step
            Processing completed...       4.0057 seconds

     Processing Day/Time [YYYYDDD:HHMMSS]: 2017357:005000
       Which is Equivalent to (UTC): 0:50:00  Saturday,  Dec. 23, 2017
       Time-Step Length (HHMMSS): 000500
                 VDIFF completed...       0.4604 seconds
                COUPLE completed...       0.0294 seconds
                  HADV completed...       1.5180 seconds
                  ZADV completed...       0.1988 seconds
                 HDIFF completed...       0.1409 seconds
              DECOUPLE completed...       0.0339 seconds
                  PHOT completed...       0.2889 seconds
               CLDPROC completed...       0.1157 seconds
                  CHEM completed...       0.5844 seconds
                  AERO completed...       0.6126 seconds
            Master Time Step
            Processing completed...       3.9875 seconds

     Processing Day/Time [YYYYDDD:HHMMSS]: 2017357:005500
       Which is Equivalent to (UTC): 0:55:00  Saturday,  Dec. 23, 2017
       Time-Step Length (HHMMSS): 000500
                 VDIFF completed...       1.6506 seconds
                COUPLE completed...       0.1119 seconds
                  HADV completed...       1.1649 seconds
                  ZADV completed...       0.1996 seconds
                 HDIFF completed...       0.1382 seconds
              DECOUPLE completed...       0.0340 seconds
                  PHOT completed...       0.2597 seconds
               CLDPROC completed...       1.2205 seconds
                  CHEM completed...       0.5609 seconds
                  AERO completed...       0.5624 seconds
            Master Time Step
            Processing completed...       5.9068 seconds

      =--> Data Output completed...       1.6203 seconds

     Processing Day/Time [YYYYDDD:HHMMSS]: 2017357:010000
       Which is Equivalent to (UTC): 1:00:00  Saturday,  Dec. 23, 2017
       Time-Step Length (HHMMSS): 000500
                 VDIFF completed...       4.4213 seconds
                COUPLE completed...       0.0911 seconds
                  HADV completed...       3.1129 seconds
                  ZADV completed...       0.1978 seconds
                 HDIFF completed...       0.1413 seconds
              DECOUPLE completed...       0.0332 seconds
                  PHOT completed...       1.2112 seconds
               CLDPROC completed...       0.1122 seconds
                  CHEM completed...       0.5213 seconds
                  AERO completed...       0.5667 seconds
            Master Time Step
            Processing completed...      10.4126 seconds

     Processing Day/Time [YYYYDDD:HHMMSS]: 2017357:010500
       Which is Equivalent to (UTC): 1:05:00  Saturday,  Dec. 23, 2017
       Time-Step Length (HHMMSS): 000500
                 VDIFF completed...       0.5104 seconds
                COUPLE completed...       0.0422 seconds
                  HADV completed...       1.5758 seconds
                  ZADV completed...       0.1990 seconds
                 HDIFF completed...       0.1394 seconds
              DECOUPLE completed...       0.0329 seconds
                  PHOT completed...       0.2609 seconds
               CLDPROC completed...       0.1168 seconds
                  CHEM completed...       0.4935 seconds
                  AERO completed...       0.5705 seconds
            Master Time Step
            Processing completed...       3.9456 seconds

     Processing Day/Time [YYYYDDD:HHMMSS]: 2017357:011000
       Which is Equivalent to (UTC): 1:10:00  Saturday,  Dec. 23, 2017
       Time-Step Length (HHMMSS): 000500
                 VDIFF completed...       0.4890 seconds
                COUPLE completed...       0.0462 seconds
                  HADV completed...       1.6723 seconds
                  ZADV completed...       0.1986 seconds
                 HDIFF completed...       0.1408 seconds
              DECOUPLE completed...       0.0340 seconds
                  PHOT completed...       0.2232 seconds
               CLDPROC completed...       0.1360 seconds
                  CHEM completed...       0.4816 seconds
                  AERO completed...       0.5605 seconds
            Master Time Step
            Processing completed...       3.9870 seconds

     Processing Day/Time [YYYYDDD:HHMMSS]: 2017357:011500
       Which is Equivalent to (UTC): 1:15:00  Saturday,  Dec. 23, 2017
       Time-Step Length (HHMMSS): 000500
                 VDIFF completed...       0.4897 seconds
                COUPLE completed...       0.0437 seconds
                  HADV completed...       1.7257 seconds
                  ZADV completed...       0.1987 seconds
                 HDIFF completed...       0.1396 seconds
              DECOUPLE completed...       0.0338 seconds
                  PHOT completed...       0.1655 seconds
               CLDPROC completed...       0.1432 seconds
                  CHEM completed...       0.4831 seconds
                  AERO completed...       0.5512 seconds
            Master Time Step
            Processing completed...       3.9779 seconds

     Processing Day/Time [YYYYDDD:HHMMSS]: 2017357:012000
       Which is Equivalent to (UTC): 1:20:00  Saturday,  Dec. 23, 2017
       Time-Step Length (HHMMSS): 000500
                 VDIFF completed...       0.5693 seconds
                COUPLE completed...       0.0450 seconds
                  HADV completed...       1.7163 seconds
                  ZADV completed...       0.1977 seconds
                 HDIFF completed...       0.1424 seconds
              DECOUPLE completed...       0.0335 seconds
                  PHOT completed...       0.1299 seconds
               CLDPROC completed...       0.1642 seconds
                  CHEM completed...       0.4892 seconds
                  AERO completed...       0.5480 seconds
            Master Time Step
            Processing completed...       4.0362 seconds

     Processing Day/Time [YYYYDDD:HHMMSS]: 2017357:012500
       Which is Equivalent to (UTC): 1:25:00  Saturday,  Dec. 23, 2017
       Time-Step Length (HHMMSS): 000500
                 VDIFF completed...       0.5871 seconds
                COUPLE completed...       0.0430 seconds
                  HADV completed...       1.7171 seconds
                  ZADV completed...       0.1986 seconds
                 HDIFF completed...       0.1401 seconds
              DECOUPLE completed...       0.0333 seconds
                  PHOT completed...       0.1215 seconds
               CLDPROC completed...       0.1696 seconds
                  CHEM completed...       0.4899 seconds
                  AERO completed...       0.5474 seconds
            Master Time Step
            Processing completed...       4.0482 seconds

     Processing Day/Time [YYYYDDD:HHMMSS]: 2017357:013000
       Which is Equivalent to (UTC): 1:30:00  Saturday,  Dec. 23, 2017
       Time-Step Length (HHMMSS): 000500
                 VDIFF completed...       0.5904 seconds
                COUPLE completed...       0.0454 seconds
                  HADV completed...       1.7036 seconds
                  ZADV completed...       0.1988 seconds
                 HDIFF completed...       0.1411 seconds
              DECOUPLE completed...       0.0335 seconds
                  PHOT completed...       0.1217 seconds
               CLDPROC completed...       0.1694 seconds
                  CHEM completed...       0.4864 seconds
                  AERO completed...       0.5568 seconds
            Master Time Step
            Processing completed...       4.0480 seconds

     Processing Day/Time [YYYYDDD:HHMMSS]: 2017357:013500
       Which is Equivalent to (UTC): 1:35:00  Saturday,  Dec. 23, 2017
       Time-Step Length (HHMMSS): 000500
                 VDIFF completed...       0.5846 seconds
                COUPLE completed...       0.0416 seconds
                  HADV completed...       1.7305 seconds
                  ZADV completed...       0.1980 seconds
                 HDIFF completed...       0.1408 seconds
              DECOUPLE completed...       0.0327 seconds
                  PHOT completed...       0.1215 seconds
               CLDPROC completed...       0.1706 seconds
                  CHEM completed...       0.4861 seconds
                  AERO completed...       0.5526 seconds
            Master Time Step
            Processing completed...       4.0599 seconds

     Processing Day/Time [YYYYDDD:HHMMSS]: 2017357:014000
       Which is Equivalent to (UTC): 1:40:00  Saturday,  Dec. 23, 2017
       Time-Step Length (HHMMSS): 000500
                 VDIFF completed...       0.5857 seconds
                COUPLE completed...       0.0444 seconds
                  HADV completed...       1.7127 seconds
                  ZADV completed...       0.1986 seconds
                 HDIFF completed...       0.1414 seconds
              DECOUPLE completed...       0.0332 seconds
                  PHOT completed...       0.1216 seconds
               CLDPROC completed...       0.1678 seconds
                  CHEM completed...       0.4826 seconds
                  AERO completed...       0.5559 seconds
            Master Time Step
            Processing completed...       4.0447 seconds

     Processing Day/Time [YYYYDDD:HHMMSS]: 2017357:014500
       Which is Equivalent to (UTC): 1:45:00  Saturday,  Dec. 23, 2017
       Time-Step Length (HHMMSS): 000500
                 VDIFF completed...       0.5768 seconds
                COUPLE completed...       0.0441 seconds
                  HADV completed...       1.7192 seconds
                  ZADV completed...       0.1981 seconds
                 HDIFF completed...       0.1407 seconds
              DECOUPLE completed...       0.0332 seconds
                  PHOT completed...       0.1222 seconds
               CLDPROC completed...       0.1678 seconds
                  CHEM completed...       0.4801 seconds
                  AERO completed...       0.5515 seconds
            Master Time Step
            Processing completed...       4.0344 seconds

     Processing Day/Time [YYYYDDD:HHMMSS]: 2017357:015000
       Which is Equivalent to (UTC): 1:50:00  Saturday,  Dec. 23, 2017
       Time-Step Length (HHMMSS): 000500
                 VDIFF completed...       0.5836 seconds
                COUPLE completed...       0.0471 seconds
                  HADV completed...       1.7045 seconds
                  ZADV completed...       0.1982 seconds
                 HDIFF completed...       0.1415 seconds
              DECOUPLE completed...       0.0337 seconds
                  PHOT completed...       0.1214 seconds
               CLDPROC completed...       0.1656 seconds
                  CHEM completed...       0.4772 seconds
                  AERO completed...       0.5540 seconds
            Master Time Step
            Processing completed...       4.0274 seconds

     Processing Day/Time [YYYYDDD:HHMMSS]: 2017357:015500
       Which is Equivalent to (UTC): 1:55:00  Saturday,  Dec. 23, 2017
       Time-Step Length (HHMMSS): 000500
                 VDIFF completed...       2.0411 seconds
                COUPLE completed...       0.1114 seconds
                  HADV completed...       1.1628 seconds
                  ZADV completed...       0.1991 seconds
                 HDIFF completed...       0.1398 seconds
              DECOUPLE completed...       0.0333 seconds
                  PHOT completed...       0.1209 seconds
               CLDPROC completed...       1.4031 seconds
                  CHEM completed...       0.5053 seconds
                  AERO completed...       0.5617 seconds
            Master Time Step
            Processing completed...       6.2835 seconds

      =--> Data Output completed...       1.7481 seconds

     Processing Day/Time [YYYYDDD:HHMMSS]: 2017357:020000
       Which is Equivalent to (UTC): 2:00:00  Saturday,  Dec. 23, 2017
       Time-Step Length (HHMMSS): 000500
                 VDIFF completed...       4.6914 seconds
                COUPLE completed...       0.1016 seconds
                  HADV completed...       2.9991 seconds
                  ZADV completed...       0.1983 seconds
                 HDIFF completed...       0.1423 seconds
              DECOUPLE completed...       0.0336 seconds
                  PHOT completed...       0.9901 seconds
               CLDPROC completed...       0.1737 seconds
                  CHEM completed...       0.4791 seconds
                  AERO completed...       0.5484 seconds
            Master Time Step
            Processing completed...      10.3609 seconds

     Processing Day/Time [YYYYDDD:HHMMSS]: 2017357:020500
       Which is Equivalent to (UTC): 2:05:00  Saturday,  Dec. 23, 2017
       Time-Step Length (HHMMSS): 000500
                 VDIFF completed...       0.6216 seconds
                COUPLE completed...       0.0502 seconds
                  HADV completed...       1.6203 seconds
                  ZADV completed...       0.1992 seconds
                 HDIFF completed...       0.1390 seconds
              DECOUPLE completed...       0.0324 seconds
                  PHOT completed...       0.1217 seconds
               CLDPROC completed...       0.1655 seconds
                  CHEM completed...       0.4715 seconds
                  AERO completed...       0.5509 seconds
            Master Time Step
            Processing completed...       3.9768 seconds

     Processing Day/Time [YYYYDDD:HHMMSS]: 2017357:021000
       Which is Equivalent to (UTC): 2:10:00  Saturday,  Dec. 23, 2017
       Time-Step Length (HHMMSS): 000500
                 VDIFF completed...       0.5991 seconds
                COUPLE completed...       0.0528 seconds
                  HADV completed...       1.6225 seconds
                  ZADV completed...       0.1986 seconds
                 HDIFF completed...       0.1407 seconds
              DECOUPLE completed...       0.0327 seconds
                  PHOT completed...       0.1223 seconds
               CLDPROC completed...       0.1656 seconds
                  CHEM completed...       0.5906 seconds
                  AERO completed...       0.5669 seconds
            Master Time Step
            Processing completed...       4.0951 seconds

     Processing Day/Time [YYYYDDD:HHMMSS]: 2017357:021500
       Which is Equivalent to (UTC): 2:15:00  Saturday,  Dec. 23, 2017
       Time-Step Length (HHMMSS): 000500
                 VDIFF completed...       0.5158 seconds
                COUPLE completed...       0.0471 seconds
                  HADV completed...       1.6779 seconds
                  ZADV completed...       0.1987 seconds
                 HDIFF completed...       0.1390 seconds
              DECOUPLE completed...       0.0328 seconds
                  PHOT completed...       0.1213 seconds
               CLDPROC completed...       0.1669 seconds
                  CHEM completed...       0.4672 seconds
                  AERO completed...       0.5525 seconds
            Master Time Step
            Processing completed...       3.9224 seconds

     Processing Day/Time [YYYYDDD:HHMMSS]: 2017357:022000
       Which is Equivalent to (UTC): 2:20:00  Saturday,  Dec. 23, 2017
       Time-Step Length (HHMMSS): 000500
                 VDIFF completed...       0.5952 seconds
                COUPLE completed...       0.0468 seconds
                  HADV completed...       1.6403 seconds
                  ZADV completed...       0.1986 seconds
                 HDIFF completed...       0.1413 seconds
              DECOUPLE completed...       0.0329 seconds
                  PHOT completed...       0.1212 seconds
               CLDPROC completed...       0.1679 seconds
                  CHEM completed...       0.4650 seconds
                  AERO completed...       0.5492 seconds
            Master Time Step
            Processing completed...       3.9592 seconds

     Processing Day/Time [YYYYDDD:HHMMSS]: 2017357:022500
       Which is Equivalent to (UTC): 2:25:00  Saturday,  Dec. 23, 2017
       Time-Step Length (HHMMSS): 000500
                 VDIFF completed...       0.5940 seconds
                COUPLE completed...       0.0443 seconds
                  HADV completed...       1.6450 seconds
                  ZADV completed...       0.1982 seconds
                 HDIFF completed...       0.1412 seconds
              DECOUPLE completed...       0.0324 seconds
                  PHOT completed...       0.1217 seconds
               CLDPROC completed...       0.1683 seconds
                  CHEM completed...       0.4631 seconds
                  AERO completed...       0.5434 seconds
            Master Time Step
            Processing completed...       3.9522 seconds

     Processing Day/Time [YYYYDDD:HHMMSS]: 2017357:023000
       Which is Equivalent to (UTC): 2:30:00  Saturday,  Dec. 23, 2017
       Time-Step Length (HHMMSS): 000500
                 VDIFF completed...       0.5972 seconds
                COUPLE completed...       0.0465 seconds
                  HADV completed...       1.6429 seconds
                  ZADV completed...       0.1977 seconds
                 HDIFF completed...       0.1421 seconds
              DECOUPLE completed...       0.0327 seconds
                  PHOT completed...       0.1215 seconds
               CLDPROC completed...       0.1689 seconds
                  CHEM completed...       0.4613 seconds
                  AERO completed...       0.5526 seconds
            Master Time Step
            Processing completed...       3.9642 seconds

     Processing Day/Time [YYYYDDD:HHMMSS]: 2017357:023500
       Which is Equivalent to (UTC): 2:35:00  Saturday,  Dec. 23, 2017
       Time-Step Length (HHMMSS): 000500
                 VDIFF completed...       0.5935 seconds
                COUPLE completed...       0.0439 seconds
                  HADV completed...       1.6543 seconds
                  ZADV completed...       0.1983 seconds
                 HDIFF completed...       0.1411 seconds
              DECOUPLE completed...       0.0334 seconds
                  PHOT completed...       0.1214 seconds
               CLDPROC completed...       0.1688 seconds
                  CHEM completed...       0.4596 seconds
                  AERO completed...       0.5502 seconds
            Master Time Step
            Processing completed...       3.9652 seconds

     Processing Day/Time [YYYYDDD:HHMMSS]: 2017357:024000
       Which is Equivalent to (UTC): 2:40:00  Saturday,  Dec. 23, 2017
       Time-Step Length (HHMMSS): 000500
                 VDIFF completed...       0.5908 seconds
                COUPLE completed...       0.0448 seconds
                  HADV completed...       1.6559 seconds
                  ZADV completed...       0.1985 seconds
                 HDIFF completed...       0.1414 seconds
              DECOUPLE completed...       0.0334 seconds
                  PHOT completed...       0.1216 seconds
               CLDPROC completed...       0.1678 seconds
                  CHEM completed...       0.4589 seconds
                  AERO completed...       0.5466 seconds
            Master Time Step
            Processing completed...       3.9606 seconds

     Processing Day/Time [YYYYDDD:HHMMSS]: 2017357:024500
       Which is Equivalent to (UTC): 2:45:00  Saturday,  Dec. 23, 2017
       Time-Step Length (HHMMSS): 000500
                 VDIFF completed...       0.5977 seconds
                COUPLE completed...       0.0433 seconds
                  HADV completed...       1.6453 seconds
                  ZADV completed...       0.1983 seconds
                 HDIFF completed...       0.1411 seconds
              DECOUPLE completed...       0.0326 seconds
                  PHOT completed...       0.1217 seconds
               CLDPROC completed...       0.1684 seconds
                  CHEM completed...       0.4593 seconds
                  AERO completed...       0.5488 seconds
            Master Time Step
            Processing completed...       3.9573 seconds

     Processing Day/Time [YYYYDDD:HHMMSS]: 2017357:025000
       Which is Equivalent to (UTC): 2:50:00  Saturday,  Dec. 23, 2017
       Time-Step Length (HHMMSS): 000500
                 VDIFF completed...       0.6063 seconds
                COUPLE completed...       0.0452 seconds
                  HADV completed...       1.6196 seconds
                  ZADV completed...       0.1980 seconds
                 HDIFF completed...       0.1418 seconds
              DECOUPLE completed...       0.0318 seconds
                  PHOT completed...       0.1225 seconds
               CLDPROC completed...       0.1673 seconds
                  CHEM completed...       0.4577 seconds
                  AERO completed...       0.5525 seconds
            Master Time Step
            Processing completed...       3.9435 seconds

     Processing Day/Time [YYYYDDD:HHMMSS]: 2017357:025500
       Which is Equivalent to (UTC): 2:55:00  Saturday,  Dec. 23, 2017
       Time-Step Length (HHMMSS): 000500
                 VDIFF completed...       1.9676 seconds
                COUPLE completed...       0.1123 seconds
                  HADV completed...       1.0961 seconds
                  ZADV completed...       0.1987 seconds
                 HDIFF completed...       0.1406 seconds
              DECOUPLE completed...       0.0333 seconds
                  PHOT completed...       0.1209 seconds
               CLDPROC completed...       1.3067 seconds
                  CHEM completed...       0.4573 seconds
                  AERO completed...       0.5598 seconds
            Master Time Step
            Processing completed...       5.9986 seconds

      =--> Data Output completed...       1.5594 seconds

     Processing Day/Time [YYYYDDD:HHMMSS]: 2017357:030000
       Which is Equivalent to (UTC): 3:00:00  Saturday,  Dec. 23, 2017
       Time-Step Length (HHMMSS): 000500
                 VDIFF completed...       4.7306 seconds
                COUPLE completed...       0.0899 seconds
                  HADV completed...       2.8458 seconds
                  ZADV completed...       0.1988 seconds
                 HDIFF completed...       0.1414 seconds
              DECOUPLE completed...       0.0331 seconds
                  PHOT completed...       0.9850 seconds
               CLDPROC completed...       0.1742 seconds
                  CHEM completed...       0.4626 seconds
                  AERO completed...       0.5484 seconds
            Master Time Step
            Processing completed...      10.2132 seconds

     Processing Day/Time [YYYYDDD:HHMMSS]: 2017357:030500
       Which is Equivalent to (UTC): 3:05:00  Saturday,  Dec. 23, 2017
       Time-Step Length (HHMMSS): 000500
                 VDIFF completed...       0.6621 seconds
                COUPLE completed...       0.0564 seconds
                  HADV completed...       1.5171 seconds
                  ZADV completed...       0.1996 seconds
                 HDIFF completed...       0.1395 seconds
              DECOUPLE completed...       0.0334 seconds
                  PHOT completed...       0.1204 seconds
               CLDPROC completed...       0.1651 seconds
                  CHEM completed...       0.4543 seconds
                  AERO completed...       0.5512 seconds
            Master Time Step
            Processing completed...       3.9037 seconds

     Processing Day/Time [YYYYDDD:HHMMSS]: 2017357:031000
       Which is Equivalent to (UTC): 3:10:00  Saturday,  Dec. 23, 2017
       Time-Step Length (HHMMSS): 000500
                 VDIFF completed...       0.6209 seconds
                COUPLE completed...       0.0509 seconds
                  HADV completed...       1.8852 seconds
                  ZADV completed...       0.1983 seconds
                 HDIFF completed...       0.1428 seconds
              DECOUPLE completed...       0.0327 seconds
                  PHOT completed...       0.1216 seconds
               CLDPROC completed...       0.1653 seconds
                  CHEM completed...       0.4530 seconds
                  AERO completed...       0.5463 seconds
            Master Time Step
            Processing completed...       4.2207 seconds

     Processing Day/Time [YYYYDDD:HHMMSS]: 2017357:031500
       Which is Equivalent to (UTC): 3:15:00  Saturday,  Dec. 23, 2017
       Time-Step Length (HHMMSS): 000500
                 VDIFF completed...       0.6259 seconds
                COUPLE completed...       0.0485 seconds
                  HADV completed...       1.6132 seconds
                  ZADV completed...       0.1988 seconds
                 HDIFF completed...       0.1404 seconds
              DECOUPLE completed...       0.0333 seconds
                  PHOT completed...       0.1209 seconds
               CLDPROC completed...       0.1663 seconds
                  CHEM completed...       0.4527 seconds
                  AERO completed...       0.5522 seconds
            Master Time Step
            Processing completed...       3.9569 seconds

     Processing Day/Time [YYYYDDD:HHMMSS]: 2017357:032000
       Which is Equivalent to (UTC): 3:20:00  Saturday,  Dec. 23, 2017
       Time-Step Length (HHMMSS): 000500
                 VDIFF completed...       0.6194 seconds
                COUPLE completed...       0.0484 seconds
                  HADV completed...       1.6314 seconds
                  ZADV completed...       0.1985 seconds
                 HDIFF completed...       0.1413 seconds
              DECOUPLE completed...       0.0337 seconds
                  PHOT completed...       0.1198 seconds
               CLDPROC completed...       0.1676 seconds
                  CHEM completed...       0.4502 seconds
                  AERO completed...       0.5467 seconds
            Master Time Step
            Processing completed...       3.9617 seconds

     Processing Day/Time [YYYYDDD:HHMMSS]: 2017357:032500
       Which is Equivalent to (UTC): 3:25:00  Saturday,  Dec. 23, 2017
       Time-Step Length (HHMMSS): 000500
                 VDIFF completed...       0.6272 seconds
                COUPLE completed...       0.0531 seconds
                  HADV completed...       1.6171 seconds
                  ZADV completed...       0.1991 seconds
                 HDIFF completed...       0.1406 seconds
              DECOUPLE completed...       0.0345 seconds
                  PHOT completed...       0.1196 seconds
               CLDPROC completed...       0.1664 seconds
                  CHEM completed...       0.4501 seconds
                  AERO completed...       0.5516 seconds
            Master Time Step
            Processing completed...       3.9635 seconds

     Processing Day/Time [YYYYDDD:HHMMSS]: 2017357:033000
       Which is Equivalent to (UTC): 3:30:00  Saturday,  Dec. 23, 2017
       Time-Step Length (HHMMSS): 000500
                 VDIFF completed...       0.6125 seconds
                COUPLE completed...       0.0503 seconds
                  HADV completed...       1.6281 seconds
                  ZADV completed...       0.1987 seconds
                 HDIFF completed...       0.1410 seconds
              DECOUPLE completed...       0.0330 seconds
                  PHOT completed...       0.1215 seconds
               CLDPROC completed...       0.1668 seconds
                  CHEM completed...       0.4508 seconds
                  AERO completed...       0.5537 seconds
            Master Time Step
            Processing completed...       3.9611 seconds

     Processing Day/Time [YYYYDDD:HHMMSS]: 2017357:033500
       Which is Equivalent to (UTC): 3:35:00  Saturday,  Dec. 23, 2017
       Time-Step Length (HHMMSS): 000500
                 VDIFF completed...       0.6127 seconds
                COUPLE completed...       0.0478 seconds
                  HADV completed...       1.6349 seconds
                  ZADV completed...       0.1991 seconds
                 HDIFF completed...       0.1404 seconds
              DECOUPLE completed...       0.0336 seconds
                  PHOT completed...       0.1203 seconds
               CLDPROC completed...       0.1670 seconds
                  CHEM completed...       0.4497 seconds
                  AERO completed...       0.5562 seconds
            Master Time Step
            Processing completed...       3.9662 seconds

     Processing Day/Time [YYYYDDD:HHMMSS]: 2017357:034000
       Which is Equivalent to (UTC): 3:40:00  Saturday,  Dec. 23, 2017
       Time-Step Length (HHMMSS): 000500
                 VDIFF completed...       0.6191 seconds
                COUPLE completed...       0.0466 seconds
                  HADV completed...       1.6387 seconds
                  ZADV completed...       0.1990 seconds
                 HDIFF completed...       0.1409 seconds
              DECOUPLE completed...       0.0335 seconds
                  PHOT completed...       0.1205 seconds
               CLDPROC completed...       0.1676 seconds
                  CHEM completed...       0.4512 seconds
                  AERO completed...       0.5528 seconds
            Master Time Step
            Processing completed...       3.9747 seconds

     Processing Day/Time [YYYYDDD:HHMMSS]: 2017357:034500
       Which is Equivalent to (UTC): 3:45:00  Saturday,  Dec. 23, 2017
       Time-Step Length (HHMMSS): 000500
                 VDIFF completed...       0.6249 seconds
                COUPLE completed...       0.0489 seconds
                  HADV completed...       1.6250 seconds
                  ZADV completed...       0.1990 seconds
                 HDIFF completed...       0.1398 seconds
              DECOUPLE completed...       0.0337 seconds
                  PHOT completed...       0.1203 seconds
               CLDPROC completed...       0.1668 seconds
                  CHEM completed...       0.4491 seconds
                  AERO completed...       0.5527 seconds
            Master Time Step
            Processing completed...       3.9654 seconds

     Processing Day/Time [YYYYDDD:HHMMSS]: 2017357:035000
       Which is Equivalent to (UTC): 3:50:00  Saturday,  Dec. 23, 2017
       Time-Step Length (HHMMSS): 000500
                 VDIFF completed...       0.6170 seconds
                COUPLE completed...       0.0473 seconds
                  HADV completed...       1.6304 seconds
                  ZADV completed...       0.1992 seconds
                 HDIFF completed...       0.1408 seconds
              DECOUPLE completed...       0.0333 seconds
                  PHOT completed...       0.1206 seconds
               CLDPROC completed...       0.1655 seconds
                  CHEM completed...       0.4523 seconds
                  AERO completed...       0.5483 seconds
            Master Time Step
            Processing completed...       3.9600 seconds

     Processing Day/Time [YYYYDDD:HHMMSS]: 2017357:035500
       Which is Equivalent to (UTC): 3:55:00  Saturday,  Dec. 23, 2017
       Time-Step Length (HHMMSS): 000500
                 VDIFF completed...       2.0479 seconds
                COUPLE completed...       0.1116 seconds
                  HADV completed...       1.0971 seconds
                  ZADV completed...       0.1991 seconds
                 HDIFF completed...       0.1405 seconds
              DECOUPLE completed...       0.0342 seconds
                  PHOT completed...       0.1205 seconds
               CLDPROC completed...       1.3265 seconds
                  CHEM completed...       0.4364 seconds
                  AERO completed...       0.5639 seconds
            Master Time Step
            Processing completed...       6.0823 seconds

      =--> Data Output completed...       1.5508 seconds

     Processing Day/Time [YYYYDDD:HHMMSS]: 2017357:040000
       Which is Equivalent to (UTC): 4:00:00  Saturday,  Dec. 23, 2017
       Time-Step Length (HHMMSS): 000400
                 VDIFF completed...       4.1873 seconds
                COUPLE completed...       0.1020 seconds
                  HADV completed...       2.9668 seconds
                  ZADV completed...       0.1997 seconds
                 HDIFF completed...       0.1392 seconds
              DECOUPLE completed...       0.0338 seconds
                  PHOT completed...       0.8918 seconds
               CLDPROC completed...       0.1733 seconds
                  CHEM completed...       0.4496 seconds
                  AERO completed...       0.5300 seconds
            Master Time Step
            Processing completed...       9.6784 seconds

     Processing Day/Time [YYYYDDD:HHMMSS]: 2017357:040400
       Which is Equivalent to (UTC): 4:04:00  Saturday,  Dec. 23, 2017
       Time-Step Length (HHMMSS): 000400
                 VDIFF completed...       0.6374 seconds
                COUPLE completed...       0.0559 seconds
                  HADV completed...       1.3836 seconds
                  ZADV completed...       0.1995 seconds
                 HDIFF completed...       0.1400 seconds
              DECOUPLE completed...       0.0341 seconds
                  PHOT completed...       0.1200 seconds
               CLDPROC completed...       0.1639 seconds
                  CHEM completed...       0.4430 seconds
                  AERO completed...       0.5380 seconds
            Master Time Step
            Processing completed...       3.7198 seconds

     Processing Day/Time [YYYYDDD:HHMMSS]: 2017357:040800
       Which is Equivalent to (UTC): 4:08:00  Saturday,  Dec. 23, 2017
       Time-Step Length (HHMMSS): 000400
                 VDIFF completed...       0.6139 seconds
                COUPLE completed...       0.0535 seconds
                  HADV completed...       1.7059 seconds
                  ZADV completed...       0.1995 seconds
                 HDIFF completed...       0.1404 seconds
              DECOUPLE completed...       0.0336 seconds
                  PHOT completed...       0.1205 seconds
               CLDPROC completed...       0.1656 seconds
                  CHEM completed...       0.4433 seconds
                  AERO completed...       0.5396 seconds
            Master Time Step
            Processing completed...       4.0195 seconds

     Processing Day/Time [YYYYDDD:HHMMSS]: 2017357:041200
       Which is Equivalent to (UTC): 4:12:00  Saturday,  Dec. 23, 2017
       Time-Step Length (HHMMSS): 000400
                 VDIFF completed...       0.6051 seconds
                COUPLE completed...       0.0536 seconds
                  HADV completed...       1.3939 seconds
                  ZADV completed...       0.1992 seconds
                 HDIFF completed...       0.1392 seconds
              DECOUPLE completed...       0.0339 seconds
                  PHOT completed...       0.1207 seconds
               CLDPROC completed...       0.1667 seconds
                  CHEM completed...       0.4437 seconds
                  AERO completed...       0.5307 seconds
            Master Time Step
            Processing completed...       3.6914 seconds

     Processing Day/Time [YYYYDDD:HHMMSS]: 2017357:041600
       Which is Equivalent to (UTC): 4:16:00  Saturday,  Dec. 23, 2017
       Time-Step Length (HHMMSS): 000400
                 VDIFF completed...       0.6154 seconds
                COUPLE completed...       0.0512 seconds
                  HADV completed...       1.4029 seconds
                  ZADV completed...       0.2001 seconds
                 HDIFF completed...       0.1398 seconds
              DECOUPLE completed...       0.0332 seconds
                  PHOT completed...       0.1212 seconds
               CLDPROC completed...       0.1672 seconds
                  CHEM completed...       0.4408 seconds
                  AERO completed...       0.5333 seconds
            Master Time Step
            Processing completed...       3.7095 seconds

     Processing Day/Time [YYYYDDD:HHMMSS]: 2017357:042000
       Which is Equivalent to (UTC): 4:20:00  Saturday,  Dec. 23, 2017
       Time-Step Length (HHMMSS): 000400
                 VDIFF completed...       0.6087 seconds
                COUPLE completed...       0.0504 seconds
                  HADV completed...       1.4038 seconds
                  ZADV completed...       0.1989 seconds
                 HDIFF completed...       0.1396 seconds
              DECOUPLE completed...       0.0340 seconds
                  PHOT completed...       0.1203 seconds
               CLDPROC completed...       0.1672 seconds
                  CHEM completed...       0.4408 seconds
                  AERO completed...       0.5372 seconds
            Master Time Step
            Processing completed...       3.7052 seconds

     Processing Day/Time [YYYYDDD:HHMMSS]: 2017357:042400
       Which is Equivalent to (UTC): 4:24:00  Saturday,  Dec. 23, 2017
       Time-Step Length (HHMMSS): 000400
                 VDIFF completed...       0.6163 seconds
                COUPLE completed...       0.0493 seconds
                  HADV completed...       1.3966 seconds
                  ZADV completed...       0.1998 seconds
                 HDIFF completed...       0.1398 seconds
              DECOUPLE completed...       0.0342 seconds
                  PHOT completed...       0.1203 seconds
               CLDPROC completed...       0.1675 seconds
                  CHEM completed...       0.4416 seconds
                  AERO completed...       0.5372 seconds
            Master Time Step
            Processing completed...       3.7068 seconds

     Processing Day/Time [YYYYDDD:HHMMSS]: 2017357:042800
       Which is Equivalent to (UTC): 4:28:00  Saturday,  Dec. 23, 2017
       Time-Step Length (HHMMSS): 000400
                 VDIFF completed...       0.6040 seconds
                COUPLE completed...       0.0495 seconds
                  HADV completed...       1.4068 seconds
                  ZADV completed...       0.1999 seconds
                 HDIFF completed...       0.1392 seconds
              DECOUPLE completed...       0.0338 seconds
                  PHOT completed...       0.1204 seconds
               CLDPROC completed...       0.1679 seconds
                  CHEM completed...       0.4405 seconds
                  AERO completed...       0.5364 seconds
            Master Time Step
            Processing completed...       3.7027 seconds

     Processing Day/Time [YYYYDDD:HHMMSS]: 2017357:043200
       Which is Equivalent to (UTC): 4:32:00  Saturday,  Dec. 23, 2017
       Time-Step Length (HHMMSS): 000400
                 VDIFF completed...       0.6140 seconds
                COUPLE completed...       0.0506 seconds
                  HADV completed...       1.4180 seconds
                  ZADV completed...       0.1993 seconds
                 HDIFF completed...       0.1400 seconds
              DECOUPLE completed...       0.0338 seconds
                  PHOT completed...       0.1208 seconds
               CLDPROC completed...       0.1679 seconds
                  CHEM completed...       0.4398 seconds
                  AERO completed...       0.5279 seconds
            Master Time Step
            Processing completed...       3.7168 seconds

     Processing Day/Time [YYYYDDD:HHMMSS]: 2017357:043600
       Which is Equivalent to (UTC): 4:36:00  Saturday,  Dec. 23, 2017
       Time-Step Length (HHMMSS): 000400
                 VDIFF completed...       0.6273 seconds
                COUPLE completed...       0.0489 seconds
                  HADV completed...       1.3953 seconds
                  ZADV completed...       0.1998 seconds
                 HDIFF completed...       0.1393 seconds
              DECOUPLE completed...       0.0332 seconds
                  PHOT completed...       0.1206 seconds
               CLDPROC completed...       0.1686 seconds
                  CHEM completed...       0.4399 seconds
                  AERO completed...       0.5326 seconds
            Master Time Step
            Processing completed...       3.7093 seconds

     Processing Day/Time [YYYYDDD:HHMMSS]: 2017357:044000
       Which is Equivalent to (UTC): 4:40:00  Saturday,  Dec. 23, 2017
       Time-Step Length (HHMMSS): 000400
                 VDIFF completed...       0.6250 seconds
                COUPLE completed...       0.0509 seconds
                  HADV completed...       1.3997 seconds
                  ZADV completed...       0.2000 seconds
                 HDIFF completed...       0.1405 seconds
              DECOUPLE completed...       0.0332 seconds
                  PHOT completed...       0.1197 seconds
               CLDPROC completed...       0.1688 seconds
                  CHEM completed...       0.4400 seconds
                  AERO completed...       0.5408 seconds
            Master Time Step
            Processing completed...       3.7228 seconds

     Processing Day/Time [YYYYDDD:HHMMSS]: 2017357:044400
       Which is Equivalent to (UTC): 4:44:00  Saturday,  Dec. 23, 2017
       Time-Step Length (HHMMSS): 000400
                 VDIFF completed...       0.6053 seconds
                COUPLE completed...       0.0456 seconds
                  HADV completed...       1.4097 seconds
                  ZADV completed...       0.1999 seconds
                 HDIFF completed...       0.1388 seconds
              DECOUPLE completed...       0.0339 seconds
                  PHOT completed...       0.1209 seconds
               CLDPROC completed...       0.1678 seconds
                  CHEM completed...       0.4395 seconds
                  AERO completed...       0.5328 seconds
            Master Time Step
            Processing completed...       3.6977 seconds

     Processing Day/Time [YYYYDDD:HHMMSS]: 2017357:044800
       Which is Equivalent to (UTC): 4:48:00  Saturday,  Dec. 23, 2017
       Time-Step Length (HHMMSS): 000400
                 VDIFF completed...       0.6199 seconds
                COUPLE completed...       0.0490 seconds
                  HADV completed...       1.3942 seconds
                  ZADV completed...       0.1999 seconds
                 HDIFF completed...       0.1395 seconds
              DECOUPLE completed...       0.0327 seconds
                  PHOT completed...       0.1216 seconds
               CLDPROC completed...       0.1678 seconds
                  CHEM completed...       0.4404 seconds
                  AERO completed...       0.5348 seconds
            Master Time Step
            Processing completed...       3.7041 seconds

     Processing Day/Time [YYYYDDD:HHMMSS]: 2017357:045200
       Which is Equivalent to (UTC): 4:52:00  Saturday,  Dec. 23, 2017
       Time-Step Length (HHMMSS): 000400
                 VDIFF completed...       0.6230 seconds
                COUPLE completed...       0.0486 seconds
                  HADV completed...       1.3848 seconds
                  ZADV completed...       0.1995 seconds
                 HDIFF completed...       0.1395 seconds
              DECOUPLE completed...       0.0335 seconds
                  PHOT completed...       0.1211 seconds
               CLDPROC completed...       0.1674 seconds
                  CHEM completed...       0.4392 seconds
                  AERO completed...       0.5387 seconds
            Master Time Step
            Processing completed...       3.6993 seconds

     Processing Day/Time [YYYYDDD:HHMMSS]: 2017357:045600
       Which is Equivalent to (UTC): 4:56:00  Saturday,  Dec. 23, 2017
       Time-Step Length (HHMMSS): 000400
                 VDIFF completed...       2.0429 seconds
                COUPLE completed...       0.1112 seconds
                  HADV completed...       0.8552 seconds
                  ZADV completed...       0.2002 seconds
                 HDIFF completed...       0.1394 seconds
              DECOUPLE completed...       0.0341 seconds
                  PHOT completed...       0.1200 seconds
               CLDPROC completed...       1.3114 seconds
                  CHEM completed...       0.4289 seconds
                  AERO completed...       0.5477 seconds
            Master Time Step
            Processing completed...       5.7962 seconds

      =--> Data Output completed...       1.5327 seconds

     Processing Day/Time [YYYYDDD:HHMMSS]: 2017357:050000
       Which is Equivalent to (UTC): 5:00:00  Saturday,  Dec. 23, 2017
       Time-Step Length (HHMMSS): 000400
                 VDIFF completed...       4.6953 seconds
                COUPLE completed...       0.1063 seconds
                  HADV completed...       2.6000 seconds
                  ZADV completed...       0.1998 seconds
                 HDIFF completed...       0.1395 seconds
              DECOUPLE completed...       0.0334 seconds
                  PHOT completed...       1.0394 seconds
               CLDPROC completed...       0.1760 seconds
                  CHEM completed...       0.4460 seconds
                  AERO completed...       0.5280 seconds
            Master Time Step
            Processing completed...       9.9682 seconds

     Processing Day/Time [YYYYDDD:HHMMSS]: 2017357:050400
       Which is Equivalent to (UTC): 5:04:00  Saturday,  Dec. 23, 2017
       Time-Step Length (HHMMSS): 000400
                 VDIFF completed...       0.6263 seconds
                COUPLE completed...       0.0585 seconds
                  HADV completed...       1.1992 seconds
                  ZADV completed...       0.1992 seconds
                 HDIFF completed...       0.1398 seconds
              DECOUPLE completed...       0.0323 seconds
                  PHOT completed...       0.1213 seconds
               CLDPROC completed...       0.1686 seconds
                  CHEM completed...       0.4392 seconds
                  AERO completed...       0.5398 seconds
            Master Time Step
            Processing completed...       3.5282 seconds

     Processing Day/Time [YYYYDDD:HHMMSS]: 2017357:050800
       Which is Equivalent to (UTC): 5:08:00  Saturday,  Dec. 23, 2017
       Time-Step Length (HHMMSS): 000400
                 VDIFF completed...       0.6075 seconds
                COUPLE completed...       0.0512 seconds
                  HADV completed...       1.3999 seconds
                  ZADV completed...       0.1996 seconds
                 HDIFF completed...       0.1389 seconds
              DECOUPLE completed...       0.0331 seconds
                  PHOT completed...       0.1207 seconds
               CLDPROC completed...       0.1688 seconds
                  CHEM completed...       0.4370 seconds
                  AERO completed...       0.5375 seconds
            Master Time Step
            Processing completed...       3.6989 seconds

     Processing Day/Time [YYYYDDD:HHMMSS]: 2017357:051200
       Which is Equivalent to (UTC): 5:12:00  Saturday,  Dec. 23, 2017
       Time-Step Length (HHMMSS): 000400
                 VDIFF completed...       0.5971 seconds
                COUPLE completed...       0.0494 seconds
                  HADV completed...       1.4114 seconds
                  ZADV completed...       0.1999 seconds
                 HDIFF completed...       0.1392 seconds
              DECOUPLE completed...       0.0336 seconds
                  PHOT completed...       0.1206 seconds
               CLDPROC completed...       0.1696 seconds
                  CHEM completed...       0.4380 seconds
                  AERO completed...       0.5348 seconds
            Master Time Step
            Processing completed...       3.6977 seconds

     Processing Day/Time [YYYYDDD:HHMMSS]: 2017357:051600
       Which is Equivalent to (UTC): 5:16:00  Saturday,  Dec. 23, 2017
       Time-Step Length (HHMMSS): 000400
                 VDIFF completed...       0.6117 seconds
                COUPLE completed...       0.0537 seconds
                  HADV completed...       1.3996 seconds
                  ZADV completed...       0.2002 seconds
                 HDIFF completed...       0.1377 seconds
              DECOUPLE completed...       0.0334 seconds
                  PHOT completed...       0.1222 seconds
               CLDPROC completed...       0.1703 seconds
                  CHEM completed...       0.4369 seconds
                  AERO completed...       0.5332 seconds
            Master Time Step
            Processing completed...       3.7015 seconds

     Processing Day/Time [YYYYDDD:HHMMSS]: 2017357:052000
       Which is Equivalent to (UTC): 5:20:00  Saturday,  Dec. 23, 2017
       Time-Step Length (HHMMSS): 000400
                 VDIFF completed...       0.5999 seconds
                COUPLE completed...       0.0519 seconds
                  HADV completed...       1.4127 seconds
                  ZADV completed...       0.1997 seconds
                 HDIFF completed...       0.1392 seconds
              DECOUPLE completed...       0.0323 seconds
                  PHOT completed...       0.1215 seconds
               CLDPROC completed...       0.1709 seconds
                  CHEM completed...       0.4392 seconds
                  AERO completed...       0.5361 seconds
            Master Time Step
            Processing completed...       3.7078 seconds

     Processing Day/Time [YYYYDDD:HHMMSS]: 2017357:052400
       Which is Equivalent to (UTC): 5:24:00  Saturday,  Dec. 23, 2017
       Time-Step Length (HHMMSS): 000400
                 VDIFF completed...       0.5949 seconds
                COUPLE completed...       0.0488 seconds
                  HADV completed...       1.4424 seconds
                  ZADV completed...       0.1996 seconds
                 HDIFF completed...       0.1383 seconds
              DECOUPLE completed...       0.0329 seconds
                  PHOT completed...       0.1212 seconds
               CLDPROC completed...       0.1712 seconds
                  CHEM completed...       0.4395 seconds
                  AERO completed...       0.5353 seconds
            Master Time Step
            Processing completed...       3.7286 seconds

     Processing Day/Time [YYYYDDD:HHMMSS]: 2017357:052800
       Which is Equivalent to (UTC): 5:28:00  Saturday,  Dec. 23, 2017
       Time-Step Length (HHMMSS): 000400
                 VDIFF completed...       0.5946 seconds
                COUPLE completed...       0.0485 seconds
                  HADV completed...       1.4125 seconds
                  ZADV completed...       0.1998 seconds
                 HDIFF completed...       0.1384 seconds
              DECOUPLE completed...       0.0328 seconds
                  PHOT completed...       0.1210 seconds
               CLDPROC completed...       0.1712 seconds
                  CHEM completed...       0.4374 seconds
                  AERO completed...       0.5365 seconds
            Master Time Step
            Processing completed...       3.6975 seconds

     Processing Day/Time [YYYYDDD:HHMMSS]: 2017357:053200
       Which is Equivalent to (UTC): 5:32:00  Saturday,  Dec. 23, 2017
       Time-Step Length (HHMMSS): 000400
                 VDIFF completed...       0.5931 seconds
                COUPLE completed...       0.0513 seconds
                  HADV completed...       1.4198 seconds
                  ZADV completed...       0.2000 seconds
                 HDIFF completed...       0.1381 seconds
              DECOUPLE completed...       0.0329 seconds
                  PHOT completed...       0.1209 seconds
               CLDPROC completed...       0.1717 seconds
                  CHEM completed...       0.4379 seconds
                  AERO completed...       0.5280 seconds
            Master Time Step
            Processing completed...       3.6984 seconds

     Processing Day/Time [YYYYDDD:HHMMSS]: 2017357:053600
       Which is Equivalent to (UTC): 5:36:00  Saturday,  Dec. 23, 2017
       Time-Step Length (HHMMSS): 000400
                 VDIFF completed...       0.6011 seconds
                COUPLE completed...       0.0514 seconds
                  HADV completed...       1.4263 seconds
                  ZADV completed...       0.1992 seconds
                 HDIFF completed...       0.1399 seconds
              DECOUPLE completed...       0.0336 seconds
                  PHOT completed...       0.1205 seconds
               CLDPROC completed...       0.1710 seconds
                  CHEM completed...       0.4381 seconds
                  AERO completed...       0.5333 seconds
            Master Time Step
            Processing completed...       3.7191 seconds

     Processing Day/Time [YYYYDDD:HHMMSS]: 2017357:054000
       Which is Equivalent to (UTC): 5:40:00  Saturday,  Dec. 23, 2017
       Time-Step Length (HHMMSS): 000400
                 VDIFF completed...       0.6030 seconds
                COUPLE completed...       0.0542 seconds
                  HADV completed...       1.4088 seconds
                  ZADV completed...       0.1998 seconds
                 HDIFF completed...       0.1632 seconds
              DECOUPLE completed...       0.0344 seconds
                  PHOT completed...       0.1205 seconds
               CLDPROC completed...       0.1717 seconds
                  CHEM completed...       0.4377 seconds
                  AERO completed...       0.5335 seconds
            Master Time Step
            Processing completed...       3.7298 seconds

     Processing Day/Time [YYYYDDD:HHMMSS]: 2017357:054400
       Which is Equivalent to (UTC): 5:44:00  Saturday,  Dec. 23, 2017
       Time-Step Length (HHMMSS): 000400
                 VDIFF completed...       0.5946 seconds
                COUPLE completed...       0.0555 seconds
                  HADV completed...       1.4081 seconds
                  ZADV completed...       0.1996 seconds
                 HDIFF completed...       0.1382 seconds
              DECOUPLE completed...       0.0334 seconds
                  PHOT completed...       0.1210 seconds
               CLDPROC completed...       0.1715 seconds
                  CHEM completed...       0.4371 seconds
                  AERO completed...       0.5352 seconds
            Master Time Step
            Processing completed...       3.6989 seconds

     Processing Day/Time [YYYYDDD:HHMMSS]: 2017357:054800
       Which is Equivalent to (UTC): 5:48:00  Saturday,  Dec. 23, 2017
       Time-Step Length (HHMMSS): 000400
                 VDIFF completed...       0.5993 seconds
                COUPLE completed...       0.0523 seconds
                  HADV completed...       1.4162 seconds
                  ZADV completed...       0.1999 seconds
                 HDIFF completed...       0.1385 seconds
              DECOUPLE completed...       0.0329 seconds
                  PHOT completed...       0.1208 seconds
               CLDPROC completed...       0.1717 seconds
                  CHEM completed...       0.4378 seconds
                  AERO completed...       0.5284 seconds
            Master Time Step
            Processing completed...       3.7030 seconds

     Processing Day/Time [YYYYDDD:HHMMSS]: 2017357:055200
       Which is Equivalent to (UTC): 5:52:00  Saturday,  Dec. 23, 2017
       Time-Step Length (HHMMSS): 000400
                 VDIFF completed...       0.6142 seconds
                COUPLE completed...       0.0513 seconds
                  HADV completed...       1.3960 seconds
                  ZADV completed...       0.1993 seconds
                 HDIFF completed...       0.1397 seconds
              DECOUPLE completed...       0.0334 seconds
                  PHOT completed...       0.1206 seconds
               CLDPROC completed...       0.1711 seconds
                  CHEM completed...       0.4347 seconds
                  AERO completed...       0.5304 seconds
            Master Time Step
            Processing completed...       3.6957 seconds

     Processing Day/Time [YYYYDDD:HHMMSS]: 2017357:055600
       Which is Equivalent to (UTC): 5:56:00  Saturday,  Dec. 23, 2017
       Time-Step Length (HHMMSS): 000400
                 VDIFF completed...       2.0532 seconds
                COUPLE completed...       0.1119 seconds
                  HADV completed...       0.8584 seconds
                  ZADV completed...       0.2003 seconds
                 HDIFF completed...       0.1374 seconds
              DECOUPLE completed...       0.0324 seconds
                  PHOT completed...       0.1213 seconds
               CLDPROC completed...       1.3258 seconds
                  CHEM completed...       0.4353 seconds
                  AERO completed...       0.5454 seconds
            Master Time Step
            Processing completed...       5.8259 seconds

      =--> Data Output completed...       1.5851 seconds

     Processing Day/Time [YYYYDDD:HHMMSS]: 2017357:060000
       Which is Equivalent to (UTC): 6:00:00  Saturday,  Dec. 23, 2017
       Time-Step Length (HHMMSS): 000400
                 VDIFF completed...       4.5236 seconds
                COUPLE completed...       0.1108 seconds
                  HADV completed...       2.3784 seconds
                  ZADV completed...       0.2002 seconds
                 HDIFF completed...       0.1392 seconds
              DECOUPLE completed...       0.0335 seconds
                  PHOT completed...       1.0052 seconds
               CLDPROC completed...       0.1791 seconds
                  CHEM completed...       0.4417 seconds
                  AERO completed...       0.5400 seconds
            Master Time Step
            Processing completed...       9.5560 seconds

     Processing Day/Time [YYYYDDD:HHMMSS]: 2017357:060400
       Which is Equivalent to (UTC): 6:04:00  Saturday,  Dec. 23, 2017
       Time-Step Length (HHMMSS): 000400
                 VDIFF completed...       0.5972 seconds
                COUPLE completed...       0.0569 seconds
                  HADV completed...       1.2519 seconds
                  ZADV completed...       0.2001 seconds
                 HDIFF completed...       0.1393 seconds
              DECOUPLE completed...       0.0331 seconds
                  PHOT completed...       0.1218 seconds
               CLDPROC completed...       0.1714 seconds
                  CHEM completed...       0.4372 seconds
                  AERO completed...       0.5331 seconds
            Master Time Step
            Processing completed...       3.5429 seconds

     Processing Day/Time [YYYYDDD:HHMMSS]: 2017357:060800
       Which is Equivalent to (UTC): 6:08:00  Saturday,  Dec. 23, 2017
       Time-Step Length (HHMMSS): 000400
                 VDIFF completed...       0.5941 seconds
                COUPLE completed...       0.0551 seconds
                  HADV completed...       1.3948 seconds
                  ZADV completed...       0.2004 seconds
                 HDIFF completed...       0.1390 seconds
              DECOUPLE completed...       0.0327 seconds
                  PHOT completed...       0.1217 seconds
               CLDPROC completed...       0.1733 seconds
                  CHEM completed...       0.4361 seconds
                  AERO completed...       0.5329 seconds
            Master Time Step
            Processing completed...       3.6809 seconds

     Processing Day/Time [YYYYDDD:HHMMSS]: 2017357:061200
       Which is Equivalent to (UTC): 6:12:00  Saturday,  Dec. 23, 2017
       Time-Step Length (HHMMSS): 000400
                 VDIFF completed...       0.5902 seconds
                COUPLE completed...       0.0529 seconds
                  HADV completed...       1.4078 seconds
                  ZADV completed...       0.2003 seconds
                 HDIFF completed...       0.1393 seconds
              DECOUPLE completed...       0.0332 seconds
                  PHOT completed...       0.1215 seconds
               CLDPROC completed...       0.1734 seconds
                  CHEM completed...       0.4366 seconds
                  AERO completed...       0.5269 seconds
            Master Time Step
            Processing completed...       3.6827 seconds

     Processing Day/Time [YYYYDDD:HHMMSS]: 2017357:061600
       Which is Equivalent to (UTC): 6:16:00  Saturday,  Dec. 23, 2017
       Time-Step Length (HHMMSS): 000400
                 VDIFF completed...       0.5958 seconds
                COUPLE completed...       0.0493 seconds
                  HADV completed...       1.4056 seconds
                  ZADV completed...       0.2001 seconds
                 HDIFF completed...       0.1393 seconds
              DECOUPLE completed...       0.0326 seconds
                  PHOT completed...       0.1221 seconds
               CLDPROC completed...       0.1740 seconds
                  CHEM completed...       0.4344 seconds
                  AERO completed...       0.5234 seconds
            Master Time Step
            Processing completed...       3.6774 seconds

     Processing Day/Time [YYYYDDD:HHMMSS]: 2017357:062000
       Which is Equivalent to (UTC): 6:20:00  Saturday,  Dec. 23, 2017
       Time-Step Length (HHMMSS): 000400
                 VDIFF completed...       0.6013 seconds
                COUPLE completed...       0.0544 seconds
                  HADV completed...       1.4066 seconds
                  ZADV completed...       0.2006 seconds
                 HDIFF completed...       0.1382 seconds
              DECOUPLE completed...       0.0330 seconds
                  PHOT completed...       0.1216 seconds
               CLDPROC completed...       0.1735 seconds
                  CHEM completed...       0.4337 seconds
                  AERO completed...       0.5310 seconds
            Master Time Step
            Processing completed...       3.6946 seconds

     Processing Day/Time [YYYYDDD:HHMMSS]: 2017357:062400
       Which is Equivalent to (UTC): 6:24:00  Saturday,  Dec. 23, 2017
       Time-Step Length (HHMMSS): 000400
                 VDIFF completed...       0.5903 seconds
                COUPLE completed...       0.0479 seconds
                  HADV completed...       1.4183 seconds
                  ZADV completed...       0.2001 seconds
                 HDIFF completed...       0.1390 seconds
              DECOUPLE completed...       0.0325 seconds
                  PHOT completed...       0.1214 seconds
               CLDPROC completed...       0.1748 seconds
                  CHEM completed...       0.4345 seconds
                  AERO completed...       0.5311 seconds
            Master Time Step
            Processing completed...       3.6907 seconds

     Processing Day/Time [YYYYDDD:HHMMSS]: 2017357:062800
       Which is Equivalent to (UTC): 6:28:00  Saturday,  Dec. 23, 2017
       Time-Step Length (HHMMSS): 000400
                 VDIFF completed...       0.5884 seconds
                COUPLE completed...       0.0531 seconds
                  HADV completed...       1.4088 seconds
                  ZADV completed...       0.1995 seconds
                 HDIFF completed...       0.1398 seconds
              DECOUPLE completed...       0.0328 seconds
                  PHOT completed...       0.1216 seconds
               CLDPROC completed...       0.1733 seconds
                  CHEM completed...       0.4328 seconds
                  AERO completed...       0.5314 seconds
            Master Time Step
            Processing completed...       3.6823 seconds

     Processing Day/Time [YYYYDDD:HHMMSS]: 2017357:063200
       Which is Equivalent to (UTC): 6:32:00  Saturday,  Dec. 23, 2017
       Time-Step Length (HHMMSS): 000400
                 VDIFF completed...       0.5880 seconds
                COUPLE completed...       0.0500 seconds
                  HADV completed...       1.5925 seconds
                  ZADV completed...       0.2011 seconds
                 HDIFF completed...       0.1382 seconds
              DECOUPLE completed...       0.0330 seconds
                  PHOT completed...       0.1219 seconds
               CLDPROC completed...       0.1730 seconds
                  CHEM completed...       0.4337 seconds
                  AERO completed...       0.5217 seconds
            Master Time Step
            Processing completed...       3.8539 seconds

     Processing Day/Time [YYYYDDD:HHMMSS]: 2017357:063600
       Which is Equivalent to (UTC): 6:36:00  Saturday,  Dec. 23, 2017
       Time-Step Length (HHMMSS): 000400
                 VDIFF completed...       0.5972 seconds
                COUPLE completed...       0.0537 seconds
                  HADV completed...       1.4038 seconds
                  ZADV completed...       0.1999 seconds
                 HDIFF completed...       0.1387 seconds
              DECOUPLE completed...       0.0328 seconds
                  PHOT completed...       0.1216 seconds
               CLDPROC completed...       0.1742 seconds
                  CHEM completed...       0.4342 seconds
                  AERO completed...       0.5321 seconds
            Master Time Step
            Processing completed...       3.6890 seconds

     Processing Day/Time [YYYYDDD:HHMMSS]: 2017357:064000
       Which is Equivalent to (UTC): 6:40:00  Saturday,  Dec. 23, 2017
       Time-Step Length (HHMMSS): 000400
                 VDIFF completed...       0.5929 seconds
                COUPLE completed...       0.0528 seconds
                  HADV completed...       1.3980 seconds
                  ZADV completed...       0.1999 seconds
                 HDIFF completed...       0.1389 seconds
              DECOUPLE completed...       0.0327 seconds
                  PHOT completed...       0.1219 seconds
               CLDPROC completed...       0.1732 seconds
                  CHEM completed...       0.4345 seconds
                  AERO completed...       0.5297 seconds
            Master Time Step
            Processing completed...       3.6753 seconds

     Processing Day/Time [YYYYDDD:HHMMSS]: 2017357:064400
       Which is Equivalent to (UTC): 6:44:00  Saturday,  Dec. 23, 2017
       Time-Step Length (HHMMSS): 000400
                 VDIFF completed...       0.6020 seconds
                COUPLE completed...       0.0505 seconds
                  HADV completed...       1.3895 seconds
                  ZADV completed...       0.2000 seconds
                 HDIFF completed...       0.1448 seconds
              DECOUPLE completed...       0.0328 seconds
                  PHOT completed...       0.1222 seconds
               CLDPROC completed...       0.1726 seconds
                  CHEM completed...       0.4339 seconds
                  AERO completed...       0.5356 seconds
            Master Time Step
            Processing completed...       3.6847 seconds

     Processing Day/Time [YYYYDDD:HHMMSS]: 2017357:064800
       Which is Equivalent to (UTC): 6:48:00  Saturday,  Dec. 23, 2017
       Time-Step Length (HHMMSS): 000400
                 VDIFF completed...       0.5862 seconds
                COUPLE completed...       0.0509 seconds
                  HADV completed...       1.3982 seconds
                  ZADV completed...       0.2002 seconds
                 HDIFF completed...       0.1391 seconds
              DECOUPLE completed...       0.0326 seconds
                  PHOT completed...       0.1216 seconds
               CLDPROC completed...       0.1735 seconds
                  CHEM completed...       0.4347 seconds
                  AERO completed...       0.5258 seconds
            Master Time Step
            Processing completed...       3.6635 seconds

     Processing Day/Time [YYYYDDD:HHMMSS]: 2017357:065200
       Which is Equivalent to (UTC): 6:52:00  Saturday,  Dec. 23, 2017
       Time-Step Length (HHMMSS): 000400
                 VDIFF completed...       0.6000 seconds
                COUPLE completed...       0.0508 seconds
                  HADV completed...       1.3923 seconds
                  ZADV completed...       0.2006 seconds
                 HDIFF completed...       0.1379 seconds
              DECOUPLE completed...       0.0333 seconds
                  PHOT completed...       0.1214 seconds
               CLDPROC completed...       0.1735 seconds
                  CHEM completed...       0.4342 seconds
                  AERO completed...       0.5319 seconds
            Master Time Step
            Processing completed...       3.6769 seconds

     Processing Day/Time [YYYYDDD:HHMMSS]: 2017357:065600
       Which is Equivalent to (UTC): 6:56:00  Saturday,  Dec. 23, 2017
       Time-Step Length (HHMMSS): 000400
                 VDIFF completed...       1.9725 seconds
                COUPLE completed...       0.1116 seconds
                  HADV completed...       0.8649 seconds
                  ZADV completed...       0.2006 seconds
                 HDIFF completed...       0.1384 seconds
              DECOUPLE completed...       0.0331 seconds
                  PHOT completed...       0.1208 seconds
               CLDPROC completed...       1.2438 seconds
                  CHEM completed...       0.4367 seconds
                  AERO completed...       0.5477 seconds
            Master Time Step
            Processing completed...       5.6743 seconds

      =--> Data Output completed...       1.4350 seconds

     Processing Day/Time [YYYYDDD:HHMMSS]: 2017357:070000
       Which is Equivalent to (UTC): 7:00:00  Saturday,  Dec. 23, 2017
       Time-Step Length (HHMMSS): 000500
                 VDIFF completed...       4.7261 seconds
                COUPLE completed...       0.0892 seconds
                  HADV completed...       2.8045 seconds
                  ZADV completed...       0.2012 seconds
                 HDIFF completed...       0.1406 seconds
              DECOUPLE completed...       0.0348 seconds
                  PHOT completed...       0.9738 seconds
               CLDPROC completed...       0.1796 seconds
                  CHEM completed...       0.4457 seconds
                  AERO completed...       0.5417 seconds
            Master Time Step
            Processing completed...      10.1420 seconds

     Processing Day/Time [YYYYDDD:HHMMSS]: 2017357:070500
       Which is Equivalent to (UTC): 7:05:00  Saturday,  Dec. 23, 2017
       Time-Step Length (HHMMSS): 000500
                 VDIFF completed...       0.5862 seconds
                COUPLE completed...       0.0457 seconds
                  HADV completed...       1.8696 seconds
                  ZADV completed...       0.2002 seconds
                 HDIFF completed...       0.1388 seconds
              DECOUPLE completed...       0.0328 seconds
                  PHOT completed...       0.1208 seconds
               CLDPROC completed...       0.1737 seconds
                  CHEM completed...       0.4419 seconds
                  AERO completed...       0.5479 seconds
            Master Time Step
            Processing completed...       4.1621 seconds

     Processing Day/Time [YYYYDDD:HHMMSS]: 2017357:071000
       Which is Equivalent to (UTC): 7:10:00  Saturday,  Dec. 23, 2017
       Time-Step Length (HHMMSS): 000500
                 VDIFF completed...       0.5852 seconds
                COUPLE completed...       0.0484 seconds
                  HADV completed...       1.8199 seconds
                  ZADV completed...       0.2005 seconds
                 HDIFF completed...       0.1375 seconds
              DECOUPLE completed...       0.0327 seconds
                  PHOT completed...       0.1211 seconds
               CLDPROC completed...       0.1747 seconds
                  CHEM completed...       0.4409 seconds
                  AERO completed...       0.5454 seconds
            Master Time Step
            Processing completed...       4.1109 seconds

     Processing Day/Time [YYYYDDD:HHMMSS]: 2017357:071500
       Which is Equivalent to (UTC): 7:15:00  Saturday,  Dec. 23, 2017
       Time-Step Length (HHMMSS): 000500
                 VDIFF completed...       0.5813 seconds
                COUPLE completed...       0.0477 seconds
                  HADV completed...       1.8360 seconds
                  ZADV completed...       0.2002 seconds
                 HDIFF completed...       0.1386 seconds
              DECOUPLE completed...       0.0331 seconds
                  PHOT completed...       0.1212 seconds
               CLDPROC completed...       0.1739 seconds
                  CHEM completed...       0.4398 seconds
                  AERO completed...       0.5500 seconds
            Master Time Step
            Processing completed...       4.1262 seconds

     Processing Day/Time [YYYYDDD:HHMMSS]: 2017357:072000
       Which is Equivalent to (UTC): 7:20:00  Saturday,  Dec. 23, 2017
       Time-Step Length (HHMMSS): 000500
                 VDIFF completed...       0.6020 seconds
                COUPLE completed...       0.0520 seconds
                  HADV completed...       1.8033 seconds
                  ZADV completed...       0.2005 seconds
                 HDIFF completed...       0.1371 seconds
              DECOUPLE completed...       0.0321 seconds
                  PHOT completed...       0.1216 seconds
               CLDPROC completed...       0.1755 seconds
                  CHEM completed...       0.4394 seconds
                  AERO completed...       0.5407 seconds
            Master Time Step
            Processing completed...       4.1085 seconds

     Processing Day/Time [YYYYDDD:HHMMSS]: 2017357:072500
       Which is Equivalent to (UTC): 7:25:00  Saturday,  Dec. 23, 2017
       Time-Step Length (HHMMSS): 000500
                 VDIFF completed...       0.5832 seconds
                COUPLE completed...       0.0449 seconds
                  HADV completed...       2.0287 seconds
                  ZADV completed...       0.1997 seconds
                 HDIFF completed...       0.1398 seconds
              DECOUPLE completed...       0.0338 seconds
                  PHOT completed...       0.1201 seconds
               CLDPROC completed...       0.1742 seconds
                  CHEM completed...       0.4385 seconds
                  AERO completed...       0.5440 seconds
            Master Time Step
            Processing completed...       4.3114 seconds

     Processing Day/Time [YYYYDDD:HHMMSS]: 2017357:073000
       Which is Equivalent to (UTC): 7:30:00  Saturday,  Dec. 23, 2017
       Time-Step Length (HHMMSS): 000500
                 VDIFF completed...       0.5806 seconds
                COUPLE completed...       0.0460 seconds
                  HADV completed...       1.8453 seconds
                  ZADV completed...       0.2006 seconds
                 HDIFF completed...       0.1377 seconds
              DECOUPLE completed...       0.0335 seconds
                  PHOT completed...       0.1202 seconds
               CLDPROC completed...       0.1746 seconds
                  CHEM completed...       0.4383 seconds
                  AERO completed...       0.5505 seconds
            Master Time Step
            Processing completed...       4.1321 seconds

     Processing Day/Time [YYYYDDD:HHMMSS]: 2017357:073500
       Which is Equivalent to (UTC): 7:35:00  Saturday,  Dec. 23, 2017
       Time-Step Length (HHMMSS): 000500
                 VDIFF completed...       0.5769 seconds
                COUPLE completed...       0.0468 seconds
                  HADV completed...       1.8375 seconds
                  ZADV completed...       0.1970 seconds
                 HDIFF completed...       0.1381 seconds
              DECOUPLE completed...       0.0328 seconds
                  PHOT completed...       0.1206 seconds
               CLDPROC completed...       0.1759 seconds
                  CHEM completed...       0.4381 seconds
                  AERO completed...       0.5489 seconds
            Master Time Step
            Processing completed...       4.1170 seconds

     Processing Day/Time [YYYYDDD:HHMMSS]: 2017357:074000
       Which is Equivalent to (UTC): 7:40:00  Saturday,  Dec. 23, 2017
       Time-Step Length (HHMMSS): 000500
                 VDIFF completed...       0.5747 seconds
                COUPLE completed...       0.0445 seconds
                  HADV completed...       1.8390 seconds
                  ZADV completed...       0.2007 seconds
                 HDIFF completed...       0.1379 seconds
              DECOUPLE completed...       0.0333 seconds
                  PHOT completed...       0.1207 seconds
               CLDPROC completed...       0.1745 seconds
                  CHEM completed...       0.4389 seconds
                  AERO completed...       0.5488 seconds
            Master Time Step
            Processing completed...       4.1171 seconds

     Processing Day/Time [YYYYDDD:HHMMSS]: 2017357:074500
       Which is Equivalent to (UTC): 7:45:00  Saturday,  Dec. 23, 2017
       Time-Step Length (HHMMSS): 000500
                 VDIFF completed...       0.5792 seconds
                COUPLE completed...       0.0460 seconds
                  HADV completed...       1.8272 seconds
                  ZADV completed...       0.2005 seconds
                 HDIFF completed...       0.1393 seconds
              DECOUPLE completed...       0.0333 seconds
                  PHOT completed...       0.1208 seconds
               CLDPROC completed...       0.1733 seconds
                  CHEM completed...       0.4378 seconds
                  AERO completed...       0.5509 seconds
            Master Time Step
            Processing completed...       4.1125 seconds

     Processing Day/Time [YYYYDDD:HHMMSS]: 2017357:075000
       Which is Equivalent to (UTC): 7:50:00  Saturday,  Dec. 23, 2017
       Time-Step Length (HHMMSS): 000500
                 VDIFF completed...       0.5762 seconds
                COUPLE completed...       0.0420 seconds
                  HADV completed...       1.8349 seconds
                  ZADV completed...       0.2010 seconds
                 HDIFF completed...       0.1378 seconds
              DECOUPLE completed...       0.0333 seconds
                  PHOT completed...       0.1209 seconds
               CLDPROC completed...       0.1738 seconds
                  CHEM completed...       0.4373 seconds
                  AERO completed...       0.5489 seconds
            Master Time Step
            Processing completed...       4.1110 seconds

     Processing Day/Time [YYYYDDD:HHMMSS]: 2017357:075500
       Which is Equivalent to (UTC): 7:55:00  Saturday,  Dec. 23, 2017
       Time-Step Length (HHMMSS): 000500
                 VDIFF completed...       1.9843 seconds
                COUPLE completed...       0.1112 seconds
                  HADV completed...       1.2949 seconds
                  ZADV completed...       0.2003 seconds
                 HDIFF completed...       0.1387 seconds
              DECOUPLE completed...       0.0334 seconds
                  PHOT completed...       0.1204 seconds
               CLDPROC completed...       1.2436 seconds
                  CHEM completed...       0.4344 seconds
                  AERO completed...       0.5695 seconds
            Master Time Step
            Processing completed...       6.1365 seconds

      =--> Data Output completed...       1.4883 seconds

     Processing Day/Time [YYYYDDD:HHMMSS]: 2017357:080000
       Which is Equivalent to (UTC): 8:00:00  Saturday,  Dec. 23, 2017
       Time-Step Length (HHMMSS): 000500
                 VDIFF completed...       4.8995 seconds
                COUPLE completed...       0.0963 seconds
                  HADV completed...       2.8300 seconds
                  ZADV completed...       0.2010 seconds
                 HDIFF completed...       0.1381 seconds
              DECOUPLE completed...       0.0340 seconds
                  PHOT completed...       1.0304 seconds
               CLDPROC completed...       0.1827 seconds
                  CHEM completed...       0.4423 seconds
                  AERO completed...       0.5468 seconds
            Master Time Step
            Processing completed...      10.4058 seconds

     Processing Day/Time [YYYYDDD:HHMMSS]: 2017357:080500
       Which is Equivalent to (UTC): 8:05:00  Saturday,  Dec. 23, 2017
       Time-Step Length (HHMMSS): 000500
                 VDIFF completed...       0.5887 seconds
                COUPLE completed...       0.0522 seconds
                  HADV completed...       3.9526 seconds
                  ZADV completed...       0.1936 seconds
                 HDIFF completed...       0.3289 seconds
              DECOUPLE completed...       0.0413 seconds
                  PHOT completed...       0.1092 seconds
               CLDPROC completed...       0.1732 seconds
                  CHEM completed...       0.4327 seconds
                  AERO completed...       0.5499 seconds
            Master Time Step
            Processing completed...       6.4265 seconds

     Processing Day/Time [YYYYDDD:HHMMSS]: 2017357:081000
       Which is Equivalent to (UTC): 8:10:00  Saturday,  Dec. 23, 2017
       Time-Step Length (HHMMSS): 000500
                 VDIFF completed...       0.5396 seconds
                COUPLE completed...       0.0469 seconds
                  HADV completed...       1.8892 seconds
                  ZADV completed...       0.2007 seconds
                 HDIFF completed...       0.1386 seconds
              DECOUPLE completed...       0.0336 seconds
                  PHOT completed...       0.1211 seconds
               CLDPROC completed...       0.1743 seconds
                  CHEM completed...       0.4367 seconds
                  AERO completed...       0.5517 seconds
            Master Time Step
            Processing completed...       4.1369 seconds

     Processing Day/Time [YYYYDDD:HHMMSS]: 2017357:081500
       Which is Equivalent to (UTC): 8:15:00  Saturday,  Dec. 23, 2017
       Time-Step Length (HHMMSS): 000500
                 VDIFF completed...       0.5862 seconds
                COUPLE completed...       0.0488 seconds
                  HADV completed...       2.8965 seconds
                  ZADV completed...       0.1997 seconds
                 HDIFF completed...       0.2347 seconds
              DECOUPLE completed...       0.0354 seconds
                  PHOT completed...       0.1201 seconds
               CLDPROC completed...       0.1757 seconds
                  CHEM completed...       0.4356 seconds
                  AERO completed...       0.5544 seconds
            Master Time Step
            Processing completed...       5.2894 seconds

     Processing Day/Time [YYYYDDD:HHMMSS]: 2017357:082000
       Which is Equivalent to (UTC): 8:20:00  Saturday,  Dec. 23, 2017
       Time-Step Length (HHMMSS): 000500
                 VDIFF completed...       0.5884 seconds
                COUPLE completed...       0.0541 seconds
                  HADV completed...       2.0355 seconds
                  ZADV completed...       0.2006 seconds
                 HDIFF completed...       0.1386 seconds
              DECOUPLE completed...       0.0337 seconds
                  PHOT completed...       0.1207 seconds
               CLDPROC completed...       0.1748 seconds
                  CHEM completed...       0.4348 seconds
                  AERO completed...       0.5566 seconds
            Master Time Step
            Processing completed...       4.3418 seconds

     Processing Day/Time [YYYYDDD:HHMMSS]: 2017357:082500
       Which is Equivalent to (UTC): 8:25:00  Saturday,  Dec. 23, 2017
       Time-Step Length (HHMMSS): 000500
                 VDIFF completed...       0.5827 seconds
                COUPLE completed...       0.0534 seconds
                  HADV completed...       1.8167 seconds
                  ZADV completed...       0.2002 seconds
                 HDIFF completed...       0.1399 seconds
              DECOUPLE completed...       0.0339 seconds
                  PHOT completed...       0.1203 seconds
               CLDPROC completed...       0.1752 seconds
                  CHEM completed...       0.4339 seconds
                  AERO completed...       0.5451 seconds
            Master Time Step
            Processing completed...       4.1058 seconds

     Processing Day/Time [YYYYDDD:HHMMSS]: 2017357:083000
       Which is Equivalent to (UTC): 8:30:00  Saturday,  Dec. 23, 2017
       Time-Step Length (HHMMSS): 000500
                 VDIFF completed...       0.5980 seconds
                COUPLE completed...       0.0531 seconds
                  HADV completed...       1.8209 seconds
                  ZADV completed...       0.2005 seconds
                 HDIFF completed...       0.1390 seconds
              DECOUPLE completed...       0.0335 seconds
                  PHOT completed...       0.1204 seconds
               CLDPROC completed...       0.1750 seconds
                  CHEM completed...       0.4343 seconds
                  AERO completed...       0.5550 seconds
            Master Time Step
            Processing completed...       4.1339 seconds

     Processing Day/Time [YYYYDDD:HHMMSS]: 2017357:083500
       Which is Equivalent to (UTC): 8:35:00  Saturday,  Dec. 23, 2017
       Time-Step Length (HHMMSS): 000500
                 VDIFF completed...       0.5832 seconds
                COUPLE completed...       0.0532 seconds
                  HADV completed...       1.8170 seconds
                  ZADV completed...       0.2004 seconds
                 HDIFF completed...       0.1472 seconds
              DECOUPLE completed...       0.0411 seconds
                  PHOT completed...       0.1087 seconds
               CLDPROC completed...       0.1720 seconds
                  CHEM completed...       0.4310 seconds
                  AERO completed...       0.5603 seconds
            Master Time Step
            Processing completed...       4.1175 seconds

     Processing Day/Time [YYYYDDD:HHMMSS]: 2017357:084000
       Which is Equivalent to (UTC): 8:40:00  Saturday,  Dec. 23, 2017
       Time-Step Length (HHMMSS): 000500
                 VDIFF completed...       0.5812 seconds
                COUPLE completed...       0.0524 seconds
                  HADV completed...       2.0583 seconds
                  ZADV completed...       0.2006 seconds
                 HDIFF completed...       0.1392 seconds
              DECOUPLE completed...       0.0333 seconds
                  PHOT completed...       0.1204 seconds
               CLDPROC completed...       0.1730 seconds
                  CHEM completed...       0.4402 seconds
                  AERO completed...       0.5596 seconds
            Master Time Step
            Processing completed...       4.3625 seconds

     Processing Day/Time [YYYYDDD:HHMMSS]: 2017357:084500
       Which is Equivalent to (UTC): 8:45:00  Saturday,  Dec. 23, 2017
       Time-Step Length (HHMMSS): 000500
                 VDIFF completed...       0.5710 seconds
                COUPLE completed...       0.0519 seconds
                  HADV completed...       1.8215 seconds
                  ZADV completed...       0.2001 seconds
                 HDIFF completed...       0.1397 seconds
              DECOUPLE completed...       0.0336 seconds
                  PHOT completed...       0.1207 seconds
               CLDPROC completed...       0.1727 seconds
                  CHEM completed...       0.4359 seconds
                  AERO completed...       0.5842 seconds
            Master Time Step
            Processing completed...       4.1356 seconds

     Processing Day/Time [YYYYDDD:HHMMSS]: 2017357:085000
       Which is Equivalent to (UTC): 8:50:00  Saturday,  Dec. 23, 2017
       Time-Step Length (HHMMSS): 000500
                 VDIFF completed...       0.5617 seconds
                COUPLE completed...       0.0552 seconds
                  HADV completed...       1.8101 seconds
                  ZADV completed...       0.2007 seconds
                 HDIFF completed...       0.1387 seconds
              DECOUPLE completed...       0.0337 seconds
                  PHOT completed...       0.1205 seconds
               CLDPROC completed...       0.1724 seconds
                  CHEM completed...       0.4357 seconds
                  AERO completed...       0.5506 seconds
            Master Time Step
            Processing completed...       4.0835 seconds

     Processing Day/Time [YYYYDDD:HHMMSS]: 2017357:085500
       Which is Equivalent to (UTC): 8:55:00  Saturday,  Dec. 23, 2017
       Time-Step Length (HHMMSS): 000500
                 VDIFF completed...       2.0080 seconds
                COUPLE completed...       0.1115 seconds
                  HADV completed...       1.2981 seconds
                  ZADV completed...       0.2005 seconds
                 HDIFF completed...       0.1401 seconds
              DECOUPLE completed...       0.0343 seconds
                  PHOT completed...       0.1200 seconds
               CLDPROC completed...       1.3035 seconds
                  CHEM completed...       0.4357 seconds
                  AERO completed...       0.5729 seconds
            Master Time Step
            Processing completed...       6.2299 seconds

      =--> Data Output completed...       1.5030 seconds

     Processing Day/Time [YYYYDDD:HHMMSS]: 2017357:090000
       Which is Equivalent to (UTC): 9:00:00  Saturday,  Dec. 23, 2017
       Time-Step Length (HHMMSS): 000400
                 VDIFF completed...       4.6411 seconds
                COUPLE completed...       0.0990 seconds
                  HADV completed...       2.6326 seconds
                  ZADV completed...       0.2005 seconds
                 HDIFF completed...       0.1376 seconds
              DECOUPLE completed...       0.0337 seconds
                  PHOT completed...       1.0800 seconds
               CLDPROC completed...       0.1684 seconds
                  CHEM completed...       0.4311 seconds
                  AERO completed...       0.5443 seconds
            Master Time Step
            Processing completed...       9.9720 seconds

     Processing Day/Time [YYYYDDD:HHMMSS]: 2017357:090400
       Which is Equivalent to (UTC): 9:04:00  Saturday,  Dec. 23, 2017
       Time-Step Length (HHMMSS): 000400
                 VDIFF completed...       0.6156 seconds
                COUPLE completed...       0.0658 seconds
                  HADV completed...       1.3200 seconds
                  ZADV completed...       0.2006 seconds
                 HDIFF completed...       0.1395 seconds
              DECOUPLE completed...       0.0328 seconds
                  PHOT completed...       0.1217 seconds
               CLDPROC completed...       0.1731 seconds
                  CHEM completed...       0.4280 seconds
                  AERO completed...       0.5482 seconds
            Master Time Step
            Processing completed...       3.6481 seconds

     Processing Day/Time [YYYYDDD:HHMMSS]: 2017357:090800
       Which is Equivalent to (UTC): 9:08:00  Saturday,  Dec. 23, 2017
       Time-Step Length (HHMMSS): 000400
                 VDIFF completed...       0.5866 seconds
                COUPLE completed...       0.0587 seconds
                  HADV completed...       1.4403 seconds
                  ZADV completed...       0.2002 seconds
                 HDIFF completed...       0.3721 seconds
              DECOUPLE completed...       0.0216 seconds
                  PHOT completed...       0.0559 seconds
               CLDPROC completed...       0.1455 seconds
                  CHEM completed...       0.3764 seconds
                  AERO completed...       0.5532 seconds
            Master Time Step
            Processing completed...       3.8113 seconds

     Processing Day/Time [YYYYDDD:HHMMSS]: 2017357:091200
       Which is Equivalent to (UTC): 9:12:00  Saturday,  Dec. 23, 2017
       Time-Step Length (HHMMSS): 000400
                 VDIFF completed...       0.5241 seconds
                COUPLE completed...       0.0702 seconds
                  HADV completed...       1.4686 seconds
                  ZADV completed...       0.2003 seconds
                 HDIFF completed...       0.1397 seconds
              DECOUPLE completed...       0.0345 seconds
                  PHOT completed...       0.1215 seconds
               CLDPROC completed...       0.1714 seconds
                  CHEM completed...       0.4284 seconds
                  AERO completed...       0.5501 seconds
            Master Time Step
            Processing completed...       3.7097 seconds

     Processing Day/Time [YYYYDDD:HHMMSS]: 2017357:091600
       Which is Equivalent to (UTC): 9:16:00  Saturday,  Dec. 23, 2017
       Time-Step Length (HHMMSS): 000400
                 VDIFF completed...       0.5881 seconds
                COUPLE completed...       0.0579 seconds
                  HADV completed...       1.4438 seconds
                  ZADV completed...       0.2006 seconds
                 HDIFF completed...       0.1386 seconds
              DECOUPLE completed...       0.0335 seconds
                  PHOT completed...       0.1212 seconds
               CLDPROC completed...       0.1716 seconds
                  CHEM completed...       0.4275 seconds
                  AERO completed...       0.5439 seconds
            Master Time Step
            Processing completed...       3.7277 seconds

     Processing Day/Time [YYYYDDD:HHMMSS]: 2017357:092000
       Which is Equivalent to (UTC): 9:20:00  Saturday,  Dec. 23, 2017
       Time-Step Length (HHMMSS): 000400
                 VDIFF completed...       0.5806 seconds
                COUPLE completed...       0.0581 seconds
                  HADV completed...       1.4761 seconds
                  ZADV completed...       0.2002 seconds
                 HDIFF completed...       0.1391 seconds
              DECOUPLE completed...       0.0336 seconds
                  PHOT completed...       0.1212 seconds
               CLDPROC completed...       0.1725 seconds
                  CHEM completed...       0.4277 seconds
                  AERO completed...       0.5463 seconds
            Master Time Step
            Processing completed...       3.7568 seconds

     Processing Day/Time [YYYYDDD:HHMMSS]: 2017357:092400
       Which is Equivalent to (UTC): 9:24:00  Saturday,  Dec. 23, 2017
       Time-Step Length (HHMMSS): 000400
                 VDIFF completed...       0.5927 seconds
                COUPLE completed...       0.0576 seconds
                  HADV completed...       1.4382 seconds
                  ZADV completed...       0.2006 seconds
                 HDIFF completed...       0.1383 seconds
              DECOUPLE completed...       0.0336 seconds
                  PHOT completed...       0.1218 seconds
               CLDPROC completed...       0.1716 seconds
                  CHEM completed...       0.4276 seconds
                  AERO completed...       0.5472 seconds
            Master Time Step
            Processing completed...       3.7304 seconds

     Processing Day/Time [YYYYDDD:HHMMSS]: 2017357:092800
       Which is Equivalent to (UTC): 9:28:00  Saturday,  Dec. 23, 2017
       Time-Step Length (HHMMSS): 000400
                 VDIFF completed...       0.5885 seconds
                COUPLE completed...       0.0591 seconds
                  HADV completed...       1.4509 seconds
                  ZADV completed...       0.1996 seconds
                 HDIFF completed...       0.1402 seconds
              DECOUPLE completed...       0.0335 seconds
                  PHOT completed...       0.1208 seconds
               CLDPROC completed...       0.1704 seconds
                  CHEM completed...       0.4267 seconds
                  AERO completed...       0.5498 seconds
            Master Time Step
            Processing completed...       3.7441 seconds

     Processing Day/Time [YYYYDDD:HHMMSS]: 2017357:093200
       Which is Equivalent to (UTC): 9:32:00  Saturday,  Dec. 23, 2017
       Time-Step Length (HHMMSS): 000400
                 VDIFF completed...       0.6039 seconds
                COUPLE completed...       0.0554 seconds
                  HADV completed...       1.5553 seconds
                  ZADV completed...       0.1932 seconds
                 HDIFF completed...       0.2741 seconds
              DECOUPLE completed...       0.0353 seconds
                  PHOT completed...       0.1200 seconds
               CLDPROC completed...       0.1707 seconds
                  CHEM completed...       0.4261 seconds
                  AERO completed...       0.5467 seconds
            Master Time Step
            Processing completed...       3.9851 seconds

     Processing Day/Time [YYYYDDD:HHMMSS]: 2017357:093600
       Which is Equivalent to (UTC): 9:36:00  Saturday,  Dec. 23, 2017
       Time-Step Length (HHMMSS): 000400
                 VDIFF completed...       0.5926 seconds
                COUPLE completed...       0.0574 seconds
                  HADV completed...       1.4314 seconds
                  ZADV completed...       0.2001 seconds
                 HDIFF completed...       0.1388 seconds
              DECOUPLE completed...       0.0336 seconds
                  PHOT completed...       0.1206 seconds
               CLDPROC completed...       0.1735 seconds
                  CHEM completed...       0.4263 seconds
                  AERO completed...       0.5512 seconds
            Master Time Step
            Processing completed...       3.7288 seconds

     Processing Day/Time [YYYYDDD:HHMMSS]: 2017357:094000
       Which is Equivalent to (UTC): 9:40:00  Saturday,  Dec. 23, 2017
       Time-Step Length (HHMMSS): 000400
                 VDIFF completed...       0.5853 seconds
                COUPLE completed...       0.0558 seconds
                  HADV completed...       1.4352 seconds
                  ZADV completed...       0.2007 seconds
                 HDIFF completed...       0.1383 seconds
              DECOUPLE completed...       0.0335 seconds
                  PHOT completed...       0.1223 seconds
               CLDPROC completed...       0.1732 seconds
                  CHEM completed...       0.4257 seconds
                  AERO completed...       0.5488 seconds
            Master Time Step
            Processing completed...       3.7206 seconds

     Processing Day/Time [YYYYDDD:HHMMSS]: 2017357:094400
       Which is Equivalent to (UTC): 9:44:00  Saturday,  Dec. 23, 2017
       Time-Step Length (HHMMSS): 000400
                 VDIFF completed...       0.5909 seconds
                COUPLE completed...       0.0572 seconds
                  HADV completed...       1.4253 seconds
                  ZADV completed...       0.2000 seconds
                 HDIFF completed...       0.1388 seconds
              DECOUPLE completed...       0.0335 seconds
                  PHOT completed...       0.1209 seconds
               CLDPROC completed...       0.1714 seconds
                  CHEM completed...       0.4263 seconds
                  AERO completed...       0.5697 seconds
            Master Time Step
            Processing completed...       3.7384 seconds

     Processing Day/Time [YYYYDDD:HHMMSS]: 2017357:094800
       Which is Equivalent to (UTC): 9:48:00  Saturday,  Dec. 23, 2017
       Time-Step Length (HHMMSS): 000400
                 VDIFF completed...       0.5708 seconds
                COUPLE completed...       0.0571 seconds
                  HADV completed...       1.4381 seconds
                  ZADV completed...       0.2007 seconds
                 HDIFF completed...       0.1374 seconds
              DECOUPLE completed...       0.0335 seconds
                  PHOT completed...       0.1208 seconds
               CLDPROC completed...       0.1728 seconds
                  CHEM completed...       0.4257 seconds
                  AERO completed...       0.5543 seconds
            Master Time Step
            Processing completed...       3.7158 seconds

     Processing Day/Time [YYYYDDD:HHMMSS]: 2017357:095200
       Which is Equivalent to (UTC): 9:52:00  Saturday,  Dec. 23, 2017
       Time-Step Length (HHMMSS): 000400
                 VDIFF completed...       0.5838 seconds
                COUPLE completed...       0.0605 seconds
                  HADV completed...       1.4395 seconds
                  ZADV completed...       0.2000 seconds
                 HDIFF completed...       0.1388 seconds
              DECOUPLE completed...       0.0333 seconds
                  PHOT completed...       0.1218 seconds
               CLDPROC completed...       0.1727 seconds
                  CHEM completed...       0.4268 seconds
                  AERO completed...       0.5440 seconds
            Master Time Step
            Processing completed...       3.7236 seconds

     Processing Day/Time [YYYYDDD:HHMMSS]: 2017357:095600
       Which is Equivalent to (UTC): 9:56:00  Saturday,  Dec. 23, 2017
       Time-Step Length (HHMMSS): 000400
                 VDIFF completed...       2.0237 seconds
                COUPLE completed...       0.1107 seconds
                  HADV completed...       0.9219 seconds
                  ZADV completed...       0.2007 seconds
                 HDIFF completed...       0.1379 seconds
              DECOUPLE completed...       0.0333 seconds
                  PHOT completed...       0.1208 seconds
               CLDPROC completed...       1.2608 seconds
                  CHEM completed...       0.4303 seconds
                  AERO completed...       0.5588 seconds
            Master Time Step
            Processing completed...       5.8038 seconds

      =--> Data Output completed...       1.4833 seconds

     Processing Day/Time [YYYYDDD:HHMMSS]: 2017357:100000
       Which is Equivalent to (UTC): 10:00:00 Saturday,  Dec. 23, 2017
       Time-Step Length (HHMMSS): 000400
                 VDIFF completed...       4.6440 seconds
                COUPLE completed...       0.1008 seconds
                  HADV completed...       2.4650 seconds
                  ZADV completed...       0.2001 seconds
                 HDIFF completed...       0.1390 seconds
              DECOUPLE completed...       0.0333 seconds
                  PHOT completed...       0.9582 seconds
               CLDPROC completed...       0.1814 seconds
                  CHEM completed...       0.4293 seconds
                  AERO completed...       0.5575 seconds
            Master Time Step
            Processing completed...       9.7135 seconds

     Processing Day/Time [YYYYDDD:HHMMSS]: 2017357:100400
       Which is Equivalent to (UTC): 10:04:00 Saturday,  Dec. 23, 2017
       Time-Step Length (HHMMSS): 000400
                 VDIFF completed...       0.6205 seconds
                COUPLE completed...       0.0703 seconds
                  HADV completed...       1.3029 seconds
                  ZADV completed...       0.2004 seconds
                 HDIFF completed...       0.1379 seconds
              DECOUPLE completed...       0.0338 seconds
                  PHOT completed...       0.1202 seconds
               CLDPROC completed...       0.1715 seconds
                  CHEM completed...       0.4250 seconds
                  AERO completed...       0.5555 seconds
            Master Time Step
            Processing completed...       3.6425 seconds

     Processing Day/Time [YYYYDDD:HHMMSS]: 2017357:100800
       Which is Equivalent to (UTC): 10:08:00 Saturday,  Dec. 23, 2017
       Time-Step Length (HHMMSS): 000400
                 VDIFF completed...       0.5998 seconds
                COUPLE completed...       0.0652 seconds
                  HADV completed...       1.4146 seconds
                  ZADV completed...       0.1999 seconds
                 HDIFF completed...       0.1392 seconds
              DECOUPLE completed...       0.0331 seconds
                  PHOT completed...       0.1212 seconds
               CLDPROC completed...       0.1719 seconds
                  CHEM completed...       0.4254 seconds
                  AERO completed...       0.5478 seconds
            Master Time Step
            Processing completed...       3.7227 seconds

     Processing Day/Time [YYYYDDD:HHMMSS]: 2017357:101200
       Which is Equivalent to (UTC): 10:12:00 Saturday,  Dec. 23, 2017
       Time-Step Length (HHMMSS): 000400
                 VDIFF completed...       0.6049 seconds
                COUPLE completed...       0.0668 seconds
                  HADV completed...       1.4148 seconds
                  ZADV completed...       0.2003 seconds
                 HDIFF completed...       0.1383 seconds
              DECOUPLE completed...       0.0325 seconds
                  PHOT completed...       0.1215 seconds
               CLDPROC completed...       0.1720 seconds
                  CHEM completed...       0.4262 seconds
                  AERO completed...       0.5509 seconds
            Master Time Step
            Processing completed...       3.7328 seconds

     Processing Day/Time [YYYYDDD:HHMMSS]: 2017357:101600
       Which is Equivalent to (UTC): 10:16:00 Saturday,  Dec. 23, 2017
       Time-Step Length (HHMMSS): 000400
                 VDIFF completed...       0.6027 seconds
                COUPLE completed...       0.0633 seconds
                  HADV completed...       1.4137 seconds
                  ZADV completed...       0.2003 seconds
                 HDIFF completed...       0.1378 seconds
              DECOUPLE completed...       0.0326 seconds
                  PHOT completed...       0.1215 seconds
               CLDPROC completed...       0.1734 seconds
                  CHEM completed...       0.4249 seconds
                  AERO completed...       0.5460 seconds
            Master Time Step
            Processing completed...       3.7203 seconds

     Processing Day/Time [YYYYDDD:HHMMSS]: 2017357:102000
       Which is Equivalent to (UTC): 10:20:00 Saturday,  Dec. 23, 2017
       Time-Step Length (HHMMSS): 000400
                 VDIFF completed...       0.6132 seconds
                COUPLE completed...       0.0622 seconds
                  HADV completed...       1.4106 seconds
                  ZADV completed...       0.2001 seconds
                 HDIFF completed...       0.1372 seconds
              DECOUPLE completed...       0.0330 seconds
                  PHOT completed...       0.1213 seconds
               CLDPROC completed...       0.1732 seconds
                  CHEM completed...       0.4230 seconds
                  AERO completed...       0.5573 seconds
            Master Time Step
            Processing completed...       3.7360 seconds

     Processing Day/Time [YYYYDDD:HHMMSS]: 2017357:102400
       Which is Equivalent to (UTC): 10:24:00 Saturday,  Dec. 23, 2017
       Time-Step Length (HHMMSS): 000400
                 VDIFF completed...       0.5934 seconds
                COUPLE completed...       0.0653 seconds
                  HADV completed...       1.4198 seconds
                  ZADV completed...       0.2001 seconds
                 HDIFF completed...       0.1394 seconds
              DECOUPLE completed...       0.0335 seconds
                  PHOT completed...       0.1205 seconds
               CLDPROC completed...       0.1724 seconds
                  CHEM completed...       0.4248 seconds
                  AERO completed...       0.5533 seconds
            Master Time Step
            Processing completed...       3.7274 seconds

     Processing Day/Time [YYYYDDD:HHMMSS]: 2017357:102800
       Which is Equivalent to (UTC): 10:28:00 Saturday,  Dec. 23, 2017
       Time-Step Length (HHMMSS): 000400
                 VDIFF completed...       0.6011 seconds
                COUPLE completed...       0.0650 seconds
                  HADV completed...       1.4300 seconds
                  ZADV completed...       0.2007 seconds
                 HDIFF completed...       0.1381 seconds
              DECOUPLE completed...       0.0339 seconds
                  PHOT completed...       0.1203 seconds
               CLDPROC completed...       0.1717 seconds
                  CHEM completed...       0.4238 seconds
                  AERO completed...       0.5576 seconds
            Master Time Step
            Processing completed...       3.7469 seconds

     Processing Day/Time [YYYYDDD:HHMMSS]: 2017357:103200
       Which is Equivalent to (UTC): 10:32:00 Saturday,  Dec. 23, 2017
       Time-Step Length (HHMMSS): 000400
                 VDIFF completed...       0.6001 seconds
                COUPLE completed...       0.0665 seconds
                  HADV completed...       1.4134 seconds
                  ZADV completed...       0.1999 seconds
                 HDIFF completed...       0.1394 seconds
              DECOUPLE completed...       0.0331 seconds
                  PHOT completed...       0.1216 seconds
               CLDPROC completed...       0.1726 seconds
                  CHEM completed...       0.4252 seconds
                  AERO completed...       0.5493 seconds
            Master Time Step
            Processing completed...       3.7248 seconds

     Processing Day/Time [YYYYDDD:HHMMSS]: 2017357:103600
       Which is Equivalent to (UTC): 10:36:00 Saturday,  Dec. 23, 2017
       Time-Step Length (HHMMSS): 000400
                 VDIFF completed...       0.6077 seconds
                COUPLE completed...       0.0672 seconds
                  HADV completed...       1.4112 seconds
                  ZADV completed...       0.2002 seconds
                 HDIFF completed...       0.1379 seconds
              DECOUPLE completed...       0.0330 seconds
                  PHOT completed...       0.1210 seconds
               CLDPROC completed...       0.1720 seconds
                  CHEM completed...       0.4252 seconds
                  AERO completed...       0.5618 seconds
            Master Time Step
            Processing completed...       3.7423 seconds

     Processing Day/Time [YYYYDDD:HHMMSS]: 2017357:104000
       Which is Equivalent to (UTC): 10:40:00 Saturday,  Dec. 23, 2017
       Time-Step Length (HHMMSS): 000400
                 VDIFF completed...       0.6007 seconds
                COUPLE completed...       0.0681 seconds
                  HADV completed...       1.4043 seconds
                  ZADV completed...       0.2002 seconds
                 HDIFF completed...       0.1399 seconds
              DECOUPLE completed...       0.0334 seconds
                  PHOT completed...       0.1202 seconds
               CLDPROC completed...       0.1713 seconds
                  CHEM completed...       0.4233 seconds
                  AERO completed...       0.5608 seconds
            Master Time Step
            Processing completed...       3.7270 seconds

     Processing Day/Time [YYYYDDD:HHMMSS]: 2017357:104400
       Which is Equivalent to (UTC): 10:44:00 Saturday,  Dec. 23, 2017
       Time-Step Length (HHMMSS): 000400
                 VDIFF completed...       0.6036 seconds
                COUPLE completed...       0.0690 seconds
                  HADV completed...       1.4038 seconds
                  ZADV completed...       0.2003 seconds
                 HDIFF completed...       0.1376 seconds
              DECOUPLE completed...       0.0331 seconds
                  PHOT completed...       0.1214 seconds
               CLDPROC completed...       0.1717 seconds
                  CHEM completed...       0.4241 seconds
                  AERO completed...       0.5593 seconds
            Master Time Step
            Processing completed...       3.7278 seconds

     Processing Day/Time [YYYYDDD:HHMMSS]: 2017357:104800
       Which is Equivalent to (UTC): 10:48:00 Saturday,  Dec. 23, 2017
       Time-Step Length (HHMMSS): 000400
                 VDIFF completed...       0.6057 seconds
                COUPLE completed...       0.0696 seconds
                  HADV completed...       1.4155 seconds
                  ZADV completed...       0.2003 seconds
                 HDIFF completed...       0.1394 seconds
              DECOUPLE completed...       0.0329 seconds
                  PHOT completed...       0.1206 seconds
               CLDPROC completed...       0.1726 seconds
                  CHEM completed...       0.4247 seconds
                  AERO completed...       0.5622 seconds
            Master Time Step
            Processing completed...       3.7483 seconds

     Processing Day/Time [YYYYDDD:HHMMSS]: 2017357:105200
       Which is Equivalent to (UTC): 10:52:00 Saturday,  Dec. 23, 2017
       Time-Step Length (HHMMSS): 000400
                 VDIFF completed...       0.6006 seconds
                COUPLE completed...       0.0684 seconds
                  HADV completed...       1.3959 seconds
                  ZADV completed...       0.2001 seconds
                 HDIFF completed...       0.1391 seconds
              DECOUPLE completed...       0.0334 seconds
                  PHOT completed...       0.1202 seconds
               CLDPROC completed...       0.1716 seconds
                  CHEM completed...       0.4259 seconds
                  AERO completed...       0.5807 seconds
            Master Time Step
            Processing completed...       3.7407 seconds

     Processing Day/Time [YYYYDDD:HHMMSS]: 2017357:105600
       Which is Equivalent to (UTC): 10:56:00 Saturday,  Dec. 23, 2017
       Time-Step Length (HHMMSS): 000400
                 VDIFF completed...       1.9719 seconds
                COUPLE completed...       0.1116 seconds
                  HADV completed...       0.9212 seconds
                  ZADV completed...       0.2006 seconds
                 HDIFF completed...       0.1391 seconds
              DECOUPLE completed...       0.0340 seconds
                  PHOT completed...       0.1207 seconds
               CLDPROC completed...       1.2162 seconds
                  CHEM completed...       0.4242 seconds
                  AERO completed...       0.5632 seconds
            Master Time Step
            Processing completed...       5.7068 seconds

      =--> Data Output completed...       1.4784 seconds

     Processing Day/Time [YYYYDDD:HHMMSS]: 2017357:110000
       Which is Equivalent to (UTC): 11:00:00 Saturday,  Dec. 23, 2017
       Time-Step Length (HHMMSS): 000400
                 VDIFF completed...       4.5298 seconds
                COUPLE completed...       0.1032 seconds
                  HADV completed...       2.9791 seconds
                  ZADV completed...       0.2007 seconds
                 HDIFF completed...       0.1378 seconds
              DECOUPLE completed...       0.0335 seconds
                  PHOT completed...       1.0260 seconds
               CLDPROC completed...       0.1823 seconds
                  CHEM completed...       0.4296 seconds
                  AERO completed...       0.5672 seconds
            Master Time Step
            Processing completed...      10.1941 seconds

     Processing Day/Time [YYYYDDD:HHMMSS]: 2017357:110400
       Which is Equivalent to (UTC): 11:04:00 Saturday,  Dec. 23, 2017
       Time-Step Length (HHMMSS): 000400
                 VDIFF completed...       0.6421 seconds
                COUPLE completed...       0.0642 seconds
                  HADV completed...       1.2521 seconds
                  ZADV completed...       0.2007 seconds
                 HDIFF completed...       0.1393 seconds
              DECOUPLE completed...       0.0336 seconds
                  PHOT completed...       0.1212 seconds
               CLDPROC completed...       0.1723 seconds
                  CHEM completed...       0.4244 seconds
                  AERO completed...       0.5612 seconds
            Master Time Step
            Processing completed...       3.6127 seconds

     Processing Day/Time [YYYYDDD:HHMMSS]: 2017357:110800
       Which is Equivalent to (UTC): 11:08:00 Saturday,  Dec. 23, 2017
       Time-Step Length (HHMMSS): 000400
                 VDIFF completed...       0.6087 seconds
                COUPLE completed...       0.0631 seconds
                  HADV completed...       1.4043 seconds
                  ZADV completed...       0.2008 seconds
                 HDIFF completed...       0.1380 seconds
              DECOUPLE completed...       0.0326 seconds
                  PHOT completed...       0.1216 seconds
               CLDPROC completed...       0.1740 seconds
                  CHEM completed...       0.4236 seconds
                  AERO completed...       0.5618 seconds
            Master Time Step
            Processing completed...       3.7318 seconds

     Processing Day/Time [YYYYDDD:HHMMSS]: 2017357:111200
       Which is Equivalent to (UTC): 11:12:00 Saturday,  Dec. 23, 2017
       Time-Step Length (HHMMSS): 000400
                 VDIFF completed...       0.6068 seconds
                COUPLE completed...       0.0655 seconds
                  HADV completed...       1.3933 seconds
                  ZADV completed...       0.2001 seconds
                 HDIFF completed...       0.1387 seconds
              DECOUPLE completed...       0.0328 seconds
                  PHOT completed...       0.1213 seconds
               CLDPROC completed...       0.1717 seconds
                  CHEM completed...       0.4215 seconds
                  AERO completed...       0.5632 seconds
            Master Time Step
            Processing completed...       3.7193 seconds

     Processing Day/Time [YYYYDDD:HHMMSS]: 2017357:111600
       Which is Equivalent to (UTC): 11:16:00 Saturday,  Dec. 23, 2017
       Time-Step Length (HHMMSS): 000400
                 VDIFF completed...       0.5732 seconds
                COUPLE completed...       0.0600 seconds
                  HADV completed...       1.4030 seconds
                  ZADV completed...       0.2004 seconds
                 HDIFF completed...       0.1381 seconds
              DECOUPLE completed...       0.0341 seconds
                  PHOT completed...       0.1202 seconds
               CLDPROC completed...       0.1728 seconds
                  CHEM completed...       0.4238 seconds
                  AERO completed...       0.5695 seconds
            Master Time Step
            Processing completed...       3.6993 seconds

     Processing Day/Time [YYYYDDD:HHMMSS]: 2017357:112000
       Which is Equivalent to (UTC): 11:20:00 Saturday,  Dec. 23, 2017
       Time-Step Length (HHMMSS): 000400
                 VDIFF completed...       0.6104 seconds
                COUPLE completed...       0.0667 seconds
                  HADV completed...       1.3909 seconds
                  ZADV completed...       0.2002 seconds
                 HDIFF completed...       0.1385 seconds
              DECOUPLE completed...       0.0330 seconds
                  PHOT completed...       0.1200 seconds
               CLDPROC completed...       0.1732 seconds
                  CHEM completed...       0.4228 seconds
                  AERO completed...       0.5672 seconds
            Master Time Step
            Processing completed...       3.7274 seconds

     Processing Day/Time [YYYYDDD:HHMMSS]: 2017357:112400
       Which is Equivalent to (UTC): 11:24:00 Saturday,  Dec. 23, 2017
       Time-Step Length (HHMMSS): 000400
                 VDIFF completed...       0.6150 seconds
                COUPLE completed...       0.0636 seconds
                  HADV completed...       1.3929 seconds
                  ZADV completed...       0.2006 seconds
                 HDIFF completed...       0.1448 seconds
              DECOUPLE completed...       0.0355 seconds
                  PHOT completed...       0.1132 seconds
               CLDPROC completed...       0.1667 seconds
                  CHEM completed...       0.4235 seconds
                  AERO completed...       0.5662 seconds
            Master Time Step
            Processing completed...       3.7265 seconds

     Processing Day/Time [YYYYDDD:HHMMSS]: 2017357:112800
       Which is Equivalent to (UTC): 11:28:00 Saturday,  Dec. 23, 2017
       Time-Step Length (HHMMSS): 000400
                 VDIFF completed...       0.6212 seconds
                COUPLE completed...       0.0634 seconds
                  HADV completed...       1.3871 seconds
                  ZADV completed...       0.2004 seconds
                 HDIFF completed...       0.1411 seconds
              DECOUPLE completed...       0.0339 seconds
                  PHOT completed...       0.1192 seconds
               CLDPROC completed...       0.1679 seconds
                  CHEM completed...       0.4234 seconds
                  AERO completed...       0.5806 seconds
            Master Time Step
            Processing completed...       3.7427 seconds

     Processing Day/Time [YYYYDDD:HHMMSS]: 2017357:113200
       Which is Equivalent to (UTC): 11:32:00 Saturday,  Dec. 23, 2017
       Time-Step Length (HHMMSS): 000400
                 VDIFF completed...       0.6060 seconds
                COUPLE completed...       0.0672 seconds
                  HADV completed...       1.3946 seconds
                  ZADV completed...       0.2003 seconds
                 HDIFF completed...       0.1372 seconds
              DECOUPLE completed...       0.0335 seconds
                  PHOT completed...       0.1201 seconds
               CLDPROC completed...       0.1664 seconds
                  CHEM completed...       0.4216 seconds
                  AERO completed...       0.5678 seconds
            Master Time Step
            Processing completed...       3.7191 seconds

     Processing Day/Time [YYYYDDD:HHMMSS]: 2017357:113600
       Which is Equivalent to (UTC): 11:36:00 Saturday,  Dec. 23, 2017
       Time-Step Length (HHMMSS): 000400
                 VDIFF completed...       0.6238 seconds
                COUPLE completed...       0.0665 seconds
                  HADV completed...       1.3890 seconds
                  ZADV completed...       0.1998 seconds
                 HDIFF completed...       0.1387 seconds
              DECOUPLE completed...       0.0336 seconds
                  PHOT completed...       0.1189 seconds
               CLDPROC completed...       0.1664 seconds
                  CHEM completed...       0.4199 seconds
                  AERO completed...       0.5625 seconds
            Master Time Step
            Processing completed...       3.7234 seconds

     Processing Day/Time [YYYYDDD:HHMMSS]: 2017357:114000
       Which is Equivalent to (UTC): 11:40:00 Saturday,  Dec. 23, 2017
       Time-Step Length (HHMMSS): 000400
                 VDIFF completed...       0.6238 seconds
                COUPLE completed...       0.0694 seconds
                  HADV completed...       1.3955 seconds
                  ZADV completed...       0.2009 seconds
                 HDIFF completed...       0.1374 seconds
              DECOUPLE completed...       0.0325 seconds
                  PHOT completed...       0.1180 seconds
               CLDPROC completed...       0.1645 seconds
                  CHEM completed...       0.4169 seconds
                  AERO completed...       0.5664 seconds
            Master Time Step
            Processing completed...       3.7293 seconds

     Processing Day/Time [YYYYDDD:HHMMSS]: 2017357:114400
       Which is Equivalent to (UTC): 11:44:00 Saturday,  Dec. 23, 2017
       Time-Step Length (HHMMSS): 000400
                 VDIFF completed...       0.6251 seconds
                COUPLE completed...       0.0694 seconds
                  HADV completed...       1.3926 seconds
                  ZADV completed...       0.2001 seconds
                 HDIFF completed...       0.1389 seconds
              DECOUPLE completed...       0.0340 seconds
                  PHOT completed...       0.1178 seconds
               CLDPROC completed...       0.1619 seconds
                  CHEM completed...       0.4116 seconds
                  AERO completed...       0.5850 seconds
            Master Time Step
            Processing completed...       3.7409 seconds

     Processing Day/Time [YYYYDDD:HHMMSS]: 2017357:114800
       Which is Equivalent to (UTC): 11:48:00 Saturday,  Dec. 23, 2017
       Time-Step Length (HHMMSS): 000400
                 VDIFF completed...       0.6393 seconds
                COUPLE completed...       0.0641 seconds
                  HADV completed...       1.3765 seconds
                  ZADV completed...       0.2009 seconds
                 HDIFF completed...       0.1380 seconds
              DECOUPLE completed...       0.0340 seconds
                  PHOT completed...       0.1172 seconds
               CLDPROC completed...       0.1597 seconds
                  CHEM completed...       0.4117 seconds
                  AERO completed...       0.5546 seconds
            Master Time Step
            Processing completed...       3.7006 seconds

     Processing Day/Time [YYYYDDD:HHMMSS]: 2017357:115200
       Which is Equivalent to (UTC): 11:52:00 Saturday,  Dec. 23, 2017
       Time-Step Length (HHMMSS): 000400
                 VDIFF completed...       0.6480 seconds
                COUPLE completed...       0.0834 seconds
                  HADV completed...       1.3671 seconds
                  ZADV completed...       0.2009 seconds
                 HDIFF completed...       0.1378 seconds
              DECOUPLE completed...       0.0336 seconds
                  PHOT completed...       0.1185 seconds
               CLDPROC completed...       0.1586 seconds
                  CHEM completed...       0.4071 seconds
                  AERO completed...       0.5478 seconds
            Master Time Step
            Processing completed...       3.7073 seconds

     Processing Day/Time [YYYYDDD:HHMMSS]: 2017357:115600
       Which is Equivalent to (UTC): 11:56:00 Saturday,  Dec. 23, 2017
       Time-Step Length (HHMMSS): 000400
                 VDIFF completed...       2.0501 seconds
                COUPLE completed...       0.1118 seconds
                  HADV completed...       0.9253 seconds
                  ZADV completed...       0.2005 seconds
                 HDIFF completed...       0.1378 seconds
              DECOUPLE completed...       0.0340 seconds
                  PHOT completed...       0.1167 seconds
               CLDPROC completed...       1.2439 seconds
                  CHEM completed...       0.4151 seconds
                  AERO completed...       0.5613 seconds
            Master Time Step
            Processing completed...       5.7998 seconds

      =--> Data Output completed...       1.4745 seconds

     Processing Day/Time [YYYYDDD:HHMMSS]: 2017357:120000
       Which is Equivalent to (UTC): 12:00:00 Saturday,  Dec. 23, 2017
       Time-Step Length (HHMMSS): 000400
                 VDIFF completed...       4.0754 seconds
                COUPLE completed...       0.1098 seconds
                  HADV completed...       3.6476 seconds
                  ZADV completed...       0.2001 seconds
                 HDIFF completed...       0.1395 seconds
              DECOUPLE completed...       0.0334 seconds
                  PHOT completed...       0.9472 seconds
               CLDPROC completed...       0.1653 seconds
                  CHEM completed...       0.4104 seconds
                  AERO completed...       0.5516 seconds
            Master Time Step
            Processing completed...      10.2849 seconds

     Processing Day/Time [YYYYDDD:HHMMSS]: 2017357:120400
       Which is Equivalent to (UTC): 12:04:00 Saturday,  Dec. 23, 2017
       Time-Step Length (HHMMSS): 000400
                 VDIFF completed...       0.6449 seconds
                COUPLE completed...       0.0873 seconds
                  HADV completed...       1.3850 seconds
                  ZADV completed...       0.2008 seconds
                 HDIFF completed...       0.1382 seconds
              DECOUPLE completed...       0.0326 seconds
                  PHOT completed...       0.1167 seconds
               CLDPROC completed...       0.1579 seconds
                  CHEM completed...       0.4045 seconds
                  AERO completed...       0.5391 seconds
            Master Time Step
            Processing completed...       3.7114 seconds

     Processing Day/Time [YYYYDDD:HHMMSS]: 2017357:120800
       Which is Equivalent to (UTC): 12:08:00 Saturday,  Dec. 23, 2017
       Time-Step Length (HHMMSS): 000400
                 VDIFF completed...       0.6715 seconds
                COUPLE completed...       0.0873 seconds
                  HADV completed...       1.3608 seconds
                  ZADV completed...       0.2004 seconds
                 HDIFF completed...       0.1380 seconds
              DECOUPLE completed...       0.0332 seconds
                  PHOT completed...       0.1167 seconds
               CLDPROC completed...       0.1553 seconds
                  CHEM completed...       0.3998 seconds
                  AERO completed...       0.5430 seconds
            Master Time Step
            Processing completed...       3.7105 seconds

     Processing Day/Time [YYYYDDD:HHMMSS]: 2017357:121200
       Which is Equivalent to (UTC): 12:12:00 Saturday,  Dec. 23, 2017
       Time-Step Length (HHMMSS): 000400
                 VDIFF completed...       0.6375 seconds
                COUPLE completed...       0.0930 seconds
                  HADV completed...       1.3846 seconds
                  ZADV completed...       0.2002 seconds
                 HDIFF completed...       0.1383 seconds
              DECOUPLE completed...       0.0340 seconds
                  PHOT completed...       0.1147 seconds
               CLDPROC completed...       0.1539 seconds
                  CHEM completed...       0.3991 seconds
                  AERO completed...       0.5427 seconds
            Master Time Step
            Processing completed...       3.7021 seconds

     Processing Day/Time [YYYYDDD:HHMMSS]: 2017357:121600
       Which is Equivalent to (UTC): 12:16:00 Saturday,  Dec. 23, 2017
       Time-Step Length (HHMMSS): 000400
                 VDIFF completed...       0.6200 seconds
                COUPLE completed...       0.0918 seconds
                  HADV completed...       1.4122 seconds
                  ZADV completed...       0.2003 seconds
                 HDIFF completed...       0.1381 seconds
              DECOUPLE completed...       0.0333 seconds
                  PHOT completed...       0.1148 seconds
               CLDPROC completed...       0.1548 seconds
                  CHEM completed...       0.3960 seconds
                  AERO completed...       0.5433 seconds
            Master Time Step
            Processing completed...       3.7092 seconds

     Processing Day/Time [YYYYDDD:HHMMSS]: 2017357:122000
       Which is Equivalent to (UTC): 12:20:00 Saturday,  Dec. 23, 2017
       Time-Step Length (HHMMSS): 000400
                 VDIFF completed...       0.6187 seconds
                COUPLE completed...       0.0923 seconds
                  HADV completed...       1.4190 seconds
                  ZADV completed...       0.2005 seconds
                 HDIFF completed...       0.1377 seconds
              DECOUPLE completed...       0.0342 seconds
                  PHOT completed...       0.1135 seconds
               CLDPROC completed...       0.1537 seconds
                  CHEM completed...       0.3937 seconds
                  AERO completed...       0.5376 seconds
            Master Time Step
            Processing completed...       3.7051 seconds

     Processing Day/Time [YYYYDDD:HHMMSS]: 2017357:122400
       Which is Equivalent to (UTC): 12:24:00 Saturday,  Dec. 23, 2017
       Time-Step Length (HHMMSS): 000400
                 VDIFF completed...       0.6389 seconds
                COUPLE completed...       0.0935 seconds
                  HADV completed...       1.4208 seconds
                  ZADV completed...       0.2003 seconds
                 HDIFF completed...       0.1379 seconds
              DECOUPLE completed...       0.0336 seconds
                  PHOT completed...       0.1154 seconds
               CLDPROC completed...       0.1528 seconds
                  CHEM completed...       0.3923 seconds
                  AERO completed...       0.5333 seconds
            Master Time Step
            Processing completed...       3.7235 seconds

     Processing Day/Time [YYYYDDD:HHMMSS]: 2017357:122800
       Which is Equivalent to (UTC): 12:28:00 Saturday,  Dec. 23, 2017
       Time-Step Length (HHMMSS): 000400
                 VDIFF completed...       0.6234 seconds
                COUPLE completed...       0.0964 seconds
                  HADV completed...       1.4884 seconds
                  ZADV completed...       0.2001 seconds
                 HDIFF completed...       0.1379 seconds
              DECOUPLE completed...       0.0336 seconds
                  PHOT completed...       0.1140 seconds
               CLDPROC completed...       0.1532 seconds
                  CHEM completed...       0.3908 seconds
                  AERO completed...       0.5309 seconds
            Master Time Step
            Processing completed...       3.7725 seconds

     Processing Day/Time [YYYYDDD:HHMMSS]: 2017357:123200
       Which is Equivalent to (UTC): 12:32:00 Saturday,  Dec. 23, 2017
       Time-Step Length (HHMMSS): 000400
                 VDIFF completed...       0.6047 seconds
                COUPLE completed...       0.0943 seconds
                  HADV completed...       1.5295 seconds
                  ZADV completed...       0.2004 seconds
                 HDIFF completed...       0.1382 seconds
              DECOUPLE completed...       0.0336 seconds
                  PHOT completed...       0.1133 seconds
               CLDPROC completed...       0.1526 seconds
                  CHEM completed...       0.3900 seconds
                  AERO completed...       0.5334 seconds
            Master Time Step
            Processing completed...       3.7944 seconds

     Processing Day/Time [YYYYDDD:HHMMSS]: 2017357:123600
       Which is Equivalent to (UTC): 12:36:00 Saturday,  Dec. 23, 2017
       Time-Step Length (HHMMSS): 000400
                 VDIFF completed...       0.6107 seconds
                COUPLE completed...       0.0943 seconds
                  HADV completed...       1.4871 seconds
                  ZADV completed...       0.2007 seconds
                 HDIFF completed...       0.1381 seconds
              DECOUPLE completed...       0.0335 seconds
                  PHOT completed...       0.1138 seconds
               CLDPROC completed...       0.1519 seconds
                  CHEM completed...       0.3900 seconds
                  AERO completed...       0.5339 seconds
            Master Time Step
            Processing completed...       3.7570 seconds

     Processing Day/Time [YYYYDDD:HHMMSS]: 2017357:124000
       Which is Equivalent to (UTC): 12:40:00 Saturday,  Dec. 23, 2017
       Time-Step Length (HHMMSS): 000400
                 VDIFF completed...       0.5935 seconds
                COUPLE completed...       0.0995 seconds
                  HADV completed...       1.4944 seconds
                  ZADV completed...       0.2005 seconds
                 HDIFF completed...       0.1386 seconds
              DECOUPLE completed...       0.0334 seconds
                  PHOT completed...       0.1129 seconds
               CLDPROC completed...       0.1501 seconds
                  CHEM completed...       0.3877 seconds
                  AERO completed...       0.5325 seconds
            Master Time Step
            Processing completed...       3.7474 seconds

     Processing Day/Time [YYYYDDD:HHMMSS]: 2017357:124400
       Which is Equivalent to (UTC): 12:44:00 Saturday,  Dec. 23, 2017
       Time-Step Length (HHMMSS): 000400
                 VDIFF completed...       0.5926 seconds
                COUPLE completed...       0.1017 seconds
                  HADV completed...       1.5590 seconds
                  ZADV completed...       0.2005 seconds
                 HDIFF completed...       0.1376 seconds
              DECOUPLE completed...       0.0337 seconds
                  PHOT completed...       0.1128 seconds
               CLDPROC completed...       0.1483 seconds
                  CHEM completed...       0.3861 seconds
                  AERO completed...       0.5327 seconds
            Master Time Step
            Processing completed...       3.8101 seconds

     Processing Day/Time [YYYYDDD:HHMMSS]: 2017357:124800
       Which is Equivalent to (UTC): 12:48:00 Saturday,  Dec. 23, 2017
       Time-Step Length (HHMMSS): 000400
                 VDIFF completed...       0.5607 seconds
                COUPLE completed...       0.0995 seconds
                  HADV completed...       1.5255 seconds
                  ZADV completed...       0.2005 seconds
                 HDIFF completed...       0.1379 seconds
              DECOUPLE completed...       0.0339 seconds
                  PHOT completed...       0.1120 seconds
               CLDPROC completed...       0.1471 seconds
                  CHEM completed...       0.3868 seconds
                  AERO completed...       0.5276 seconds
            Master Time Step
            Processing completed...       3.7366 seconds

     Processing Day/Time [YYYYDDD:HHMMSS]: 2017357:125200
       Which is Equivalent to (UTC): 12:52:00 Saturday,  Dec. 23, 2017
       Time-Step Length (HHMMSS): 000400
                 VDIFF completed...       0.5900 seconds
                COUPLE completed...       0.0996 seconds
                  HADV completed...       1.5368 seconds
                  ZADV completed...       0.2004 seconds
                 HDIFF completed...       0.1383 seconds
              DECOUPLE completed...       0.0336 seconds
                  PHOT completed...       0.1114 seconds
               CLDPROC completed...       0.1460 seconds
                  CHEM completed...       0.3872 seconds
                  AERO completed...       0.5269 seconds
            Master Time Step
            Processing completed...       3.7754 seconds

     Processing Day/Time [YYYYDDD:HHMMSS]: 2017357:125600
       Which is Equivalent to (UTC): 12:56:00 Saturday,  Dec. 23, 2017
       Time-Step Length (HHMMSS): 000400
                 VDIFF completed...       2.1485 seconds
                COUPLE completed...       0.1114 seconds
                  HADV completed...       0.9338 seconds
                  ZADV completed...       0.2004 seconds
                 HDIFF completed...       0.1384 seconds
              DECOUPLE completed...       0.0321 seconds
                  PHOT completed...       0.1127 seconds
               CLDPROC completed...       1.3576 seconds
                  CHEM completed...       0.3902 seconds
                  AERO completed...       0.5537 seconds
            Master Time Step
            Processing completed...       5.9840 seconds

      =--> Data Output completed...       1.5100 seconds

     Processing Day/Time [YYYYDDD:HHMMSS]: 2017357:130000
       Which is Equivalent to (UTC): 13:00:00 Saturday,  Dec. 23, 2017
       Time-Step Length (HHMMSS): 000400
                 VDIFF completed...       4.5597 seconds
                COUPLE completed...       0.1067 seconds
                  HADV completed...       2.7314 seconds
                  ZADV completed...       0.2001 seconds
                 HDIFF completed...       0.1379 seconds
              DECOUPLE completed...       0.0333 seconds
                  PHOT completed...       0.9370 seconds
               CLDPROC completed...       0.1495 seconds
                  CHEM completed...       0.3893 seconds
                  AERO completed...       0.5326 seconds
            Master Time Step
            Processing completed...       9.7819 seconds

     Processing Day/Time [YYYYDDD:HHMMSS]: 2017357:130400
       Which is Equivalent to (UTC): 13:04:00 Saturday,  Dec. 23, 2017
       Time-Step Length (HHMMSS): 000400
                 VDIFF completed...       0.5312 seconds
                COUPLE completed...       0.0930 seconds
                  HADV completed...       1.6885 seconds
                  ZADV completed...       0.2003 seconds
                 HDIFF completed...       0.1384 seconds
              DECOUPLE completed...       0.0332 seconds
                  PHOT completed...       0.1112 seconds
               CLDPROC completed...       0.1448 seconds
                  CHEM completed...       0.3867 seconds
                  AERO completed...       0.5317 seconds
            Master Time Step
            Processing completed...       3.8643 seconds

     Processing Day/Time [YYYYDDD:HHMMSS]: 2017357:130800
       Which is Equivalent to (UTC): 13:08:00 Saturday,  Dec. 23, 2017
       Time-Step Length (HHMMSS): 000400
                 VDIFF completed...       0.5627 seconds
                COUPLE completed...       0.0957 seconds
                  HADV completed...       1.7519 seconds
                  ZADV completed...       0.2005 seconds
                 HDIFF completed...       0.1375 seconds
              DECOUPLE completed...       0.0341 seconds
                  PHOT completed...       0.1099 seconds
               CLDPROC completed...       0.1445 seconds
                  CHEM completed...       0.3850 seconds
                  AERO completed...       0.5319 seconds
            Master Time Step
            Processing completed...       3.9574 seconds

     Processing Day/Time [YYYYDDD:HHMMSS]: 2017357:131200
       Which is Equivalent to (UTC): 13:12:00 Saturday,  Dec. 23, 2017
       Time-Step Length (HHMMSS): 000400
                 VDIFF completed...       0.5486 seconds
                COUPLE completed...       0.0912 seconds
                  HADV completed...       1.8136 seconds
                  ZADV completed...       0.2005 seconds
                 HDIFF completed...       0.1373 seconds
              DECOUPLE completed...       0.0338 seconds
                  PHOT completed...       0.1099 seconds
               CLDPROC completed...       0.1457 seconds
                  CHEM completed...       0.3859 seconds
                  AERO completed...       0.5328 seconds
            Master Time Step
            Processing completed...       4.0044 seconds

     Processing Day/Time [YYYYDDD:HHMMSS]: 2017357:131600
       Which is Equivalent to (UTC): 13:16:00 Saturday,  Dec. 23, 2017
       Time-Step Length (HHMMSS): 000400
                 VDIFF completed...       0.5640 seconds
                COUPLE completed...       0.0948 seconds
                  HADV completed...       1.8073 seconds
                  ZADV completed...       0.2004 seconds
                 HDIFF completed...       0.1373 seconds
              DECOUPLE completed...       0.0342 seconds
                  PHOT completed...       0.1108 seconds
               CLDPROC completed...       0.1459 seconds
                  CHEM completed...       0.3851 seconds
                  AERO completed...       0.5332 seconds
            Master Time Step
            Processing completed...       4.0154 seconds

     Processing Day/Time [YYYYDDD:HHMMSS]: 2017357:132000
       Which is Equivalent to (UTC): 13:20:00 Saturday,  Dec. 23, 2017
       Time-Step Length (HHMMSS): 000400
                 VDIFF completed...       0.5547 seconds
                COUPLE completed...       0.0926 seconds
                  HADV completed...       1.8241 seconds
                  ZADV completed...       0.2001 seconds
                 HDIFF completed...       0.1396 seconds
              DECOUPLE completed...       0.0331 seconds
                  PHOT completed...       0.1090 seconds
               CLDPROC completed...       0.1459 seconds
                  CHEM completed...       0.3837 seconds
                  AERO completed...       0.5300 seconds
            Master Time Step
            Processing completed...       4.0175 seconds

     Processing Day/Time [YYYYDDD:HHMMSS]: 2017357:132400
       Which is Equivalent to (UTC): 13:24:00 Saturday,  Dec. 23, 2017
       Time-Step Length (HHMMSS): 000400
                 VDIFF completed...       0.5738 seconds
                COUPLE completed...       0.0903 seconds
                  HADV completed...       1.7924 seconds
                  ZADV completed...       0.2004 seconds
                 HDIFF completed...       0.1376 seconds
              DECOUPLE completed...       0.0340 seconds
                  PHOT completed...       0.1088 seconds
               CLDPROC completed...       0.1452 seconds
                  CHEM completed...       0.3798 seconds
                  AERO completed...       0.5308 seconds
            Master Time Step
            Processing completed...       3.9983 seconds

     Processing Day/Time [YYYYDDD:HHMMSS]: 2017357:132800
       Which is Equivalent to (UTC): 13:28:00 Saturday,  Dec. 23, 2017
       Time-Step Length (HHMMSS): 000400
                 VDIFF completed...       0.5547 seconds
                COUPLE completed...       0.0950 seconds
                  HADV completed...       1.8231 seconds
                  ZADV completed...       0.2005 seconds
                 HDIFF completed...       0.1377 seconds
              DECOUPLE completed...       0.0342 seconds
                  PHOT completed...       0.1085 seconds
               CLDPROC completed...       0.1451 seconds
                  CHEM completed...       0.3774 seconds
                  AERO completed...       0.5317 seconds
            Master Time Step
            Processing completed...       4.0121 seconds

     Processing Day/Time [YYYYDDD:HHMMSS]: 2017357:133200
       Which is Equivalent to (UTC): 13:32:00 Saturday,  Dec. 23, 2017
       Time-Step Length (HHMMSS): 000400
                 VDIFF completed...       0.5343 seconds
                COUPLE completed...       0.0883 seconds
                  HADV completed...       1.9945 seconds
                  ZADV completed...       0.2005 seconds
                 HDIFF completed...       0.1372 seconds
              DECOUPLE completed...       0.0337 seconds
                  PHOT completed...       0.1092 seconds
               CLDPROC completed...       0.1440 seconds
                  CHEM completed...       0.3774 seconds
                  AERO completed...       0.5327 seconds
            Master Time Step
            Processing completed...       4.1564 seconds

     Processing Day/Time [YYYYDDD:HHMMSS]: 2017357:133600
       Which is Equivalent to (UTC): 13:36:00 Saturday,  Dec. 23, 2017
       Time-Step Length (HHMMSS): 000400
                 VDIFF completed...       0.5137 seconds
                COUPLE completed...       0.0855 seconds
                  HADV completed...       1.8806 seconds
                  ZADV completed...       0.2009 seconds
                 HDIFF completed...       0.1371 seconds
              DECOUPLE completed...       0.0335 seconds
                  PHOT completed...       0.1092 seconds
               CLDPROC completed...       0.1429 seconds
                  CHEM completed...       0.3765 seconds
                  AERO completed...       0.5309 seconds
            Master Time Step
            Processing completed...       4.0154 seconds

     Processing Day/Time [YYYYDDD:HHMMSS]: 2017357:134000
       Which is Equivalent to (UTC): 13:40:00 Saturday,  Dec. 23, 2017
       Time-Step Length (HHMMSS): 000400
                 VDIFF completed...       0.5057 seconds
                COUPLE completed...       0.0794 seconds
                  HADV completed...       1.9060 seconds
                  ZADV completed...       0.2004 seconds
                 HDIFF completed...       0.1374 seconds
              DECOUPLE completed...       0.0337 seconds
                  PHOT completed...       0.1088 seconds
               CLDPROC completed...       0.1418 seconds
                  CHEM completed...       0.3770 seconds
                  AERO completed...       0.5317 seconds
            Master Time Step
            Processing completed...       4.0262 seconds

     Processing Day/Time [YYYYDDD:HHMMSS]: 2017357:134400
       Which is Equivalent to (UTC): 13:44:00 Saturday,  Dec. 23, 2017
       Time-Step Length (HHMMSS): 000400
                 VDIFF completed...       0.4964 seconds
                COUPLE completed...       0.0661 seconds
                  HADV completed...       1.9097 seconds
                  ZADV completed...       0.2005 seconds
                 HDIFF completed...       0.1373 seconds
              DECOUPLE completed...       0.0335 seconds
                  PHOT completed...       0.1085 seconds
               CLDPROC completed...       0.1400 seconds
                  CHEM completed...       0.3779 seconds
                  AERO completed...       0.5264 seconds
            Master Time Step
            Processing completed...       4.0007 seconds

     Processing Day/Time [YYYYDDD:HHMMSS]: 2017357:134800
       Which is Equivalent to (UTC): 13:48:00 Saturday,  Dec. 23, 2017
       Time-Step Length (HHMMSS): 000400
                 VDIFF completed...       0.5098 seconds
                COUPLE completed...       0.0694 seconds
                  HADV completed...       1.9033 seconds
                  ZADV completed...       0.2004 seconds
                 HDIFF completed...       0.1372 seconds
              DECOUPLE completed...       0.0336 seconds
                  PHOT completed...       0.1082 seconds
               CLDPROC completed...       0.1374 seconds
                  CHEM completed...       0.3764 seconds
                  AERO completed...       0.5282 seconds
            Master Time Step
            Processing completed...       4.0087 seconds

     Processing Day/Time [YYYYDDD:HHMMSS]: 2017357:135200
       Which is Equivalent to (UTC): 13:52:00 Saturday,  Dec. 23, 2017
       Time-Step Length (HHMMSS): 000400
                 VDIFF completed...       0.5095 seconds
                COUPLE completed...       0.0761 seconds
                  HADV completed...       1.9966 seconds
                  ZADV completed...       0.2008 seconds
                 HDIFF completed...       0.1378 seconds
              DECOUPLE completed...       0.0337 seconds
                  PHOT completed...       0.1080 seconds
               CLDPROC completed...       0.1359 seconds
                  CHEM completed...       0.3747 seconds
                  AERO completed...       0.5318 seconds
            Master Time Step
            Processing completed...       4.1087 seconds

     Processing Day/Time [YYYYDDD:HHMMSS]: 2017357:135600
       Which is Equivalent to (UTC): 13:56:00 Saturday,  Dec. 23, 2017
       Time-Step Length (HHMMSS): 000400
                 VDIFF completed...       2.3368 seconds
                COUPLE completed...       0.1116 seconds
                  HADV completed...       0.9308 seconds
                  ZADV completed...       0.2004 seconds
                 HDIFF completed...       0.1379 seconds
              DECOUPLE completed...       0.0337 seconds
                  PHOT completed...       0.1078 seconds
               CLDPROC completed...       1.4574 seconds
                  CHEM completed...       0.3776 seconds
                  AERO completed...       0.5482 seconds
            Master Time Step
            Processing completed...       6.2465 seconds

      =--> Data Output completed...       1.5796 seconds

     Processing Day/Time [YYYYDDD:HHMMSS]: 2017357:140000
       Which is Equivalent to (UTC): 14:00:00 Saturday,  Dec. 23, 2017
       Time-Step Length (HHMMSS): 000400
                 VDIFF completed...       4.4613 seconds
                COUPLE completed...       0.1131 seconds
                  HADV completed...       2.9352 seconds
                  ZADV completed...       0.2005 seconds
                 HDIFF completed...       0.1371 seconds
              DECOUPLE completed...       0.0339 seconds
                  PHOT completed...       0.9445 seconds
               CLDPROC completed...       0.1348 seconds
                  CHEM completed...       0.3756 seconds
                  AERO completed...       0.5255 seconds
            Master Time Step
            Processing completed...       9.8658 seconds

     Processing Day/Time [YYYYDDD:HHMMSS]: 2017357:140400
       Which is Equivalent to (UTC): 14:04:00 Saturday,  Dec. 23, 2017
       Time-Step Length (HHMMSS): 000400
                 VDIFF completed...       0.4728 seconds
                COUPLE completed...       0.0516 seconds
                  HADV completed...       2.0002 seconds
                  ZADV completed...       0.2006 seconds
                 HDIFF completed...       0.1375 seconds
              DECOUPLE completed...       0.0329 seconds
                  PHOT completed...       0.1090 seconds
               CLDPROC completed...       0.1334 seconds
                  CHEM completed...       0.3741 seconds
                  AERO completed...       0.5318 seconds
            Master Time Step
            Processing completed...       4.0480 seconds

     Processing Day/Time [YYYYDDD:HHMMSS]: 2017357:140800
       Which is Equivalent to (UTC): 14:08:00 Saturday,  Dec. 23, 2017
       Time-Step Length (HHMMSS): 000400
                 VDIFF completed...       0.4868 seconds
                COUPLE completed...       0.0495 seconds
                  HADV completed...       1.9954 seconds
                  ZADV completed...       0.2006 seconds
                 HDIFF completed...       0.1371 seconds
              DECOUPLE completed...       0.0329 seconds
                  PHOT completed...       0.1087 seconds
               CLDPROC completed...       0.1338 seconds
                  CHEM completed...       0.3738 seconds
                  AERO completed...       0.5325 seconds
            Master Time Step
            Processing completed...       4.0551 seconds

     Processing Day/Time [YYYYDDD:HHMMSS]: 2017357:141200
       Which is Equivalent to (UTC): 14:12:00 Saturday,  Dec. 23, 2017
       Time-Step Length (HHMMSS): 000400
                 VDIFF completed...       0.4882 seconds
                COUPLE completed...       0.0452 seconds
                  HADV completed...       2.0324 seconds
                  ZADV completed...       0.2004 seconds
                 HDIFF completed...       0.1376 seconds
              DECOUPLE completed...       0.0337 seconds
                  PHOT completed...       0.1072 seconds
               CLDPROC completed...       0.1329 seconds
                  CHEM completed...       0.3715 seconds
                  AERO completed...       0.5330 seconds
            Master Time Step
            Processing completed...       4.0864 seconds

     Processing Day/Time [YYYYDDD:HHMMSS]: 2017357:141600
       Which is Equivalent to (UTC): 14:16:00 Saturday,  Dec. 23, 2017
       Time-Step Length (HHMMSS): 000400
                 VDIFF completed...       0.4867 seconds
                COUPLE completed...       0.0575 seconds
                  HADV completed...       2.0105 seconds
                  ZADV completed...       0.2000 seconds
                 HDIFF completed...       0.1377 seconds
              DECOUPLE completed...       0.0337 seconds
                  PHOT completed...       0.1071 seconds
               CLDPROC completed...       0.1328 seconds
                  CHEM completed...       0.3723 seconds
                  AERO completed...       0.5334 seconds
            Master Time Step
            Processing completed...       4.0761 seconds

     Processing Day/Time [YYYYDDD:HHMMSS]: 2017357:142000
       Which is Equivalent to (UTC): 14:20:00 Saturday,  Dec. 23, 2017
       Time-Step Length (HHMMSS): 000400
                 VDIFF completed...       0.4917 seconds
                COUPLE completed...       0.0650 seconds
                  HADV completed...       2.0060 seconds
                  ZADV completed...       0.2007 seconds
                 HDIFF completed...       0.1368 seconds
              DECOUPLE completed...       0.0332 seconds
                  PHOT completed...       0.1079 seconds
               CLDPROC completed...       0.1338 seconds
                  CHEM completed...       0.3723 seconds
                  AERO completed...       0.5342 seconds
            Master Time Step
            Processing completed...       4.0862 seconds

     Processing Day/Time [YYYYDDD:HHMMSS]: 2017357:142400
       Which is Equivalent to (UTC): 14:24:00 Saturday,  Dec. 23, 2017
       Time-Step Length (HHMMSS): 000400
                 VDIFF completed...       0.5385 seconds
                COUPLE completed...       0.0580 seconds
                  HADV completed...       1.9804 seconds
                  ZADV completed...       0.2001 seconds
                 HDIFF completed...       0.1379 seconds
              DECOUPLE completed...       0.0330 seconds
                  PHOT completed...       0.1079 seconds
               CLDPROC completed...       0.1325 seconds
                  CHEM completed...       0.3731 seconds
                  AERO completed...       0.5344 seconds
            Master Time Step
            Processing completed...       4.1000 seconds

     Processing Day/Time [YYYYDDD:HHMMSS]: 2017357:142800
       Which is Equivalent to (UTC): 14:28:00 Saturday,  Dec. 23, 2017
       Time-Step Length (HHMMSS): 000400
                 VDIFF completed...       0.5952 seconds
                COUPLE completed...       0.0519 seconds
                  HADV completed...       1.9227 seconds
                  ZADV completed...       0.2002 seconds
                 HDIFF completed...       0.1376 seconds
              DECOUPLE completed...       0.0328 seconds
                  PHOT completed...       0.1178 seconds
               CLDPROC completed...       0.1314 seconds
                  CHEM completed...       0.3742 seconds
                  AERO completed...       0.5345 seconds
            Master Time Step
            Processing completed...       4.1018 seconds

     Processing Day/Time [YYYYDDD:HHMMSS]: 2017357:143200
       Which is Equivalent to (UTC): 14:32:00 Saturday,  Dec. 23, 2017
       Time-Step Length (HHMMSS): 000400
                 VDIFF completed...       0.6403 seconds
                COUPLE completed...       0.0557 seconds
                  HADV completed...       1.8691 seconds
                  ZADV completed...       0.2001 seconds
                 HDIFF completed...       0.1373 seconds
              DECOUPLE completed...       0.0335 seconds
                  PHOT completed...       0.1417 seconds
               CLDPROC completed...       0.1314 seconds
                  CHEM completed...       0.3872 seconds
                  AERO completed...       0.5359 seconds
            Master Time Step
            Processing completed...       4.1369 seconds

     Processing Day/Time [YYYYDDD:HHMMSS]: 2017357:143600
       Which is Equivalent to (UTC): 14:36:00 Saturday,  Dec. 23, 2017
       Time-Step Length (HHMMSS): 000400
                 VDIFF completed...       0.5814 seconds
                COUPLE completed...       0.0518 seconds
                  HADV completed...       1.8920 seconds
                  ZADV completed...       0.2005 seconds
                 HDIFF completed...       0.1375 seconds
              DECOUPLE completed...       0.0334 seconds
                  PHOT completed...       0.1777 seconds
               CLDPROC completed...       0.1437 seconds
                  CHEM completed...       0.3792 seconds
                  AERO completed...       0.5346 seconds
            Master Time Step
            Processing completed...       4.1366 seconds

     Processing Day/Time [YYYYDDD:HHMMSS]: 2017357:144000
       Which is Equivalent to (UTC): 14:40:00 Saturday,  Dec. 23, 2017
       Time-Step Length (HHMMSS): 000400
                 VDIFF completed...       0.5287 seconds
                COUPLE completed...       0.0389 seconds
                  HADV completed...       1.9140 seconds
                  ZADV completed...       0.2002 seconds
                 HDIFF completed...       0.1378 seconds
              DECOUPLE completed...       0.0331 seconds
                  PHOT completed...       0.2129 seconds
               CLDPROC completed...       0.1434 seconds
                  CHEM completed...       0.3776 seconds
                  AERO completed...       0.5383 seconds
            Master Time Step
            Processing completed...       4.1295 seconds

     Processing Day/Time [YYYYDDD:HHMMSS]: 2017357:144400
       Which is Equivalent to (UTC): 14:44:00 Saturday,  Dec. 23, 2017
       Time-Step Length (HHMMSS): 000400
                 VDIFF completed...       0.5518 seconds
                COUPLE completed...       0.0633 seconds
                  HADV completed...       1.8204 seconds
                  ZADV completed...       0.2003 seconds
                 HDIFF completed...       0.1373 seconds
              DECOUPLE completed...       0.0331 seconds
                  PHOT completed...       0.2419 seconds
               CLDPROC completed...       0.1726 seconds
                  CHEM completed...       0.3639 seconds
                  AERO completed...       0.5396 seconds
            Master Time Step
            Processing completed...       4.1290 seconds

     Processing Day/Time [YYYYDDD:HHMMSS]: 2017357:144800
       Which is Equivalent to (UTC): 14:48:00 Saturday,  Dec. 23, 2017
       Time-Step Length (HHMMSS): 000400
                 VDIFF completed...       0.6778 seconds
                COUPLE completed...       0.0772 seconds
                  HADV completed...       1.6388 seconds
                  ZADV completed...       0.2001 seconds
                 HDIFF completed...       0.1374 seconds
              DECOUPLE completed...       0.0335 seconds
                  PHOT completed...       0.2480 seconds
               CLDPROC completed...       0.1725 seconds
                  CHEM completed...       0.3635 seconds
                  AERO completed...       0.5396 seconds
            Master Time Step
            Processing completed...       4.0931 seconds

     Processing Day/Time [YYYYDDD:HHMMSS]: 2017357:145200
       Which is Equivalent to (UTC): 14:52:00 Saturday,  Dec. 23, 2017
       Time-Step Length (HHMMSS): 000400
                 VDIFF completed...       0.7761 seconds
                COUPLE completed...       0.0581 seconds
                  HADV completed...       1.5456 seconds
                  ZADV completed...       0.2042 seconds
                 HDIFF completed...       0.1359 seconds
              DECOUPLE completed...       0.0328 seconds
                  PHOT completed...       0.2495 seconds
               CLDPROC completed...       0.1751 seconds
                  CHEM completed...       0.3687 seconds
                  AERO completed...       0.5416 seconds
            Master Time Step
            Processing completed...       4.0922 seconds

     Processing Day/Time [YYYYDDD:HHMMSS]: 2017357:145600
       Which is Equivalent to (UTC): 14:56:00 Saturday,  Dec. 23, 2017
       Time-Step Length (HHMMSS): 000400
                 VDIFF completed...       2.2562 seconds
                COUPLE completed...       0.1116 seconds
                  HADV completed...       0.9197 seconds
                  ZADV completed...       0.1996 seconds
                 HDIFF completed...       0.1380 seconds
              DECOUPLE completed...       0.0334 seconds
                  PHOT completed...       0.2585 seconds
               CLDPROC completed...       1.4120 seconds
                  CHEM completed...       0.4131 seconds
                  AERO completed...       0.5445 seconds
            Master Time Step
            Processing completed...       6.2916 seconds

      =--> Data Output completed...       1.6181 seconds

     Processing Day/Time [YYYYDDD:HHMMSS]: 2017357:150000
       Which is Equivalent to (UTC): 15:00:00 Saturday,  Dec. 23, 2017
       Time-Step Length (HHMMSS): 000500
                 VDIFF completed...       4.5374 seconds
                COUPLE completed...       0.1074 seconds
                  HADV completed...       3.3284 seconds
                  ZADV completed...       0.2009 seconds
                 HDIFF completed...       0.1385 seconds
              DECOUPLE completed...       0.0335 seconds
                  PHOT completed...       1.1517 seconds
               CLDPROC completed...       0.1676 seconds
                  CHEM completed...       0.5245 seconds
                  AERO completed...       0.5738 seconds
            Master Time Step
            Processing completed...      10.7682 seconds

     Processing Day/Time [YYYYDDD:HHMMSS]: 2017357:150500
       Which is Equivalent to (UTC): 15:05:00 Saturday,  Dec. 23, 2017
       Time-Step Length (HHMMSS): 000500
                 VDIFF completed...       0.7952 seconds
                COUPLE completed...       0.0392 seconds
                  HADV completed...       1.6035 seconds
                  ZADV completed...       0.2006 seconds
                 HDIFF completed...       0.2523 seconds
              DECOUPLE completed...       0.0335 seconds
                  PHOT completed...       0.3009 seconds
               CLDPROC completed...       0.1523 seconds
                  CHEM completed...       0.6034 seconds
                  AERO completed...       0.5742 seconds
            Master Time Step
            Processing completed...       4.5593 seconds

     Processing Day/Time [YYYYDDD:HHMMSS]: 2017357:151000
       Which is Equivalent to (UTC): 15:10:00 Saturday,  Dec. 23, 2017
       Time-Step Length (HHMMSS): 000500
                 VDIFF completed...       0.6791 seconds
                COUPLE completed...       0.0419 seconds
                  HADV completed...       1.7417 seconds
                  ZADV completed...       0.2009 seconds
                 HDIFF completed...       0.1377 seconds
              DECOUPLE completed...       0.0329 seconds
                  PHOT completed...       0.3086 seconds
               CLDPROC completed...       0.1517 seconds
                  CHEM completed...       0.6259 seconds
                  AERO completed...       0.5884 seconds
            Master Time Step
            Processing completed...       4.5131 seconds

     Processing Day/Time [YYYYDDD:HHMMSS]: 2017357:151500
       Which is Equivalent to (UTC): 15:15:00 Saturday,  Dec. 23, 2017
       Time-Step Length (HHMMSS): 000500
                 VDIFF completed...       0.6138 seconds
                COUPLE completed...       0.0524 seconds
                  HADV completed...       1.7661 seconds
                  ZADV completed...       0.2001 seconds
                 HDIFF completed...       0.1385 seconds
              DECOUPLE completed...       0.0327 seconds
                  PHOT completed...       0.3085 seconds
               CLDPROC completed...       0.1534 seconds
                  CHEM completed...       0.6087 seconds
                  AERO completed...       0.5806 seconds
            Master Time Step
            Processing completed...       4.4586 seconds

     Processing Day/Time [YYYYDDD:HHMMSS]: 2017357:152000
       Which is Equivalent to (UTC): 15:20:00 Saturday,  Dec. 23, 2017
       Time-Step Length (HHMMSS): 000500
                 VDIFF completed...       0.6409 seconds
                COUPLE completed...       0.0544 seconds
                  HADV completed...       1.7478 seconds
                  ZADV completed...       0.2002 seconds
                 HDIFF completed...       0.1383 seconds
              DECOUPLE completed...       0.0332 seconds
                  PHOT completed...       0.3080 seconds
               CLDPROC completed...       0.1544 seconds
                  CHEM completed...       0.6032 seconds
                  AERO completed...       0.5852 seconds
            Master Time Step
            Processing completed...       4.4698 seconds

     Processing Day/Time [YYYYDDD:HHMMSS]: 2017357:152500
       Which is Equivalent to (UTC): 15:25:00 Saturday,  Dec. 23, 2017
       Time-Step Length (HHMMSS): 000500
                 VDIFF completed...       0.6307 seconds
                COUPLE completed...       0.0536 seconds
                  HADV completed...       1.7561 seconds
                  ZADV completed...       0.2002 seconds
                 HDIFF completed...       0.1381 seconds
              DECOUPLE completed...       0.0331 seconds
                  PHOT completed...       0.3082 seconds
               CLDPROC completed...       0.1532 seconds
                  CHEM completed...       0.5998 seconds
                  AERO completed...       0.5803 seconds
            Master Time Step
            Processing completed...       4.4577 seconds

     Processing Day/Time [YYYYDDD:HHMMSS]: 2017357:153000
       Which is Equivalent to (UTC): 15:30:00 Saturday,  Dec. 23, 2017
       Time-Step Length (HHMMSS): 000500
                 VDIFF completed...       0.6603 seconds
                COUPLE completed...       0.0462 seconds
                  HADV completed...       1.7501 seconds
                  ZADV completed...       0.2005 seconds
                 HDIFF completed...       0.1385 seconds
              DECOUPLE completed...       0.0339 seconds
                  PHOT completed...       0.3063 seconds
               CLDPROC completed...       0.1551 seconds
                  CHEM completed...       0.6006 seconds
                  AERO completed...       0.5889 seconds
            Master Time Step
            Processing completed...       4.4845 seconds

     Processing Day/Time [YYYYDDD:HHMMSS]: 2017357:153500
       Which is Equivalent to (UTC): 15:35:00 Saturday,  Dec. 23, 2017
       Time-Step Length (HHMMSS): 000500
                 VDIFF completed...       0.6371 seconds
                COUPLE completed...       0.0506 seconds
                  HADV completed...       1.7565 seconds
                  ZADV completed...       0.2006 seconds
                 HDIFF completed...       0.1379 seconds
              DECOUPLE completed...       0.0338 seconds
                  PHOT completed...       0.3066 seconds
               CLDPROC completed...       0.1559 seconds
                  CHEM completed...       0.6014 seconds
                  AERO completed...       0.5826 seconds
            Master Time Step
            Processing completed...       4.4674 seconds

     Processing Day/Time [YYYYDDD:HHMMSS]: 2017357:154000
       Which is Equivalent to (UTC): 15:40:00 Saturday,  Dec. 23, 2017
       Time-Step Length (HHMMSS): 000500
                 VDIFF completed...       0.6413 seconds
                COUPLE completed...       0.0477 seconds
                  HADV completed...       1.7686 seconds
                  ZADV completed...       0.2004 seconds
                 HDIFF completed...       0.1378 seconds
              DECOUPLE completed...       0.0336 seconds
                  PHOT completed...       0.3066 seconds
               CLDPROC completed...       0.1563 seconds
                  CHEM completed...       0.6031 seconds
                  AERO completed...       0.5869 seconds
            Master Time Step
            Processing completed...       4.4866 seconds

     Processing Day/Time [YYYYDDD:HHMMSS]: 2017357:154500
       Which is Equivalent to (UTC): 15:45:00 Saturday,  Dec. 23, 2017
       Time-Step Length (HHMMSS): 000500
                 VDIFF completed...       0.6371 seconds
                COUPLE completed...       0.0469 seconds
                  HADV completed...       1.7719 seconds
                  ZADV completed...       0.1998 seconds
                 HDIFF completed...       0.1395 seconds
              DECOUPLE completed...       0.0342 seconds
                  PHOT completed...       0.3061 seconds
               CLDPROC completed...       0.1559 seconds
                  CHEM completed...       0.6040 seconds
                  AERO completed...       0.5899 seconds
            Master Time Step
            Processing completed...       4.4894 seconds

     Processing Day/Time [YYYYDDD:HHMMSS]: 2017357:155000
       Which is Equivalent to (UTC): 15:50:00 Saturday,  Dec. 23, 2017
       Time-Step Length (HHMMSS): 000500
                 VDIFF completed...       0.6413 seconds
                COUPLE completed...       0.0461 seconds
                  HADV completed...       1.7514 seconds
                  ZADV completed...       0.1995 seconds
                 HDIFF completed...       0.1385 seconds
              DECOUPLE completed...       0.0331 seconds
                  PHOT completed...       0.3078 seconds
               CLDPROC completed...       0.1548 seconds
                  CHEM completed...       0.6009 seconds
                  AERO completed...       0.5848 seconds
            Master Time Step
            Processing completed...       4.4620 seconds

     Processing Day/Time [YYYYDDD:HHMMSS]: 2017357:155500
       Which is Equivalent to (UTC): 15:55:00 Saturday,  Dec. 23, 2017
       Time-Step Length (HHMMSS): 000500
                 VDIFF completed...       2.0087 seconds
                COUPLE completed...       0.1118 seconds
                  HADV completed...       1.2911 seconds
                  ZADV completed...       0.2002 seconds
                 HDIFF completed...       0.1384 seconds
              DECOUPLE completed...       0.0341 seconds
                  PHOT completed...       0.3054 seconds
               CLDPROC completed...       1.3788 seconds
                  CHEM completed...       0.6223 seconds
                  AERO completed...       0.5869 seconds
            Master Time Step
            Processing completed...       6.6816 seconds

      =--> Data Output completed...       1.4414 seconds

     Processing Day/Time [YYYYDDD:HHMMSS]: 2017357:160000
       Which is Equivalent to (UTC): 16:00:00 Saturday,  Dec. 23, 2017
       Time-Step Length (HHMMSS): 000500
                 VDIFF completed...       4.6147 seconds
                COUPLE completed...       0.1037 seconds
                  HADV completed...       2.9408 seconds
                  ZADV completed...       0.2006 seconds
                 HDIFF completed...       0.1380 seconds
              DECOUPLE completed...       0.0327 seconds
                  PHOT completed...       1.1295 seconds
               CLDPROC completed...       0.1594 seconds
                  CHEM completed...       0.6001 seconds
                  AERO completed...       0.5931 seconds
            Master Time Step
            Processing completed...      10.5160 seconds

     Processing Day/Time [YYYYDDD:HHMMSS]: 2017357:160500
       Which is Equivalent to (UTC): 16:05:00 Saturday,  Dec. 23, 2017
       Time-Step Length (HHMMSS): 000500
                 VDIFF completed...       0.6531 seconds
                COUPLE completed...       0.0524 seconds
                  HADV completed...       1.7239 seconds
                  ZADV completed...       0.2003 seconds
                 HDIFF completed...       0.1383 seconds
              DECOUPLE completed...       0.0336 seconds
                  PHOT completed...       0.3079 seconds
               CLDPROC completed...       0.1553 seconds
                  CHEM completed...       0.5937 seconds
                  AERO completed...       0.5878 seconds
            Master Time Step
            Processing completed...       4.4472 seconds

     Processing Day/Time [YYYYDDD:HHMMSS]: 2017357:161000
       Which is Equivalent to (UTC): 16:10:00 Saturday,  Dec. 23, 2017
       Time-Step Length (HHMMSS): 000500
                 VDIFF completed...       0.6500 seconds
                COUPLE completed...       0.0496 seconds
                  HADV completed...       1.6914 seconds
                  ZADV completed...       0.2007 seconds
                 HDIFF completed...       0.1381 seconds
              DECOUPLE completed...       0.0333 seconds
                  PHOT completed...       0.3078 seconds
               CLDPROC completed...       0.1570 seconds
                  CHEM completed...       0.5924 seconds
                  AERO completed...       0.5875 seconds
            Master Time Step
            Processing completed...       4.4086 seconds

     Processing Day/Time [YYYYDDD:HHMMSS]: 2017357:161500
       Which is Equivalent to (UTC): 16:15:00 Saturday,  Dec. 23, 2017
       Time-Step Length (HHMMSS): 000500
                 VDIFF completed...       0.6448 seconds
                COUPLE completed...       0.0505 seconds
                  HADV completed...       1.6946 seconds
                  ZADV completed...       0.2000 seconds
                 HDIFF completed...       0.1385 seconds
              DECOUPLE completed...       0.0335 seconds
                  PHOT completed...       0.3076 seconds
               CLDPROC completed...       0.1575 seconds
                  CHEM completed...       0.5918 seconds
                  AERO completed...       0.5904 seconds
            Master Time Step
            Processing completed...       4.4104 seconds

     Processing Day/Time [YYYYDDD:HHMMSS]: 2017357:162000
       Which is Equivalent to (UTC): 16:20:00 Saturday,  Dec. 23, 2017
       Time-Step Length (HHMMSS): 000500
                 VDIFF completed...       0.6420 seconds
                COUPLE completed...       0.0517 seconds
                  HADV completed...       1.7692 seconds
                  ZADV completed...       0.2004 seconds
                 HDIFF completed...       0.1375 seconds
              DECOUPLE completed...       0.0331 seconds
                  PHOT completed...       0.3087 seconds
               CLDPROC completed...       0.1573 seconds
                  CHEM completed...       0.5886 seconds
                  AERO completed...       0.5915 seconds
            Master Time Step
            Processing completed...       4.4816 seconds

     Processing Day/Time [YYYYDDD:HHMMSS]: 2017357:162500
       Which is Equivalent to (UTC): 16:25:00 Saturday,  Dec. 23, 2017
       Time-Step Length (HHMMSS): 000500
                 VDIFF completed...       0.6406 seconds
                COUPLE completed...       0.0491 seconds
                  HADV completed...       1.7045 seconds
                  ZADV completed...       0.2000 seconds
                 HDIFF completed...       0.1382 seconds
              DECOUPLE completed...       0.0341 seconds
                  PHOT completed...       0.3056 seconds
               CLDPROC completed...       0.1563 seconds
                  CHEM completed...       0.5868 seconds
                  AERO completed...       0.5911 seconds
            Master Time Step
            Processing completed...       4.4101 seconds

     Processing Day/Time [YYYYDDD:HHMMSS]: 2017357:163000
       Which is Equivalent to (UTC): 16:30:00 Saturday,  Dec. 23, 2017
       Time-Step Length (HHMMSS): 000500
                 VDIFF completed...       0.6329 seconds
                COUPLE completed...       0.0524 seconds
                  HADV completed...       1.7069 seconds
                  ZADV completed...       0.2000 seconds
                 HDIFF completed...       0.1377 seconds
              DECOUPLE completed...       0.0345 seconds
                  PHOT completed...       0.3057 seconds
               CLDPROC completed...       0.1569 seconds
                  CHEM completed...       0.5855 seconds
                  AERO completed...       0.5867 seconds
            Master Time Step
            Processing completed...       4.4029 seconds

     Processing Day/Time [YYYYDDD:HHMMSS]: 2017357:163500
       Which is Equivalent to (UTC): 16:35:00 Saturday,  Dec. 23, 2017
       Time-Step Length (HHMMSS): 000500
                 VDIFF completed...       0.6387 seconds
                COUPLE completed...       0.0536 seconds
                  HADV completed...       1.7018 seconds
                  ZADV completed...       0.1999 seconds
                 HDIFF completed...       0.1380 seconds
              DECOUPLE completed...       0.0333 seconds
                  PHOT completed...       0.3066 seconds
               CLDPROC completed...       0.1566 seconds
                  CHEM completed...       0.5834 seconds
                  AERO completed...       0.5908 seconds
            Master Time Step
            Processing completed...       4.4072 seconds

     Processing Day/Time [YYYYDDD:HHMMSS]: 2017357:164000
       Which is Equivalent to (UTC): 16:40:00 Saturday,  Dec. 23, 2017
       Time-Step Length (HHMMSS): 000500
                 VDIFF completed...       0.6377 seconds
                COUPLE completed...       0.0531 seconds
                  HADV completed...       1.7471 seconds
                  ZADV completed...       0.2004 seconds
                 HDIFF completed...       0.1367 seconds
              DECOUPLE completed...       0.0333 seconds
                  PHOT completed...       0.3081 seconds
               CLDPROC completed...       0.1573 seconds
                  CHEM completed...       0.5828 seconds
                  AERO completed...       0.5918 seconds
            Master Time Step
            Processing completed...       4.4524 seconds

     Processing Day/Time [YYYYDDD:HHMMSS]: 2017357:164500
       Which is Equivalent to (UTC): 16:45:00 Saturday,  Dec. 23, 2017
       Time-Step Length (HHMMSS): 000500
                 VDIFF completed...       0.6425 seconds
                COUPLE completed...       0.0478 seconds
                  HADV completed...       1.7706 seconds
                  ZADV completed...       0.1996 seconds
                 HDIFF completed...       0.1387 seconds
              DECOUPLE completed...       0.0335 seconds
                  PHOT completed...       0.3070 seconds
               CLDPROC completed...       0.1549 seconds
                  CHEM completed...       0.5803 seconds
                  AERO completed...       0.5941 seconds
            Master Time Step
            Processing completed...       4.4727 seconds

     Processing Day/Time [YYYYDDD:HHMMSS]: 2017357:165000
       Which is Equivalent to (UTC): 16:50:00 Saturday,  Dec. 23, 2017
       Time-Step Length (HHMMSS): 000500
                 VDIFF completed...       0.6172 seconds
                COUPLE completed...       0.0558 seconds
                  HADV completed...       1.7267 seconds
                  ZADV completed...       0.2001 seconds
                 HDIFF completed...       0.1372 seconds
              DECOUPLE completed...       0.0342 seconds
                  PHOT completed...       0.3068 seconds
               CLDPROC completed...       0.1545 seconds
                  CHEM completed...       0.5801 seconds
                  AERO completed...       0.5910 seconds
            Master Time Step
            Processing completed...       4.4079 seconds

     Processing Day/Time [YYYYDDD:HHMMSS]: 2017357:165500
       Which is Equivalent to (UTC): 16:55:00 Saturday,  Dec. 23, 2017
       Time-Step Length (HHMMSS): 000500
                 VDIFF completed...       2.0450 seconds
                COUPLE completed...       0.1118 seconds
                  HADV completed...       1.2246 seconds
                  ZADV completed...       0.1999 seconds
                 HDIFF completed...       0.1375 seconds
              DECOUPLE completed...       0.0337 seconds
                  PHOT completed...       0.3069 seconds
               CLDPROC completed...       1.3259 seconds
                  CHEM completed...       0.6094 seconds
                  AERO completed...       0.5897 seconds
            Master Time Step
            Processing completed...       6.5887 seconds

      =--> Data Output completed...       1.4655 seconds

     Processing Day/Time [YYYYDDD:HHMMSS]: 2017357:170000
       Which is Equivalent to (UTC): 17:00:00 Saturday,  Dec. 23, 2017
       Time-Step Length (HHMMSS): 000500
                 VDIFF completed...       4.9683 seconds
                COUPLE completed...       0.1018 seconds
                  HADV completed...       2.9766 seconds
                  ZADV completed...       0.1989 seconds
                 HDIFF completed...       0.1387 seconds
              DECOUPLE completed...       0.0332 seconds
                  PHOT completed...       1.0593 seconds
               CLDPROC completed...       0.1599 seconds
                  CHEM completed...       0.5796 seconds
                  AERO completed...       0.5975 seconds
            Master Time Step
            Processing completed...      10.8176 seconds

     Processing Day/Time [YYYYDDD:HHMMSS]: 2017357:170500
       Which is Equivalent to (UTC): 17:05:00 Saturday,  Dec. 23, 2017
       Time-Step Length (HHMMSS): 000500
                 VDIFF completed...       0.6170 seconds
                COUPLE completed...       0.0608 seconds
                  HADV completed...       1.7764 seconds
                  ZADV completed...       0.1994 seconds
                 HDIFF completed...       0.1382 seconds
              DECOUPLE completed...       0.0333 seconds
                  PHOT completed...       0.3070 seconds
               CLDPROC completed...       0.1554 seconds
                  CHEM completed...       0.5743 seconds
                  AERO completed...       0.5875 seconds
            Master Time Step
            Processing completed...       4.4538 seconds

     Processing Day/Time [YYYYDDD:HHMMSS]: 2017357:171000
       Which is Equivalent to (UTC): 17:10:00 Saturday,  Dec. 23, 2017
       Time-Step Length (HHMMSS): 000500
                 VDIFF completed...       0.6148 seconds
                COUPLE completed...       0.0562 seconds
                  HADV completed...       1.7041 seconds
                  ZADV completed...       0.1995 seconds
                 HDIFF completed...       0.1383 seconds
              DECOUPLE completed...       0.0344 seconds
                  PHOT completed...       0.3053 seconds
               CLDPROC completed...       0.1550 seconds
                  CHEM completed...       0.5729 seconds
                  AERO completed...       0.5868 seconds
            Master Time Step
            Processing completed...       4.3719 seconds

     Processing Day/Time [YYYYDDD:HHMMSS]: 2017357:171500
       Which is Equivalent to (UTC): 17:15:00 Saturday,  Dec. 23, 2017
       Time-Step Length (HHMMSS): 000500
                 VDIFF completed...       0.6249 seconds
                COUPLE completed...       0.0569 seconds
                  HADV completed...       1.6960 seconds
                  ZADV completed...       0.1993 seconds
                 HDIFF completed...       0.1381 seconds
              DECOUPLE completed...       0.0329 seconds
                  PHOT completed...       0.3071 seconds
               CLDPROC completed...       0.1574 seconds
                  CHEM completed...       0.5756 seconds
                  AERO completed...       0.5894 seconds
            Master Time Step
            Processing completed...       4.3820 seconds

     Processing Day/Time [YYYYDDD:HHMMSS]: 2017357:172000
       Which is Equivalent to (UTC): 17:20:00 Saturday,  Dec. 23, 2017
       Time-Step Length (HHMMSS): 000500
                 VDIFF completed...       0.6342 seconds
                COUPLE completed...       0.0528 seconds
                  HADV completed...       1.6830 seconds
                  ZADV completed...       0.1993 seconds
                 HDIFF completed...       0.1376 seconds
              DECOUPLE completed...       0.0335 seconds
                  PHOT completed...       0.3070 seconds
               CLDPROC completed...       0.1562 seconds
                  CHEM completed...       0.5735 seconds
                  AERO completed...       0.5895 seconds
            Master Time Step
            Processing completed...       4.3709 seconds

     Processing Day/Time [YYYYDDD:HHMMSS]: 2017357:172500
       Which is Equivalent to (UTC): 17:25:00 Saturday,  Dec. 23, 2017
       Time-Step Length (HHMMSS): 000500
                 VDIFF completed...       0.6095 seconds
                COUPLE completed...       0.0663 seconds
                  HADV completed...       1.6971 seconds
                  ZADV completed...       0.1990 seconds
                 HDIFF completed...       0.1386 seconds
              DECOUPLE completed...       0.0342 seconds
                  PHOT completed...       0.3047 seconds
               CLDPROC completed...       0.1569 seconds
                  CHEM completed...       0.5756 seconds
                  AERO completed...       0.5945 seconds
            Master Time Step
            Processing completed...       4.3809 seconds

     Processing Day/Time [YYYYDDD:HHMMSS]: 2017357:173000
       Which is Equivalent to (UTC): 17:30:00 Saturday,  Dec. 23, 2017
       Time-Step Length (HHMMSS): 000500
                 VDIFF completed...       0.6084 seconds
                COUPLE completed...       0.0560 seconds
                  HADV completed...       1.6990 seconds
                  ZADV completed...       0.1999 seconds
                 HDIFF completed...       0.1379 seconds
              DECOUPLE completed...       0.0340 seconds
                  PHOT completed...       0.3060 seconds
               CLDPROC completed...       0.1556 seconds
                  CHEM completed...       0.5734 seconds
                  AERO completed...       0.5873 seconds
            Master Time Step
            Processing completed...       4.3618 seconds

     Processing Day/Time [YYYYDDD:HHMMSS]: 2017357:173500
       Which is Equivalent to (UTC): 17:35:00 Saturday,  Dec. 23, 2017
       Time-Step Length (HHMMSS): 000500
                 VDIFF completed...       0.6095 seconds
                COUPLE completed...       0.0595 seconds
                  HADV completed...       1.7093 seconds
                  ZADV completed...       0.1993 seconds
                 HDIFF completed...       0.1382 seconds
              DECOUPLE completed...       0.0340 seconds
                  PHOT completed...       0.3069 seconds
               CLDPROC completed...       0.1566 seconds
                  CHEM completed...       0.5733 seconds
                  AERO completed...       0.5939 seconds
            Master Time Step
            Processing completed...       4.3849 seconds

     Processing Day/Time [YYYYDDD:HHMMSS]: 2017357:174000
       Which is Equivalent to (UTC): 17:40:00 Saturday,  Dec. 23, 2017
       Time-Step Length (HHMMSS): 000500
                 VDIFF completed...       0.6154 seconds
                COUPLE completed...       0.0567 seconds
                  HADV completed...       1.6951 seconds
                  ZADV completed...       0.1995 seconds
                 HDIFF completed...       0.1379 seconds
              DECOUPLE completed...       0.0333 seconds
                  PHOT completed...       0.3067 seconds
               CLDPROC completed...       0.1572 seconds
                  CHEM completed...       0.5738 seconds
                  AERO completed...       0.5933 seconds
            Master Time Step
            Processing completed...       4.3728 seconds

     Processing Day/Time [YYYYDDD:HHMMSS]: 2017357:174500
       Which is Equivalent to (UTC): 17:45:00 Saturday,  Dec. 23, 2017
       Time-Step Length (HHMMSS): 000500
                 VDIFF completed...       0.6251 seconds
                COUPLE completed...       0.0534 seconds
                  HADV completed...       1.6765 seconds
                  ZADV completed...       0.1995 seconds
                 HDIFF completed...       0.1378 seconds
              DECOUPLE completed...       0.0326 seconds
                  PHOT completed...       0.3067 seconds
               CLDPROC completed...       0.1567 seconds
                  CHEM completed...       0.5832 seconds
                  AERO completed...       0.5935 seconds
            Master Time Step
            Processing completed...       4.3696 seconds

     Processing Day/Time [YYYYDDD:HHMMSS]: 2017357:175000
       Which is Equivalent to (UTC): 17:50:00 Saturday,  Dec. 23, 2017
       Time-Step Length (HHMMSS): 000500
                 VDIFF completed...       0.6096 seconds
                COUPLE completed...       0.0526 seconds
                  HADV completed...       1.6913 seconds
                  ZADV completed...       0.1993 seconds
                 HDIFF completed...       0.1377 seconds
              DECOUPLE completed...       0.0333 seconds
                  PHOT completed...       0.3067 seconds
               CLDPROC completed...       0.1561 seconds
                  CHEM completed...       0.5755 seconds
                  AERO completed...       0.6074 seconds
            Master Time Step
            Processing completed...       4.3747 seconds

     Processing Day/Time [YYYYDDD:HHMMSS]: 2017357:175500
       Which is Equivalent to (UTC): 17:55:00 Saturday,  Dec. 23, 2017
       Time-Step Length (HHMMSS): 000500
                 VDIFF completed...       2.0392 seconds
                COUPLE completed...       0.1115 seconds
                  HADV completed...       1.3053 seconds
                  ZADV completed...       0.1987 seconds
                 HDIFF completed...       0.1376 seconds
              DECOUPLE completed...       0.0332 seconds
                  PHOT completed...       0.3072 seconds
               CLDPROC completed...       1.3501 seconds
                  CHEM completed...       0.6134 seconds
                  AERO completed...       0.6013 seconds
            Master Time Step
            Processing completed...       6.7019 seconds

      =--> Data Output completed...       1.4433 seconds

     Processing Day/Time [YYYYDDD:HHMMSS]: 2017357:180000
       Which is Equivalent to (UTC): 18:00:00 Saturday,  Dec. 23, 2017
       Time-Step Length (HHMMSS): 000500
                 VDIFF completed...       4.6237 seconds
                COUPLE completed...       0.1090 seconds
                  HADV completed...       3.1594 seconds
                  ZADV completed...       0.2000 seconds
                 HDIFF completed...       0.1378 seconds
              DECOUPLE completed...       0.0334 seconds
                  PHOT completed...       1.2067 seconds
               CLDPROC completed...       0.1607 seconds
                  CHEM completed...       0.5811 seconds
                  AERO completed...       0.5992 seconds
            Master Time Step
            Processing completed...      10.8147 seconds

     Processing Day/Time [YYYYDDD:HHMMSS]: 2017357:180500
       Which is Equivalent to (UTC): 18:05:00 Saturday,  Dec. 23, 2017
       Time-Step Length (HHMMSS): 000500
                 VDIFF completed...       0.6116 seconds
                COUPLE completed...       0.0438 seconds
                  HADV completed...       1.7883 seconds
                  ZADV completed...       0.1991 seconds
                 HDIFF completed...       0.1369 seconds
              DECOUPLE completed...       0.0330 seconds
                  PHOT completed...       0.3075 seconds
               CLDPROC completed...       0.1566 seconds
                  CHEM completed...       0.5728 seconds
                  AERO completed...       0.5937 seconds
            Master Time Step
            Processing completed...       4.4464 seconds

     Processing Day/Time [YYYYDDD:HHMMSS]: 2017357:181000
       Which is Equivalent to (UTC): 18:10:00 Saturday,  Dec. 23, 2017
       Time-Step Length (HHMMSS): 000500
                 VDIFF completed...       0.6013 seconds
                COUPLE completed...       0.0429 seconds
                  HADV completed...       1.7748 seconds
                  ZADV completed...       0.1995 seconds
                 HDIFF completed...       0.1378 seconds
              DECOUPLE completed...       0.0329 seconds
                  PHOT completed...       0.3083 seconds
               CLDPROC completed...       0.1563 seconds
                  CHEM completed...       0.5763 seconds
                  AERO completed...       0.5931 seconds
            Master Time Step
            Processing completed...       4.4244 seconds

     Processing Day/Time [YYYYDDD:HHMMSS]: 2017357:181500
       Which is Equivalent to (UTC): 18:15:00 Saturday,  Dec. 23, 2017
       Time-Step Length (HHMMSS): 000500
                 VDIFF completed...       0.6060 seconds
                COUPLE completed...       0.0432 seconds
                  HADV completed...       1.7701 seconds
                  ZADV completed...       0.1986 seconds
                 HDIFF completed...       0.1376 seconds
              DECOUPLE completed...       0.0336 seconds
                  PHOT completed...       0.3065 seconds
               CLDPROC completed...       0.1566 seconds
                  CHEM completed...       0.5747 seconds
                  AERO completed...       0.5931 seconds
            Master Time Step
            Processing completed...       4.4239 seconds

     Processing Day/Time [YYYYDDD:HHMMSS]: 2017357:182000
       Which is Equivalent to (UTC): 18:20:00 Saturday,  Dec. 23, 2017
       Time-Step Length (HHMMSS): 000500
                 VDIFF completed...       0.6164 seconds
                COUPLE completed...       0.0426 seconds
                  HADV completed...       1.7615 seconds
                  ZADV completed...       0.1990 seconds
                 HDIFF completed...       0.1380 seconds
              DECOUPLE completed...       0.0325 seconds
                  PHOT completed...       0.3080 seconds
               CLDPROC completed...       0.1567 seconds
                  CHEM completed...       0.5750 seconds
                  AERO completed...       0.5932 seconds
            Master Time Step
            Processing completed...       4.4271 seconds

     Processing Day/Time [YYYYDDD:HHMMSS]: 2017357:182500
       Which is Equivalent to (UTC): 18:25:00 Saturday,  Dec. 23, 2017
       Time-Step Length (HHMMSS): 000500
                 VDIFF completed...       0.6079 seconds
                COUPLE completed...       0.0400 seconds
                  HADV completed...       1.7796 seconds
                  ZADV completed...       0.1989 seconds
                 HDIFF completed...       0.1374 seconds
              DECOUPLE completed...       0.0334 seconds
                  PHOT completed...       0.3069 seconds
               CLDPROC completed...       0.1568 seconds
                  CHEM completed...       0.5759 seconds
                  AERO completed...       0.5907 seconds
            Master Time Step
            Processing completed...       4.4316 seconds

     Processing Day/Time [YYYYDDD:HHMMSS]: 2017357:183000
       Which is Equivalent to (UTC): 18:30:00 Saturday,  Dec. 23, 2017
       Time-Step Length (HHMMSS): 000500
                 VDIFF completed...       0.6146 seconds
                COUPLE completed...       0.0407 seconds
                  HADV completed...       1.7752 seconds
                  ZADV completed...       0.1986 seconds
                 HDIFF completed...       0.1370 seconds
              DECOUPLE completed...       0.0324 seconds
                  PHOT completed...       0.3081 seconds
               CLDPROC completed...       0.1575 seconds
                  CHEM completed...       0.5758 seconds
                  AERO completed...       0.6010 seconds
            Master Time Step
            Processing completed...       4.4450 seconds

     Processing Day/Time [YYYYDDD:HHMMSS]: 2017357:183500
       Which is Equivalent to (UTC): 18:35:00 Saturday,  Dec. 23, 2017
       Time-Step Length (HHMMSS): 000500
                 VDIFF completed...       0.6029 seconds
                COUPLE completed...       0.0413 seconds
                  HADV completed...       1.7770 seconds
                  ZADV completed...       0.1996 seconds
                 HDIFF completed...       0.1371 seconds
              DECOUPLE completed...       0.0335 seconds
                  PHOT completed...       0.3068 seconds
               CLDPROC completed...       0.1562 seconds
                  CHEM completed...       0.5810 seconds
                  AERO completed...       0.5994 seconds
            Master Time Step
            Processing completed...       4.4398 seconds

     Processing Day/Time [YYYYDDD:HHMMSS]: 2017357:184000
       Which is Equivalent to (UTC): 18:40:00 Saturday,  Dec. 23, 2017
       Time-Step Length (HHMMSS): 000500
                 VDIFF completed...       0.6037 seconds
                COUPLE completed...       0.0403 seconds
                  HADV completed...       1.7662 seconds
                  ZADV completed...       0.1991 seconds
                 HDIFF completed...       0.1375 seconds
              DECOUPLE completed...       0.0335 seconds
                  PHOT completed...       0.3065 seconds
               CLDPROC completed...       0.1556 seconds
                  CHEM completed...       0.5754 seconds
                  AERO completed...       0.6158 seconds
            Master Time Step
            Processing completed...       4.4381 seconds

     Processing Day/Time [YYYYDDD:HHMMSS]: 2017357:184500
       Which is Equivalent to (UTC): 18:45:00 Saturday,  Dec. 23, 2017
       Time-Step Length (HHMMSS): 000500
                 VDIFF completed...       0.6050 seconds
                COUPLE completed...       0.0393 seconds
                  HADV completed...       1.7549 seconds
                  ZADV completed...       0.1993 seconds
                 HDIFF completed...       0.1368 seconds
              DECOUPLE completed...       0.0331 seconds
                  PHOT completed...       0.3080 seconds
               CLDPROC completed...       0.1560 seconds
                  CHEM completed...       0.5769 seconds
                  AERO completed...       0.6018 seconds
            Master Time Step
            Processing completed...       4.4158 seconds

     Processing Day/Time [YYYYDDD:HHMMSS]: 2017357:185000
       Which is Equivalent to (UTC): 18:50:00 Saturday,  Dec. 23, 2017
       Time-Step Length (HHMMSS): 000500
                 VDIFF completed...       0.6224 seconds
                COUPLE completed...       0.0366 seconds
                  HADV completed...       1.7640 seconds
                  ZADV completed...       0.1990 seconds
                 HDIFF completed...       0.1373 seconds
              DECOUPLE completed...       0.0336 seconds
                  PHOT completed...       0.3069 seconds
               CLDPROC completed...       0.1561 seconds
                  CHEM completed...       0.5787 seconds
                  AERO completed...       0.6025 seconds
            Master Time Step
            Processing completed...       4.4420 seconds

     Processing Day/Time [YYYYDDD:HHMMSS]: 2017357:185500
       Which is Equivalent to (UTC): 18:55:00 Saturday,  Dec. 23, 2017
       Time-Step Length (HHMMSS): 000500
                 VDIFF completed...       2.0207 seconds
                COUPLE completed...       0.1119 seconds
                  HADV completed...       1.2531 seconds
                  ZADV completed...       0.1991 seconds
                 HDIFF completed...       0.1382 seconds
              DECOUPLE completed...       0.0339 seconds
                  PHOT completed...       0.3060 seconds
               CLDPROC completed...       1.3576 seconds
                  CHEM completed...       0.6173 seconds
                  AERO completed...       0.6157 seconds
            Master Time Step
            Processing completed...       6.6575 seconds

      =--> Data Output completed...       1.3999 seconds

     Processing Day/Time [YYYYDDD:HHMMSS]: 2017357:190000
       Which is Equivalent to (UTC): 19:00:00 Saturday,  Dec. 23, 2017
       Time-Step Length (HHMMSS): 000500
                 VDIFF completed...       3.8569 seconds
                COUPLE completed...       0.1142 seconds
                  HADV completed...       4.0881 seconds
                  ZADV completed...       0.1996 seconds
                 HDIFF completed...       0.1377 seconds
              DECOUPLE completed...       0.0339 seconds
                  PHOT completed...       0.8783 seconds
               CLDPROC completed...       0.1558 seconds
                  CHEM completed...       0.5820 seconds
                  AERO completed...       0.6091 seconds
            Master Time Step
            Processing completed...      10.6595 seconds

     Processing Day/Time [YYYYDDD:HHMMSS]: 2017357:190500
       Which is Equivalent to (UTC): 19:05:00 Saturday,  Dec. 23, 2017
       Time-Step Length (HHMMSS): 000500
                 VDIFF completed...       0.5988 seconds
                COUPLE completed...       0.0455 seconds
                  HADV completed...       2.0559 seconds
                  ZADV completed...       0.1996 seconds
                 HDIFF completed...       0.1380 seconds
              DECOUPLE completed...       0.0335 seconds
                  PHOT completed...       0.3076 seconds
               CLDPROC completed...       0.1558 seconds
                  CHEM completed...       0.5810 seconds
                  AERO completed...       0.6037 seconds
            Master Time Step
            Processing completed...       4.7214 seconds

     Processing Day/Time [YYYYDDD:HHMMSS]: 2017357:191000
       Which is Equivalent to (UTC): 19:10:00 Saturday,  Dec. 23, 2017
       Time-Step Length (HHMMSS): 000500
                 VDIFF completed...       0.6201 seconds
                COUPLE completed...       0.0368 seconds
                  HADV completed...       1.7501 seconds
                  ZADV completed...       0.1996 seconds
                 HDIFF completed...       0.1379 seconds
              DECOUPLE completed...       0.0336 seconds
                  PHOT completed...       0.3090 seconds
               CLDPROC completed...       0.1550 seconds
                  CHEM completed...       0.5804 seconds
                  AERO completed...       0.6072 seconds
            Master Time Step
            Processing completed...       4.4308 seconds

     Processing Day/Time [YYYYDDD:HHMMSS]: 2017357:191500
       Which is Equivalent to (UTC): 19:15:00 Saturday,  Dec. 23, 2017
       Time-Step Length (HHMMSS): 000500
                 VDIFF completed...       0.6224 seconds
                COUPLE completed...       0.0374 seconds
                  HADV completed...       1.7586 seconds
                  ZADV completed...       0.1989 seconds
                 HDIFF completed...       0.1374 seconds
              DECOUPLE completed...       0.0335 seconds
                  PHOT completed...       0.3066 seconds
               CLDPROC completed...       0.1539 seconds
                  CHEM completed...       0.5792 seconds
                  AERO completed...       0.5994 seconds
            Master Time Step
            Processing completed...       4.4308 seconds

     Processing Day/Time [YYYYDDD:HHMMSS]: 2017357:192000
       Which is Equivalent to (UTC): 19:20:00 Saturday,  Dec. 23, 2017
       Time-Step Length (HHMMSS): 000500
                 VDIFF completed...       0.6320 seconds
                COUPLE completed...       0.0365 seconds
                  HADV completed...       1.7555 seconds
                  ZADV completed...       0.1994 seconds
                 HDIFF completed...       0.1376 seconds
              DECOUPLE completed...       0.0331 seconds
                  PHOT completed...       0.3080 seconds
               CLDPROC completed...       0.1531 seconds
                  CHEM completed...       0.5792 seconds
                  AERO completed...       0.6059 seconds
            Master Time Step
            Processing completed...       4.4442 seconds

     Processing Day/Time [YYYYDDD:HHMMSS]: 2017357:192500
       Which is Equivalent to (UTC): 19:25:00 Saturday,  Dec. 23, 2017
       Time-Step Length (HHMMSS): 000500
                 VDIFF completed...       0.6240 seconds
                COUPLE completed...       0.0368 seconds
                  HADV completed...       1.7602 seconds
                  ZADV completed...       0.1990 seconds
                 HDIFF completed...       0.1379 seconds
              DECOUPLE completed...       0.0334 seconds
                  PHOT completed...       0.3066 seconds
               CLDPROC completed...       0.1544 seconds
                  CHEM completed...       0.5813 seconds
                  AERO completed...       0.6104 seconds
            Master Time Step
            Processing completed...       4.4478 seconds

     Processing Day/Time [YYYYDDD:HHMMSS]: 2017357:193000
       Which is Equivalent to (UTC): 19:30:00 Saturday,  Dec. 23, 2017
       Time-Step Length (HHMMSS): 000500
                 VDIFF completed...       0.6356 seconds
                COUPLE completed...       0.0350 seconds
                  HADV completed...       1.7592 seconds
                  ZADV completed...       0.1991 seconds
                 HDIFF completed...       0.1379 seconds
              DECOUPLE completed...       0.0340 seconds
                  PHOT completed...       0.3060 seconds
               CLDPROC completed...       0.1547 seconds
                  CHEM completed...       0.5841 seconds
                  AERO completed...       0.6097 seconds
            Master Time Step
            Processing completed...       4.4599 seconds

     Processing Day/Time [YYYYDDD:HHMMSS]: 2017357:193500
       Which is Equivalent to (UTC): 19:35:00 Saturday,  Dec. 23, 2017
       Time-Step Length (HHMMSS): 000500
                 VDIFF completed...       0.6346 seconds
                COUPLE completed...       0.0344 seconds
                  HADV completed...       1.7519 seconds
                  ZADV completed...       0.1988 seconds
                 HDIFF completed...       0.1380 seconds
              DECOUPLE completed...       0.0334 seconds
                  PHOT completed...       0.3076 seconds
               CLDPROC completed...       0.1550 seconds
                  CHEM completed...       0.5840 seconds
                  AERO completed...       0.6307 seconds
            Master Time Step
            Processing completed...       4.4723 seconds

     Processing Day/Time [YYYYDDD:HHMMSS]: 2017357:194000
       Which is Equivalent to (UTC): 19:40:00 Saturday,  Dec. 23, 2017
       Time-Step Length (HHMMSS): 000500
                 VDIFF completed...       0.6170 seconds
                COUPLE completed...       0.0361 seconds
                  HADV completed...       1.7675 seconds
                  ZADV completed...       0.1988 seconds
                 HDIFF completed...       0.1374 seconds
              DECOUPLE completed...       0.0327 seconds
                  PHOT completed...       0.3078 seconds
               CLDPROC completed...       0.1534 seconds
                  CHEM completed...       0.5837 seconds
                  AERO completed...       0.6344 seconds
            Master Time Step
            Processing completed...       4.4735 seconds

     Processing Day/Time [YYYYDDD:HHMMSS]: 2017357:194500
       Which is Equivalent to (UTC): 19:45:00 Saturday,  Dec. 23, 2017
       Time-Step Length (HHMMSS): 000500
                 VDIFF completed...       0.6124 seconds
                COUPLE completed...       0.0397 seconds
                  HADV completed...       1.7510 seconds
                  ZADV completed...       0.1990 seconds
                 HDIFF completed...       0.1378 seconds
              DECOUPLE completed...       0.0329 seconds
                  PHOT completed...       0.3075 seconds
               CLDPROC completed...       0.1533 seconds
                  CHEM completed...       0.5849 seconds
                  AERO completed...       0.6108 seconds
            Master Time Step
            Processing completed...       4.4340 seconds

     Processing Day/Time [YYYYDDD:HHMMSS]: 2017357:195000
       Which is Equivalent to (UTC): 19:50:00 Saturday,  Dec. 23, 2017
       Time-Step Length (HHMMSS): 000500
                 VDIFF completed...       0.6373 seconds
                COUPLE completed...       0.0367 seconds
                  HADV completed...       1.7492 seconds
                  ZADV completed...       0.1992 seconds
                 HDIFF completed...       0.1377 seconds
              DECOUPLE completed...       0.0329 seconds
                  PHOT completed...       0.3068 seconds
               CLDPROC completed...       0.1527 seconds
                  CHEM completed...       0.5874 seconds
                  AERO completed...       0.6155 seconds
            Master Time Step
            Processing completed...       4.4605 seconds

     Processing Day/Time [YYYYDDD:HHMMSS]: 2017357:195500
       Which is Equivalent to (UTC): 19:55:00 Saturday,  Dec. 23, 2017
       Time-Step Length (HHMMSS): 000500
                 VDIFF completed...       2.0764 seconds
                COUPLE completed...       0.1115 seconds
                  HADV completed...       1.2520 seconds
                  ZADV completed...       0.1992 seconds
                 HDIFF completed...       0.1369 seconds
              DECOUPLE completed...       0.0341 seconds
                  PHOT completed...       0.3065 seconds
               CLDPROC completed...       1.3640 seconds
                  CHEM completed...       0.6057 seconds
                  AERO completed...       0.6448 seconds
            Master Time Step
            Processing completed...       6.7356 seconds

      =--> Data Output completed...       1.4166 seconds

     Processing Day/Time [YYYYDDD:HHMMSS]: 2017357:200000
       Which is Equivalent to (UTC): 20:00:00 Saturday,  Dec. 23, 2017
       Time-Step Length (HHMMSS): 000500
                 VDIFF completed...       4.3275 seconds
                COUPLE completed...       0.1137 seconds
                  HADV completed...       3.3058 seconds
                  ZADV completed...       0.1991 seconds
                 HDIFF completed...       0.1377 seconds
              DECOUPLE completed...       0.0330 seconds
                  PHOT completed...       1.1025 seconds
               CLDPROC completed...       0.1557 seconds
                  CHEM completed...       0.5908 seconds
                  AERO completed...       0.6247 seconds
            Master Time Step
            Processing completed...      10.5949 seconds

     Processing Day/Time [YYYYDDD:HHMMSS]: 2017357:200500
       Which is Equivalent to (UTC): 20:05:00 Saturday,  Dec. 23, 2017
       Time-Step Length (HHMMSS): 000500
                 VDIFF completed...       0.6414 seconds
                COUPLE completed...       0.0362 seconds
                  HADV completed...       1.6480 seconds
                  ZADV completed...       0.1982 seconds
                 HDIFF completed...       0.1383 seconds
              DECOUPLE completed...       0.0336 seconds
                  PHOT completed...       0.3067 seconds
               CLDPROC completed...       0.1525 seconds
                  CHEM completed...       0.5867 seconds
                  AERO completed...       0.6141 seconds
            Master Time Step
            Processing completed...       4.3603 seconds

     Processing Day/Time [YYYYDDD:HHMMSS]: 2017357:201000
       Which is Equivalent to (UTC): 20:10:00 Saturday,  Dec. 23, 2017
       Time-Step Length (HHMMSS): 000500
                 VDIFF completed...       0.6341 seconds
                COUPLE completed...       0.0358 seconds
                  HADV completed...       1.6707 seconds
                  ZADV completed...       0.1985 seconds
                 HDIFF completed...       0.1385 seconds
              DECOUPLE completed...       0.0337 seconds
                  PHOT completed...       0.3079 seconds
               CLDPROC completed...       0.1532 seconds
                  CHEM completed...       0.5880 seconds
                  AERO completed...       0.6185 seconds
            Master Time Step
            Processing completed...       4.3814 seconds

     Processing Day/Time [YYYYDDD:HHMMSS]: 2017357:201500
       Which is Equivalent to (UTC): 20:15:00 Saturday,  Dec. 23, 2017
       Time-Step Length (HHMMSS): 000500
                 VDIFF completed...       0.6414 seconds
                COUPLE completed...       0.0383 seconds
                  HADV completed...       1.6733 seconds
                  ZADV completed...       0.1987 seconds
                 HDIFF completed...       0.1377 seconds
              DECOUPLE completed...       0.0338 seconds
                  PHOT completed...       0.3080 seconds
               CLDPROC completed...       0.1534 seconds
                  CHEM completed...       0.5890 seconds
                  AERO completed...       0.6145 seconds
            Master Time Step
            Processing completed...       4.3911 seconds

     Processing Day/Time [YYYYDDD:HHMMSS]: 2017357:202000
       Which is Equivalent to (UTC): 20:20:00 Saturday,  Dec. 23, 2017
       Time-Step Length (HHMMSS): 000500
                 VDIFF completed...       0.6454 seconds
                COUPLE completed...       0.0380 seconds
                  HADV completed...       1.6602 seconds
                  ZADV completed...       0.1984 seconds
                 HDIFF completed...       0.1392 seconds
              DECOUPLE completed...       0.0334 seconds
                  PHOT completed...       0.3067 seconds
               CLDPROC completed...       0.1521 seconds
                  CHEM completed...       0.5845 seconds
                  AERO completed...       0.6204 seconds
            Master Time Step
            Processing completed...       4.3819 seconds

     Processing Day/Time [YYYYDDD:HHMMSS]: 2017357:202500
       Which is Equivalent to (UTC): 20:25:00 Saturday,  Dec. 23, 2017
       Time-Step Length (HHMMSS): 000500
                 VDIFF completed...       0.6312 seconds
                COUPLE completed...       0.0433 seconds
                  HADV completed...       1.6779 seconds
                  ZADV completed...       0.1982 seconds
                 HDIFF completed...       0.1383 seconds
              DECOUPLE completed...       0.0334 seconds
                  PHOT completed...       0.3067 seconds
               CLDPROC completed...       0.1524 seconds
                  CHEM completed...       0.5905 seconds
                  AERO completed...       0.6192 seconds
            Master Time Step
            Processing completed...       4.3954 seconds

     Processing Day/Time [YYYYDDD:HHMMSS]: 2017357:203000
       Which is Equivalent to (UTC): 20:30:00 Saturday,  Dec. 23, 2017
       Time-Step Length (HHMMSS): 000500
                 VDIFF completed...       0.6413 seconds
                COUPLE completed...       0.0399 seconds
                  HADV completed...       1.6681 seconds
                  ZADV completed...       0.1987 seconds
                 HDIFF completed...       0.1376 seconds
              DECOUPLE completed...       0.0336 seconds
                  PHOT completed...       0.3064 seconds
               CLDPROC completed...       0.1526 seconds
                  CHEM completed...       0.5918 seconds
                  AERO completed...       0.6253 seconds
            Master Time Step
            Processing completed...       4.3994 seconds

     Processing Day/Time [YYYYDDD:HHMMSS]: 2017357:203500
       Which is Equivalent to (UTC): 20:35:00 Saturday,  Dec. 23, 2017
       Time-Step Length (HHMMSS): 000500
                 VDIFF completed...       0.6396 seconds
                COUPLE completed...       0.0398 seconds
                  HADV completed...       1.7795 seconds
                  ZADV completed...       0.1984 seconds
                 HDIFF completed...       0.1376 seconds
              DECOUPLE completed...       0.0337 seconds
                  PHOT completed...       0.3069 seconds
               CLDPROC completed...       0.1527 seconds
                  CHEM completed...       0.5912 seconds
                  AERO completed...       0.6249 seconds
            Master Time Step
            Processing completed...       4.5092 seconds

     Processing Day/Time [YYYYDDD:HHMMSS]: 2017357:204000
       Which is Equivalent to (UTC): 20:40:00 Saturday,  Dec. 23, 2017
       Time-Step Length (HHMMSS): 000500
                 VDIFF completed...       0.6334 seconds
                COUPLE completed...       0.0401 seconds
                  HADV completed...       1.6592 seconds
                  ZADV completed...       0.1985 seconds
                 HDIFF completed...       0.1373 seconds
              DECOUPLE completed...       0.0330 seconds
                  PHOT completed...       0.3082 seconds
               CLDPROC completed...       0.1529 seconds
                  CHEM completed...       0.5887 seconds
                  AERO completed...       0.6277 seconds
            Master Time Step
            Processing completed...       4.3838 seconds

     Processing Day/Time [YYYYDDD:HHMMSS]: 2017357:204500
       Which is Equivalent to (UTC): 20:45:00 Saturday,  Dec. 23, 2017
       Time-Step Length (HHMMSS): 000500
                 VDIFF completed...       0.6369 seconds
                COUPLE completed...       0.0416 seconds
                  HADV completed...       1.6435 seconds
                  ZADV completed...       0.1984 seconds
                 HDIFF completed...       0.1380 seconds
              DECOUPLE completed...       0.0334 seconds
                  PHOT completed...       0.3079 seconds
               CLDPROC completed...       0.1511 seconds
                  CHEM completed...       0.5874 seconds
                  AERO completed...       0.6377 seconds
            Master Time Step
            Processing completed...       4.3810 seconds

     Processing Day/Time [YYYYDDD:HHMMSS]: 2017357:205000
       Which is Equivalent to (UTC): 20:50:00 Saturday,  Dec. 23, 2017
       Time-Step Length (HHMMSS): 000500
                 VDIFF completed...       0.6284 seconds
                COUPLE completed...       0.0433 seconds
                  HADV completed...       1.6495 seconds
                  ZADV completed...       0.1988 seconds
                 HDIFF completed...       0.1379 seconds
              DECOUPLE completed...       0.0334 seconds
                  PHOT completed...       0.3073 seconds
               CLDPROC completed...       0.1513 seconds
                  CHEM completed...       0.5918 seconds
                  AERO completed...       0.6286 seconds
            Master Time Step
            Processing completed...       4.3753 seconds

     Processing Day/Time [YYYYDDD:HHMMSS]: 2017357:205500
       Which is Equivalent to (UTC): 20:55:00 Saturday,  Dec. 23, 2017
       Time-Step Length (HHMMSS): 000500
                 VDIFF completed...       2.0063 seconds
                COUPLE completed...       0.1122 seconds
                  HADV completed...       1.3604 seconds
                  ZADV completed...       0.1986 seconds
                 HDIFF completed...       0.1379 seconds
              DECOUPLE completed...       0.0336 seconds
                  PHOT completed...       0.3069 seconds
               CLDPROC completed...       1.0933 seconds
                  CHEM completed...       0.5622 seconds
                  AERO completed...       0.6413 seconds
            Master Time Step
            Processing completed...       6.4571 seconds

      =--> Data Output completed...       1.4419 seconds

     Processing Day/Time [YYYYDDD:HHMMSS]: 2017357:210000
       Which is Equivalent to (UTC): 21:00:00 Saturday,  Dec. 23, 2017
       Time-Step Length (HHMMSS): 000500
                 VDIFF completed...       4.6186 seconds
                COUPLE completed...       0.1108 seconds
                  HADV completed...       3.2274 seconds
                  ZADV completed...       0.1985 seconds
                 HDIFF completed...       0.1381 seconds
              DECOUPLE completed...       0.0339 seconds
                  PHOT completed...       1.2596 seconds
               CLDPROC completed...       0.1548 seconds
                  CHEM completed...       0.5802 seconds
                  AERO completed...       0.6332 seconds
            Master Time Step
            Processing completed...      10.9580 seconds

     Processing Day/Time [YYYYDDD:HHMMSS]: 2017357:210500
       Which is Equivalent to (UTC): 21:05:00 Saturday,  Dec. 23, 2017
       Time-Step Length (HHMMSS): 000500
                 VDIFF completed...       0.6560 seconds
                COUPLE completed...       0.0426 seconds
                  HADV completed...       1.5699 seconds
                  ZADV completed...       0.1979 seconds
                 HDIFF completed...       0.1385 seconds
              DECOUPLE completed...       0.0331 seconds
                  PHOT completed...       0.3076 seconds
               CLDPROC completed...       0.1504 seconds
                  CHEM completed...       0.5793 seconds
                  AERO completed...       0.6410 seconds
            Master Time Step
            Processing completed...       4.3201 seconds

     Processing Day/Time [YYYYDDD:HHMMSS]: 2017357:211000
       Which is Equivalent to (UTC): 21:10:00 Saturday,  Dec. 23, 2017
       Time-Step Length (HHMMSS): 000500
                 VDIFF completed...       0.6361 seconds
                COUPLE completed...       0.0394 seconds
                  HADV completed...       1.5623 seconds
                  ZADV completed...       0.1983 seconds
                 HDIFF completed...       0.1377 seconds
              DECOUPLE completed...       0.0329 seconds
                  PHOT completed...       0.3083 seconds
               CLDPROC completed...       0.1491 seconds
                  CHEM completed...       0.5765 seconds
                  AERO completed...       0.6374 seconds
            Master Time Step
            Processing completed...       4.2826 seconds

     Processing Day/Time [YYYYDDD:HHMMSS]: 2017357:211500
       Which is Equivalent to (UTC): 21:15:00 Saturday,  Dec. 23, 2017
       Time-Step Length (HHMMSS): 000500
                 VDIFF completed...       0.6479 seconds
                COUPLE completed...       0.0396 seconds
                  HADV completed...       1.5217 seconds
                  ZADV completed...       0.1987 seconds
                 HDIFF completed...       0.1367 seconds
              DECOUPLE completed...       0.0326 seconds
                  PHOT completed...       0.3092 seconds
               CLDPROC completed...       0.1482 seconds
                  CHEM completed...       0.5682 seconds
                  AERO completed...       0.6344 seconds
            Master Time Step
            Processing completed...       4.2414 seconds

     Processing Day/Time [YYYYDDD:HHMMSS]: 2017357:212000
       Which is Equivalent to (UTC): 21:20:00 Saturday,  Dec. 23, 2017
       Time-Step Length (HHMMSS): 000500
                 VDIFF completed...       0.6592 seconds
                COUPLE completed...       0.0452 seconds
                  HADV completed...       1.6036 seconds
                  ZADV completed...       0.1986 seconds
                 HDIFF completed...       0.1382 seconds
              DECOUPLE completed...       0.0329 seconds
                  PHOT completed...       0.3080 seconds
               CLDPROC completed...       0.1482 seconds
                  CHEM completed...       0.5693 seconds
                  AERO completed...       0.6454 seconds
            Master Time Step
            Processing completed...       4.3531 seconds

     Processing Day/Time [YYYYDDD:HHMMSS]: 2017357:212500
       Which is Equivalent to (UTC): 21:25:00 Saturday,  Dec. 23, 2017
       Time-Step Length (HHMMSS): 000500
                 VDIFF completed...       0.6665 seconds
                COUPLE completed...       0.0396 seconds
                  HADV completed...       1.4903 seconds
                  ZADV completed...       0.1986 seconds
                 HDIFF completed...       0.1373 seconds
              DECOUPLE completed...       0.0340 seconds
                  PHOT completed...       0.3090 seconds
               CLDPROC completed...       0.1447 seconds
                  CHEM completed...       0.5642 seconds
                  AERO completed...       0.6427 seconds
            Master Time Step
            Processing completed...       4.2317 seconds

     Processing Day/Time [YYYYDDD:HHMMSS]: 2017357:213000
       Which is Equivalent to (UTC): 21:30:00 Saturday,  Dec. 23, 2017
       Time-Step Length (HHMMSS): 000500
                 VDIFF completed...       0.6399 seconds
                COUPLE completed...       0.0426 seconds
                  HADV completed...       1.5403 seconds
                  ZADV completed...       0.1987 seconds
                 HDIFF completed...       0.1378 seconds
              DECOUPLE completed...       0.0336 seconds
                  PHOT completed...       0.3092 seconds
               CLDPROC completed...       0.1442 seconds
                  CHEM completed...       0.5630 seconds
                  AERO completed...       0.6353 seconds
            Master Time Step
            Processing completed...       4.2491 seconds

     Processing Day/Time [YYYYDDD:HHMMSS]: 2017357:213500
       Which is Equivalent to (UTC): 21:35:00 Saturday,  Dec. 23, 2017
       Time-Step Length (HHMMSS): 000500
                 VDIFF completed...       0.6528 seconds
                COUPLE completed...       0.0407 seconds
                  HADV completed...       1.5059 seconds
                  ZADV completed...       0.1987 seconds
                 HDIFF completed...       0.1375 seconds
              DECOUPLE completed...       0.0330 seconds
                  PHOT completed...       0.3120 seconds
               CLDPROC completed...       0.1403 seconds
                  CHEM completed...       0.5571 seconds
                  AERO completed...       0.6375 seconds
            Master Time Step
            Processing completed...       4.2200 seconds

     Processing Day/Time [YYYYDDD:HHMMSS]: 2017357:214000
       Which is Equivalent to (UTC): 21:40:00 Saturday,  Dec. 23, 2017
       Time-Step Length (HHMMSS): 000500
                 VDIFF completed...       0.6534 seconds
                COUPLE completed...       0.0410 seconds
                  HADV completed...       1.4673 seconds
                  ZADV completed...       0.2026 seconds
                 HDIFF completed...       0.1360 seconds
              DECOUPLE completed...       0.0331 seconds
                  PHOT completed...       0.3105 seconds
               CLDPROC completed...       0.1371 seconds
                  CHEM completed...       0.5490 seconds
                  AERO completed...       0.6388 seconds
            Master Time Step
            Processing completed...       4.1733 seconds

     Processing Day/Time [YYYYDDD:HHMMSS]: 2017357:214500
       Which is Equivalent to (UTC): 21:45:00 Saturday,  Dec. 23, 2017
       Time-Step Length (HHMMSS): 000500
                 VDIFF completed...       0.6475 seconds
                COUPLE completed...       0.0426 seconds
                  HADV completed...       1.4513 seconds
                  ZADV completed...       0.1985 seconds
                 HDIFF completed...       0.1379 seconds
              DECOUPLE completed...       0.0339 seconds
                  PHOT completed...       0.3097 seconds
               CLDPROC completed...       0.1384 seconds
                  CHEM completed...       0.5472 seconds
                  AERO completed...       0.6474 seconds
            Master Time Step
            Processing completed...       4.1589 seconds

     Processing Day/Time [YYYYDDD:HHMMSS]: 2017357:215000
       Which is Equivalent to (UTC): 21:50:00 Saturday,  Dec. 23, 2017
       Time-Step Length (HHMMSS): 000500
                 VDIFF completed...       0.6337 seconds
                COUPLE completed...       0.0446 seconds
                  HADV completed...       1.4438 seconds
                  ZADV completed...       0.1990 seconds
                 HDIFF completed...       0.1368 seconds
              DECOUPLE completed...       0.0338 seconds
                  PHOT completed...       0.3104 seconds
               CLDPROC completed...       0.1301 seconds
                  CHEM completed...       0.5473 seconds
                  AERO completed...       0.6597 seconds
            Master Time Step
            Processing completed...       4.1442 seconds

     Processing Day/Time [YYYYDDD:HHMMSS]: 2017357:215500
       Which is Equivalent to (UTC): 21:55:00 Saturday,  Dec. 23, 2017
       Time-Step Length (HHMMSS): 000500
                 VDIFF completed...       1.8369 seconds
                COUPLE completed...       0.1115 seconds
                  HADV completed...       1.2517 seconds
                  ZADV completed...       0.1994 seconds
                 HDIFF completed...       0.1371 seconds
              DECOUPLE completed...       0.0326 seconds
                  PHOT completed...       0.3072 seconds
               CLDPROC completed...       1.1201 seconds
                  CHEM completed...       0.5237 seconds
                  AERO completed...       0.6268 seconds
            Master Time Step
            Processing completed...       6.1519 seconds

      =--> Data Output completed...       1.5025 seconds

     Processing Day/Time [YYYYDDD:HHMMSS]: 2017357:220000
       Which is Equivalent to (UTC): 22:00:00 Saturday,  Dec. 23, 2017
       Time-Step Length (HHMMSS): 000400
                 VDIFF completed...       4.6037 seconds
                COUPLE completed...       0.1100 seconds
                  HADV completed...       2.6126 seconds
                  ZADV completed...       0.1984 seconds
                 HDIFF completed...       0.1377 seconds
              DECOUPLE completed...       0.0347 seconds
                  PHOT completed...       1.1511 seconds
               CLDPROC completed...       0.1319 seconds
                  CHEM completed...       0.4952 seconds
                  AERO completed...       0.6132 seconds
            Master Time Step
            Processing completed...      10.0922 seconds

     Processing Day/Time [YYYYDDD:HHMMSS]: 2017357:220400
       Which is Equivalent to (UTC): 22:04:00 Saturday,  Dec. 23, 2017
       Time-Step Length (HHMMSS): 000400
                 VDIFF completed...       0.6906 seconds
                COUPLE completed...       0.0480 seconds
                  HADV completed...       1.0403 seconds
                  ZADV completed...       0.1983 seconds
                 HDIFF completed...       0.1382 seconds
              DECOUPLE completed...       0.0337 seconds
                  PHOT completed...       0.3102 seconds
               CLDPROC completed...       0.1280 seconds
                  CHEM completed...       0.4932 seconds
                  AERO completed...       0.6074 seconds
            Master Time Step
            Processing completed...       3.6887 seconds

     Processing Day/Time [YYYYDDD:HHMMSS]: 2017357:220800
       Which is Equivalent to (UTC): 22:08:00 Saturday,  Dec. 23, 2017
       Time-Step Length (HHMMSS): 000400
                 VDIFF completed...       0.6818 seconds
                COUPLE completed...       0.0500 seconds
                  HADV completed...       1.0565 seconds
                  ZADV completed...       0.1982 seconds
                 HDIFF completed...       0.1388 seconds
              DECOUPLE completed...       0.0331 seconds
                  PHOT completed...       0.3094 seconds
               CLDPROC completed...       0.1260 seconds
                  CHEM completed...       0.4941 seconds
                  AERO completed...       0.6206 seconds
            Master Time Step
            Processing completed...       3.7091 seconds

     Processing Day/Time [YYYYDDD:HHMMSS]: 2017357:221200
       Which is Equivalent to (UTC): 22:12:00 Saturday,  Dec. 23, 2017
       Time-Step Length (HHMMSS): 000400
                 VDIFF completed...       0.6555 seconds
                COUPLE completed...       0.0537 seconds
                  HADV completed...       1.0431 seconds
                  ZADV completed...       0.1986 seconds
                 HDIFF completed...       0.1389 seconds
              DECOUPLE completed...       0.0333 seconds
                  PHOT completed...       0.3090 seconds
               CLDPROC completed...       0.1241 seconds
                  CHEM completed...       0.4913 seconds
                  AERO completed...       0.6195 seconds
            Master Time Step
            Processing completed...       3.6679 seconds

     Processing Day/Time [YYYYDDD:HHMMSS]: 2017357:221600
       Which is Equivalent to (UTC): 22:16:00 Saturday,  Dec. 23, 2017
       Time-Step Length (HHMMSS): 000400
                 VDIFF completed...       0.6500 seconds
                COUPLE completed...       0.0550 seconds
                  HADV completed...       1.0486 seconds
                  ZADV completed...       0.1981 seconds
                 HDIFF completed...       0.1382 seconds
              DECOUPLE completed...       0.0340 seconds
                  PHOT completed...       0.3073 seconds
               CLDPROC completed...       0.1244 seconds
                  CHEM completed...       0.4932 seconds
                  AERO completed...       0.6122 seconds
            Master Time Step
            Processing completed...       3.6636 seconds

     Processing Day/Time [YYYYDDD:HHMMSS]: 2017357:222000
       Which is Equivalent to (UTC): 22:20:00 Saturday,  Dec. 23, 2017
       Time-Step Length (HHMMSS): 000400
                 VDIFF completed...       0.6460 seconds
                COUPLE completed...       0.0555 seconds
                  HADV completed...       1.0867 seconds
                  ZADV completed...       0.1983 seconds
                 HDIFF completed...       0.1384 seconds
              DECOUPLE completed...       0.0339 seconds
                  PHOT completed...       0.3084 seconds
               CLDPROC completed...       0.1240 seconds
                  CHEM completed...       0.4964 seconds
                  AERO completed...       0.6091 seconds
            Master Time Step
            Processing completed...       3.7004 seconds

     Processing Day/Time [YYYYDDD:HHMMSS]: 2017357:222400
       Which is Equivalent to (UTC): 22:24:00 Saturday,  Dec. 23, 2017
       Time-Step Length (HHMMSS): 000400
                 VDIFF completed...       0.6576 seconds
                COUPLE completed...       0.0519 seconds
                  HADV completed...       1.0100 seconds
                  ZADV completed...       0.1983 seconds
                 HDIFF completed...       0.1385 seconds
              DECOUPLE completed...       0.0343 seconds
                  PHOT completed...       0.3080 seconds
               CLDPROC completed...       0.1228 seconds
                  CHEM completed...       0.4957 seconds
                  AERO completed...       0.6150 seconds
            Master Time Step
            Processing completed...       3.6363 seconds

     Processing Day/Time [YYYYDDD:HHMMSS]: 2017357:222800
       Which is Equivalent to (UTC): 22:28:00 Saturday,  Dec. 23, 2017
       Time-Step Length (HHMMSS): 000400
                 VDIFF completed...       0.6511 seconds
                COUPLE completed...       0.0467 seconds
                  HADV completed...       1.0152 seconds
                  ZADV completed...       0.1980 seconds
                 HDIFF completed...       0.1385 seconds
              DECOUPLE completed...       0.0340 seconds
                  PHOT completed...       0.3090 seconds
               CLDPROC completed...       0.1239 seconds
                  CHEM completed...       0.4980 seconds
                  AERO completed...       0.6234 seconds
            Master Time Step
            Processing completed...       3.6420 seconds

     Processing Day/Time [YYYYDDD:HHMMSS]: 2017357:223200
       Which is Equivalent to (UTC): 22:32:00 Saturday,  Dec. 23, 2017
       Time-Step Length (HHMMSS): 000400
                 VDIFF completed...       0.6279 seconds
                COUPLE completed...       0.0486 seconds
                  HADV completed...       1.0061 seconds
                  ZADV completed...       0.1982 seconds
                 HDIFF completed...       0.1388 seconds
              DECOUPLE completed...       0.0333 seconds
                  PHOT completed...       0.3090 seconds
               CLDPROC completed...       0.1191 seconds
                  CHEM completed...       0.4997 seconds
                  AERO completed...       0.6233 seconds
            Master Time Step
            Processing completed...       3.6087 seconds

     Processing Day/Time [YYYYDDD:HHMMSS]: 2017357:223600
       Which is Equivalent to (UTC): 22:36:00 Saturday,  Dec. 23, 2017
       Time-Step Length (HHMMSS): 000400
                 VDIFF completed...       0.6102 seconds
                COUPLE completed...       0.0479 seconds
                  HADV completed...       1.0019 seconds
                  ZADV completed...       0.1982 seconds
                 HDIFF completed...       0.1390 seconds
              DECOUPLE completed...       0.0334 seconds
                  PHOT completed...       0.3107 seconds
               CLDPROC completed...       0.1181 seconds
                  CHEM completed...       0.5001 seconds
                  AERO completed...       0.6230 seconds
            Master Time Step
            Processing completed...       3.5864 seconds

     Processing Day/Time [YYYYDDD:HHMMSS]: 2017357:224000
       Which is Equivalent to (UTC): 22:40:00 Saturday,  Dec. 23, 2017
       Time-Step Length (HHMMSS): 000400
                 VDIFF completed...       0.6142 seconds
                COUPLE completed...       0.0476 seconds
                  HADV completed...       1.0016 seconds
                  ZADV completed...       0.1986 seconds
                 HDIFF completed...       0.1378 seconds
              DECOUPLE completed...       0.0332 seconds
                  PHOT completed...       0.3109 seconds
               CLDPROC completed...       0.1178 seconds
                  CHEM completed...       0.5019 seconds
                  AERO completed...       0.6165 seconds
            Master Time Step
            Processing completed...       3.5845 seconds

     Processing Day/Time [YYYYDDD:HHMMSS]: 2017357:224400
       Which is Equivalent to (UTC): 22:44:00 Saturday,  Dec. 23, 2017
       Time-Step Length (HHMMSS): 000400
                 VDIFF completed...       0.6194 seconds
                COUPLE completed...       0.0506 seconds
                  HADV completed...       1.0126 seconds
                  ZADV completed...       0.1981 seconds
                 HDIFF completed...       0.1386 seconds
              DECOUPLE completed...       0.0345 seconds
                  PHOT completed...       0.3211 seconds
               CLDPROC completed...       0.1124 seconds
                  CHEM completed...       0.5060 seconds
                  AERO completed...       0.6279 seconds
            Master Time Step
            Processing completed...       3.6257 seconds

     Processing Day/Time [YYYYDDD:HHMMSS]: 2017357:224800
       Which is Equivalent to (UTC): 22:48:00 Saturday,  Dec. 23, 2017
       Time-Step Length (HHMMSS): 000400
                 VDIFF completed...       0.6102 seconds
                COUPLE completed...       0.0481 seconds
                  HADV completed...       0.9693 seconds
                  ZADV completed...       0.1984 seconds
                 HDIFF completed...       0.1379 seconds
              DECOUPLE completed...       0.0333 seconds
                  PHOT completed...       0.3115 seconds
               CLDPROC completed...       0.1174 seconds
                  CHEM completed...       0.5041 seconds
                  AERO completed...       0.6268 seconds
            Master Time Step
            Processing completed...       3.5614 seconds

     Processing Day/Time [YYYYDDD:HHMMSS]: 2017357:225200
       Which is Equivalent to (UTC): 22:52:00 Saturday,  Dec. 23, 2017
       Time-Step Length (HHMMSS): 000400
                 VDIFF completed...       0.6010 seconds
                COUPLE completed...       0.0497 seconds
                  HADV completed...       0.9860 seconds
                  ZADV completed...       0.1982 seconds
                 HDIFF completed...       0.1385 seconds
              DECOUPLE completed...       0.0345 seconds
                  PHOT completed...       0.3109 seconds
               CLDPROC completed...       0.1132 seconds
                  CHEM completed...       0.5071 seconds
                  AERO completed...       0.6509 seconds
            Master Time Step
            Processing completed...       3.5946 seconds

     Processing Day/Time [YYYYDDD:HHMMSS]: 2017357:225600
       Which is Equivalent to (UTC): 22:56:00 Saturday,  Dec. 23, 2017
       Time-Step Length (HHMMSS): 000400
                 VDIFF completed...       1.6181 seconds
                COUPLE completed...       0.1116 seconds
                  HADV completed...       0.8549 seconds
                  ZADV completed...       0.1987 seconds
                 HDIFF completed...       0.1375 seconds
              DECOUPLE completed...       0.0347 seconds
                  PHOT completed...       0.3058 seconds
               CLDPROC completed...       1.0725 seconds
                  CHEM completed...       0.5056 seconds
                  AERO completed...       0.6076 seconds
            Master Time Step
            Processing completed...       5.4510 seconds

      =--> Data Output completed...       1.4004 seconds

     Processing Day/Time [YYYYDDD:HHMMSS]: 2017357:230000
       Which is Equivalent to (UTC): 23:00:00 Saturday,  Dec. 23, 2017
       Time-Step Length (HHMMSS): 000400
                 VDIFF completed...       4.3526 seconds
                COUPLE completed...       0.1140 seconds
                  HADV completed...       3.0493 seconds
                  ZADV completed...       0.1985 seconds
                 HDIFF completed...       0.1384 seconds
              DECOUPLE completed...       0.0337 seconds
                  PHOT completed...       1.1534 seconds
               CLDPROC completed...       0.1153 seconds
                  CHEM completed...       0.5092 seconds
                  AERO completed...       0.6360 seconds
            Master Time Step
            Processing completed...      10.3052 seconds

     Processing Day/Time [YYYYDDD:HHMMSS]: 2017357:230400
       Which is Equivalent to (UTC): 23:04:00 Saturday,  Dec. 23, 2017
       Time-Step Length (HHMMSS): 000400
                 VDIFF completed...       0.6141 seconds
                COUPLE completed...       0.0415 seconds
                  HADV completed...       1.0151 seconds
                  ZADV completed...       0.1981 seconds
                 HDIFF completed...       0.1387 seconds
              DECOUPLE completed...       0.0332 seconds
                  PHOT completed...       0.3140 seconds
               CLDPROC completed...       0.1103 seconds
                  CHEM completed...       0.5123 seconds
                  AERO completed...       0.6300 seconds
            Master Time Step
            Processing completed...       3.6092 seconds

     Processing Day/Time [YYYYDDD:HHMMSS]: 2017357:230800
       Which is Equivalent to (UTC): 23:08:00 Saturday,  Dec. 23, 2017
       Time-Step Length (HHMMSS): 000400
                 VDIFF completed...       0.6059 seconds
                COUPLE completed...       0.0427 seconds
                  HADV completed...       1.0223 seconds
                  ZADV completed...       0.1973 seconds
                 HDIFF completed...       0.1389 seconds
              DECOUPLE completed...       0.0328 seconds
                  PHOT completed...       0.3165 seconds
               CLDPROC completed...       0.1083 seconds
                  CHEM completed...       0.5126 seconds
                  AERO completed...       0.6252 seconds
            Master Time Step
            Processing completed...       3.6068 seconds

     Processing Day/Time [YYYYDDD:HHMMSS]: 2017357:231200
       Which is Equivalent to (UTC): 23:12:00 Saturday,  Dec. 23, 2017
       Time-Step Length (HHMMSS): 000400
                 VDIFF completed...       0.6016 seconds
                COUPLE completed...       0.0433 seconds
                  HADV completed...       1.0225 seconds
                  ZADV completed...       0.1976 seconds
                 HDIFF completed...       0.1398 seconds
              DECOUPLE completed...       0.0325 seconds
                  PHOT completed...       0.3158 seconds
               CLDPROC completed...       0.1074 seconds
                  CHEM completed...       0.5127 seconds
                  AERO completed...       0.6331 seconds
            Master Time Step
            Processing completed...       3.6079 seconds

     Processing Day/Time [YYYYDDD:HHMMSS]: 2017357:231600
       Which is Equivalent to (UTC): 23:16:00 Saturday,  Dec. 23, 2017
       Time-Step Length (HHMMSS): 000400
                 VDIFF completed...       0.5906 seconds
                COUPLE completed...       0.0404 seconds
                  HADV completed...       1.0194 seconds
                  ZADV completed...       0.1972 seconds
                 HDIFF completed...       0.1390 seconds
              DECOUPLE completed...       0.0333 seconds
                  PHOT completed...       0.3135 seconds
               CLDPROC completed...       0.1057 seconds
                  CHEM completed...       0.5143 seconds
                  AERO completed...       0.6384 seconds
            Master Time Step
            Processing completed...       3.5962 seconds

     Processing Day/Time [YYYYDDD:HHMMSS]: 2017357:232000
       Which is Equivalent to (UTC): 23:20:00 Saturday,  Dec. 23, 2017
       Time-Step Length (HHMMSS): 000400
                 VDIFF completed...       0.5767 seconds
                COUPLE completed...       0.0420 seconds
                  HADV completed...       1.0180 seconds
                  ZADV completed...       0.1971 seconds
                 HDIFF completed...       0.1388 seconds
              DECOUPLE completed...       0.0322 seconds
                  PHOT completed...       0.3154 seconds
               CLDPROC completed...       0.1050 seconds
                  CHEM completed...       0.5165 seconds
                  AERO completed...       0.6363 seconds
            Master Time Step
            Processing completed...       3.5820 seconds

     Processing Day/Time [YYYYDDD:HHMMSS]: 2017357:232400
       Which is Equivalent to (UTC): 23:24:00 Saturday,  Dec. 23, 2017
       Time-Step Length (HHMMSS): 000400
                 VDIFF completed...       0.5716 seconds
                COUPLE completed...       0.0418 seconds
                  HADV completed...       1.0228 seconds
                  ZADV completed...       0.1968 seconds
                 HDIFF completed...       0.1392 seconds
              DECOUPLE completed...       0.0327 seconds
                  PHOT completed...       0.3148 seconds
               CLDPROC completed...       0.1053 seconds
                  CHEM completed...       0.5179 seconds
                  AERO completed...       0.6340 seconds
            Master Time Step
            Processing completed...       3.5809 seconds

     Processing Day/Time [YYYYDDD:HHMMSS]: 2017357:232800
       Which is Equivalent to (UTC): 23:28:00 Saturday,  Dec. 23, 2017
       Time-Step Length (HHMMSS): 000400
                 VDIFF completed...       0.5746 seconds
                COUPLE completed...       0.0345 seconds
                  HADV completed...       1.0472 seconds
                  ZADV completed...       0.1965 seconds
                 HDIFF completed...       0.1396 seconds
              DECOUPLE completed...       0.0330 seconds
                  PHOT completed...       0.3144 seconds
               CLDPROC completed...       0.1049 seconds
                  CHEM completed...       0.5188 seconds
                  AERO completed...       0.6362 seconds
            Master Time Step
            Processing completed...       3.6039 seconds

     Processing Day/Time [YYYYDDD:HHMMSS]: 2017357:233200
       Which is Equivalent to (UTC): 23:32:00 Saturday,  Dec. 23, 2017
       Time-Step Length (HHMMSS): 000400
                 VDIFF completed...       0.5612 seconds
                COUPLE completed...       0.0302 seconds
                  HADV completed...       1.0382 seconds
                  ZADV completed...       0.1971 seconds
                 HDIFF completed...       0.1394 seconds
              DECOUPLE completed...       0.0324 seconds
                  PHOT completed...       0.3170 seconds
               CLDPROC completed...       0.1011 seconds
                  CHEM completed...       0.5206 seconds
                  AERO completed...       0.6205 seconds
            Master Time Step
            Processing completed...       3.5619 seconds

     Processing Day/Time [YYYYDDD:HHMMSS]: 2017357:233600
       Which is Equivalent to (UTC): 23:36:00 Saturday,  Dec. 23, 2017
       Time-Step Length (HHMMSS): 000400
                 VDIFF completed...       0.5768 seconds
                COUPLE completed...       0.0311 seconds
                  HADV completed...       1.0373 seconds
                  ZADV completed...       0.1982 seconds
                 HDIFF completed...       0.1379 seconds
              DECOUPLE completed...       0.0336 seconds
                  PHOT completed...       0.3158 seconds
               CLDPROC completed...       0.1000 seconds
                  CHEM completed...       0.5212 seconds
                  AERO completed...       0.6368 seconds
            Master Time Step
            Processing completed...       3.5925 seconds

     Processing Day/Time [YYYYDDD:HHMMSS]: 2017357:234000
       Which is Equivalent to (UTC): 23:40:00 Saturday,  Dec. 23, 2017
       Time-Step Length (HHMMSS): 000400
                 VDIFF completed...       0.5384 seconds
                COUPLE completed...       0.0312 seconds
                  HADV completed...       1.0633 seconds
                  ZADV completed...       0.1980 seconds
                 HDIFF completed...       0.1390 seconds
              DECOUPLE completed...       0.0343 seconds
                  PHOT completed...       0.3144 seconds
               CLDPROC completed...       0.0991 seconds
                  CHEM completed...       0.5224 seconds
                  AERO completed...       0.6392 seconds
            Master Time Step
            Processing completed...       3.5839 seconds

     Processing Day/Time [YYYYDDD:HHMMSS]: 2017357:234400
       Which is Equivalent to (UTC): 23:44:00 Saturday,  Dec. 23, 2017
       Time-Step Length (HHMMSS): 000400
                 VDIFF completed...       0.5521 seconds
                COUPLE completed...       0.0305 seconds
                  HADV completed...       1.0532 seconds
                  ZADV completed...       0.1972 seconds
                 HDIFF completed...       0.1397 seconds
              DECOUPLE completed...       0.0330 seconds
                  PHOT completed...       0.3155 seconds
               CLDPROC completed...       0.0968 seconds
                  CHEM completed...       0.5239 seconds
                  AERO completed...       0.6373 seconds
            Master Time Step
            Processing completed...       3.5840 seconds

     Processing Day/Time [YYYYDDD:HHMMSS]: 2017357:234800
       Which is Equivalent to (UTC): 23:48:00 Saturday,  Dec. 23, 2017
       Time-Step Length (HHMMSS): 000400
                 VDIFF completed...       0.5476 seconds
                COUPLE completed...       0.0300 seconds
                  HADV completed...       1.0532 seconds
                  ZADV completed...       0.1977 seconds
                 HDIFF completed...       0.1387 seconds
              DECOUPLE completed...       0.0333 seconds
                  PHOT completed...       0.3155 seconds
               CLDPROC completed...       0.0951 seconds
                  CHEM completed...       0.5256 seconds
                  AERO completed...       0.6328 seconds
            Master Time Step
            Processing completed...       3.5742 seconds

     Processing Day/Time [YYYYDDD:HHMMSS]: 2017357:235200
       Which is Equivalent to (UTC): 23:52:00 Saturday,  Dec. 23, 2017
       Time-Step Length (HHMMSS): 000400
                 VDIFF completed...       0.5537 seconds
                COUPLE completed...       0.0299 seconds
                  HADV completed...       1.0566 seconds
                  ZADV completed...       0.1980 seconds
                 HDIFF completed...       0.1380 seconds
              DECOUPLE completed...       0.0329 seconds
                  PHOT completed...       0.3161 seconds
               CLDPROC completed...       0.0937 seconds
                  CHEM completed...       0.5288 seconds
                  AERO completed...       0.6567 seconds
            Master Time Step
            Processing completed...       3.6085 seconds

     Processing Day/Time [YYYYDDD:HHMMSS]: 2017357:235600
       Which is Equivalent to (UTC): 23:56:00 Saturday,  Dec. 23, 2017
       Time-Step Length (HHMMSS): 000400
                 VDIFF completed...       1.7168 seconds
                COUPLE completed...       0.1111 seconds
                  HADV completed...       0.9195 seconds
                  ZADV completed...       0.1976 seconds
                 HDIFF completed...       0.1394 seconds
              DECOUPLE completed...       0.0326 seconds
                  PHOT completed...       0.3084 seconds
               CLDPROC completed...       1.0655 seconds
                  CHEM completed...       0.5319 seconds
                  AERO completed...       0.6108 seconds
            Master Time Step
            Processing completed...       5.6378 seconds

      =--> Data Output completed...       1.4641 seconds


     ==============================================
     |>---   PROGRAM COMPLETED SUCCESSFULLY   ---<|
     ==============================================
     Date and time 0:00:00   Dec. 24, 2017  (2017358:000000)

     The elapsed time for this simulation was    1730.6 seconds.

96014.526u 3144.279s 28:54.34 5717.3%	0+0k 45099496+52919296io 136321pf+0w

CMAQ Processing of Day 20171223 Finished at Tue Mar 11 17:29:54 UTC 2025

\\\\\=====\\\\\=====\\\\\=====\\\\\=====/////=====/////=====/////=====/////


==================================
  ***** CMAQ TIMING REPORT *****
==================================
Start Day: 2017-12-22
End Day:   2017-12-23
Number of Simulation Days: 2
Domain Name:               12US1
Number of Grid Cells:      4803435  (ROW x COL x LAY)
Number of Layers:          35
Number of Processes:       192
   All times are in seconds.

Num  Day        Wall Time
01   2017-12-22   1592.5
02   2017-12-23   1730.6
     Total Time = 3323.10
      Avg. Time = 1661.55
