Start Model Run At  Mon Mar 10 20:58:54 UTC 2025
information about processor including whether using hyperthreading
Architecture:                       aarch64
CPU op-mode(s):                     32-bit, 64-bit
Byte Order:                         Little Endian
CPU(s):                             64
On-line CPU(s) list:                0-63
Thread(s) per core:                 1
Core(s) per socket:                 64
Socket(s):                          1
NUMA node(s):                       1
Vendor ID:                          ARM
Model:                              1
Stepping:                           r1p1
BogoMIPS:                           2100.00
L1d cache:                          4 MiB
L1i cache:                          4 MiB
L2 cache:                           64 MiB
L3 cache:                           32 MiB
NUMA node0 CPU(s):                  0-63
Vulnerability Gather data sampling: Not affected
Vulnerability Itlb multihit:        Not affected
Vulnerability L1tf:                 Not affected
Vulnerability Mds:                  Not affected
Vulnerability Meltdown:             Not affected
Vulnerability Mmio stale data:      Not affected
Vulnerability Retbleed:             Not affected
Vulnerability Spec rstack overflow: Not affected
Vulnerability Spec store bypass:    Mitigation; Speculative Store Bypass disabled via prctl
Vulnerability Spectre v1:           Mitigation; __user pointer sanitization
Vulnerability Spectre v2:           Mitigation; CSV2, BHB
Vulnerability Srbds:                Not affected
Vulnerability Tsx async abort:      Not affected
Flags:                              fp asimd evtstrm aes pmull sha1 sha2 crc32 atomics fphp asimdhp cpuid asimdrdm jscvt fcma lrcpc dcpop sha3 sm3 sm4 asimddp sha512 sve asimdfhm dit uscat ilrcpc flagm ssbs paca pacg dcpodp svei8mm svebf16 i8mm bf16 dgh rng
information about cluster
PARTITION AVAIL  TIMELIMIT  NODES  STATE NODELIST
queue1*      up   infinite     16  idle~ queue1-dy-compute-resource-1-[4-12],queue1-dy-compute-resource-2-[1-7]
queue1*      up   infinite      3  alloc queue1-dy-compute-resource-1-[1-3]
information about filesystem
Filesystem                              Size  Used Avail Use% Mounted on
/dev/root                                39G   23G   17G  58% /
devtmpfs                                 62G     0   62G   0% /dev
tmpfs                                    62G     0   62G   0% /dev/shm
tmpfs                                    13G  1.1M   13G   1% /run
tmpfs                                   5.0M     0  5.0M   0% /run/lock
tmpfs                                    62G     0   62G   0% /sys/fs/cgroup
/dev/loop0                               22M   22M     0 100% /snap/amazon-ssm-agent/7994
/dev/nvme0n1p15                          98M  6.3M   92M   7% /boot/efi
/dev/loop1                               50M   50M     0 100% /snap/core18/2826
/dev/loop2                               92M   92M     0 100% /snap/lxd/24065
/dev/loop3                               34M   34M     0 100% /snap/snapd/21467
/dev/loop4                               60M   60M     0 100% /snap/core20/2321
10.0.15.80:/opt/parallelcluster/shared   39G   25G   15G  64% /opt/parallelcluster/shared
10.0.15.80:/home                         39G   25G   15G  64% /home
10.0.15.80:/shared                      246G  167G   69G  71% /shared
10.0.4.244@tcp:/7oiolb4v                1.1T  308G  807G  28% /fsx
10.0.15.80:/opt/slurm                    39G   25G   15G  64% /opt/slurm
/dev/loop5                               49M   49M     0 100% /snap/core18/2857
/dev/loop6                               60M   60M     0 100% /snap/core20/2499
/dev/loop7                               92M   92M     0 100% /snap/lxd/29631
tmpfs                                    13G     0   13G   0% /run/user/1000
list the mounted volumes
clnt_create: RPC: Program not registered
Compiler is set to gcc

Working Directory is /shared/build/openmpi_gcc/CMAQ_v54+/CCTM/scripts
Build Directory is /shared/build/openmpi_gcc/CMAQ_v54+/CCTM/scripts/BLD_CCTM_v54+_gcc
Output Directory is //shared/build/openmpi_gcc/CMAQ_v54+/data/output/output_v54+_cb6r5_ae7_aq_WR413_MYR_gcc_2018_12US1_3x64_classic
Log Directory is //shared/build/openmpi_gcc/CMAQ_v54+/data/output/output_v54+_cb6r5_ae7_aq_WR413_MYR_gcc_2018_12US1_3x64_classic/LOGS
Executable Name is CCTM_v54+.exe

---CMAQ EXECUTION ID: CMAQ_CCTMv54+_sha=0fcfdaa092_ubuntu_20250310_205854_335571990 ---

Set up input and output files for Day 2017-12-22.

Existing Logs and Output Files for Day 2017-12-22 Will Be Deleted
rm: No match.

CMAQ Processing of Day 20171222 Began at Mon Mar 10 20:58:54 UTC 2025

        CTM_APPL  |  v54+_cb6r5_ae7_aq_WR413_MYR_gcc_2018_12US1_3x64_classic_20171222
#================================================================================#        
#|                                                                              |#        
#|               The Community Multiscale Air Quality (CMAQ) Model              |#        
#|                                   Version 5.4                                |#        
#|                                                                              |#        
#|                          Built and Maintained by the                         |#        
#|                        Office of Research and Development                    |#        
#|                   United States Environmental Protection Agency              |#        
#|                                                                              |#        
#|                            https://www.epa.gov/cmaq                          |#        
#|                                                                              |#        
#|       Source Code:   https://www.github.com/USEPA/cmaq/tree/master           |#        
#|       Documentation: https://www.github.com/USEPA/cmaq/tree/master/DOCS      |#        
#|                                                                              |#        
#|         The CMAQ Model is tested and released with cooperation from          |#        
#|         the Community Modeling and Analysis System (CMAS) Center via         |#        
#|         contract support. CMAS is managed by the Institute for the           |#        
#|         Environment, University of North Carolina at Chapel Hill.            |#        
#|         CMAS URL: (https://www.cmascenter.org)                               |#        
#|                                                                              |#        
#================================================================================#        
                                                                     
     This program uses the EPA-AREAL/MCNC-EnvPgms/BAMS/ UNC IE       
     Models-3 I/O Applications Programming Interface, [I/O API]      
     which is built on top of the netCDF I/O library (Copyright      
     993, 1996 University Corporation for Atmospheric Research       
     Unidata Program) and the PVM parallel-programming library       
     (from Oak Ridge National Laboratory).                           
     Copyright (C) 1992-2002 MCNC,                                   
     (C) 1992-2018 Carlie J. Coats, Jr.,                             
     (C) 2003-2012 Baron Advanced Meteorological Systems, LLC, and   
     (C) 2014-2023 UNC Institute for the Environment.                
     Released under the GNU LGPL  License, version 2.1.  See URL     
                                                                     
         https://www.gnu.org/licenses/old-licenses/lgpl-2.1.html     
                                                                     
     for conditions of use.                                          
                                                                     
     ioapi-3.2: $Id: init3.F90 247 2023-03-22 15:59:19Z coats $
     netCDF version 4.8.1 of Jun 30 2023 14:38:29 $
      

     ===========================================
     |>---   ENVIRONMENT VARIABLE REPORT   ---<|
     ===========================================

     |> Grid and High-Level Model Parameters:
     +=========================================
      --Env Variable-- | --Value--
      --------------------------------------------------------------------------------
             BLD  |             (default)
          OUTDIR  |  //shared/build/openmpi_gcc/CMAQ_v54+/data/output/output_v54+_cb6r5_ae7_aq_WR413_MYR_gcc_2018_12US1_3x64_classic
       NEW_START  |          T
  IGNORE_SOILINP  |          F (default)
    EXECUTION_ID  |  CMAQ_CCTMv54+_sha=0fcfdaa092_ubuntu_20250310_205854_335571990
       GRID_NAME  |  12US1
       CTM_TSTEP  |       10000
      CTM_RUNLEN  |      240000
    CTM_PROGNAME  |  DRIVER (default)
      CTM_STDATE  |     2017356
      CTM_STTIME  |           0
     NPCOL_NPROW  |  12 16
     CTM_MAXSYNC  |         300
     CTM_MINSYNC  |          60

     |> Multiprocess control, output and error checking:
     +====================================================
      --Env Variable-- | --Value--
      --------------------------------------------------------------------------------
 PRINT_PROC_TIME  |          T
     FL_ERR_STOP  |          F
       CTM_CKSUM  |          T
AVG_FILE_ENDTIME  |          F
   AVG_CONC_SPCS  |  ALL
       CONC_SPCS  |  O3 NO ANO3I ANO3J NO2 FORM ISOP NH3 ANH4I ANH4J ASO4I ASO4J
 ACONC_BLEV_ELEV  |   1 1
  CONC_BLEV_ELEV  |   1 1
 IOAPI_LOG_WRITE  |          F
         VERTEXT  |          F
VERTEXT_COORD_PA  |  /shared/build/openmpi_gcc/CMAQ_v54+/CCTM/scripts/lonlat.csv
   gc_matrix_nml  |  /shared/build/openmpi_gcc/CMAQ_v54+/CCTM/scripts/BLD_CCTM_v54+_gcc/GC_cb6r5_ae7_aq.nml
   ae_matrix_nml  |  /shared/build/openmpi_gcc/CMAQ_v54+/CCTM/scripts/BLD_CCTM_v54+_gcc/AE_cb6r5_ae7_aq.nml
   nr_matrix_nml  |  /shared/build/openmpi_gcc/CMAQ_v54+/CCTM/scripts/BLD_CCTM_v54+_gcc/NR_cb6r5_ae7_aq.nml
   tr_matrix_nml  |  /shared/build/openmpi_gcc/CMAQ_v54+/CCTM/scripts/BLD_CCTM_v54+_gcc/Species_Table_TR_0.nml

     |> Chemistry and Photolysis:
     +=============================
      --Env Variable-- | --Value--
      --------------------------------------------------------------------------------
    CTM_PHOTDIAG  |          F
CORE_SHELL_OPTIC  |          F (default)
 OPTICS_MIE_CALC  |          F (default)
       GEAR_ATOL  |   0.100E-08 (default)
       GEAR_RTOL  |   0.100E-02 (default)
         RB_RTOL  |   0.100E-02 (default)
         RB_ATOL  |   0.100E-06 (default)

     |> Aerosols:
     +=============
      --Env Variable-- | --Value--
      --------------------------------------------------------------------------------
   IC_AERO_M2WET  |          F
   BC_AERO_M2WET  |          F
   IC_AERO_M2USE  |          F
   BC_AERO_M2USE  |          F
    STM_SO4TRACK  |          F

     |> Cloud Processes:
     +====================
      --Env Variable-- | --Value--
      --------------------------------------------------------------------------------
        CLD_DIAG  |          F

     |> Air-Surface Exchange Processes:
     +===================================
      --Env Variable-- | --Value--
      --------------------------------------------------------------------------------
      PX_VERSION  |          T
      CTM_ABFLUX  |          T
      CTM_MOSAIC  |          F
    CTM_SFC_HONO  |          T
     CLM_VERSION  |          F
    NOAH_VERSION  |          F
   CTM_DEPV_FILE  |          F
      CTM_HGBIDI  |          F
CTM_BIDI_FERT_NH  |          T
 CTM_WBDUST_BELD  |  UNKNOWN (default)
   STAGECTRL_NML  |  /shared/build/openmpi_gcc/CMAQ_v54+/CCTM/scripts/BLD_CCTM_v54+_gcc/CMAQ_Control_STAGE.nml
   CTM_STAGE_P22  |          F
   CTM_STAGE_E20  |          T
   CTM_STAGE_S22  |          F

     |> Transport Processes:
     +========================
      --Env Variable-- | --Value--
      --------------------------------------------------------------------------------
CTM_VDIFF_DIAG_F  |          F (default)
  SIGMA_SYNC_TOP  |   0.700E+00
    ADV_HDIV_LIM  |   0.900E+00 (default)
     CTM_ADV_CFL  |   0.950E+00
           KZMIN  |          T
        CTM_WVEL  |          T
   CTM_GRAV_SETL  |          T

     |> Emissions Parameters:
     +=========================
      --Env Variable-- | --Value--
      --------------------------------------------------------------------------------
      CTM_EMLAYS  |           0 (default)
   MISC_CTRL_NML  |  /shared/build/openmpi_gcc/CMAQ_v54+/CCTM/scripts/BLD_CCTM_v54+_gcc/CMAQ_Control_Misc.nml
  DESID_CTRL_NML  |  /shared/build/openmpi_gcc/CMAQ_v54+/CCTM/scripts/BLD_CCTM_v54+_gcc/CMAQ_Control_DESID.nml
DESID_CHEM_CTRL_  |  /shared/build/openmpi_gcc/CMAQ_v54+/CCTM/scripts/BLD_CCTM_v54+_gcc/CMAQ_Control_DESID_cb6r5_ae7_aq.nml
       N_EMIS_GR  |           2
       N_EMIS_TR  |           0 (default)
     CTM_EMISCHK  |          F
 CTM_BIOGEMIS_BE  |          T
 CTM_BIOGEMIS_MG  |          F
   USE_MEGAN_LAI  |          F (default)
    MGN_ONLN_DEP  |          F (default)
     BDSNP_MEGAN  |          F
       BIOG_SPRO  |  DEFAULT (default)
      B3GTS_DIAG  |          F
    CTM_MGEMDIAG  |          F (default)
  CTM_OCEAN_CHEM  |          T
     CTM_WB_DUST  |          F
 CTM_DUSTEM_DIAG  |          F
    CTM_SSEMDIAG  |          F
     CTM_LTNG_NO  |          F
   LTNG_ASSIM_DT  |           0 (default)
          LTNGNO  |  InLine (default)
        USE_NLDN  |          F (default)
        LTNGDIAG  |          F
         MOLSNCG  |   0.350E+03 (default)
         MOLSNIC  |   0.350E+03 (default)
       N_EMIS_PT  |          10
          IPVERT  |           0 (default)
   EMIS_SYM_DATE  |          F (default)

     |> Process Analysis Parameters:
     +================================
      --Env Variable-- | --Value--
      --------------------------------------------------------------------------------
      CTM_PROCAN  |          F
    PA_BCOL_ECOL  |             (default)
    PA_BROW_EROW  |             (default)
    PA_BLEV_ELEV  |             (default)
       MET_TSTEP  |       10000 (default)

     MET data determined based on WRF ARW version 4.3.3


          -=-  MPP Processor-to-Subdomain Map  -=-
                 Number of Processors = 192
    ____________________________________________________
    |                                                  |
    |  PE    #Cols    Col_Range     #Rows    Row_Range |
    |__________________________________________________|
    |                                                  |
    |  0       39      1:  39         19      1:  19   |
    |  1       39     40:  78         19      1:  19   |
    |  2       39     79: 117         19      1:  19   |
    |  3       38    118: 155         19      1:  19   |
    |  4       38    156: 193         19      1:  19   |
    |  5       38    194: 231         19      1:  19   |
    |  6       38    232: 269         19      1:  19   |
    |  7       38    270: 307         19      1:  19   |
    |  8       38    308: 345         19      1:  19   |
    |  9       38    346: 383         19      1:  19   |
    | 10       38    384: 421         19      1:  19   |
    | 11       38    422: 459         19      1:  19   |
    | 12       39      1:  39         19     20:  38   |
    | 13       39     40:  78         19     20:  38   |
    | 14       39     79: 117         19     20:  38   |
    | 15       38    118: 155         19     20:  38   |
    | 16       38    156: 193         19     20:  38   |
    | 17       38    194: 231         19     20:  38   |
    | 18       38    232: 269         19     20:  38   |
    | 19       38    270: 307         19     20:  38   |
    | 20       38    308: 345         19     20:  38   |
    | 21       38    346: 383         19     20:  38   |
    | 22       38    384: 421         19     20:  38   |
    | 23       38    422: 459         19     20:  38   |
    | 24       39      1:  39         19     39:  57   |
    | 25       39     40:  78         19     39:  57   |
    | 26       39     79: 117         19     39:  57   |
    | 27       38    118: 155         19     39:  57   |
    | 28       38    156: 193         19     39:  57   |
    | 29       38    194: 231         19     39:  57   |
    | 30       38    232: 269         19     39:  57   |
    | 31       38    270: 307         19     39:  57   |
    | 32       38    308: 345         19     39:  57   |
    | 33       38    346: 383         19     39:  57   |
    | 34       38    384: 421         19     39:  57   |
    | 35       38    422: 459         19     39:  57   |
    | 36       39      1:  39         19     58:  76   |
    | 37       39     40:  78         19     58:  76   |
    | 38       39     79: 117         19     58:  76   |
    | 39       38    118: 155         19     58:  76   |
    | 40       38    156: 193         19     58:  76   |
    | 41       38    194: 231         19     58:  76   |
    | 42       38    232: 269         19     58:  76   |
    | 43       38    270: 307         19     58:  76   |
    | 44       38    308: 345         19     58:  76   |
    | 45       38    346: 383         19     58:  76   |
    | 46       38    384: 421         19     58:  76   |
    | 47       38    422: 459         19     58:  76   |
    | 48       39      1:  39         19     77:  95   |
    | 49       39     40:  78         19     77:  95   |
    | 50       39     79: 117         19     77:  95   |
    | 51       38    118: 155         19     77:  95   |
    | 52       38    156: 193         19     77:  95   |
    | 53       38    194: 231         19     77:  95   |
    | 54       38    232: 269         19     77:  95   |
    | 55       38    270: 307         19     77:  95   |
    | 56       38    308: 345         19     77:  95   |
    | 57       38    346: 383         19     77:  95   |
    | 58       38    384: 421         19     77:  95   |
    | 59       38    422: 459         19     77:  95   |
    | 60       39      1:  39         19     96: 114   |
    | 61       39     40:  78         19     96: 114   |
    | 62       39     79: 117         19     96: 114   |
    | 63       38    118: 155         19     96: 114   |
    | 64       38    156: 193         19     96: 114   |
    | 65       38    194: 231         19     96: 114   |
    | 66       38    232: 269         19     96: 114   |
    | 67       38    270: 307         19     96: 114   |
    | 68       38    308: 345         19     96: 114   |
    | 69       38    346: 383         19     96: 114   |
    | 70       38    384: 421         19     96: 114   |
    | 71       38    422: 459         19     96: 114   |
    | 72       39      1:  39         19    115: 133   |
    | 73       39     40:  78         19    115: 133   |
    | 74       39     79: 117         19    115: 133   |
    | 75       38    118: 155         19    115: 133   |
    | 76       38    156: 193         19    115: 133   |
    | 77       38    194: 231         19    115: 133   |
    | 78       38    232: 269         19    115: 133   |
    | 79       38    270: 307         19    115: 133   |
    | 80       38    308: 345         19    115: 133   |
    | 81       38    346: 383         19    115: 133   |
    | 82       38    384: 421         19    115: 133   |
    | 83       38    422: 459         19    115: 133   |
    | 84       39      1:  39         19    134: 152   |
    | 85       39     40:  78         19    134: 152   |
    | 86       39     79: 117         19    134: 152   |
    | 87       38    118: 155         19    134: 152   |
    | 88       38    156: 193         19    134: 152   |
    | 89       38    194: 231         19    134: 152   |
    | 90       38    232: 269         19    134: 152   |
    | 91       38    270: 307         19    134: 152   |
    | 92       38    308: 345         19    134: 152   |
    | 93       38    346: 383         19    134: 152   |
    | 94       38    384: 421         19    134: 152   |
    | 95       38    422: 459         19    134: 152   |
    | 96       39      1:  39         19    153: 171   |
    | 97       39     40:  78         19    153: 171   |
    | 98       39     79: 117         19    153: 171   |
    | 99       38    118: 155         19    153: 171   |
    |100       38    156: 193         19    153: 171   |
    |101       38    194: 231         19    153: 171   |
    |102       38    232: 269         19    153: 171   |
    |103       38    270: 307         19    153: 171   |
    |104       38    308: 345         19    153: 171   |
    |105       38    346: 383         19    153: 171   |
    |106       38    384: 421         19    153: 171   |
    |107       38    422: 459         19    153: 171   |
    |108       39      1:  39         19    172: 190   |
    |109       39     40:  78         19    172: 190   |
    |110       39     79: 117         19    172: 190   |
    |111       38    118: 155         19    172: 190   |
    |112       38    156: 193         19    172: 190   |
    |113       38    194: 231         19    172: 190   |
    |114       38    232: 269         19    172: 190   |
    |115       38    270: 307         19    172: 190   |
    |116       38    308: 345         19    172: 190   |
    |117       38    346: 383         19    172: 190   |
    |118       38    384: 421         19    172: 190   |
    |119       38    422: 459         19    172: 190   |
    |120       39      1:  39         19    191: 209   |
    |121       39     40:  78         19    191: 209   |
    |122       39     79: 117         19    191: 209   |
    |123       38    118: 155         19    191: 209   |
    |124       38    156: 193         19    191: 209   |
    |125       38    194: 231         19    191: 209   |
    |126       38    232: 269         19    191: 209   |
    |127       38    270: 307         19    191: 209   |
    |128       38    308: 345         19    191: 209   |
    |129       38    346: 383         19    191: 209   |
    |130       38    384: 421         19    191: 209   |
    |131       38    422: 459         19    191: 209   |
    |132       39      1:  39         18    210: 227   |
    |133       39     40:  78         18    210: 227   |
    |134       39     79: 117         18    210: 227   |
    |135       38    118: 155         18    210: 227   |
    |136       38    156: 193         18    210: 227   |
    |137       38    194: 231         18    210: 227   |
    |138       38    232: 269         18    210: 227   |
    |139       38    270: 307         18    210: 227   |
    |140       38    308: 345         18    210: 227   |
    |141       38    346: 383         18    210: 227   |
    |142       38    384: 421         18    210: 227   |
    |143       38    422: 459         18    210: 227   |
    |144       39      1:  39         18    228: 245   |
    |145       39     40:  78         18    228: 245   |
    |146       39     79: 117         18    228: 245   |
    |147       38    118: 155         18    228: 245   |
    |148       38    156: 193         18    228: 245   |
    |149       38    194: 231         18    228: 245   |
    |150       38    232: 269         18    228: 245   |
    |151       38    270: 307         18    228: 245   |
    |152       38    308: 345         18    228: 245   |
    |153       38    346: 383         18    228: 245   |
    |154       38    384: 421         18    228: 245   |
    |155       38    422: 459         18    228: 245   |
    |156       39      1:  39         18    246: 263   |
    |157       39     40:  78         18    246: 263   |
    |158       39     79: 117         18    246: 263   |
    |159       38    118: 155         18    246: 263   |
    |160       38    156: 193         18    246: 263   |
    |161       38    194: 231         18    246: 263   |
    |162       38    232: 269         18    246: 263   |
    |163       38    270: 307         18    246: 263   |
    |164       38    308: 345         18    246: 263   |
    |165       38    346: 383         18    246: 263   |
    |166       38    384: 421         18    246: 263   |
    |167       38    422: 459         18    246: 263   |
    |168       39      1:  39         18    264: 281   |
    |169       39     40:  78         18    264: 281   |
    |170       39     79: 117         18    264: 281   |
    |171       38    118: 155         18    264: 281   |
    |172       38    156: 193         18    264: 281   |
    |173       38    194: 231         18    264: 281   |
    |174       38    232: 269         18    264: 281   |
    |175       38    270: 307         18    264: 281   |
    |176       38    308: 345         18    264: 281   |
    |177       38    346: 383         18    264: 281   |
    |178       38    384: 421         18    264: 281   |
    |179       38    422: 459         18    264: 281   |
    |180       39      1:  39         18    282: 299   |
    |181       39     40:  78         18    282: 299   |
    |182       39     79: 117         18    282: 299   |
    |183       38    118: 155         18    282: 299   |
    |184       38    156: 193         18    282: 299   |
    |185       38    194: 231         18    282: 299   |
    |186       38    232: 269         18    282: 299   |
    |187       38    270: 307         18    282: 299   |
    |188       38    308: 345         18    282: 299   |
    |189       38    346: 383         18    282: 299   |
    |190       38    384: 421         18    282: 299   |
    |191       38    422: 459         18    282: 299   |
    |__________________________________________________|



     ================================
     |>---   TIME INTEGRATION   ---<|
     ================================

     Processing Day/Time [YYYYDDD:HHMMSS]: 2017356:000000
       Which is Equivalent to (UTC): 0:00:00  Friday,  Dec. 22, 2017
       Time-Step Length (HHMMSS): 000500
                 VDIFF completed...       1.1105 seconds
                COUPLE completed...       0.0913 seconds
                  HADV completed...       1.7316 seconds
                  ZADV completed...       0.2031 seconds
                 HDIFF completed...       0.1360 seconds
              DECOUPLE completed...       0.0332 seconds
                  PHOT completed...       0.4847 seconds
               CLDPROC completed...       0.1216 seconds
                  CHEM completed...       0.5569 seconds
                  AERO completed...       0.7397 seconds
            Master Time Step
            Processing completed...       5.2119 seconds

     Processing Day/Time [YYYYDDD:HHMMSS]: 2017356:000500
       Which is Equivalent to (UTC): 0:05:00  Friday,  Dec. 22, 2017
       Time-Step Length (HHMMSS): 000500
                 VDIFF completed...       0.3865 seconds
                COUPLE completed...       0.0335 seconds
                  HADV completed...       1.3710 seconds
                  ZADV completed...       0.2033 seconds
                 HDIFF completed...       0.1454 seconds
              DECOUPLE completed...       0.0339 seconds
                  PHOT completed...       0.3173 seconds
               CLDPROC completed...       0.1219 seconds
                  CHEM completed...       0.5333 seconds
                  AERO completed...       0.7307 seconds
            Master Time Step
            Processing completed...       3.8790 seconds

     Processing Day/Time [YYYYDDD:HHMMSS]: 2017356:001000
       Which is Equivalent to (UTC): 0:10:00  Friday,  Dec. 22, 2017
       Time-Step Length (HHMMSS): 000500
                 VDIFF completed...       0.3995 seconds
                COUPLE completed...       0.0322 seconds
                  HADV completed...       1.3732 seconds
                  ZADV completed...       0.2026 seconds
                 HDIFF completed...       0.1377 seconds
              DECOUPLE completed...       0.0333 seconds
                  PHOT completed...       0.3187 seconds
               CLDPROC completed...       0.1260 seconds
                  CHEM completed...       0.5357 seconds
                  AERO completed...       0.7247 seconds
            Master Time Step
            Processing completed...       3.8878 seconds

     Processing Day/Time [YYYYDDD:HHMMSS]: 2017356:001500
       Which is Equivalent to (UTC): 0:15:00  Friday,  Dec. 22, 2017
       Time-Step Length (HHMMSS): 000500
                 VDIFF completed...       0.3969 seconds
                COUPLE completed...       0.0311 seconds
                  HADV completed...       1.3531 seconds
                  ZADV completed...       0.2029 seconds
                 HDIFF completed...       0.1374 seconds
              DECOUPLE completed...       0.0338 seconds
                  PHOT completed...       0.3178 seconds
               CLDPROC completed...       0.1290 seconds
                  CHEM completed...       0.5405 seconds
                  AERO completed...       0.7201 seconds
            Master Time Step
            Processing completed...       3.8661 seconds

     Processing Day/Time [YYYYDDD:HHMMSS]: 2017356:002000
       Which is Equivalent to (UTC): 0:20:00  Friday,  Dec. 22, 2017
       Time-Step Length (HHMMSS): 000500
                 VDIFF completed...       0.3991 seconds
                COUPLE completed...       0.0304 seconds
                  HADV completed...       1.3194 seconds
                  ZADV completed...       0.2027 seconds
                 HDIFF completed...       0.1386 seconds
              DECOUPLE completed...       0.0330 seconds
                  PHOT completed...       0.3192 seconds
               CLDPROC completed...       0.1310 seconds
                  CHEM completed...       0.5438 seconds
                  AERO completed...       0.7136 seconds
            Master Time Step
            Processing completed...       3.8330 seconds

     Processing Day/Time [YYYYDDD:HHMMSS]: 2017356:002500
       Which is Equivalent to (UTC): 0:25:00  Friday,  Dec. 22, 2017
       Time-Step Length (HHMMSS): 000500
                 VDIFF completed...       0.3904 seconds
                COUPLE completed...       0.0299 seconds
                  HADV completed...       1.3301 seconds
                  ZADV completed...       0.2031 seconds
                 HDIFF completed...       0.1379 seconds
              DECOUPLE completed...       0.0329 seconds
                  PHOT completed...       0.3198 seconds
               CLDPROC completed...       0.1291 seconds
                  CHEM completed...       0.5478 seconds
                  AERO completed...       0.7121 seconds
            Master Time Step
            Processing completed...       3.8366 seconds

     Processing Day/Time [YYYYDDD:HHMMSS]: 2017356:003000
       Which is Equivalent to (UTC): 0:30:00  Friday,  Dec. 22, 2017
       Time-Step Length (HHMMSS): 000500
                 VDIFF completed...       0.3971 seconds
                COUPLE completed...       0.0299 seconds
                  HADV completed...       1.3065 seconds
                  ZADV completed...       0.2030 seconds
                 HDIFF completed...       0.1374 seconds
              DECOUPLE completed...       0.0331 seconds
                  PHOT completed...       0.3211 seconds
               CLDPROC completed...       0.1302 seconds
                  CHEM completed...       0.5512 seconds
                  AERO completed...       0.7071 seconds
            Master Time Step
            Processing completed...       3.8199 seconds

     Processing Day/Time [YYYYDDD:HHMMSS]: 2017356:003500
       Which is Equivalent to (UTC): 0:35:00  Friday,  Dec. 22, 2017
       Time-Step Length (HHMMSS): 000500
                 VDIFF completed...       0.4158 seconds
                COUPLE completed...       0.0302 seconds
                  HADV completed...       1.2302 seconds
                  ZADV completed...       0.2030 seconds
                 HDIFF completed...       0.1409 seconds
              DECOUPLE completed...       0.0337 seconds
                  PHOT completed...       0.3206 seconds
               CLDPROC completed...       0.1294 seconds
                  CHEM completed...       0.5544 seconds
                  AERO completed...       0.7046 seconds
            Master Time Step
            Processing completed...       3.7663 seconds

     Processing Day/Time [YYYYDDD:HHMMSS]: 2017356:004000
       Which is Equivalent to (UTC): 0:40:00  Friday,  Dec. 22, 2017
       Time-Step Length (HHMMSS): 000500
                 VDIFF completed...       0.4007 seconds
                COUPLE completed...       0.0297 seconds
                  HADV completed...       1.2513 seconds
                  ZADV completed...       0.2031 seconds
                 HDIFF completed...       0.1384 seconds
              DECOUPLE completed...       0.0327 seconds
                  PHOT completed...       0.3135 seconds
               CLDPROC completed...       0.1270 seconds
                  CHEM completed...       0.5670 seconds
                  AERO completed...       0.7064 seconds
            Master Time Step
            Processing completed...       3.7707 seconds

     Processing Day/Time [YYYYDDD:HHMMSS]: 2017356:004500
       Which is Equivalent to (UTC): 0:45:00  Friday,  Dec. 22, 2017
       Time-Step Length (HHMMSS): 000500
                 VDIFF completed...       0.4013 seconds
                COUPLE completed...       0.0296 seconds
                  HADV completed...       1.2454 seconds
                  ZADV completed...       0.2036 seconds
                 HDIFF completed...       0.1383 seconds
              DECOUPLE completed...       0.0340 seconds
                  PHOT completed...       0.2997 seconds
               CLDPROC completed...       0.1264 seconds
                  CHEM completed...       0.5682 seconds
                  AERO completed...       0.7052 seconds
            Master Time Step
            Processing completed...       3.7523 seconds

     Processing Day/Time [YYYYDDD:HHMMSS]: 2017356:005000
       Which is Equivalent to (UTC): 0:50:00  Friday,  Dec. 22, 2017
       Time-Step Length (HHMMSS): 000500
                 VDIFF completed...       0.4077 seconds
                COUPLE completed...       0.0297 seconds
                  HADV completed...       1.2432 seconds
                  ZADV completed...       0.2031 seconds
                 HDIFF completed...       0.1385 seconds
              DECOUPLE completed...       0.0334 seconds
                  PHOT completed...       0.2866 seconds
               CLDPROC completed...       0.1244 seconds
                  CHEM completed...       0.5594 seconds
                  AERO completed...       0.7166 seconds
            Master Time Step
            Processing completed...       3.7433 seconds

     Processing Day/Time [YYYYDDD:HHMMSS]: 2017356:005500
       Which is Equivalent to (UTC): 0:55:00  Friday,  Dec. 22, 2017
       Time-Step Length (HHMMSS): 000500
                 VDIFF completed...       1.3935 seconds
                COUPLE completed...       0.1118 seconds
                  HADV completed...       1.1195 seconds
                  ZADV completed...       0.2032 seconds
                 HDIFF completed...       0.1395 seconds
              DECOUPLE completed...       0.0330 seconds
                  PHOT completed...       0.2599 seconds
               CLDPROC completed...       0.4936 seconds
                  CHEM completed...       0.5545 seconds
                  AERO completed...       0.6732 seconds
            Master Time Step
            Processing completed...       4.9825 seconds

      =--> Data Output completed...       1.1943 seconds

     Processing Day/Time [YYYYDDD:HHMMSS]: 2017356:010000
       Which is Equivalent to (UTC): 1:00:00  Friday,  Dec. 22, 2017
       Time-Step Length (HHMMSS): 000500
                 VDIFF completed...       5.2266 seconds
                COUPLE completed...       0.0574 seconds
                  HADV completed...       1.9463 seconds
                  ZADV completed...       0.1974 seconds
                 HDIFF completed...       0.1464 seconds
              DECOUPLE completed...       0.0331 seconds
                  PHOT completed...       1.3549 seconds
               CLDPROC completed...       0.1191 seconds
                  CHEM completed...       0.5100 seconds
                  AERO completed...       0.6916 seconds
            Master Time Step
            Processing completed...      10.2858 seconds

     Processing Day/Time [YYYYDDD:HHMMSS]: 2017356:010500
       Which is Equivalent to (UTC): 1:05:00  Friday,  Dec. 22, 2017
       Time-Step Length (HHMMSS): 000500
                 VDIFF completed...       0.4702 seconds
                COUPLE completed...       0.0300 seconds
                  HADV completed...       1.3638 seconds
                  ZADV completed...       0.2000 seconds
                 HDIFF completed...       0.1415 seconds
              DECOUPLE completed...       0.0324 seconds
                  PHOT completed...       0.2553 seconds
               CLDPROC completed...       0.1270 seconds
                  CHEM completed...       0.4897 seconds
                  AERO completed...       0.6867 seconds
            Master Time Step
            Processing completed...       3.7996 seconds

     Processing Day/Time [YYYYDDD:HHMMSS]: 2017356:011000
       Which is Equivalent to (UTC): 1:10:00  Friday,  Dec. 22, 2017
       Time-Step Length (HHMMSS): 000500
                 VDIFF completed...       0.4811 seconds
                COUPLE completed...       0.0309 seconds
                  HADV completed...       1.3541 seconds
                  ZADV completed...       0.1986 seconds
                 HDIFF completed...       0.1585 seconds
              DECOUPLE completed...       0.0327 seconds
                  PHOT completed...       0.2167 seconds
               CLDPROC completed...       0.1388 seconds
                  CHEM completed...       0.4794 seconds
                  AERO completed...       0.6892 seconds
            Master Time Step
            Processing completed...       3.7808 seconds

     Processing Day/Time [YYYYDDD:HHMMSS]: 2017356:011500
       Which is Equivalent to (UTC): 1:15:00  Friday,  Dec. 22, 2017
       Time-Step Length (HHMMSS): 000500
                 VDIFF completed...       0.4906 seconds
                COUPLE completed...       0.0390 seconds
                  HADV completed...       1.3940 seconds
                  ZADV completed...       0.1992 seconds
                 HDIFF completed...       0.1421 seconds
              DECOUPLE completed...       0.0333 seconds
                  PHOT completed...       0.1584 seconds
               CLDPROC completed...       0.1450 seconds
                  CHEM completed...       0.4859 seconds
                  AERO completed...       0.6974 seconds
            Master Time Step
            Processing completed...       3.7892 seconds

     Processing Day/Time [YYYYDDD:HHMMSS]: 2017356:012000
       Which is Equivalent to (UTC): 1:20:00  Friday,  Dec. 22, 2017
       Time-Step Length (HHMMSS): 000500
                 VDIFF completed...       0.4967 seconds
                COUPLE completed...       0.0477 seconds
                  HADV completed...       1.3997 seconds
                  ZADV completed...       0.1991 seconds
                 HDIFF completed...       0.1414 seconds
              DECOUPLE completed...       0.0329 seconds
                  PHOT completed...       0.1286 seconds
               CLDPROC completed...       0.1674 seconds
                  CHEM completed...       0.4905 seconds
                  AERO completed...       0.6968 seconds
            Master Time Step
            Processing completed...       3.8029 seconds

     Processing Day/Time [YYYYDDD:HHMMSS]: 2017356:012500
       Which is Equivalent to (UTC): 1:25:00  Friday,  Dec. 22, 2017
       Time-Step Length (HHMMSS): 000500
                 VDIFF completed...       0.5089 seconds
                COUPLE completed...       0.0459 seconds
                  HADV completed...       1.3921 seconds
                  ZADV completed...       0.1987 seconds
                 HDIFF completed...       0.1422 seconds
              DECOUPLE completed...       0.0329 seconds
                  PHOT completed...       0.1208 seconds
               CLDPROC completed...       0.1719 seconds
                  CHEM completed...       0.4893 seconds
                  AERO completed...       0.7011 seconds
            Master Time Step
            Processing completed...       3.8078 seconds

     Processing Day/Time [YYYYDDD:HHMMSS]: 2017356:013000
       Which is Equivalent to (UTC): 1:30:00  Friday,  Dec. 22, 2017
       Time-Step Length (HHMMSS): 000500
                 VDIFF completed...       0.5251 seconds
                COUPLE completed...       0.0425 seconds
                  HADV completed...       1.3971 seconds
                  ZADV completed...       0.1999 seconds
                 HDIFF completed...       0.1415 seconds
              DECOUPLE completed...       0.0329 seconds
                  PHOT completed...       0.1211 seconds
               CLDPROC completed...       0.1714 seconds
                  CHEM completed...       0.4859 seconds
                  AERO completed...       0.6997 seconds
            Master Time Step
            Processing completed...       3.8218 seconds

     Processing Day/Time [YYYYDDD:HHMMSS]: 2017356:013500
       Which is Equivalent to (UTC): 1:35:00  Friday,  Dec. 22, 2017
       Time-Step Length (HHMMSS): 000500
                 VDIFF completed...       0.5073 seconds
                COUPLE completed...       0.0501 seconds
                  HADV completed...       1.3903 seconds
                  ZADV completed...       0.1978 seconds
                 HDIFF completed...       0.1457 seconds
              DECOUPLE completed...       0.0337 seconds
                  PHOT completed...       0.1205 seconds
               CLDPROC completed...       0.1718 seconds
                  CHEM completed...       0.4858 seconds
                  AERO completed...       0.6981 seconds
            Master Time Step
            Processing completed...       3.8049 seconds

     Processing Day/Time [YYYYDDD:HHMMSS]: 2017356:014000
       Which is Equivalent to (UTC): 1:40:00  Friday,  Dec. 22, 2017
       Time-Step Length (HHMMSS): 000500
                 VDIFF completed...       0.5139 seconds
                COUPLE completed...       0.0494 seconds
                  HADV completed...       1.3963 seconds
                  ZADV completed...       0.1991 seconds
                 HDIFF completed...       0.1408 seconds
              DECOUPLE completed...       0.0329 seconds
                  PHOT completed...       0.1217 seconds
               CLDPROC completed...       0.1709 seconds
                  CHEM completed...       0.4838 seconds
                  AERO completed...       0.6986 seconds
            Master Time Step
            Processing completed...       3.8116 seconds

     Processing Day/Time [YYYYDDD:HHMMSS]: 2017356:014500
       Which is Equivalent to (UTC): 1:45:00  Friday,  Dec. 22, 2017
       Time-Step Length (HHMMSS): 000500
                 VDIFF completed...       0.5243 seconds
                COUPLE completed...       0.0482 seconds
                  HADV completed...       1.3822 seconds
                  ZADV completed...       0.1970 seconds
                 HDIFF completed...       0.1446 seconds
              DECOUPLE completed...       0.0330 seconds
                  PHOT completed...       0.1221 seconds
               CLDPROC completed...       0.1717 seconds
                  CHEM completed...       0.4809 seconds
                  AERO completed...       0.6957 seconds
            Master Time Step
            Processing completed...       3.8004 seconds

     Processing Day/Time [YYYYDDD:HHMMSS]: 2017356:015000
       Which is Equivalent to (UTC): 1:50:00  Friday,  Dec. 22, 2017
       Time-Step Length (HHMMSS): 000500
                 VDIFF completed...       0.5014 seconds
                COUPLE completed...       0.0546 seconds
                  HADV completed...       1.3970 seconds
                  ZADV completed...       0.1986 seconds
                 HDIFF completed...       0.1534 seconds
              DECOUPLE completed...       0.0325 seconds
                  PHOT completed...       0.1227 seconds
               CLDPROC completed...       0.1719 seconds
                  CHEM completed...       0.4811 seconds
                  AERO completed...       0.6960 seconds
            Master Time Step
            Processing completed...       3.8100 seconds

     Processing Day/Time [YYYYDDD:HHMMSS]: 2017356:015500
       Which is Equivalent to (UTC): 1:55:00  Friday,  Dec. 22, 2017
       Time-Step Length (HHMMSS): 000500
                 VDIFF completed...       1.5865 seconds
                COUPLE completed...       0.1119 seconds
                  HADV completed...       1.1456 seconds
                  ZADV completed...       0.1967 seconds
                 HDIFF completed...       0.1582 seconds
              DECOUPLE completed...       0.0323 seconds
                  PHOT completed...       0.1225 seconds
               CLDPROC completed...       0.6574 seconds
                  CHEM completed...       0.5115 seconds
                  AERO completed...       0.6756 seconds
            Master Time Step
            Processing completed...       5.2024 seconds

      =--> Data Output completed...       1.0874 seconds

     Processing Day/Time [YYYYDDD:HHMMSS]: 2017356:020000
       Which is Equivalent to (UTC): 2:00:00  Friday,  Dec. 22, 2017
       Time-Step Length (HHMMSS): 000500
                 VDIFF completed...       5.2385 seconds
                COUPLE completed...       0.0648 seconds
                  HADV completed...       3.7515 seconds
                  ZADV completed...       0.1812 seconds
                 HDIFF completed...       0.2945 seconds
              DECOUPLE completed...       0.0360 seconds
                  PHOT completed...       1.2784 seconds
               CLDPROC completed...       0.1766 seconds
                  CHEM completed...       0.4686 seconds
                  AERO completed...       0.7045 seconds
            Master Time Step
            Processing completed...      12.1955 seconds

     Processing Day/Time [YYYYDDD:HHMMSS]: 2017356:020500
       Which is Equivalent to (UTC): 2:05:00  Friday,  Dec. 22, 2017
       Time-Step Length (HHMMSS): 000500
                 VDIFF completed...       0.4950 seconds
                COUPLE completed...       0.0524 seconds
                  HADV completed...       1.4494 seconds
                  ZADV completed...       0.1992 seconds
                 HDIFF completed...       0.1428 seconds
              DECOUPLE completed...       0.0343 seconds
                  PHOT completed...       0.1200 seconds
               CLDPROC completed...       0.1697 seconds
                  CHEM completed...       0.4727 seconds
                  AERO completed...       0.7056 seconds
            Master Time Step
            Processing completed...       3.8455 seconds

     Processing Day/Time [YYYYDDD:HHMMSS]: 2017356:021000
       Which is Equivalent to (UTC): 2:10:00  Friday,  Dec. 22, 2017
       Time-Step Length (HHMMSS): 000500
                 VDIFF completed...       0.4961 seconds
                COUPLE completed...       0.0566 seconds
                  HADV completed...       1.3796 seconds
                  ZADV completed...       0.1993 seconds
                 HDIFF completed...       0.1420 seconds
              DECOUPLE completed...       0.0333 seconds
                  PHOT completed...       0.1219 seconds
               CLDPROC completed...       0.1721 seconds
                  CHEM completed...       0.4698 seconds
                  AERO completed...       0.7004 seconds
            Master Time Step
            Processing completed...       3.7733 seconds

     Processing Day/Time [YYYYDDD:HHMMSS]: 2017356:021500
       Which is Equivalent to (UTC): 2:15:00  Friday,  Dec. 22, 2017
       Time-Step Length (HHMMSS): 000500
                 VDIFF completed...       0.4919 seconds
                COUPLE completed...       0.0591 seconds
                  HADV completed...       1.3819 seconds
                  ZADV completed...       0.1985 seconds
                 HDIFF completed...       0.1420 seconds
              DECOUPLE completed...       0.0351 seconds
                  PHOT completed...       0.1209 seconds
               CLDPROC completed...       0.1709 seconds
                  CHEM completed...       0.4676 seconds
                  AERO completed...       0.7060 seconds
            Master Time Step
            Processing completed...       3.7749 seconds

     Processing Day/Time [YYYYDDD:HHMMSS]: 2017356:022000
       Which is Equivalent to (UTC): 2:20:00  Friday,  Dec. 22, 2017
       Time-Step Length (HHMMSS): 000500
                 VDIFF completed...       0.5003 seconds
                COUPLE completed...       0.0545 seconds
                  HADV completed...       1.3796 seconds
                  ZADV completed...       0.1990 seconds
                 HDIFF completed...       0.1421 seconds
              DECOUPLE completed...       0.0329 seconds
                  PHOT completed...       0.1212 seconds
               CLDPROC completed...       0.1695 seconds
                  CHEM completed...       0.4577 seconds
                  AERO completed...       0.7017 seconds
            Master Time Step
            Processing completed...       3.7623 seconds

     Processing Day/Time [YYYYDDD:HHMMSS]: 2017356:022500
       Which is Equivalent to (UTC): 2:25:00  Friday,  Dec. 22, 2017
       Time-Step Length (HHMMSS): 000500
                 VDIFF completed...       0.4265 seconds
                COUPLE completed...       0.0495 seconds
                  HADV completed...       1.4794 seconds
                  ZADV completed...       0.1930 seconds
                 HDIFF completed...       0.1497 seconds
              DECOUPLE completed...       0.0331 seconds
                  PHOT completed...       0.1221 seconds
               CLDPROC completed...       0.1712 seconds
                  CHEM completed...       0.4638 seconds
                  AERO completed...       0.7004 seconds
            Master Time Step
            Processing completed...       3.7897 seconds

     Processing Day/Time [YYYYDDD:HHMMSS]: 2017356:023000
       Which is Equivalent to (UTC): 2:30:00  Friday,  Dec. 22, 2017
       Time-Step Length (HHMMSS): 000500
                 VDIFF completed...       0.5114 seconds
                COUPLE completed...       0.0544 seconds
                  HADV completed...       1.3790 seconds
                  ZADV completed...       0.1990 seconds
                 HDIFF completed...       0.1425 seconds
              DECOUPLE completed...       0.0332 seconds
                  PHOT completed...       0.1212 seconds
               CLDPROC completed...       0.1714 seconds
                  CHEM completed...       0.4622 seconds
                  AERO completed...       0.7057 seconds
            Master Time Step
            Processing completed...       3.7830 seconds

     Processing Day/Time [YYYYDDD:HHMMSS]: 2017356:023500
       Which is Equivalent to (UTC): 2:35:00  Friday,  Dec. 22, 2017
       Time-Step Length (HHMMSS): 000500
                 VDIFF completed...       0.5096 seconds
                COUPLE completed...       0.0580 seconds
                  HADV completed...       1.3573 seconds
                  ZADV completed...       0.1982 seconds
                 HDIFF completed...       0.1446 seconds
              DECOUPLE completed...       0.0335 seconds
                  PHOT completed...       0.1214 seconds
               CLDPROC completed...       0.1704 seconds
                  CHEM completed...       0.4606 seconds
                  AERO completed...       0.7043 seconds
            Master Time Step
            Processing completed...       3.7596 seconds

     Processing Day/Time [YYYYDDD:HHMMSS]: 2017356:024000
       Which is Equivalent to (UTC): 2:40:00  Friday,  Dec. 22, 2017
       Time-Step Length (HHMMSS): 000500
                 VDIFF completed...       0.5062 seconds
                COUPLE completed...       0.0579 seconds
                  HADV completed...       1.3565 seconds
                  ZADV completed...       0.1983 seconds
                 HDIFF completed...       0.1608 seconds
              DECOUPLE completed...       0.0337 seconds
                  PHOT completed...       0.1208 seconds
               CLDPROC completed...       0.1706 seconds
                  CHEM completed...       0.4605 seconds
                  AERO completed...       0.7058 seconds
            Master Time Step
            Processing completed...       3.7762 seconds

     Processing Day/Time [YYYYDDD:HHMMSS]: 2017356:024500
       Which is Equivalent to (UTC): 2:45:00  Friday,  Dec. 22, 2017
       Time-Step Length (HHMMSS): 000500
                 VDIFF completed...       0.5039 seconds
                COUPLE completed...       0.0576 seconds
                  HADV completed...       1.3770 seconds
                  ZADV completed...       0.1987 seconds
                 HDIFF completed...       0.1434 seconds
              DECOUPLE completed...       0.0339 seconds
                  PHOT completed...       0.1208 seconds
               CLDPROC completed...       0.1697 seconds
                  CHEM completed...       0.4599 seconds
                  AERO completed...       0.7060 seconds
            Master Time Step
            Processing completed...       3.7759 seconds

     Processing Day/Time [YYYYDDD:HHMMSS]: 2017356:025000
       Which is Equivalent to (UTC): 2:50:00  Friday,  Dec. 22, 2017
       Time-Step Length (HHMMSS): 000500
                 VDIFF completed...       0.5057 seconds
                COUPLE completed...       0.0575 seconds
                  HADV completed...       1.3719 seconds
                  ZADV completed...       0.1990 seconds
                 HDIFF completed...       0.1427 seconds
              DECOUPLE completed...       0.0331 seconds
                  PHOT completed...       0.1211 seconds
               CLDPROC completed...       0.1705 seconds
                  CHEM completed...       0.4586 seconds
                  AERO completed...       0.7045 seconds
            Master Time Step
            Processing completed...       3.7695 seconds

     Processing Day/Time [YYYYDDD:HHMMSS]: 2017356:025500
       Which is Equivalent to (UTC): 2:55:00  Friday,  Dec. 22, 2017
       Time-Step Length (HHMMSS): 000500
                 VDIFF completed...       1.6361 seconds
                COUPLE completed...       0.1117 seconds
                  HADV completed...       1.1279 seconds
                  ZADV completed...       0.1985 seconds
                 HDIFF completed...       0.1428 seconds
              DECOUPLE completed...       0.0332 seconds
                  PHOT completed...       0.1211 seconds
               CLDPROC completed...       1.1024 seconds
                  CHEM completed...       0.4614 seconds
                  AERO completed...       0.6906 seconds
            Master Time Step
            Processing completed...       5.6302 seconds

      =--> Data Output completed...       1.1242 seconds

     Processing Day/Time [YYYYDDD:HHMMSS]: 2017356:030000
       Which is Equivalent to (UTC): 3:00:00  Friday,  Dec. 22, 2017
       Time-Step Length (HHMMSS): 000500
                 VDIFF completed...       5.3876 seconds
                COUPLE completed...       0.0697 seconds
                  HADV completed...       2.1167 seconds
                  ZADV completed...       0.1985 seconds
                 HDIFF completed...       0.1421 seconds
              DECOUPLE completed...       0.0323 seconds
                  PHOT completed...       1.2876 seconds
               CLDPROC completed...       0.1796 seconds
                  CHEM completed...       0.4600 seconds
                  AERO completed...       0.7050 seconds
            Master Time Step
            Processing completed...      10.5818 seconds

     Processing Day/Time [YYYYDDD:HHMMSS]: 2017356:030500
       Which is Equivalent to (UTC): 3:05:00  Friday,  Dec. 22, 2017
       Time-Step Length (HHMMSS): 000500
                 VDIFF completed...       0.5018 seconds
                COUPLE completed...       0.0600 seconds
                  HADV completed...       1.4369 seconds
                  ZADV completed...       0.2033 seconds
                 HDIFF completed...       0.1372 seconds
              DECOUPLE completed...       0.0327 seconds
                  PHOT completed...       0.1219 seconds
               CLDPROC completed...       0.1693 seconds
                  CHEM completed...       0.4549 seconds
                  AERO completed...       0.7048 seconds
            Master Time Step
            Processing completed...       3.8260 seconds

     Processing Day/Time [YYYYDDD:HHMMSS]: 2017356:031000
       Which is Equivalent to (UTC): 3:10:00  Friday,  Dec. 22, 2017
       Time-Step Length (HHMMSS): 000500
                 VDIFF completed...       0.5086 seconds
                COUPLE completed...       0.0535 seconds
                  HADV completed...       1.4422 seconds
                  ZADV completed...       0.2034 seconds
                 HDIFF completed...       0.1376 seconds
              DECOUPLE completed...       0.0333 seconds
                  PHOT completed...       0.1210 seconds
               CLDPROC completed...       0.1693 seconds
                  CHEM completed...       0.4497 seconds
                  AERO completed...       0.7059 seconds
            Master Time Step
            Processing completed...       3.8281 seconds

     Processing Day/Time [YYYYDDD:HHMMSS]: 2017356:031500
       Which is Equivalent to (UTC): 3:15:00  Friday,  Dec. 22, 2017
       Time-Step Length (HHMMSS): 000500
                 VDIFF completed...       0.5132 seconds
                COUPLE completed...       0.0596 seconds
                  HADV completed...       1.4365 seconds
                  ZADV completed...       0.2032 seconds
                 HDIFF completed...       0.1378 seconds
              DECOUPLE completed...       0.0337 seconds
                  PHOT completed...       0.1216 seconds
               CLDPROC completed...       0.1689 seconds
                  CHEM completed...       0.4487 seconds
                  AERO completed...       0.7144 seconds
            Master Time Step
            Processing completed...       3.8416 seconds

     Processing Day/Time [YYYYDDD:HHMMSS]: 2017356:032000
       Which is Equivalent to (UTC): 3:20:00  Friday,  Dec. 22, 2017
       Time-Step Length (HHMMSS): 000500
                 VDIFF completed...       0.5084 seconds
                COUPLE completed...       0.0654 seconds
                  HADV completed...       1.4205 seconds
                  ZADV completed...       0.2026 seconds
                 HDIFF completed...       0.1380 seconds
              DECOUPLE completed...       0.0335 seconds
                  PHOT completed...       0.1217 seconds
               CLDPROC completed...       0.1696 seconds
                  CHEM completed...       0.4469 seconds
                  AERO completed...       0.7036 seconds
            Master Time Step
            Processing completed...       3.8123 seconds

     Processing Day/Time [YYYYDDD:HHMMSS]: 2017356:032500
       Which is Equivalent to (UTC): 3:25:00  Friday,  Dec. 22, 2017
       Time-Step Length (HHMMSS): 000500
                 VDIFF completed...       0.5164 seconds
                COUPLE completed...       0.0558 seconds
                  HADV completed...       1.4540 seconds
                  ZADV completed...       0.2036 seconds
                 HDIFF completed...       0.1390 seconds
              DECOUPLE completed...       0.0340 seconds
                  PHOT completed...       0.1217 seconds
               CLDPROC completed...       0.1689 seconds
                  CHEM completed...       0.4476 seconds
                  AERO completed...       0.6978 seconds
            Master Time Step
            Processing completed...       3.8411 seconds

     Processing Day/Time [YYYYDDD:HHMMSS]: 2017356:033000
       Which is Equivalent to (UTC): 3:30:00  Friday,  Dec. 22, 2017
       Time-Step Length (HHMMSS): 000500
                 VDIFF completed...       0.5162 seconds
                COUPLE completed...       0.0596 seconds
                  HADV completed...       1.4447 seconds
                  ZADV completed...       0.2036 seconds
                 HDIFF completed...       0.1382 seconds
              DECOUPLE completed...       0.0334 seconds
                  PHOT completed...       0.1215 seconds
               CLDPROC completed...       0.1681 seconds
                  CHEM completed...       0.4476 seconds
                  AERO completed...       0.7015 seconds
            Master Time Step
            Processing completed...       3.8392 seconds

     Processing Day/Time [YYYYDDD:HHMMSS]: 2017356:033500
       Which is Equivalent to (UTC): 3:35:00  Friday,  Dec. 22, 2017
       Time-Step Length (HHMMSS): 000500
                 VDIFF completed...       0.5114 seconds
                COUPLE completed...       0.0589 seconds
                  HADV completed...       1.4281 seconds
                  ZADV completed...       0.2021 seconds
                 HDIFF completed...       0.1466 seconds
              DECOUPLE completed...       0.0338 seconds
                  PHOT completed...       0.1216 seconds
               CLDPROC completed...       0.1673 seconds
                  CHEM completed...       0.4426 seconds
                  AERO completed...       0.6934 seconds
            Master Time Step
            Processing completed...       3.8100 seconds

     Processing Day/Time [YYYYDDD:HHMMSS]: 2017356:034000
       Which is Equivalent to (UTC): 3:40:00  Friday,  Dec. 22, 2017
       Time-Step Length (HHMMSS): 000500
                 VDIFF completed...       0.4996 seconds
                COUPLE completed...       0.0547 seconds
                  HADV completed...       1.4749 seconds
                  ZADV completed...       0.2034 seconds
                 HDIFF completed...       0.1383 seconds
              DECOUPLE completed...       0.0332 seconds
                  PHOT completed...       0.1211 seconds
               CLDPROC completed...       0.1680 seconds
                  CHEM completed...       0.4452 seconds
                  AERO completed...       0.7017 seconds
            Master Time Step
            Processing completed...       3.8448 seconds

     Processing Day/Time [YYYYDDD:HHMMSS]: 2017356:034500
       Which is Equivalent to (UTC): 3:45:00  Friday,  Dec. 22, 2017
       Time-Step Length (HHMMSS): 000500
                 VDIFF completed...       0.5076 seconds
                COUPLE completed...       0.0584 seconds
                  HADV completed...       1.4394 seconds
                  ZADV completed...       0.2034 seconds
                 HDIFF completed...       0.1381 seconds
              DECOUPLE completed...       0.0341 seconds
                  PHOT completed...       0.1210 seconds
               CLDPROC completed...       0.1672 seconds
                  CHEM completed...       0.4427 seconds
                  AERO completed...       0.6894 seconds
            Master Time Step
            Processing completed...       3.8061 seconds

     Processing Day/Time [YYYYDDD:HHMMSS]: 2017356:035000
       Which is Equivalent to (UTC): 3:50:00  Friday,  Dec. 22, 2017
       Time-Step Length (HHMMSS): 000500
                 VDIFF completed...       0.5085 seconds
                COUPLE completed...       0.0604 seconds
                  HADV completed...       1.4416 seconds
                  ZADV completed...       0.2036 seconds
                 HDIFF completed...       0.1373 seconds
              DECOUPLE completed...       0.0340 seconds
                  PHOT completed...       0.1209 seconds
               CLDPROC completed...       0.1675 seconds
                  CHEM completed...       0.4453 seconds
                  AERO completed...       0.6887 seconds
            Master Time Step
            Processing completed...       3.8127 seconds

     Processing Day/Time [YYYYDDD:HHMMSS]: 2017356:035500
       Which is Equivalent to (UTC): 3:55:00  Friday,  Dec. 22, 2017
       Time-Step Length (HHMMSS): 000500
                 VDIFF completed...       1.6069 seconds
                COUPLE completed...       0.1114 seconds
                  HADV completed...       1.4962 seconds
                  ZADV completed...       0.2039 seconds
                 HDIFF completed...       0.1410 seconds
              DECOUPLE completed...       0.0338 seconds
                  PHOT completed...       0.1215 seconds
               CLDPROC completed...       0.7479 seconds
                  CHEM completed...       0.4368 seconds
                  AERO completed...       0.6890 seconds
            Master Time Step
            Processing completed...       5.5933 seconds

      =--> Data Output completed...       1.4506 seconds

     Processing Day/Time [YYYYDDD:HHMMSS]: 2017356:040000
       Which is Equivalent to (UTC): 4:00:00  Friday,  Dec. 22, 2017
       Time-Step Length (HHMMSS): 000500
                 VDIFF completed...       5.2771 seconds
                COUPLE completed...       0.0592 seconds
                  HADV completed...       2.0281 seconds
                  ZADV completed...       0.1965 seconds
                 HDIFF completed...       0.1459 seconds
              DECOUPLE completed...       0.0336 seconds
                  PHOT completed...       1.1992 seconds
               CLDPROC completed...       0.1757 seconds
                  CHEM completed...       0.4446 seconds
                  AERO completed...       0.7005 seconds
            Master Time Step
            Processing completed...      10.2619 seconds

     Processing Day/Time [YYYYDDD:HHMMSS]: 2017356:040500
       Which is Equivalent to (UTC): 4:05:00  Friday,  Dec. 22, 2017
       Time-Step Length (HHMMSS): 000500
                 VDIFF completed...       0.4965 seconds
                COUPLE completed...       0.0629 seconds
                  HADV completed...       1.4822 seconds
                  ZADV completed...       0.1965 seconds
                 HDIFF completed...       0.1448 seconds
              DECOUPLE completed...       0.0333 seconds
                  PHOT completed...       0.1212 seconds
               CLDPROC completed...       0.1679 seconds
                  CHEM completed...       0.4351 seconds
                  AERO completed...       0.7019 seconds
            Master Time Step
            Processing completed...       3.8431 seconds

     Processing Day/Time [YYYYDDD:HHMMSS]: 2017356:041000
       Which is Equivalent to (UTC): 4:10:00  Friday,  Dec. 22, 2017
       Time-Step Length (HHMMSS): 000500
                 VDIFF completed...       0.5026 seconds
                COUPLE completed...       0.0602 seconds
                  HADV completed...       1.4634 seconds
                  ZADV completed...       0.1954 seconds
                 HDIFF completed...       0.1457 seconds
              DECOUPLE completed...       0.0332 seconds
                  PHOT completed...       0.1216 seconds
               CLDPROC completed...       0.1671 seconds
                  CHEM completed...       0.4354 seconds
                  AERO completed...       0.6876 seconds
            Master Time Step
            Processing completed...       3.8131 seconds

     Processing Day/Time [YYYYDDD:HHMMSS]: 2017356:041500
       Which is Equivalent to (UTC): 4:15:00  Friday,  Dec. 22, 2017
       Time-Step Length (HHMMSS): 000500
                 VDIFF completed...       0.4924 seconds
                COUPLE completed...       0.0593 seconds
                  HADV completed...       1.4873 seconds
                  ZADV completed...       0.1958 seconds
                 HDIFF completed...       0.1493 seconds
              DECOUPLE completed...       0.0329 seconds
                  PHOT completed...       0.1220 seconds
               CLDPROC completed...       0.1670 seconds
                  CHEM completed...       0.4370 seconds
                  AERO completed...       0.6757 seconds
            Master Time Step
            Processing completed...       3.8196 seconds

     Processing Day/Time [YYYYDDD:HHMMSS]: 2017356:042000
       Which is Equivalent to (UTC): 4:20:00  Friday,  Dec. 22, 2017
       Time-Step Length (HHMMSS): 000500
                 VDIFF completed...       0.5370 seconds
                COUPLE completed...       0.0591 seconds
                  HADV completed...       1.4851 seconds
                  ZADV completed...       0.1962 seconds
                 HDIFF completed...       0.1448 seconds
              DECOUPLE completed...       0.0326 seconds
                  PHOT completed...       0.1218 seconds
               CLDPROC completed...       0.1662 seconds
                  CHEM completed...       0.4354 seconds
                  AERO completed...       0.6822 seconds
            Master Time Step
            Processing completed...       3.8611 seconds

     Processing Day/Time [YYYYDDD:HHMMSS]: 2017356:042500
       Which is Equivalent to (UTC): 4:25:00  Friday,  Dec. 22, 2017
       Time-Step Length (HHMMSS): 000500
                 VDIFF completed...       0.5260 seconds
                COUPLE completed...       0.0606 seconds
                  HADV completed...       1.4959 seconds
                  ZADV completed...       0.1952 seconds
                 HDIFF completed...       0.1459 seconds
              DECOUPLE completed...       0.0333 seconds
                  PHOT completed...       0.1219 seconds
               CLDPROC completed...       0.1658 seconds
                  CHEM completed...       0.4359 seconds
                  AERO completed...       0.6867 seconds
            Master Time Step
            Processing completed...       3.8681 seconds

     Processing Day/Time [YYYYDDD:HHMMSS]: 2017356:043000
       Which is Equivalent to (UTC): 4:30:00  Friday,  Dec. 22, 2017
       Time-Step Length (HHMMSS): 000500
                 VDIFF completed...       0.5145 seconds
                COUPLE completed...       0.0574 seconds
                  HADV completed...       1.5015 seconds
                  ZADV completed...       0.1961 seconds
                 HDIFF completed...       0.1494 seconds
              DECOUPLE completed...       0.0318 seconds
                  PHOT completed...       0.1223 seconds
               CLDPROC completed...       0.1674 seconds
                  CHEM completed...       0.4333 seconds
                  AERO completed...       0.6826 seconds
            Master Time Step
            Processing completed...       3.8570 seconds

     Processing Day/Time [YYYYDDD:HHMMSS]: 2017356:043500
       Which is Equivalent to (UTC): 4:35:00  Friday,  Dec. 22, 2017
       Time-Step Length (HHMMSS): 000500
                 VDIFF completed...       0.5295 seconds
                COUPLE completed...       0.0570 seconds
                  HADV completed...       1.5097 seconds
                  ZADV completed...       0.1960 seconds
                 HDIFF completed...       0.1452 seconds
              DECOUPLE completed...       0.0326 seconds
                  PHOT completed...       0.1221 seconds
               CLDPROC completed...       0.1667 seconds
                  CHEM completed...       0.4341 seconds
                  AERO completed...       0.6763 seconds
            Master Time Step
            Processing completed...       3.8701 seconds

     Processing Day/Time [YYYYDDD:HHMMSS]: 2017356:044000
       Which is Equivalent to (UTC): 4:40:00  Friday,  Dec. 22, 2017
       Time-Step Length (HHMMSS): 000500
                 VDIFF completed...       0.5251 seconds
                COUPLE completed...       0.0604 seconds
                  HADV completed...       1.5140 seconds
                  ZADV completed...       0.1955 seconds
                 HDIFF completed...       0.1458 seconds
              DECOUPLE completed...       0.0328 seconds
                  PHOT completed...       0.1218 seconds
               CLDPROC completed...       0.1655 seconds
                  CHEM completed...       0.4319 seconds
                  AERO completed...       0.6806 seconds
            Master Time Step
            Processing completed...       3.8743 seconds

     Processing Day/Time [YYYYDDD:HHMMSS]: 2017356:044500
       Which is Equivalent to (UTC): 4:45:00  Friday,  Dec. 22, 2017
       Time-Step Length (HHMMSS): 000500
                 VDIFF completed...       0.5265 seconds
                COUPLE completed...       0.0591 seconds
                  HADV completed...       1.5076 seconds
                  ZADV completed...       0.1949 seconds
                 HDIFF completed...       0.1504 seconds
              DECOUPLE completed...       0.0333 seconds
                  PHOT completed...       0.1214 seconds
               CLDPROC completed...       0.1650 seconds
                  CHEM completed...       0.4283 seconds
                  AERO completed...       0.6674 seconds
            Master Time Step
            Processing completed...       3.8547 seconds

     Processing Day/Time [YYYYDDD:HHMMSS]: 2017356:045000
       Which is Equivalent to (UTC): 4:50:00  Friday,  Dec. 22, 2017
       Time-Step Length (HHMMSS): 000500
                 VDIFF completed...       0.5489 seconds
                COUPLE completed...       0.0620 seconds
                  HADV completed...       1.5145 seconds
                  ZADV completed...       0.1962 seconds
                 HDIFF completed...       0.1446 seconds
              DECOUPLE completed...       0.0329 seconds
                  PHOT completed...       0.1223 seconds
               CLDPROC completed...       0.1650 seconds
                  CHEM completed...       0.4330 seconds
                  AERO completed...       0.6779 seconds
            Master Time Step
            Processing completed...       3.8981 seconds

     Processing Day/Time [YYYYDDD:HHMMSS]: 2017356:045500
       Which is Equivalent to (UTC): 4:55:00  Friday,  Dec. 22, 2017
       Time-Step Length (HHMMSS): 000500
                 VDIFF completed...       1.6483 seconds
                COUPLE completed...       0.1111 seconds
                  HADV completed...       1.5417 seconds
                  ZADV completed...       0.1955 seconds
                 HDIFF completed...       0.1481 seconds
              DECOUPLE completed...       0.0329 seconds
                  PHOT completed...       0.1222 seconds
               CLDPROC completed...       0.8351 seconds
                  CHEM completed...       0.4173 seconds
                  AERO completed...       0.6763 seconds
            Master Time Step
            Processing completed...       5.7294 seconds

      =--> Data Output completed...       1.2165 seconds

     Processing Day/Time [YYYYDDD:HHMMSS]: 2017356:050000
       Which is Equivalent to (UTC): 5:00:00  Friday,  Dec. 22, 2017
       Time-Step Length (HHMMSS): 000500
                 VDIFF completed...       5.3899 seconds
                COUPLE completed...       0.0551 seconds
                  HADV completed...       1.9857 seconds
                  ZADV completed...       0.2032 seconds
                 HDIFF completed...       0.1388 seconds
              DECOUPLE completed...       0.0336 seconds
                  PHOT completed...       1.2743 seconds
               CLDPROC completed...       0.1722 seconds
                  CHEM completed...       0.4311 seconds
                  AERO completed...       0.6455 seconds
            Master Time Step
            Processing completed...      10.3318 seconds

     Processing Day/Time [YYYYDDD:HHMMSS]: 2017356:050500
       Which is Equivalent to (UTC): 5:05:00  Friday,  Dec. 22, 2017
       Time-Step Length (HHMMSS): 000500
                 VDIFF completed...       0.6458 seconds
                COUPLE completed...       0.0767 seconds
                  HADV completed...       1.3008 seconds
                  ZADV completed...       0.1966 seconds
                 HDIFF completed...       0.1456 seconds
              DECOUPLE completed...       0.0332 seconds
                  PHOT completed...       0.1211 seconds
               CLDPROC completed...       0.1648 seconds
                  CHEM completed...       0.4274 seconds
                  AERO completed...       0.6617 seconds
            Master Time Step
            Processing completed...       3.7747 seconds

     Processing Day/Time [YYYYDDD:HHMMSS]: 2017356:051000
       Which is Equivalent to (UTC): 5:10:00  Friday,  Dec. 22, 2017
       Time-Step Length (HHMMSS): 000500
                 VDIFF completed...       0.5254 seconds
                COUPLE completed...       0.0604 seconds
                  HADV completed...       1.5101 seconds
                  ZADV completed...       0.1961 seconds
                 HDIFF completed...       0.1450 seconds
              DECOUPLE completed...       0.0341 seconds
                  PHOT completed...       0.1212 seconds
               CLDPROC completed...       0.1643 seconds
                  CHEM completed...       0.4284 seconds
                  AERO completed...       0.6668 seconds
            Master Time Step
            Processing completed...       3.8527 seconds

     Processing Day/Time [YYYYDDD:HHMMSS]: 2017356:051500
       Which is Equivalent to (UTC): 5:15:00  Friday,  Dec. 22, 2017
       Time-Step Length (HHMMSS): 000500
                 VDIFF completed...       0.5109 seconds
                COUPLE completed...       0.0582 seconds
                  HADV completed...       1.5179 seconds
                  ZADV completed...       0.1939 seconds
                 HDIFF completed...       0.1519 seconds
              DECOUPLE completed...       0.0326 seconds
                  PHOT completed...       0.1219 seconds
               CLDPROC completed...       0.1664 seconds
                  CHEM completed...       0.4292 seconds
                  AERO completed...       0.6638 seconds
            Master Time Step
            Processing completed...       3.8484 seconds

     Processing Day/Time [YYYYDDD:HHMMSS]: 2017356:052000
       Which is Equivalent to (UTC): 5:20:00  Friday,  Dec. 22, 2017
       Time-Step Length (HHMMSS): 000500
                 VDIFF completed...       0.5122 seconds
                COUPLE completed...       0.0594 seconds
                  HADV completed...       1.5335 seconds
                  ZADV completed...       0.1950 seconds
                 HDIFF completed...       0.1446 seconds
              DECOUPLE completed...       0.0324 seconds
                  PHOT completed...       0.1221 seconds
               CLDPROC completed...       0.1669 seconds
                  CHEM completed...       0.4279 seconds
                  AERO completed...       0.6667 seconds
            Master Time Step
            Processing completed...       3.8618 seconds

     Processing Day/Time [YYYYDDD:HHMMSS]: 2017356:052500
       Which is Equivalent to (UTC): 5:25:00  Friday,  Dec. 22, 2017
       Time-Step Length (HHMMSS): 000500
                 VDIFF completed...       0.5092 seconds
                COUPLE completed...       0.0582 seconds
                  HADV completed...       1.5305 seconds
                  ZADV completed...       0.1961 seconds
                 HDIFF completed...       0.1457 seconds
              DECOUPLE completed...       0.0332 seconds
                  PHOT completed...       0.1220 seconds
               CLDPROC completed...       0.1651 seconds
                  CHEM completed...       0.4286 seconds
                  AERO completed...       0.6633 seconds
            Master Time Step
            Processing completed...       3.8527 seconds

     Processing Day/Time [YYYYDDD:HHMMSS]: 2017356:053000
       Which is Equivalent to (UTC): 5:30:00  Friday,  Dec. 22, 2017
       Time-Step Length (HHMMSS): 000500
                 VDIFF completed...       0.5177 seconds
                COUPLE completed...       0.0571 seconds
                  HADV completed...       1.5155 seconds
                  ZADV completed...       0.1957 seconds
                 HDIFF completed...       0.1513 seconds
              DECOUPLE completed...       0.0322 seconds
                  PHOT completed...       0.1223 seconds
               CLDPROC completed...       0.1666 seconds
                  CHEM completed...       0.4281 seconds
                  AERO completed...       0.6583 seconds
            Master Time Step
            Processing completed...       3.8469 seconds

     Processing Day/Time [YYYYDDD:HHMMSS]: 2017356:053500
       Which is Equivalent to (UTC): 5:35:00  Friday,  Dec. 22, 2017
       Time-Step Length (HHMMSS): 000500
                 VDIFF completed...       0.5179 seconds
                COUPLE completed...       0.0611 seconds
                  HADV completed...       1.5267 seconds
                  ZADV completed...       0.1956 seconds
                 HDIFF completed...       0.1458 seconds
              DECOUPLE completed...       0.0343 seconds
                  PHOT completed...       0.1207 seconds
               CLDPROC completed...       0.1634 seconds
                  CHEM completed...       0.4268 seconds
                  AERO completed...       0.6628 seconds
            Master Time Step
            Processing completed...       3.8584 seconds

     Processing Day/Time [YYYYDDD:HHMMSS]: 2017356:054000
       Which is Equivalent to (UTC): 5:40:00  Friday,  Dec. 22, 2017
       Time-Step Length (HHMMSS): 000500
                 VDIFF completed...       0.5169 seconds
                COUPLE completed...       0.0613 seconds
                  HADV completed...       1.5214 seconds
                  ZADV completed...       0.1963 seconds
                 HDIFF completed...       0.1443 seconds
              DECOUPLE completed...       0.0327 seconds
                  PHOT completed...       0.1221 seconds
               CLDPROC completed...       0.1662 seconds
                  CHEM completed...       0.4289 seconds
                  AERO completed...       0.6587 seconds
            Master Time Step
            Processing completed...       3.8503 seconds

     Processing Day/Time [YYYYDDD:HHMMSS]: 2017356:054500
       Which is Equivalent to (UTC): 5:45:00  Friday,  Dec. 22, 2017
       Time-Step Length (HHMMSS): 000500
                 VDIFF completed...       0.5093 seconds
                COUPLE completed...       0.0586 seconds
                  HADV completed...       1.5315 seconds
                  ZADV completed...       0.1954 seconds
                 HDIFF completed...       0.1642 seconds
              DECOUPLE completed...       0.0332 seconds
                  PHOT completed...       0.1219 seconds
               CLDPROC completed...       0.1641 seconds
                  CHEM completed...       0.4248 seconds
                  AERO completed...       0.6621 seconds
            Master Time Step
            Processing completed...       3.8674 seconds

     Processing Day/Time [YYYYDDD:HHMMSS]: 2017356:055000
       Which is Equivalent to (UTC): 5:50:00  Friday,  Dec. 22, 2017
       Time-Step Length (HHMMSS): 000500
                 VDIFF completed...       0.5087 seconds
                COUPLE completed...       0.0581 seconds
                  HADV completed...       1.5490 seconds
                  ZADV completed...       0.1964 seconds
                 HDIFF completed...       0.1440 seconds
              DECOUPLE completed...       0.0332 seconds
                  PHOT completed...       0.1212 seconds
               CLDPROC completed...       0.1633 seconds
                  CHEM completed...       0.4204 seconds
                  AERO completed...       0.6613 seconds
            Master Time Step
            Processing completed...       3.8599 seconds

     Processing Day/Time [YYYYDDD:HHMMSS]: 2017356:055500
       Which is Equivalent to (UTC): 5:55:00  Friday,  Dec. 22, 2017
       Time-Step Length (HHMMSS): 000500
                 VDIFF completed...       1.7117 seconds
                COUPLE completed...       0.1118 seconds
                  HADV completed...       1.1544 seconds
                  ZADV completed...       0.1950 seconds
                 HDIFF completed...       0.3961 seconds
              DECOUPLE completed...       0.0335 seconds
                  PHOT completed...       0.1208 seconds
               CLDPROC completed...       1.3424 seconds
                  CHEM completed...       0.4216 seconds
                  AERO completed...       0.6671 seconds
            Master Time Step
            Processing completed...       6.1562 seconds

      =--> Data Output completed...       1.2228 seconds

     Processing Day/Time [YYYYDDD:HHMMSS]: 2017356:060000
       Which is Equivalent to (UTC): 6:00:00  Friday,  Dec. 22, 2017
       Time-Step Length (HHMMSS): 000500
                 VDIFF completed...       5.1526 seconds
                COUPLE completed...       0.0770 seconds
                  HADV completed...       2.0380 seconds
                  ZADV completed...       0.2030 seconds
                 HDIFF completed...       0.1392 seconds
              DECOUPLE completed...       0.0323 seconds
                  PHOT completed...       1.2819 seconds
               CLDPROC completed...       0.1742 seconds
                  CHEM completed...       0.4327 seconds
                  AERO completed...       0.6771 seconds
            Master Time Step
            Processing completed...      10.2116 seconds

     Processing Day/Time [YYYYDDD:HHMMSS]: 2017356:060500
       Which is Equivalent to (UTC): 6:05:00  Friday,  Dec. 22, 2017
       Time-Step Length (HHMMSS): 000500
                 VDIFF completed...       0.5301 seconds
                COUPLE completed...       0.0633 seconds
                  HADV completed...       1.4906 seconds
                  ZADV completed...       0.1960 seconds
                 HDIFF completed...       0.1467 seconds
              DECOUPLE completed...       0.0334 seconds
                  PHOT completed...       0.1209 seconds
               CLDPROC completed...       0.1655 seconds
                  CHEM completed...       0.4299 seconds
                  AERO completed...       0.6584 seconds
            Master Time Step
            Processing completed...       3.8390 seconds

     Processing Day/Time [YYYYDDD:HHMMSS]: 2017356:061000
       Which is Equivalent to (UTC): 6:10:00  Friday,  Dec. 22, 2017
       Time-Step Length (HHMMSS): 000500
                 VDIFF completed...       0.4901 seconds
                COUPLE completed...       0.0566 seconds
                  HADV completed...       1.5908 seconds
                  ZADV completed...       0.1944 seconds
                 HDIFF completed...       0.1490 seconds
              DECOUPLE completed...       0.0339 seconds
                  PHOT completed...       0.1218 seconds
               CLDPROC completed...       0.1678 seconds
                  CHEM completed...       0.4308 seconds
                  AERO completed...       0.6560 seconds
            Master Time Step
            Processing completed...       3.8933 seconds

     Processing Day/Time [YYYYDDD:HHMMSS]: 2017356:061500
       Which is Equivalent to (UTC): 6:15:00  Friday,  Dec. 22, 2017
       Time-Step Length (HHMMSS): 000500
                 VDIFF completed...       0.4903 seconds
                COUPLE completed...       0.0586 seconds
                  HADV completed...       1.5400 seconds
                  ZADV completed...       0.1961 seconds
                 HDIFF completed...       0.1487 seconds
              DECOUPLE completed...       0.0335 seconds
                  PHOT completed...       0.1205 seconds
               CLDPROC completed...       0.1680 seconds
                  CHEM completed...       0.4289 seconds
                  AERO completed...       0.6544 seconds
            Master Time Step
            Processing completed...       3.8427 seconds

     Processing Day/Time [YYYYDDD:HHMMSS]: 2017356:062000
       Which is Equivalent to (UTC): 6:20:00  Friday,  Dec. 22, 2017
       Time-Step Length (HHMMSS): 000500
                 VDIFF completed...       0.4886 seconds
                COUPLE completed...       0.0575 seconds
                  HADV completed...       1.5674 seconds
                  ZADV completed...       0.1955 seconds
                 HDIFF completed...       0.1467 seconds
              DECOUPLE completed...       0.0335 seconds
                  PHOT completed...       0.1217 seconds
               CLDPROC completed...       0.1688 seconds
                  CHEM completed...       0.4302 seconds
                  AERO completed...       0.6538 seconds
            Master Time Step
            Processing completed...       3.8666 seconds

     Processing Day/Time [YYYYDDD:HHMMSS]: 2017356:062500
       Which is Equivalent to (UTC): 6:25:00  Friday,  Dec. 22, 2017
       Time-Step Length (HHMMSS): 000500
                 VDIFF completed...       0.4879 seconds
                COUPLE completed...       0.0546 seconds
                  HADV completed...       1.5530 seconds
                  ZADV completed...       0.1950 seconds
                 HDIFF completed...       0.1465 seconds
              DECOUPLE completed...       0.0328 seconds
                  PHOT completed...       0.1218 seconds
               CLDPROC completed...       0.1686 seconds
                  CHEM completed...       0.4301 seconds
                  AERO completed...       0.6520 seconds
            Master Time Step
            Processing completed...       3.8472 seconds

     Processing Day/Time [YYYYDDD:HHMMSS]: 2017356:063000
       Which is Equivalent to (UTC): 6:30:00  Friday,  Dec. 22, 2017
       Time-Step Length (HHMMSS): 000500
                 VDIFF completed...       0.4865 seconds
                COUPLE completed...       0.0559 seconds
                  HADV completed...       1.5491 seconds
                  ZADV completed...       0.1963 seconds
                 HDIFF completed...       0.1469 seconds
              DECOUPLE completed...       0.0333 seconds
                  PHOT completed...       0.1210 seconds
               CLDPROC completed...       0.1675 seconds
                  CHEM completed...       0.4280 seconds
                  AERO completed...       0.6526 seconds
            Master Time Step
            Processing completed...       3.8418 seconds

     Processing Day/Time [YYYYDDD:HHMMSS]: 2017356:063500
       Which is Equivalent to (UTC): 6:35:00  Friday,  Dec. 22, 2017
       Time-Step Length (HHMMSS): 000500
                 VDIFF completed...       0.4912 seconds
                COUPLE completed...       0.0546 seconds
                  HADV completed...       1.5761 seconds
                  ZADV completed...       0.1961 seconds
                 HDIFF completed...       0.1457 seconds
              DECOUPLE completed...       0.0336 seconds
                  PHOT completed...       0.1208 seconds
               CLDPROC completed...       0.1683 seconds
                  CHEM completed...       0.4272 seconds
                  AERO completed...       0.6506 seconds
            Master Time Step
            Processing completed...       3.8675 seconds

     Processing Day/Time [YYYYDDD:HHMMSS]: 2017356:064000
       Which is Equivalent to (UTC): 6:40:00  Friday,  Dec. 22, 2017
       Time-Step Length (HHMMSS): 000500
                 VDIFF completed...       0.4956 seconds
                COUPLE completed...       0.0552 seconds
                  HADV completed...       1.5745 seconds
                  ZADV completed...       0.1947 seconds
                 HDIFF completed...       0.1464 seconds
              DECOUPLE completed...       0.0338 seconds
                  PHOT completed...       0.1211 seconds
               CLDPROC completed...       0.1681 seconds
                  CHEM completed...       0.4292 seconds
                  AERO completed...       0.6522 seconds
            Master Time Step
            Processing completed...       3.8750 seconds

     Processing Day/Time [YYYYDDD:HHMMSS]: 2017356:064500
       Which is Equivalent to (UTC): 6:45:00  Friday,  Dec. 22, 2017
       Time-Step Length (HHMMSS): 000500
                 VDIFF completed...       0.4878 seconds
                COUPLE completed...       0.0548 seconds
                  HADV completed...       1.5543 seconds
                  ZADV completed...       0.1961 seconds
                 HDIFF completed...       0.1479 seconds
              DECOUPLE completed...       0.0335 seconds
                  PHOT completed...       0.1218 seconds
               CLDPROC completed...       0.1675 seconds
                  CHEM completed...       0.4290 seconds
                  AERO completed...       0.6542 seconds
            Master Time Step
            Processing completed...       3.8519 seconds

     Processing Day/Time [YYYYDDD:HHMMSS]: 2017356:065000
       Which is Equivalent to (UTC): 6:50:00  Friday,  Dec. 22, 2017
       Time-Step Length (HHMMSS): 000500
                 VDIFF completed...       0.4888 seconds
                COUPLE completed...       0.0528 seconds
                  HADV completed...       1.5701 seconds
                  ZADV completed...       0.1967 seconds
                 HDIFF completed...       0.1456 seconds
              DECOUPLE completed...       0.0338 seconds
                  PHOT completed...       0.1206 seconds
               CLDPROC completed...       0.1676 seconds
                  CHEM completed...       0.4306 seconds
                  AERO completed...       0.6520 seconds
            Master Time Step
            Processing completed...       3.8625 seconds

     Processing Day/Time [YYYYDDD:HHMMSS]: 2017356:065500
       Which is Equivalent to (UTC): 6:55:00  Friday,  Dec. 22, 2017
       Time-Step Length (HHMMSS): 000500
                 VDIFF completed...       1.7099 seconds
                COUPLE completed...       0.1105 seconds
                  HADV completed...       1.1249 seconds
                  ZADV completed...       0.1957 seconds
                 HDIFF completed...       0.1470 seconds
              DECOUPLE completed...       0.0329 seconds
                  PHOT completed...       0.1218 seconds
               CLDPROC completed...       0.9318 seconds
                  CHEM completed...       0.4285 seconds
                  AERO completed...       0.6586 seconds
            Master Time Step
            Processing completed...       5.4625 seconds

      =--> Data Output completed...       2.2996 seconds

     Processing Day/Time [YYYYDDD:HHMMSS]: 2017356:070000
       Which is Equivalent to (UTC): 7:00:00  Friday,  Dec. 22, 2017
       Time-Step Length (HHMMSS): 000500
                 VDIFF completed...       5.3899 seconds
                COUPLE completed...       0.0731 seconds
                  HADV completed...       2.0484 seconds
                  ZADV completed...       0.2036 seconds
                 HDIFF completed...       0.1374 seconds
              DECOUPLE completed...       0.0326 seconds
                  PHOT completed...       1.2499 seconds
               CLDPROC completed...       0.1777 seconds
                  CHEM completed...       0.4324 seconds
                  AERO completed...       0.6650 seconds
            Master Time Step
            Processing completed...      10.4135 seconds

     Processing Day/Time [YYYYDDD:HHMMSS]: 2017356:070500
       Which is Equivalent to (UTC): 7:05:00  Friday,  Dec. 22, 2017
       Time-Step Length (HHMMSS): 000500
                 VDIFF completed...       0.4922 seconds
                COUPLE completed...       0.0597 seconds
                  HADV completed...       1.5524 seconds
                  ZADV completed...       0.1973 seconds
                 HDIFF completed...       0.1449 seconds
              DECOUPLE completed...       0.0336 seconds
                  PHOT completed...       0.1220 seconds
               CLDPROC completed...       0.1704 seconds
                  CHEM completed...       0.4287 seconds
                  AERO completed...       0.6477 seconds
            Master Time Step
            Processing completed...       3.8518 seconds

     Processing Day/Time [YYYYDDD:HHMMSS]: 2017356:071000
       Which is Equivalent to (UTC): 7:10:00  Friday,  Dec. 22, 2017
       Time-Step Length (HHMMSS): 000500
                 VDIFF completed...       0.4890 seconds
                COUPLE completed...       0.0567 seconds
                  HADV completed...       1.5550 seconds
                  ZADV completed...       0.1986 seconds
                 HDIFF completed...       0.1431 seconds
              DECOUPLE completed...       0.0335 seconds
                  PHOT completed...       0.1202 seconds
               CLDPROC completed...       0.1668 seconds
                  CHEM completed...       0.4237 seconds
                  AERO completed...       0.6500 seconds
            Master Time Step
            Processing completed...       3.8408 seconds

     Processing Day/Time [YYYYDDD:HHMMSS]: 2017356:071500
       Which is Equivalent to (UTC): 7:15:00  Friday,  Dec. 22, 2017
       Time-Step Length (HHMMSS): 000500
                 VDIFF completed...       0.4909 seconds
                COUPLE completed...       0.0567 seconds
                  HADV completed...       1.5781 seconds
                  ZADV completed...       0.1968 seconds
                 HDIFF completed...       0.1452 seconds
              DECOUPLE completed...       0.0346 seconds
                  PHOT completed...       0.1214 seconds
               CLDPROC completed...       0.1708 seconds
                  CHEM completed...       0.4287 seconds
                  AERO completed...       0.6434 seconds
            Master Time Step
            Processing completed...       3.8687 seconds

     Processing Day/Time [YYYYDDD:HHMMSS]: 2017356:072000
       Which is Equivalent to (UTC): 7:20:00  Friday,  Dec. 22, 2017
       Time-Step Length (HHMMSS): 000500
                 VDIFF completed...       0.4896 seconds
                COUPLE completed...       0.0616 seconds
                  HADV completed...       1.5595 seconds
                  ZADV completed...       0.1980 seconds
                 HDIFF completed...       0.1449 seconds
              DECOUPLE completed...       0.0338 seconds
                  PHOT completed...       0.1226 seconds
               CLDPROC completed...       0.1715 seconds
                  CHEM completed...       0.4306 seconds
                  AERO completed...       0.6445 seconds
            Master Time Step
            Processing completed...       3.8577 seconds

     Processing Day/Time [YYYYDDD:HHMMSS]: 2017356:072500
       Which is Equivalent to (UTC): 7:25:00  Friday,  Dec. 22, 2017
       Time-Step Length (HHMMSS): 000500
                 VDIFF completed...       0.4888 seconds
                COUPLE completed...       0.0639 seconds
                  HADV completed...       1.5829 seconds
                  ZADV completed...       0.1980 seconds
                 HDIFF completed...       0.1442 seconds
              DECOUPLE completed...       0.0341 seconds
                  PHOT completed...       0.1212 seconds
               CLDPROC completed...       0.1716 seconds
                  CHEM completed...       0.4301 seconds
                  AERO completed...       0.6436 seconds
            Master Time Step
            Processing completed...       3.8803 seconds

     Processing Day/Time [YYYYDDD:HHMMSS]: 2017356:073000
       Which is Equivalent to (UTC): 7:30:00  Friday,  Dec. 22, 2017
       Time-Step Length (HHMMSS): 000500
                 VDIFF completed...       0.4910 seconds
                COUPLE completed...       0.0627 seconds
                  HADV completed...       1.5840 seconds
                  ZADV completed...       0.1983 seconds
                 HDIFF completed...       0.1431 seconds
              DECOUPLE completed...       0.0336 seconds
                  PHOT completed...       0.1214 seconds
               CLDPROC completed...       0.1705 seconds
                  CHEM completed...       0.4292 seconds
                  AERO completed...       0.6431 seconds
            Master Time Step
            Processing completed...       3.8810 seconds

     Processing Day/Time [YYYYDDD:HHMMSS]: 2017356:073500
       Which is Equivalent to (UTC): 7:35:00  Friday,  Dec. 22, 2017
       Time-Step Length (HHMMSS): 000500
                 VDIFF completed...       0.4917 seconds
                COUPLE completed...       0.0646 seconds
                  HADV completed...       1.5636 seconds
                  ZADV completed...       0.1981 seconds
                 HDIFF completed...       0.1469 seconds
              DECOUPLE completed...       0.0335 seconds
                  PHOT completed...       0.1205 seconds
               CLDPROC completed...       0.1705 seconds
                  CHEM completed...       0.4286 seconds
                  AERO completed...       0.6417 seconds
            Master Time Step
            Processing completed...       3.8646 seconds

     Processing Day/Time [YYYYDDD:HHMMSS]: 2017356:074000
       Which is Equivalent to (UTC): 7:40:00  Friday,  Dec. 22, 2017
       Time-Step Length (HHMMSS): 000500
                 VDIFF completed...       0.4939 seconds
                COUPLE completed...       0.0604 seconds
                  HADV completed...       1.5896 seconds
                  ZADV completed...       0.1983 seconds
                 HDIFF completed...       0.1439 seconds
              DECOUPLE completed...       0.0337 seconds
                  PHOT completed...       0.1204 seconds
               CLDPROC completed...       0.1705 seconds
                  CHEM completed...       0.4288 seconds
                  AERO completed...       0.6414 seconds
            Master Time Step
            Processing completed...       3.8846 seconds

     Processing Day/Time [YYYYDDD:HHMMSS]: 2017356:074500
       Which is Equivalent to (UTC): 7:45:00  Friday,  Dec. 22, 2017
       Time-Step Length (HHMMSS): 000500
                 VDIFF completed...       0.4898 seconds
                COUPLE completed...       0.0626 seconds
                  HADV completed...       1.5850 seconds
                  ZADV completed...       0.1983 seconds
                 HDIFF completed...       0.1451 seconds
              DECOUPLE completed...       0.0331 seconds
                  PHOT completed...       0.1218 seconds
               CLDPROC completed...       0.1705 seconds
                  CHEM completed...       0.4287 seconds
                  AERO completed...       0.6394 seconds
            Master Time Step
            Processing completed...       3.8754 seconds

     Processing Day/Time [YYYYDDD:HHMMSS]: 2017356:075000
       Which is Equivalent to (UTC): 7:50:00  Friday,  Dec. 22, 2017
       Time-Step Length (HHMMSS): 000500
                 VDIFF completed...       0.4943 seconds
                COUPLE completed...       0.0697 seconds
                  HADV completed...       1.5561 seconds
                  ZADV completed...       0.1975 seconds
                 HDIFF completed...       0.1478 seconds
              DECOUPLE completed...       0.0333 seconds
                  PHOT completed...       0.1222 seconds
               CLDPROC completed...       0.1695 seconds
                  CHEM completed...       0.4292 seconds
                  AERO completed...       0.6448 seconds
            Master Time Step
            Processing completed...       3.8655 seconds

     Processing Day/Time [YYYYDDD:HHMMSS]: 2017356:075500
       Which is Equivalent to (UTC): 7:55:00  Friday,  Dec. 22, 2017
       Time-Step Length (HHMMSS): 000500
                 VDIFF completed...       1.7316 seconds
                COUPLE completed...       0.1113 seconds
                  HADV completed...       1.1664 seconds
                  ZADV completed...       0.1971 seconds
                 HDIFF completed...       0.1444 seconds
              DECOUPLE completed...       0.0335 seconds
                  PHOT completed...       0.1220 seconds
               CLDPROC completed...       0.9606 seconds
                  CHEM completed...       0.4357 seconds
                  AERO completed...       0.6515 seconds
            Master Time Step
            Processing completed...       5.5550 seconds

      =--> Data Output completed...       1.2279 seconds

     Processing Day/Time [YYYYDDD:HHMMSS]: 2017356:080000
       Which is Equivalent to (UTC): 8:00:00  Friday,  Dec. 22, 2017
       Time-Step Length (HHMMSS): 000500
                 VDIFF completed...       5.2560 seconds
                COUPLE completed...       0.0784 seconds
                  HADV completed...       2.0302 seconds
                  ZADV completed...       0.2031 seconds
                 HDIFF completed...       0.1383 seconds
              DECOUPLE completed...       0.0322 seconds
                  PHOT completed...       1.2879 seconds
               CLDPROC completed...       0.1798 seconds
                  CHEM completed...       0.4327 seconds
                  AERO completed...       0.6158 seconds
            Master Time Step
            Processing completed...      10.2569 seconds

     Processing Day/Time [YYYYDDD:HHMMSS]: 2017356:080500
       Which is Equivalent to (UTC): 8:05:00  Friday,  Dec. 22, 2017
       Time-Step Length (HHMMSS): 000500
                 VDIFF completed...       0.5955 seconds
                COUPLE completed...       0.0883 seconds
                  HADV completed...       1.3904 seconds
                  ZADV completed...       0.1945 seconds
                 HDIFF completed...       0.1614 seconds
              DECOUPLE completed...       0.0324 seconds
                  PHOT completed...       0.1215 seconds
               CLDPROC completed...       0.1725 seconds
                  CHEM completed...       0.4316 seconds
                  AERO completed...       0.6337 seconds
            Master Time Step
            Processing completed...       3.8230 seconds

     Processing Day/Time [YYYYDDD:HHMMSS]: 2017356:081000
       Which is Equivalent to (UTC): 8:10:00  Friday,  Dec. 22, 2017
       Time-Step Length (HHMMSS): 000500
                 VDIFF completed...       0.4828 seconds
                COUPLE completed...       0.0479 seconds
                  HADV completed...       1.6091 seconds
                  ZADV completed...       0.1949 seconds
                 HDIFF completed...       0.1456 seconds
              DECOUPLE completed...       0.0328 seconds
                  PHOT completed...       0.1218 seconds
               CLDPROC completed...       0.1739 seconds
                  CHEM completed...       0.4290 seconds
                  AERO completed...       0.6335 seconds
            Master Time Step
            Processing completed...       3.8722 seconds

     Processing Day/Time [YYYYDDD:HHMMSS]: 2017356:081500
       Which is Equivalent to (UTC): 8:15:00  Friday,  Dec. 22, 2017
       Time-Step Length (HHMMSS): 000500
                 VDIFF completed...       0.4751 seconds
                COUPLE completed...       0.0482 seconds
                  HADV completed...       1.6179 seconds
                  ZADV completed...       0.1945 seconds
                 HDIFF completed...       0.1472 seconds
              DECOUPLE completed...       0.0332 seconds
                  PHOT completed...       0.1218 seconds
               CLDPROC completed...       0.1737 seconds
                  CHEM completed...       0.4289 seconds
                  AERO completed...       0.6286 seconds
            Master Time Step
            Processing completed...       3.8700 seconds

     Processing Day/Time [YYYYDDD:HHMMSS]: 2017356:082000
       Which is Equivalent to (UTC): 8:20:00  Friday,  Dec. 22, 2017
       Time-Step Length (HHMMSS): 000500
                 VDIFF completed...       0.4823 seconds
                COUPLE completed...       0.0523 seconds
                  HADV completed...       1.5941 seconds
                  ZADV completed...       0.1958 seconds
                 HDIFF completed...       0.1440 seconds
              DECOUPLE completed...       0.0345 seconds
                  PHOT completed...       0.1199 seconds
               CLDPROC completed...       0.1725 seconds
                  CHEM completed...       0.4285 seconds
                  AERO completed...       0.6312 seconds
            Master Time Step
            Processing completed...       3.8592 seconds

     Processing Day/Time [YYYYDDD:HHMMSS]: 2017356:082500
       Which is Equivalent to (UTC): 8:25:00  Friday,  Dec. 22, 2017
       Time-Step Length (HHMMSS): 000500
                 VDIFF completed...       0.4808 seconds
                COUPLE completed...       0.0544 seconds
                  HADV completed...       1.6283 seconds
                  ZADV completed...       0.1957 seconds
                 HDIFF completed...       0.1444 seconds
              DECOUPLE completed...       0.0332 seconds
                  PHOT completed...       0.1215 seconds
               CLDPROC completed...       0.1723 seconds
                  CHEM completed...       0.4278 seconds
                  AERO completed...       0.6304 seconds
            Master Time Step
            Processing completed...       3.8931 seconds

     Processing Day/Time [YYYYDDD:HHMMSS]: 2017356:083000
       Which is Equivalent to (UTC): 8:30:00  Friday,  Dec. 22, 2017
       Time-Step Length (HHMMSS): 000500
                 VDIFF completed...       0.4795 seconds
                COUPLE completed...       0.0564 seconds
                  HADV completed...       1.6036 seconds
                  ZADV completed...       0.1950 seconds
                 HDIFF completed...       0.1459 seconds
              DECOUPLE completed...       0.0330 seconds
                  PHOT completed...       0.1210 seconds
               CLDPROC completed...       0.1720 seconds
                  CHEM completed...       0.4272 seconds
                  AERO completed...       0.6294 seconds
            Master Time Step
            Processing completed...       3.8677 seconds

     Processing Day/Time [YYYYDDD:HHMMSS]: 2017356:083500
       Which is Equivalent to (UTC): 8:35:00  Friday,  Dec. 22, 2017
       Time-Step Length (HHMMSS): 000500
                 VDIFF completed...       0.4833 seconds
                COUPLE completed...       0.0536 seconds
                  HADV completed...       1.5981 seconds
                  ZADV completed...       0.1961 seconds
                 HDIFF completed...       0.1441 seconds
              DECOUPLE completed...       0.0345 seconds
                  PHOT completed...       0.1201 seconds
               CLDPROC completed...       0.1723 seconds
                  CHEM completed...       0.4264 seconds
                  AERO completed...       0.6289 seconds
            Master Time Step
            Processing completed...       3.8612 seconds

     Processing Day/Time [YYYYDDD:HHMMSS]: 2017356:084000
       Which is Equivalent to (UTC): 8:40:00  Friday,  Dec. 22, 2017
       Time-Step Length (HHMMSS): 000500
                 VDIFF completed...       0.4843 seconds
                COUPLE completed...       0.0543 seconds
                  HADV completed...       1.6098 seconds
                  ZADV completed...       0.1949 seconds
                 HDIFF completed...       0.1457 seconds
              DECOUPLE completed...       0.0333 seconds
                  PHOT completed...       0.1219 seconds
               CLDPROC completed...       0.1724 seconds
                  CHEM completed...       0.4262 seconds
                  AERO completed...       0.6296 seconds
            Master Time Step
            Processing completed...       3.8741 seconds

     Processing Day/Time [YYYYDDD:HHMMSS]: 2017356:084500
       Which is Equivalent to (UTC): 8:45:00  Friday,  Dec. 22, 2017
       Time-Step Length (HHMMSS): 000500
                 VDIFF completed...       0.4814 seconds
                COUPLE completed...       0.0542 seconds
                  HADV completed...       1.6055 seconds
                  ZADV completed...       0.1946 seconds
                 HDIFF completed...       0.1476 seconds
              DECOUPLE completed...       0.0333 seconds
                  PHOT completed...       0.1221 seconds
               CLDPROC completed...       0.1722 seconds
                  CHEM completed...       0.4253 seconds
                  AERO completed...       0.6296 seconds
            Master Time Step
            Processing completed...       3.8674 seconds

     Processing Day/Time [YYYYDDD:HHMMSS]: 2017356:085000
       Which is Equivalent to (UTC): 8:50:00  Friday,  Dec. 22, 2017
       Time-Step Length (HHMMSS): 000500
                 VDIFF completed...       0.4853 seconds
                COUPLE completed...       0.0520 seconds
                  HADV completed...       1.5939 seconds
                  ZADV completed...       0.1960 seconds
                 HDIFF completed...       0.1451 seconds
              DECOUPLE completed...       0.0326 seconds
                  PHOT completed...       0.1217 seconds
               CLDPROC completed...       0.1722 seconds
                  CHEM completed...       0.4258 seconds
                  AERO completed...       0.6216 seconds
            Master Time Step
            Processing completed...       3.8478 seconds

     Processing Day/Time [YYYYDDD:HHMMSS]: 2017356:085500
       Which is Equivalent to (UTC): 8:55:00  Friday,  Dec. 22, 2017
       Time-Step Length (HHMMSS): 000500
                 VDIFF completed...       1.7776 seconds
                COUPLE completed...       0.1112 seconds
                  HADV completed...       1.1175 seconds
                  ZADV completed...       0.1956 seconds
                 HDIFF completed...       0.1487 seconds
              DECOUPLE completed...       0.0335 seconds
                  PHOT completed...       0.1216 seconds
               CLDPROC completed...       1.3144 seconds
                  CHEM completed...       0.4257 seconds
                  AERO completed...       0.6446 seconds
            Master Time Step
            Processing completed...       5.8923 seconds

      =--> Data Output completed...       1.2245 seconds

     Processing Day/Time [YYYYDDD:HHMMSS]: 2017356:090000
       Which is Equivalent to (UTC): 9:00:00  Friday,  Dec. 22, 2017
       Time-Step Length (HHMMSS): 000500
                 VDIFF completed...       5.2993 seconds
                COUPLE completed...       0.0756 seconds
                  HADV completed...       2.0705 seconds
                  ZADV completed...       0.1960 seconds
                 HDIFF completed...       0.1451 seconds
              DECOUPLE completed...       0.0334 seconds
                  PHOT completed...       1.2572 seconds
               CLDPROC completed...       0.1795 seconds
                  CHEM completed...       0.4319 seconds
                  AERO completed...       0.6353 seconds
            Master Time Step
            Processing completed...      10.3269 seconds

     Processing Day/Time [YYYYDDD:HHMMSS]: 2017356:090500
       Which is Equivalent to (UTC): 9:05:00  Friday,  Dec. 22, 2017
       Time-Step Length (HHMMSS): 000500
                 VDIFF completed...       0.4948 seconds
                COUPLE completed...       0.0671 seconds
                  HADV completed...       1.5531 seconds
                  ZADV completed...       0.1975 seconds
                 HDIFF completed...       0.1453 seconds
              DECOUPLE completed...       0.0335 seconds
                  PHOT completed...       0.1219 seconds
               CLDPROC completed...       0.1716 seconds
                  CHEM completed...       0.4262 seconds
                  AERO completed...       0.6272 seconds
            Master Time Step
            Processing completed...       3.8389 seconds

     Processing Day/Time [YYYYDDD:HHMMSS]: 2017356:091000
       Which is Equivalent to (UTC): 9:10:00  Friday,  Dec. 22, 2017
       Time-Step Length (HHMMSS): 000500
                 VDIFF completed...       0.4797 seconds
                COUPLE completed...       0.0553 seconds
                  HADV completed...       1.6061 seconds
                  ZADV completed...       0.1982 seconds
                 HDIFF completed...       0.1442 seconds
              DECOUPLE completed...       0.0338 seconds
                  PHOT completed...       0.1215 seconds
               CLDPROC completed...       0.1717 seconds
                  CHEM completed...       0.4269 seconds
                  AERO completed...       0.6284 seconds
            Master Time Step
            Processing completed...       3.8667 seconds

     Processing Day/Time [YYYYDDD:HHMMSS]: 2017356:091500
       Which is Equivalent to (UTC): 9:15:00  Friday,  Dec. 22, 2017
       Time-Step Length (HHMMSS): 000500
                 VDIFF completed...       0.4780 seconds
                COUPLE completed...       0.0538 seconds
                  HADV completed...       1.6123 seconds
                  ZADV completed...       0.1977 seconds
                 HDIFF completed...       0.1457 seconds
              DECOUPLE completed...       0.0334 seconds
                  PHOT completed...       0.1223 seconds
               CLDPROC completed...       0.1719 seconds
                  CHEM completed...       0.4267 seconds
                  AERO completed...       0.6296 seconds
            Master Time Step
            Processing completed...       3.8722 seconds

     Processing Day/Time [YYYYDDD:HHMMSS]: 2017356:092000
       Which is Equivalent to (UTC): 9:20:00  Friday,  Dec. 22, 2017
       Time-Step Length (HHMMSS): 000500
                 VDIFF completed...       0.4744 seconds
                COUPLE completed...       0.0574 seconds
                  HADV completed...       1.6060 seconds
                  ZADV completed...       0.1975 seconds
                 HDIFF completed...       0.1452 seconds
              DECOUPLE completed...       0.0336 seconds
                  PHOT completed...       0.1215 seconds
               CLDPROC completed...       0.1732 seconds
                  CHEM completed...       0.4259 seconds
                  AERO completed...       0.6273 seconds
            Master Time Step
            Processing completed...       3.8628 seconds

     Processing Day/Time [YYYYDDD:HHMMSS]: 2017356:092500
       Which is Equivalent to (UTC): 9:25:00  Friday,  Dec. 22, 2017
       Time-Step Length (HHMMSS): 000500
                 VDIFF completed...       0.4774 seconds
                COUPLE completed...       0.0568 seconds
                  HADV completed...       1.6194 seconds
                  ZADV completed...       0.1983 seconds
                 HDIFF completed...       0.1456 seconds
              DECOUPLE completed...       0.0334 seconds
                  PHOT completed...       0.1212 seconds
               CLDPROC completed...       0.1724 seconds
                  CHEM completed...       0.4268 seconds
                  AERO completed...       0.6274 seconds
            Master Time Step
            Processing completed...       3.8796 seconds

     Processing Day/Time [YYYYDDD:HHMMSS]: 2017356:093000
       Which is Equivalent to (UTC): 9:30:00  Friday,  Dec. 22, 2017
       Time-Step Length (HHMMSS): 000500
                 VDIFF completed...       0.4748 seconds
                COUPLE completed...       0.0555 seconds
                  HADV completed...       1.6053 seconds
                  ZADV completed...       0.1973 seconds
                 HDIFF completed...       0.1471 seconds
              DECOUPLE completed...       0.0337 seconds
                  PHOT completed...       0.1215 seconds
               CLDPROC completed...       0.1723 seconds
                  CHEM completed...       0.4260 seconds
                  AERO completed...       0.6245 seconds
            Master Time Step
            Processing completed...       3.8589 seconds

     Processing Day/Time [YYYYDDD:HHMMSS]: 2017356:093500
       Which is Equivalent to (UTC): 9:35:00  Friday,  Dec. 22, 2017
       Time-Step Length (HHMMSS): 000500
                 VDIFF completed...       0.4774 seconds
                COUPLE completed...       0.0523 seconds
                  HADV completed...       1.6492 seconds
                  ZADV completed...       0.1986 seconds
                 HDIFF completed...       0.1438 seconds
              DECOUPLE completed...       0.0329 seconds
                  PHOT completed...       0.1217 seconds
               CLDPROC completed...       0.1713 seconds
                  CHEM completed...       0.4269 seconds
                  AERO completed...       0.6246 seconds
            Master Time Step
            Processing completed...       3.9031 seconds

     Processing Day/Time [YYYYDDD:HHMMSS]: 2017356:094000
       Which is Equivalent to (UTC): 9:40:00  Friday,  Dec. 22, 2017
       Time-Step Length (HHMMSS): 000500
                 VDIFF completed...       0.4731 seconds
                COUPLE completed...       0.0531 seconds
                  HADV completed...       1.6356 seconds
                  ZADV completed...       0.1980 seconds
                 HDIFF completed...       0.1444 seconds
              DECOUPLE completed...       0.0330 seconds
                  PHOT completed...       0.1218 seconds
               CLDPROC completed...       0.1702 seconds
                  CHEM completed...       0.4276 seconds
                  AERO completed...       0.6261 seconds
            Master Time Step
            Processing completed...       3.8869 seconds

     Processing Day/Time [YYYYDDD:HHMMSS]: 2017356:094500
       Which is Equivalent to (UTC): 9:45:00  Friday,  Dec. 22, 2017
       Time-Step Length (HHMMSS): 000500
                 VDIFF completed...       0.4741 seconds
                COUPLE completed...       0.0508 seconds
                  HADV completed...       1.6127 seconds
                  ZADV completed...       0.1982 seconds
                 HDIFF completed...       0.1467 seconds
              DECOUPLE completed...       0.0338 seconds
                  PHOT completed...       0.1216 seconds
               CLDPROC completed...       0.1708 seconds
                  CHEM completed...       0.4263 seconds
                  AERO completed...       0.6250 seconds
            Master Time Step
            Processing completed...       3.8620 seconds

     Processing Day/Time [YYYYDDD:HHMMSS]: 2017356:095000
       Which is Equivalent to (UTC): 9:50:00  Friday,  Dec. 22, 2017
       Time-Step Length (HHMMSS): 000500
                 VDIFF completed...       0.4742 seconds
                COUPLE completed...       0.0507 seconds
                  HADV completed...       1.6366 seconds
                  ZADV completed...       0.1984 seconds
                 HDIFF completed...       0.1434 seconds
              DECOUPLE completed...       0.0330 seconds
                  PHOT completed...       0.1217 seconds
               CLDPROC completed...       0.1699 seconds
                  CHEM completed...       0.4273 seconds
                  AERO completed...       0.6272 seconds
            Master Time Step
            Processing completed...       3.8869 seconds

     Processing Day/Time [YYYYDDD:HHMMSS]: 2017356:095500
       Which is Equivalent to (UTC): 9:55:00  Friday,  Dec. 22, 2017
       Time-Step Length (HHMMSS): 000500
                 VDIFF completed...       1.7857 seconds
                COUPLE completed...       0.1108 seconds
                  HADV completed...       1.1176 seconds
                  ZADV completed...       0.1980 seconds
                 HDIFF completed...       0.1478 seconds
              DECOUPLE completed...       0.0343 seconds
                  PHOT completed...       0.1207 seconds
               CLDPROC completed...       0.9181 seconds
                  CHEM completed...       0.4277 seconds
                  AERO completed...       0.6415 seconds
            Master Time Step
            Processing completed...       5.5076 seconds

      =--> Data Output completed...       1.2437 seconds

     Processing Day/Time [YYYYDDD:HHMMSS]: 2017356:100000
       Which is Equivalent to (UTC): 10:00:00 Friday,  Dec. 22, 2017
       Time-Step Length (HHMMSS): 000500
                 VDIFF completed...       5.2113 seconds
                COUPLE completed...       0.0820 seconds
                  HADV completed...       1.9940 seconds
                  ZADV completed...       0.2024 seconds
                 HDIFF completed...       0.1385 seconds
              DECOUPLE completed...       0.0335 seconds
                  PHOT completed...       1.2568 seconds
               CLDPROC completed...       0.1782 seconds
                  CHEM completed...       0.4313 seconds
                  AERO completed...       0.6297 seconds
            Master Time Step
            Processing completed...      10.1605 seconds

     Processing Day/Time [YYYYDDD:HHMMSS]: 2017356:100500
       Which is Equivalent to (UTC): 10:05:00 Friday,  Dec. 22, 2017
       Time-Step Length (HHMMSS): 000500
                 VDIFF completed...       0.4774 seconds
                COUPLE completed...       0.0673 seconds
                  HADV completed...       1.6208 seconds
                  ZADV completed...       0.2024 seconds
                 HDIFF completed...       0.1367 seconds
              DECOUPLE completed...       0.0372 seconds
                  PHOT completed...       0.1216 seconds
               CLDPROC completed...       0.1718 seconds
                  CHEM completed...       0.4268 seconds
                  AERO completed...       0.6231 seconds
            Master Time Step
            Processing completed...       3.8861 seconds

     Processing Day/Time [YYYYDDD:HHMMSS]: 2017356:101000
       Which is Equivalent to (UTC): 10:10:00 Friday,  Dec. 22, 2017
       Time-Step Length (HHMMSS): 000500
                 VDIFF completed...       0.4780 seconds
                COUPLE completed...       0.0507 seconds
                  HADV completed...       1.6236 seconds
                  ZADV completed...       0.2015 seconds
                 HDIFF completed...       0.1393 seconds
              DECOUPLE completed...       0.0334 seconds
                  PHOT completed...       0.1212 seconds
               CLDPROC completed...       0.1729 seconds
                  CHEM completed...       0.4259 seconds
                  AERO completed...       0.6235 seconds
            Master Time Step
            Processing completed...       3.8712 seconds

     Processing Day/Time [YYYYDDD:HHMMSS]: 2017356:101500
       Which is Equivalent to (UTC): 10:15:00 Friday,  Dec. 22, 2017
       Time-Step Length (HHMMSS): 000500
                 VDIFF completed...       0.4660 seconds
                COUPLE completed...       0.0444 seconds
                  HADV completed...       1.6399 seconds
                  ZADV completed...       0.2021 seconds
                 HDIFF completed...       0.1392 seconds
              DECOUPLE completed...       0.0333 seconds
                  PHOT completed...       0.1199 seconds
               CLDPROC completed...       0.1740 seconds
                  CHEM completed...       0.4269 seconds
                  AERO completed...       0.6202 seconds
            Master Time Step
            Processing completed...       3.8698 seconds

     Processing Day/Time [YYYYDDD:HHMMSS]: 2017356:102000
       Which is Equivalent to (UTC): 10:20:00 Friday,  Dec. 22, 2017
       Time-Step Length (HHMMSS): 000500
                 VDIFF completed...       0.4702 seconds
                COUPLE completed...       0.0434 seconds
                  HADV completed...       1.6482 seconds
                  ZADV completed...       0.2023 seconds
                 HDIFF completed...       0.1391 seconds
              DECOUPLE completed...       0.0328 seconds
                  PHOT completed...       0.1216 seconds
               CLDPROC completed...       0.1707 seconds
                  CHEM completed...       0.4277 seconds
                  AERO completed...       0.6163 seconds
            Master Time Step
            Processing completed...       3.8770 seconds

     Processing Day/Time [YYYYDDD:HHMMSS]: 2017356:102500
       Which is Equivalent to (UTC): 10:25:00 Friday,  Dec. 22, 2017
       Time-Step Length (HHMMSS): 000500
                 VDIFF completed...       0.4737 seconds
                COUPLE completed...       0.0439 seconds
                  HADV completed...       1.6397 seconds
                  ZADV completed...       0.1990 seconds
                 HDIFF completed...       0.1430 seconds
              DECOUPLE completed...       0.0323 seconds
                  PHOT completed...       0.1212 seconds
               CLDPROC completed...       0.1724 seconds
                  CHEM completed...       0.4276 seconds
                  AERO completed...       0.6191 seconds
            Master Time Step
            Processing completed...       3.8769 seconds

     Processing Day/Time [YYYYDDD:HHMMSS]: 2017356:103000
       Which is Equivalent to (UTC): 10:30:00 Friday,  Dec. 22, 2017
       Time-Step Length (HHMMSS): 000500
                 VDIFF completed...       0.4738 seconds
                COUPLE completed...       0.0447 seconds
                  HADV completed...       1.6543 seconds
                  ZADV completed...       0.2022 seconds
                 HDIFF completed...       0.1392 seconds
              DECOUPLE completed...       0.0320 seconds
                  PHOT completed...       0.1221 seconds
               CLDPROC completed...       0.1731 seconds
                  CHEM completed...       0.4287 seconds
                  AERO completed...       0.6177 seconds
            Master Time Step
            Processing completed...       3.8893 seconds

     Processing Day/Time [YYYYDDD:HHMMSS]: 2017356:103500
       Which is Equivalent to (UTC): 10:35:00 Friday,  Dec. 22, 2017
       Time-Step Length (HHMMSS): 000500
                 VDIFF completed...       0.4807 seconds
                COUPLE completed...       0.0458 seconds
                  HADV completed...       1.6532 seconds
                  ZADV completed...       0.2023 seconds
                 HDIFF completed...       0.1387 seconds
              DECOUPLE completed...       0.0333 seconds
                  PHOT completed...       0.1213 seconds
               CLDPROC completed...       0.1718 seconds
                  CHEM completed...       0.4282 seconds
                  AERO completed...       0.6162 seconds
            Master Time Step
            Processing completed...       3.8956 seconds

     Processing Day/Time [YYYYDDD:HHMMSS]: 2017356:104000
       Which is Equivalent to (UTC): 10:40:00 Friday,  Dec. 22, 2017
       Time-Step Length (HHMMSS): 000500
                 VDIFF completed...       0.4798 seconds
                COUPLE completed...       0.0430 seconds
                  HADV completed...       1.6364 seconds
                  ZADV completed...       0.2021 seconds
                 HDIFF completed...       0.1394 seconds
              DECOUPLE completed...       0.0330 seconds
                  PHOT completed...       0.1210 seconds
               CLDPROC completed...       0.1713 seconds
                  CHEM completed...       0.4278 seconds
                  AERO completed...       0.6175 seconds
            Master Time Step
            Processing completed...       3.8756 seconds

     Processing Day/Time [YYYYDDD:HHMMSS]: 2017356:104500
       Which is Equivalent to (UTC): 10:45:00 Friday,  Dec. 22, 2017
       Time-Step Length (HHMMSS): 000500
                 VDIFF completed...       0.4786 seconds
                COUPLE completed...       0.0443 seconds
                  HADV completed...       1.6572 seconds
                  ZADV completed...       0.2030 seconds
                 HDIFF completed...       0.1379 seconds
              DECOUPLE completed...       0.0324 seconds
                  PHOT completed...       0.1215 seconds
               CLDPROC completed...       0.1710 seconds
                  CHEM completed...       0.4277 seconds
                  AERO completed...       0.6126 seconds
            Master Time Step
            Processing completed...       3.8900 seconds

     Processing Day/Time [YYYYDDD:HHMMSS]: 2017356:105000
       Which is Equivalent to (UTC): 10:50:00 Friday,  Dec. 22, 2017
       Time-Step Length (HHMMSS): 000500
                 VDIFF completed...       0.4898 seconds
                COUPLE completed...       0.0442 seconds
                  HADV completed...       1.6376 seconds
                  ZADV completed...       0.2023 seconds
                 HDIFF completed...       0.1381 seconds
              DECOUPLE completed...       0.0326 seconds
                  PHOT completed...       0.1213 seconds
               CLDPROC completed...       0.1684 seconds
                  CHEM completed...       0.4275 seconds
                  AERO completed...       0.6125 seconds
            Master Time Step
            Processing completed...       3.8788 seconds

     Processing Day/Time [YYYYDDD:HHMMSS]: 2017356:105500
       Which is Equivalent to (UTC): 10:55:00 Friday,  Dec. 22, 2017
       Time-Step Length (HHMMSS): 000500
                 VDIFF completed...       1.8025 seconds
                COUPLE completed...       0.1119 seconds
                  HADV completed...       1.1600 seconds
                  ZADV completed...       0.2033 seconds
                 HDIFF completed...       0.1386 seconds
              DECOUPLE completed...       0.0332 seconds
                  PHOT completed...       0.1215 seconds
               CLDPROC completed...       0.9084 seconds
                  CHEM completed...       0.4267 seconds
                  AERO completed...       0.6401 seconds
            Master Time Step
            Processing completed...       5.5510 seconds

      =--> Data Output completed...       1.3104 seconds

     Processing Day/Time [YYYYDDD:HHMMSS]: 2017356:110000
       Which is Equivalent to (UTC): 11:00:00 Friday,  Dec. 22, 2017
       Time-Step Length (HHMMSS): 000500
                 VDIFF completed...       5.2301 seconds
                COUPLE completed...       0.0690 seconds
                  HADV completed...       1.9849 seconds
                  ZADV completed...       0.1962 seconds
                 HDIFF completed...       0.1443 seconds
              DECOUPLE completed...       0.0326 seconds
                  PHOT completed...       1.2751 seconds
               CLDPROC completed...       0.1743 seconds
                  CHEM completed...       0.4318 seconds
                  AERO completed...       0.6199 seconds
            Master Time Step
            Processing completed...      10.1610 seconds

     Processing Day/Time [YYYYDDD:HHMMSS]: 2017356:110500
       Which is Equivalent to (UTC): 11:05:00 Friday,  Dec. 22, 2017
       Time-Step Length (HHMMSS): 000500
                 VDIFF completed...       0.4961 seconds
                COUPLE completed...       0.0433 seconds
                  HADV completed...       1.6289 seconds
                  ZADV completed...       0.1979 seconds
                 HDIFF completed...       0.1439 seconds
              DECOUPLE completed...       0.0330 seconds
                  PHOT completed...       0.1214 seconds
               CLDPROC completed...       0.1647 seconds
                  CHEM completed...       0.4274 seconds
                  AERO completed...       0.6150 seconds
            Master Time Step
            Processing completed...       3.8754 seconds

     Processing Day/Time [YYYYDDD:HHMMSS]: 2017356:111000
       Which is Equivalent to (UTC): 11:10:00 Friday,  Dec. 22, 2017
       Time-Step Length (HHMMSS): 000500
                 VDIFF completed...       0.4852 seconds
                COUPLE completed...       0.0417 seconds
                  HADV completed...       1.6420 seconds
                  ZADV completed...       0.1968 seconds
                 HDIFF completed...       0.1437 seconds
              DECOUPLE completed...       0.0351 seconds
                  PHOT completed...       0.1207 seconds
               CLDPROC completed...       0.1662 seconds
                  CHEM completed...       0.4269 seconds
                  AERO completed...       0.6154 seconds
            Master Time Step
            Processing completed...       3.8748 seconds

     Processing Day/Time [YYYYDDD:HHMMSS]: 2017356:111500
       Which is Equivalent to (UTC): 11:15:00 Friday,  Dec. 22, 2017
       Time-Step Length (HHMMSS): 000500
                 VDIFF completed...       0.4810 seconds
                COUPLE completed...       0.0429 seconds
                  HADV completed...       1.6615 seconds
                  ZADV completed...       0.1978 seconds
                 HDIFF completed...       0.1440 seconds
              DECOUPLE completed...       0.0327 seconds
                  PHOT completed...       0.1203 seconds
               CLDPROC completed...       0.1674 seconds
                  CHEM completed...       0.4267 seconds
                  AERO completed...       0.6156 seconds
            Master Time Step
            Processing completed...       3.8940 seconds

     Processing Day/Time [YYYYDDD:HHMMSS]: 2017356:112000
       Which is Equivalent to (UTC): 11:20:00 Friday,  Dec. 22, 2017
       Time-Step Length (HHMMSS): 000500
                 VDIFF completed...       0.4722 seconds
                COUPLE completed...       0.0421 seconds
                  HADV completed...       1.6547 seconds
                  ZADV completed...       0.1981 seconds
                 HDIFF completed...       0.1424 seconds
              DECOUPLE completed...       0.0328 seconds
                  PHOT completed...       0.1204 seconds
               CLDPROC completed...       0.1676 seconds
                  CHEM completed...       0.4281 seconds
                  AERO completed...       0.6191 seconds
            Master Time Step
            Processing completed...       3.8818 seconds

     Processing Day/Time [YYYYDDD:HHMMSS]: 2017356:112500
       Which is Equivalent to (UTC): 11:25:00 Friday,  Dec. 22, 2017
       Time-Step Length (HHMMSS): 000500
                 VDIFF completed...       0.4836 seconds
                COUPLE completed...       0.0471 seconds
                  HADV completed...       1.6262 seconds
                  ZADV completed...       0.1987 seconds
                 HDIFF completed...       0.1426 seconds
              DECOUPLE completed...       0.0334 seconds
                  PHOT completed...       0.1196 seconds
               CLDPROC completed...       0.1646 seconds
                  CHEM completed...       0.4305 seconds
                  AERO completed...       0.6196 seconds
            Master Time Step
            Processing completed...       3.8705 seconds

     Processing Day/Time [YYYYDDD:HHMMSS]: 2017356:113000
       Which is Equivalent to (UTC): 11:30:00 Friday,  Dec. 22, 2017
       Time-Step Length (HHMMSS): 000500
                 VDIFF completed...       0.4903 seconds
                COUPLE completed...       0.0470 seconds
                  HADV completed...       1.6437 seconds
                  ZADV completed...       0.1981 seconds
                 HDIFF completed...       0.1434 seconds
              DECOUPLE completed...       0.0335 seconds
                  PHOT completed...       0.1194 seconds
               CLDPROC completed...       0.1603 seconds
                  CHEM completed...       0.4283 seconds
                  AERO completed...       0.6245 seconds
            Master Time Step
            Processing completed...       3.8923 seconds

     Processing Day/Time [YYYYDDD:HHMMSS]: 2017356:113500
       Which is Equivalent to (UTC): 11:35:00 Friday,  Dec. 22, 2017
       Time-Step Length (HHMMSS): 000500
                 VDIFF completed...       0.4794 seconds
                COUPLE completed...       0.0555 seconds
                  HADV completed...       1.6449 seconds
                  ZADV completed...       0.1969 seconds
                 HDIFF completed...       0.1445 seconds
              DECOUPLE completed...       0.0333 seconds
                  PHOT completed...       0.1192 seconds
               CLDPROC completed...       0.1609 seconds
                  CHEM completed...       0.4265 seconds
                  AERO completed...       0.6258 seconds
            Master Time Step
            Processing completed...       3.8910 seconds

     Processing Day/Time [YYYYDDD:HHMMSS]: 2017356:114000
       Which is Equivalent to (UTC): 11:40:00 Friday,  Dec. 22, 2017
       Time-Step Length (HHMMSS): 000500
                 VDIFF completed...       0.4804 seconds
                COUPLE completed...       0.0605 seconds
                  HADV completed...       1.6261 seconds
                  ZADV completed...       0.1979 seconds
                 HDIFF completed...       0.1431 seconds
              DECOUPLE completed...       0.0328 seconds
                  PHOT completed...       0.1177 seconds
               CLDPROC completed...       0.1637 seconds
                  CHEM completed...       0.4261 seconds
                  AERO completed...       0.6222 seconds
            Master Time Step
            Processing completed...       3.8754 seconds

     Processing Day/Time [YYYYDDD:HHMMSS]: 2017356:114500
       Which is Equivalent to (UTC): 11:45:00 Friday,  Dec. 22, 2017
       Time-Step Length (HHMMSS): 000500
                 VDIFF completed...       0.4843 seconds
                COUPLE completed...       0.0618 seconds
                  HADV completed...       1.6370 seconds
                  ZADV completed...       0.1982 seconds
                 HDIFF completed...       0.1459 seconds
              DECOUPLE completed...       0.0331 seconds
                  PHOT completed...       0.1169 seconds
               CLDPROC completed...       0.1583 seconds
                  CHEM completed...       0.4227 seconds
                  AERO completed...       0.6201 seconds
            Master Time Step
            Processing completed...       3.8832 seconds

     Processing Day/Time [YYYYDDD:HHMMSS]: 2017356:115000
       Which is Equivalent to (UTC): 11:50:00 Friday,  Dec. 22, 2017
       Time-Step Length (HHMMSS): 000500
                 VDIFF completed...       0.4823 seconds
                COUPLE completed...       0.0803 seconds
                  HADV completed...       1.6135 seconds
                  ZADV completed...       0.1978 seconds
                 HDIFF completed...       0.1460 seconds
              DECOUPLE completed...       0.0333 seconds
                  PHOT completed...       0.1181 seconds
               CLDPROC completed...       0.1508 seconds
                  CHEM completed...       0.4189 seconds
                  AERO completed...       0.6240 seconds
            Master Time Step
            Processing completed...       3.8700 seconds

     Processing Day/Time [YYYYDDD:HHMMSS]: 2017356:115500
       Which is Equivalent to (UTC): 11:55:00 Friday,  Dec. 22, 2017
       Time-Step Length (HHMMSS): 000500
                 VDIFF completed...       1.8484 seconds
                COUPLE completed...       0.1115 seconds
                  HADV completed...       1.1246 seconds
                  ZADV completed...       0.1992 seconds
                 HDIFF completed...       0.1419 seconds
              DECOUPLE completed...       0.0330 seconds
                  PHOT completed...       0.1179 seconds
               CLDPROC completed...       0.9130 seconds
                  CHEM completed...       0.4268 seconds
                  AERO completed...       0.6300 seconds
            Master Time Step
            Processing completed...       5.5505 seconds

      =--> Data Output completed...       1.6475 seconds

     Processing Day/Time [YYYYDDD:HHMMSS]: 2017356:120000
       Which is Equivalent to (UTC): 12:00:00 Friday,  Dec. 22, 2017
       Time-Step Length (HHMMSS): 000500
                 VDIFF completed...       5.2265 seconds
                COUPLE completed...       0.0584 seconds
                  HADV completed...       2.0726 seconds
                  ZADV completed...       0.2040 seconds
                 HDIFF completed...       0.1366 seconds
              DECOUPLE completed...       0.0330 seconds
                  PHOT completed...       1.2340 seconds
               CLDPROC completed...       0.1567 seconds
                  CHEM completed...       0.4145 seconds
                  AERO completed...       0.6382 seconds
            Master Time Step
            Processing completed...      10.1771 seconds

     Processing Day/Time [YYYYDDD:HHMMSS]: 2017356:120500
       Which is Equivalent to (UTC): 12:05:00 Friday,  Dec. 22, 2017
       Time-Step Length (HHMMSS): 000500
                 VDIFF completed...       0.4600 seconds
                COUPLE completed...       0.0822 seconds
                  HADV completed...       1.6914 seconds
                  ZADV completed...       0.2036 seconds
                 HDIFF completed...       0.1379 seconds
              DECOUPLE completed...       0.0333 seconds
                  PHOT completed...       0.1165 seconds
               CLDPROC completed...       0.1464 seconds
                  CHEM completed...       0.4073 seconds
                  AERO completed...       0.6121 seconds
            Master Time Step
            Processing completed...       3.8939 seconds

     Processing Day/Time [YYYYDDD:HHMMSS]: 2017356:121000
       Which is Equivalent to (UTC): 12:10:00 Friday,  Dec. 22, 2017
       Time-Step Length (HHMMSS): 000500
                 VDIFF completed...       0.4505 seconds
                COUPLE completed...       0.0786 seconds
                  HADV completed...       1.7096 seconds
                  ZADV completed...       0.2010 seconds
                 HDIFF completed...       0.1404 seconds
              DECOUPLE completed...       0.0325 seconds
                  PHOT completed...       0.1157 seconds
               CLDPROC completed...       0.1477 seconds
                  CHEM completed...       0.4051 seconds
                  AERO completed...       0.6073 seconds
            Master Time Step
            Processing completed...       3.8900 seconds

     Processing Day/Time [YYYYDDD:HHMMSS]: 2017356:121500
       Which is Equivalent to (UTC): 12:15:00 Friday,  Dec. 22, 2017
       Time-Step Length (HHMMSS): 000500
                 VDIFF completed...       0.4567 seconds
                COUPLE completed...       0.0700 seconds
                  HADV completed...       1.7115 seconds
                  ZADV completed...       0.2031 seconds
                 HDIFF completed...       0.1379 seconds
              DECOUPLE completed...       0.0332 seconds
                  PHOT completed...       0.1155 seconds
               CLDPROC completed...       0.1456 seconds
                  CHEM completed...       0.4077 seconds
                  AERO completed...       0.6014 seconds
            Master Time Step
            Processing completed...       3.8868 seconds

     Processing Day/Time [YYYYDDD:HHMMSS]: 2017356:122000
       Which is Equivalent to (UTC): 12:20:00 Friday,  Dec. 22, 2017
       Time-Step Length (HHMMSS): 000500
                 VDIFF completed...       0.4672 seconds
                COUPLE completed...       0.0653 seconds
                  HADV completed...       1.6967 seconds
                  ZADV completed...       0.2032 seconds
                 HDIFF completed...       0.1370 seconds
              DECOUPLE completed...       0.0335 seconds
                  PHOT completed...       0.1148 seconds
               CLDPROC completed...       0.1440 seconds
                  CHEM completed...       0.4003 seconds
                  AERO completed...       0.5932 seconds
            Master Time Step
            Processing completed...       3.8595 seconds

     Processing Day/Time [YYYYDDD:HHMMSS]: 2017356:122500
       Which is Equivalent to (UTC): 12:25:00 Friday,  Dec. 22, 2017
       Time-Step Length (HHMMSS): 000500
                 VDIFF completed...       0.4570 seconds
                COUPLE completed...       0.0715 seconds
                  HADV completed...       1.7133 seconds
                  ZADV completed...       0.2032 seconds
                 HDIFF completed...       0.1381 seconds
              DECOUPLE completed...       0.0317 seconds
                  PHOT completed...       0.1155 seconds
               CLDPROC completed...       0.1448 seconds
                  CHEM completed...       0.4012 seconds
                  AERO completed...       0.5929 seconds
            Master Time Step
            Processing completed...       3.8709 seconds

     Processing Day/Time [YYYYDDD:HHMMSS]: 2017356:123000
       Which is Equivalent to (UTC): 12:30:00 Friday,  Dec. 22, 2017
       Time-Step Length (HHMMSS): 000500
                 VDIFF completed...       0.4546 seconds
                COUPLE completed...       0.0847 seconds
                  HADV completed...       1.7044 seconds
                  ZADV completed...       0.2033 seconds
                 HDIFF completed...       0.1371 seconds
              DECOUPLE completed...       0.0333 seconds
                  PHOT completed...       0.1145 seconds
               CLDPROC completed...       0.1428 seconds
                  CHEM completed...       0.4009 seconds
                  AERO completed...       0.5932 seconds
            Master Time Step
            Processing completed...       3.8732 seconds

     Processing Day/Time [YYYYDDD:HHMMSS]: 2017356:123500
       Which is Equivalent to (UTC): 12:35:00 Friday,  Dec. 22, 2017
       Time-Step Length (HHMMSS): 000500
                 VDIFF completed...       0.4547 seconds
                COUPLE completed...       0.0838 seconds
                  HADV completed...       1.7235 seconds
                  ZADV completed...       0.2040 seconds
                 HDIFF completed...       0.1371 seconds
              DECOUPLE completed...       0.0331 seconds
                  PHOT completed...       0.1131 seconds
               CLDPROC completed...       0.1416 seconds
                  CHEM completed...       0.3983 seconds
                  AERO completed...       0.5938 seconds
            Master Time Step
            Processing completed...       3.8875 seconds

     Processing Day/Time [YYYYDDD:HHMMSS]: 2017356:124000
       Which is Equivalent to (UTC): 12:40:00 Friday,  Dec. 22, 2017
       Time-Step Length (HHMMSS): 000500
                 VDIFF completed...       0.4190 seconds
                COUPLE completed...       0.0617 seconds
                  HADV completed...       1.7650 seconds
                  ZADV completed...       0.2032 seconds
                 HDIFF completed...       0.1369 seconds
              DECOUPLE completed...       0.0339 seconds
                  PHOT completed...       0.1126 seconds
               CLDPROC completed...       0.1387 seconds
                  CHEM completed...       0.4002 seconds
                  AERO completed...       0.5918 seconds
            Master Time Step
            Processing completed...       3.8672 seconds

     Processing Day/Time [YYYYDDD:HHMMSS]: 2017356:124500
       Which is Equivalent to (UTC): 12:45:00 Friday,  Dec. 22, 2017
       Time-Step Length (HHMMSS): 000500
                 VDIFF completed...       0.4112 seconds
                COUPLE completed...       0.0449 seconds
                  HADV completed...       1.8027 seconds
                  ZADV completed...       0.2034 seconds
                 HDIFF completed...       0.1375 seconds
              DECOUPLE completed...       0.0335 seconds
                  PHOT completed...       0.1127 seconds
               CLDPROC completed...       0.1369 seconds
                  CHEM completed...       0.3969 seconds
                  AERO completed...       0.5840 seconds
            Master Time Step
            Processing completed...       3.8681 seconds

     Processing Day/Time [YYYYDDD:HHMMSS]: 2017356:125000
       Which is Equivalent to (UTC): 12:50:00 Friday,  Dec. 22, 2017
       Time-Step Length (HHMMSS): 000500
                 VDIFF completed...       0.4342 seconds
                COUPLE completed...       0.0489 seconds
                  HADV completed...       1.7835 seconds
                  ZADV completed...       0.2018 seconds
                 HDIFF completed...       0.1403 seconds
              DECOUPLE completed...       0.0325 seconds
                  PHOT completed...       0.1121 seconds
               CLDPROC completed...       0.1338 seconds
                  CHEM completed...       0.3966 seconds
                  AERO completed...       0.5877 seconds
            Master Time Step
            Processing completed...       3.8757 seconds

     Processing Day/Time [YYYYDDD:HHMMSS]: 2017356:125500
       Which is Equivalent to (UTC): 12:55:00 Friday,  Dec. 22, 2017
       Time-Step Length (HHMMSS): 000500
                 VDIFF completed...       1.9240 seconds
                COUPLE completed...       0.1113 seconds
                  HADV completed...       1.1340 seconds
                  ZADV completed...       0.2038 seconds
                 HDIFF completed...       0.1362 seconds
              DECOUPLE completed...       0.0338 seconds
                  PHOT completed...       0.1116 seconds
               CLDPROC completed...       0.9496 seconds
                  CHEM completed...       0.3820 seconds
                  AERO completed...       0.6060 seconds
            Master Time Step
            Processing completed...       5.5971 seconds

      =--> Data Output completed...       2.8274 seconds

     Processing Day/Time [YYYYDDD:HHMMSS]: 2017356:130000
       Which is Equivalent to (UTC): 13:00:00 Friday,  Dec. 22, 2017
       Time-Step Length (HHMMSS): 000500
                 VDIFF completed...       5.2005 seconds
                COUPLE completed...       0.0868 seconds
                  HADV completed...       2.0257 seconds
                  ZADV completed...       0.1981 seconds
                 HDIFF completed...       0.1431 seconds
              DECOUPLE completed...       0.0330 seconds
                  PHOT completed...       1.2414 seconds
               CLDPROC completed...       0.1336 seconds
                  CHEM completed...       0.3964 seconds
                  AERO completed...       0.5868 seconds
            Master Time Step
            Processing completed...      10.0489 seconds

     Processing Day/Time [YYYYDDD:HHMMSS]: 2017356:130500
       Which is Equivalent to (UTC): 13:05:00 Friday,  Dec. 22, 2017
       Time-Step Length (HHMMSS): 000500
                 VDIFF completed...       0.4217 seconds
                COUPLE completed...       0.0482 seconds
                  HADV completed...       1.8573 seconds
                  ZADV completed...       0.2037 seconds
                 HDIFF completed...       0.1376 seconds
              DECOUPLE completed...       0.0331 seconds
                  PHOT completed...       0.1129 seconds
               CLDPROC completed...       0.1294 seconds
                  CHEM completed...       0.3914 seconds
                  AERO completed...       0.5873 seconds
            Master Time Step
            Processing completed...       3.9236 seconds

     Processing Day/Time [YYYYDDD:HHMMSS]: 2017356:131000
       Which is Equivalent to (UTC): 13:10:00 Friday,  Dec. 22, 2017
       Time-Step Length (HHMMSS): 000500
                 VDIFF completed...       0.4272 seconds
                COUPLE completed...       0.0463 seconds
                  HADV completed...       1.8492 seconds
                  ZADV completed...       0.2039 seconds
                 HDIFF completed...       0.1383 seconds
              DECOUPLE completed...       0.0332 seconds
                  PHOT completed...       0.1108 seconds
               CLDPROC completed...       0.1303 seconds
                  CHEM completed...       0.3998 seconds
                  AERO completed...       0.5879 seconds
            Master Time Step
            Processing completed...       3.9280 seconds

     Processing Day/Time [YYYYDDD:HHMMSS]: 2017356:131500
       Which is Equivalent to (UTC): 13:15:00 Friday,  Dec. 22, 2017
       Time-Step Length (HHMMSS): 000500
                 VDIFF completed...       0.4242 seconds
                COUPLE completed...       0.0463 seconds
                  HADV completed...       1.8646 seconds
                  ZADV completed...       0.2043 seconds
                 HDIFF completed...       0.1376 seconds
              DECOUPLE completed...       0.0325 seconds
                  PHOT completed...       0.1101 seconds
               CLDPROC completed...       0.1313 seconds
                  CHEM completed...       0.3931 seconds
                  AERO completed...       0.5860 seconds
            Master Time Step
            Processing completed...       3.9342 seconds

     Processing Day/Time [YYYYDDD:HHMMSS]: 2017356:132000
       Which is Equivalent to (UTC): 13:20:00 Friday,  Dec. 22, 2017
       Time-Step Length (HHMMSS): 000500
                 VDIFF completed...       0.4307 seconds
                COUPLE completed...       0.0517 seconds
                  HADV completed...       1.8840 seconds
                  ZADV completed...       0.2035 seconds
                 HDIFF completed...       0.1569 seconds
              DECOUPLE completed...       0.0339 seconds
                  PHOT completed...       0.1089 seconds
               CLDPROC completed...       0.1323 seconds
                  CHEM completed...       0.3911 seconds
                  AERO completed...       0.5777 seconds
            Master Time Step
            Processing completed...       3.9753 seconds

     Processing Day/Time [YYYYDDD:HHMMSS]: 2017356:132500
       Which is Equivalent to (UTC): 13:25:00 Friday,  Dec. 22, 2017
       Time-Step Length (HHMMSS): 000500
                 VDIFF completed...       0.4349 seconds
                COUPLE completed...       0.0480 seconds
                  HADV completed...       1.9459 seconds
                  ZADV completed...       0.2035 seconds
                 HDIFF completed...       0.1376 seconds
              DECOUPLE completed...       0.0343 seconds
                  PHOT completed...       0.1082 seconds
               CLDPROC completed...       0.1328 seconds
                  CHEM completed...       0.3894 seconds
                  AERO completed...       0.5813 seconds
            Master Time Step
            Processing completed...       4.0205 seconds

     Processing Day/Time [YYYYDDD:HHMMSS]: 2017356:133000
       Which is Equivalent to (UTC): 13:30:00 Friday,  Dec. 22, 2017
       Time-Step Length (HHMMSS): 000500
                 VDIFF completed...       0.4360 seconds
                COUPLE completed...       0.0512 seconds
                  HADV completed...       1.9664 seconds
                  ZADV completed...       0.2033 seconds
                 HDIFF completed...       0.1383 seconds
              DECOUPLE completed...       0.0337 seconds
                  PHOT completed...       0.1096 seconds
               CLDPROC completed...       0.1331 seconds
                  CHEM completed...       0.3886 seconds
                  AERO completed...       0.5815 seconds
            Master Time Step
            Processing completed...       4.0429 seconds

     Processing Day/Time [YYYYDDD:HHMMSS]: 2017356:133500
       Which is Equivalent to (UTC): 13:35:00 Friday,  Dec. 22, 2017
       Time-Step Length (HHMMSS): 000500
                 VDIFF completed...       0.4410 seconds
                COUPLE completed...       0.0472 seconds
                  HADV completed...       1.9799 seconds
                  ZADV completed...       0.2040 seconds
                 HDIFF completed...       0.1377 seconds
              DECOUPLE completed...       0.0339 seconds
                  PHOT completed...       0.1095 seconds
               CLDPROC completed...       0.1305 seconds
                  CHEM completed...       0.3881 seconds
                  AERO completed...       0.5770 seconds
            Master Time Step
            Processing completed...       4.0499 seconds

     Processing Day/Time [YYYYDDD:HHMMSS]: 2017356:134000
       Which is Equivalent to (UTC): 13:40:00 Friday,  Dec. 22, 2017
       Time-Step Length (HHMMSS): 000500
                 VDIFF completed...       0.4629 seconds
                COUPLE completed...       0.0472 seconds
                  HADV completed...       1.9905 seconds
                  ZADV completed...       0.2029 seconds
                 HDIFF completed...       0.1417 seconds
              DECOUPLE completed...       0.0333 seconds
                  PHOT completed...       0.1086 seconds
               CLDPROC completed...       0.1292 seconds
                  CHEM completed...       0.3902 seconds
                  AERO completed...       0.5758 seconds
            Master Time Step
            Processing completed...       4.0861 seconds

     Processing Day/Time [YYYYDDD:HHMMSS]: 2017356:134500
       Which is Equivalent to (UTC): 13:45:00 Friday,  Dec. 22, 2017
       Time-Step Length (HHMMSS): 000500
                 VDIFF completed...       0.4362 seconds
                COUPLE completed...       0.0555 seconds
                  HADV completed...       2.0138 seconds
                  ZADV completed...       0.2035 seconds
                 HDIFF completed...       0.1372 seconds
              DECOUPLE completed...       0.0337 seconds
                  PHOT completed...       0.1079 seconds
               CLDPROC completed...       0.1267 seconds
                  CHEM completed...       0.3892 seconds
                  AERO completed...       0.5799 seconds
            Master Time Step
            Processing completed...       4.0876 seconds

     Processing Day/Time [YYYYDDD:HHMMSS]: 2017356:135000
       Which is Equivalent to (UTC): 13:50:00 Friday,  Dec. 22, 2017
       Time-Step Length (HHMMSS): 000500
                 VDIFF completed...       0.4244 seconds
                COUPLE completed...       0.0608 seconds
                  HADV completed...       2.0208 seconds
                  ZADV completed...       0.2037 seconds
                 HDIFF completed...       0.1372 seconds
              DECOUPLE completed...       0.0341 seconds
                  PHOT completed...       0.1076 seconds
               CLDPROC completed...       0.1230 seconds
                  CHEM completed...       0.3932 seconds
                  AERO completed...       0.5722 seconds
            Master Time Step
            Processing completed...       4.0815 seconds

     Processing Day/Time [YYYYDDD:HHMMSS]: 2017356:135500
       Which is Equivalent to (UTC): 13:55:00 Friday,  Dec. 22, 2017
       Time-Step Length (HHMMSS): 000500
                 VDIFF completed...       2.1116 seconds
                COUPLE completed...       0.1097 seconds
                  HADV completed...       1.1262 seconds
                  ZADV completed...       0.2040 seconds
                 HDIFF completed...       0.1379 seconds
              DECOUPLE completed...       0.0348 seconds
                  PHOT completed...       0.1062 seconds
               CLDPROC completed...       1.0638 seconds
                  CHEM completed...       0.3773 seconds
                  AERO completed...       0.6010 seconds
            Master Time Step
            Processing completed...       5.8772 seconds

      =--> Data Output completed...       1.2768 seconds

     Processing Day/Time [YYYYDDD:HHMMSS]: 2017356:140000
       Which is Equivalent to (UTC): 14:00:00 Friday,  Dec. 22, 2017
       Time-Step Length (HHMMSS): 000500
                 VDIFF completed...       5.2347 seconds
                COUPLE completed...       0.0746 seconds
                  HADV completed...       1.9272 seconds
                  ZADV completed...       0.1983 seconds
                 HDIFF completed...       0.1442 seconds
              DECOUPLE completed...       0.0332 seconds
                  PHOT completed...       1.2440 seconds
               CLDPROC completed...       0.1165 seconds
                  CHEM completed...       0.3911 seconds
                  AERO completed...       0.5745 seconds
            Master Time Step
            Processing completed...       9.9413 seconds

     Processing Day/Time [YYYYDDD:HHMMSS]: 2017356:140500
       Which is Equivalent to (UTC): 14:05:00 Friday,  Dec. 22, 2017
       Time-Step Length (HHMMSS): 000500
                 VDIFF completed...       0.4368 seconds
                COUPLE completed...       0.0413 seconds
                  HADV completed...       2.0038 seconds
                  ZADV completed...       0.1992 seconds
                 HDIFF completed...       0.1420 seconds
              DECOUPLE completed...       0.0330 seconds
                  PHOT completed...       0.1096 seconds
               CLDPROC completed...       0.1172 seconds
                  CHEM completed...       0.3874 seconds
                  AERO completed...       0.5752 seconds
            Master Time Step
            Processing completed...       4.0462 seconds

     Processing Day/Time [YYYYDDD:HHMMSS]: 2017356:141000
       Which is Equivalent to (UTC): 14:10:00 Friday,  Dec. 22, 2017
       Time-Step Length (HHMMSS): 000500
                 VDIFF completed...       0.4326 seconds
                COUPLE completed...       0.0417 seconds
                  HADV completed...       2.0096 seconds
                  ZADV completed...       0.1989 seconds
                 HDIFF completed...       0.1420 seconds
              DECOUPLE completed...       0.0329 seconds
                  PHOT completed...       0.1091 seconds
               CLDPROC completed...       0.1173 seconds
                  CHEM completed...       0.3884 seconds
                  AERO completed...       0.6092 seconds
            Master Time Step
            Processing completed...       4.0826 seconds

     Processing Day/Time [YYYYDDD:HHMMSS]: 2017356:141500
       Which is Equivalent to (UTC): 14:15:00 Friday,  Dec. 22, 2017
       Time-Step Length (HHMMSS): 000500
                 VDIFF completed...       0.3864 seconds
                COUPLE completed...       0.0463 seconds
                  HADV completed...       2.0017 seconds
                  ZADV completed...       0.1967 seconds
                 HDIFF completed...       0.1506 seconds
              DECOUPLE completed...       0.0331 seconds
                  PHOT completed...       0.1080 seconds
               CLDPROC completed...       0.1215 seconds
                  CHEM completed...       0.3818 seconds
                  AERO completed...       0.5738 seconds
            Master Time Step
            Processing completed...       4.0041 seconds

     Processing Day/Time [YYYYDDD:HHMMSS]: 2017356:142000
       Which is Equivalent to (UTC): 14:20:00 Friday,  Dec. 22, 2017
       Time-Step Length (HHMMSS): 000500
                 VDIFF completed...       0.4666 seconds
                COUPLE completed...       0.0412 seconds
                  HADV completed...       1.9866 seconds
                  ZADV completed...       0.1982 seconds
                 HDIFF completed...       0.1420 seconds
              DECOUPLE completed...       0.0325 seconds
                  PHOT completed...       0.1083 seconds
               CLDPROC completed...       0.1240 seconds
                  CHEM completed...       0.3827 seconds
                  AERO completed...       0.5706 seconds
            Master Time Step
            Processing completed...       4.0569 seconds

     Processing Day/Time [YYYYDDD:HHMMSS]: 2017356:142500
       Which is Equivalent to (UTC): 14:25:00 Friday,  Dec. 22, 2017
       Time-Step Length (HHMMSS): 000500
                 VDIFF completed...       0.5230 seconds
                COUPLE completed...       0.0455 seconds
                  HADV completed...       1.9313 seconds
                  ZADV completed...       0.1989 seconds
                 HDIFF completed...       0.1417 seconds
              DECOUPLE completed...       0.0333 seconds
                  PHOT completed...       0.1078 seconds
               CLDPROC completed...       0.1233 seconds
                  CHEM completed...       0.3806 seconds
                  AERO completed...       0.5718 seconds
            Master Time Step
            Processing completed...       4.0616 seconds

     Processing Day/Time [YYYYDDD:HHMMSS]: 2017356:143000
       Which is Equivalent to (UTC): 14:30:00 Friday,  Dec. 22, 2017
       Time-Step Length (HHMMSS): 000500
                 VDIFF completed...       0.5790 seconds
                COUPLE completed...       0.0647 seconds
                  HADV completed...       1.8624 seconds
                  ZADV completed...       0.1987 seconds
                 HDIFF completed...       0.1415 seconds
              DECOUPLE completed...       0.0329 seconds
                  PHOT completed...       0.1336 seconds
               CLDPROC completed...       0.1241 seconds
                  CHEM completed...       0.3826 seconds
                  AERO completed...       0.5672 seconds
            Master Time Step
            Processing completed...       4.0911 seconds

     Processing Day/Time [YYYYDDD:HHMMSS]: 2017356:143500
       Which is Equivalent to (UTC): 14:35:00 Friday,  Dec. 22, 2017
       Time-Step Length (HHMMSS): 000500
                 VDIFF completed...       0.5968 seconds
                COUPLE completed...       0.0612 seconds
                  HADV completed...       1.8117 seconds
                  ZADV completed...       0.1986 seconds
                 HDIFF completed...       0.1461 seconds
              DECOUPLE completed...       0.0326 seconds
                  PHOT completed...       0.1774 seconds
               CLDPROC completed...       0.1356 seconds
                  CHEM completed...       0.3837 seconds
                  AERO completed...       0.5711 seconds
            Master Time Step
            Processing completed...       4.1179 seconds

     Processing Day/Time [YYYYDDD:HHMMSS]: 2017356:144000
       Which is Equivalent to (UTC): 14:40:00 Friday,  Dec. 22, 2017
       Time-Step Length (HHMMSS): 000500
                 VDIFF completed...       0.5346 seconds
                COUPLE completed...       0.0452 seconds
                  HADV completed...       1.8226 seconds
                  ZADV completed...       0.1981 seconds
                 HDIFF completed...       0.1413 seconds
              DECOUPLE completed...       0.0328 seconds
                  PHOT completed...       0.2215 seconds
               CLDPROC completed...       0.1395 seconds
                  CHEM completed...       0.3867 seconds
                  AERO completed...       0.5721 seconds
            Master Time Step
            Processing completed...       4.0991 seconds

     Processing Day/Time [YYYYDDD:HHMMSS]: 2017356:144500
       Which is Equivalent to (UTC): 14:45:00 Friday,  Dec. 22, 2017
       Time-Step Length (HHMMSS): 000500
                 VDIFF completed...       0.5400 seconds
                COUPLE completed...       0.0513 seconds
                  HADV completed...       1.7736 seconds
                  ZADV completed...       0.1998 seconds
                 HDIFF completed...       0.1412 seconds
              DECOUPLE completed...       0.0331 seconds
                  PHOT completed...       0.2460 seconds
               CLDPROC completed...       0.1547 seconds
                  CHEM completed...       0.3779 seconds
                  AERO completed...       0.5695 seconds
            Master Time Step
            Processing completed...       4.0914 seconds

     Processing Day/Time [YYYYDDD:HHMMSS]: 2017356:145000
       Which is Equivalent to (UTC): 14:50:00 Friday,  Dec. 22, 2017
       Time-Step Length (HHMMSS): 000500
                 VDIFF completed...       0.6897 seconds
                COUPLE completed...       0.0625 seconds
                  HADV completed...       1.5822 seconds
                  ZADV completed...       0.1991 seconds
                 HDIFF completed...       0.1415 seconds
              DECOUPLE completed...       0.0333 seconds
                  PHOT completed...       0.2473 seconds
               CLDPROC completed...       0.1563 seconds
                  CHEM completed...       0.3784 seconds
                  AERO completed...       0.5715 seconds
            Master Time Step
            Processing completed...       4.0663 seconds

     Processing Day/Time [YYYYDDD:HHMMSS]: 2017356:145500
       Which is Equivalent to (UTC): 14:55:00 Friday,  Dec. 22, 2017
       Time-Step Length (HHMMSS): 000500
                 VDIFF completed...       2.0117 seconds
                COUPLE completed...       0.1115 seconds
                  HADV completed...       1.0615 seconds
                  ZADV completed...       0.1994 seconds
                 HDIFF completed...       0.1414 seconds
              DECOUPLE completed...       0.0335 seconds
                  PHOT completed...       0.2571 seconds
               CLDPROC completed...       0.9341 seconds
                  CHEM completed...       0.4288 seconds
                  AERO completed...       0.5681 seconds
            Master Time Step
            Processing completed...       5.7510 seconds

      =--> Data Output completed...       1.4986 seconds

     Processing Day/Time [YYYYDDD:HHMMSS]: 2017356:150000
       Which is Equivalent to (UTC): 15:00:00 Friday,  Dec. 22, 2017
       Time-Step Length (HHMMSS): 000500
                 VDIFF completed...       5.1840 seconds
                COUPLE completed...       0.0782 seconds
                  HADV completed...       1.9427 seconds
                  ZADV completed...       0.1999 seconds
                 HDIFF completed...       0.1394 seconds
              DECOUPLE completed...       0.0361 seconds
                  PHOT completed...       1.4066 seconds
               CLDPROC completed...       0.1596 seconds
                  CHEM completed...       0.5317 seconds
                  AERO completed...       0.5955 seconds
            Master Time Step
            Processing completed...      10.2754 seconds

     Processing Day/Time [YYYYDDD:HHMMSS]: 2017356:150500
       Which is Equivalent to (UTC): 15:05:00 Friday,  Dec. 22, 2017
       Time-Step Length (HHMMSS): 000500
                 VDIFF completed...       0.5306 seconds
                COUPLE completed...       0.0352 seconds
                  HADV completed...       1.5787 seconds
                  ZADV completed...       0.2040 seconds
                 HDIFF completed...       0.1370 seconds
              DECOUPLE completed...       0.0332 seconds
                  PHOT completed...       0.3016 seconds
               CLDPROC completed...       0.1463 seconds
                  CHEM completed...       0.6047 seconds
                  AERO completed...       0.5820 seconds
            Master Time Step
            Processing completed...       4.1541 seconds

     Processing Day/Time [YYYYDDD:HHMMSS]: 2017356:151000
       Which is Equivalent to (UTC): 15:10:00 Friday,  Dec. 22, 2017
       Time-Step Length (HHMMSS): 000500
                 VDIFF completed...       0.4436 seconds
                COUPLE completed...       0.0321 seconds
                  HADV completed...       1.5934 seconds
                  ZADV completed...       0.2036 seconds
                 HDIFF completed...       0.1368 seconds
              DECOUPLE completed...       0.0329 seconds
                  PHOT completed...       0.3090 seconds
               CLDPROC completed...       0.1442 seconds
                  CHEM completed...       0.6246 seconds
                  AERO completed...       0.5816 seconds
            Master Time Step
            Processing completed...       4.1026 seconds

     Processing Day/Time [YYYYDDD:HHMMSS]: 2017356:151500
       Which is Equivalent to (UTC): 15:15:00 Friday,  Dec. 22, 2017
       Time-Step Length (HHMMSS): 000500
                 VDIFF completed...       0.4168 seconds
                COUPLE completed...       0.0330 seconds
                  HADV completed...       1.6032 seconds
                  ZADV completed...       0.2038 seconds
                 HDIFF completed...       0.1494 seconds
              DECOUPLE completed...       0.0333 seconds
                  PHOT completed...       0.3079 seconds
               CLDPROC completed...       0.1474 seconds
                  CHEM completed...       0.5973 seconds
                  AERO completed...       0.5907 seconds
            Master Time Step
            Processing completed...       4.0863 seconds

     Processing Day/Time [YYYYDDD:HHMMSS]: 2017356:152000
       Which is Equivalent to (UTC): 15:20:00 Friday,  Dec. 22, 2017
       Time-Step Length (HHMMSS): 000500
                 VDIFF completed...       0.4256 seconds
                COUPLE completed...       0.0327 seconds
                  HADV completed...       1.6068 seconds
                  ZADV completed...       0.2034 seconds
                 HDIFF completed...       0.1364 seconds
              DECOUPLE completed...       0.0325 seconds
                  PHOT completed...       0.3070 seconds
               CLDPROC completed...       0.1506 seconds
                  CHEM completed...       0.5907 seconds
                  AERO completed...       0.5913 seconds
            Master Time Step
            Processing completed...       4.0799 seconds

     Processing Day/Time [YYYYDDD:HHMMSS]: 2017356:152500
       Which is Equivalent to (UTC): 15:25:00 Friday,  Dec. 22, 2017
       Time-Step Length (HHMMSS): 000500
                 VDIFF completed...       0.4432 seconds
                COUPLE completed...       0.0331 seconds
                  HADV completed...       1.6282 seconds
                  ZADV completed...       0.2038 seconds
                 HDIFF completed...       0.1374 seconds
              DECOUPLE completed...       0.0325 seconds
                  PHOT completed...       0.3073 seconds
               CLDPROC completed...       0.1523 seconds
                  CHEM completed...       0.5891 seconds
                  AERO completed...       0.5885 seconds
            Master Time Step
            Processing completed...       4.1189 seconds

     Processing Day/Time [YYYYDDD:HHMMSS]: 2017356:153000
       Which is Equivalent to (UTC): 15:30:00 Friday,  Dec. 22, 2017
       Time-Step Length (HHMMSS): 000500
                 VDIFF completed...       0.4447 seconds
                COUPLE completed...       0.0324 seconds
                  HADV completed...       1.6340 seconds
                  ZADV completed...       0.2034 seconds
                 HDIFF completed...       0.1366 seconds
              DECOUPLE completed...       0.0336 seconds
                  PHOT completed...       0.3053 seconds
               CLDPROC completed...       0.1514 seconds
                  CHEM completed...       0.5922 seconds
                  AERO completed...       0.5904 seconds
            Master Time Step
            Processing completed...       4.1285 seconds

     Processing Day/Time [YYYYDDD:HHMMSS]: 2017356:153500
       Which is Equivalent to (UTC): 15:35:00 Friday,  Dec. 22, 2017
       Time-Step Length (HHMMSS): 000500
                 VDIFF completed...       0.4400 seconds
                COUPLE completed...       0.0312 seconds
                  HADV completed...       1.6430 seconds
                  ZADV completed...       0.2040 seconds
                 HDIFF completed...       0.1369 seconds
              DECOUPLE completed...       0.0332 seconds
                  PHOT completed...       0.3075 seconds
               CLDPROC completed...       0.1523 seconds
                  CHEM completed...       0.6037 seconds
                  AERO completed...       0.5873 seconds
            Master Time Step
            Processing completed...       4.1431 seconds

     Processing Day/Time [YYYYDDD:HHMMSS]: 2017356:154000
       Which is Equivalent to (UTC): 15:40:00 Friday,  Dec. 22, 2017
       Time-Step Length (HHMMSS): 000500
                 VDIFF completed...       0.4364 seconds
                COUPLE completed...       0.0327 seconds
                  HADV completed...       1.6380 seconds
                  ZADV completed...       0.2027 seconds
                 HDIFF completed...       0.1398 seconds
              DECOUPLE completed...       0.0335 seconds
                  PHOT completed...       0.3058 seconds
               CLDPROC completed...       0.1541 seconds
                  CHEM completed...       0.6058 seconds
                  AERO completed...       0.5803 seconds
            Master Time Step
            Processing completed...       4.1335 seconds

     Processing Day/Time [YYYYDDD:HHMMSS]: 2017356:154500
       Which is Equivalent to (UTC): 15:45:00 Friday,  Dec. 22, 2017
       Time-Step Length (HHMMSS): 000500
                 VDIFF completed...       0.4445 seconds
                COUPLE completed...       0.0332 seconds
                  HADV completed...       1.6376 seconds
                  ZADV completed...       0.2038 seconds
                 HDIFF completed...       0.1365 seconds
              DECOUPLE completed...       0.0366 seconds
                  PHOT completed...       0.3034 seconds
               CLDPROC completed...       0.1532 seconds
                  CHEM completed...       0.6090 seconds
                  AERO completed...       0.5788 seconds
            Master Time Step
            Processing completed...       4.1402 seconds

     Processing Day/Time [YYYYDDD:HHMMSS]: 2017356:155000
       Which is Equivalent to (UTC): 15:50:00 Friday,  Dec. 22, 2017
       Time-Step Length (HHMMSS): 000500
                 VDIFF completed...       0.4314 seconds
                COUPLE completed...       0.0325 seconds
                  HADV completed...       1.6691 seconds
                  ZADV completed...       0.2035 seconds
                 HDIFF completed...       0.1371 seconds
              DECOUPLE completed...       0.0332 seconds
                  PHOT completed...       0.3074 seconds
               CLDPROC completed...       0.1527 seconds
                  CHEM completed...       0.6081 seconds
                  AERO completed...       0.5779 seconds
            Master Time Step
            Processing completed...       4.1556 seconds

     Processing Day/Time [YYYYDDD:HHMMSS]: 2017356:155500
       Which is Equivalent to (UTC): 15:55:00 Friday,  Dec. 22, 2017
       Time-Step Length (HHMMSS): 000500
                 VDIFF completed...       1.7883 seconds
                COUPLE completed...       0.1116 seconds
                  HADV completed...       1.2499 seconds
                  ZADV completed...       0.2040 seconds
                 HDIFF completed...       0.1368 seconds
              DECOUPLE completed...       0.0330 seconds
                  PHOT completed...       0.3063 seconds
               CLDPROC completed...       0.9230 seconds
                  CHEM completed...       0.6053 seconds
                  AERO completed...       0.6125 seconds
            Master Time Step
            Processing completed...       5.9753 seconds

      =--> Data Output completed...       1.2555 seconds

     Processing Day/Time [YYYYDDD:HHMMSS]: 2017356:160000
       Which is Equivalent to (UTC): 16:00:00 Friday,  Dec. 22, 2017
       Time-Step Length (HHMMSS): 000500
                 VDIFF completed...       5.2144 seconds
                COUPLE completed...       0.0891 seconds
                  HADV completed...       1.9990 seconds
                  ZADV completed...       0.1982 seconds
                 HDIFF completed...       0.1418 seconds
              DECOUPLE completed...       0.0325 seconds
                  PHOT completed...       1.4239 seconds
               CLDPROC completed...       0.1556 seconds
                  CHEM completed...       0.5994 seconds
                  AERO completed...       0.5811 seconds
            Master Time Step
            Processing completed...      10.4384 seconds

     Processing Day/Time [YYYYDDD:HHMMSS]: 2017356:160500
       Which is Equivalent to (UTC): 16:05:00 Friday,  Dec. 22, 2017
       Time-Step Length (HHMMSS): 000500
                 VDIFF completed...       0.4434 seconds
                COUPLE completed...       0.0332 seconds
                  HADV completed...       1.7080 seconds
                  ZADV completed...       0.2036 seconds
                 HDIFF completed...       0.1372 seconds
              DECOUPLE completed...       0.0325 seconds
                  PHOT completed...       0.3102 seconds
               CLDPROC completed...       0.1537 seconds
                  CHEM completed...       0.5953 seconds
                  AERO completed...       0.5812 seconds
            Master Time Step
            Processing completed...       4.1996 seconds

     Processing Day/Time [YYYYDDD:HHMMSS]: 2017356:161000
       Which is Equivalent to (UTC): 16:10:00 Friday,  Dec. 22, 2017
       Time-Step Length (HHMMSS): 000500
                 VDIFF completed...       0.4421 seconds
                COUPLE completed...       0.0329 seconds
                  HADV completed...       1.6955 seconds
                  ZADV completed...       0.1904 seconds
                 HDIFF completed...       0.1518 seconds
              DECOUPLE completed...       0.0332 seconds
                  PHOT completed...       0.3073 seconds
               CLDPROC completed...       0.1550 seconds
                  CHEM completed...       0.5949 seconds
                  AERO completed...       0.5791 seconds
            Master Time Step
            Processing completed...       4.1831 seconds

     Processing Day/Time [YYYYDDD:HHMMSS]: 2017356:161500
       Which is Equivalent to (UTC): 16:15:00 Friday,  Dec. 22, 2017
       Time-Step Length (HHMMSS): 000500
                 VDIFF completed...       0.4438 seconds
                COUPLE completed...       0.0332 seconds
                  HADV completed...       1.6912 seconds
                  ZADV completed...       0.2028 seconds
                 HDIFF completed...       0.1541 seconds
              DECOUPLE completed...       0.0327 seconds
                  PHOT completed...       0.3137 seconds
               CLDPROC completed...       0.1523 seconds
                  CHEM completed...       0.5925 seconds
                  AERO completed...       0.5774 seconds
            Master Time Step
            Processing completed...       4.1945 seconds

     Processing Day/Time [YYYYDDD:HHMMSS]: 2017356:162000
       Which is Equivalent to (UTC): 16:20:00 Friday,  Dec. 22, 2017
       Time-Step Length (HHMMSS): 000500
                 VDIFF completed...       0.4380 seconds
                COUPLE completed...       0.0331 seconds
                  HADV completed...       1.7037 seconds
                  ZADV completed...       0.2028 seconds
                 HDIFF completed...       0.1374 seconds
              DECOUPLE completed...       0.0324 seconds
                  PHOT completed...       0.3082 seconds
               CLDPROC completed...       0.1575 seconds
                  CHEM completed...       0.5910 seconds
                  AERO completed...       0.5725 seconds
            Master Time Step
            Processing completed...       4.1774 seconds

     Processing Day/Time [YYYYDDD:HHMMSS]: 2017356:162500
       Which is Equivalent to (UTC): 16:25:00 Friday,  Dec. 22, 2017
       Time-Step Length (HHMMSS): 000500
                 VDIFF completed...       0.4545 seconds
                COUPLE completed...       0.0318 seconds
                  HADV completed...       1.7334 seconds
                  ZADV completed...       0.2035 seconds
                 HDIFF completed...       0.1370 seconds
              DECOUPLE completed...       0.0327 seconds
                  PHOT completed...       0.3086 seconds
               CLDPROC completed...       0.1580 seconds
                  CHEM completed...       0.5887 seconds
                  AERO completed...       0.5771 seconds
            Master Time Step
            Processing completed...       4.2262 seconds

     Processing Day/Time [YYYYDDD:HHMMSS]: 2017356:163000
       Which is Equivalent to (UTC): 16:30:00 Friday,  Dec. 22, 2017
       Time-Step Length (HHMMSS): 000500
                 VDIFF completed...       0.4492 seconds
                COUPLE completed...       0.0324 seconds
                  HADV completed...       1.7375 seconds
                  ZADV completed...       0.2024 seconds
                 HDIFF completed...       0.1381 seconds
              DECOUPLE completed...       0.0335 seconds
                  PHOT completed...       0.3073 seconds
               CLDPROC completed...       0.1574 seconds
                  CHEM completed...       0.5872 seconds
                  AERO completed...       0.5782 seconds
            Master Time Step
            Processing completed...       4.2241 seconds

     Processing Day/Time [YYYYDDD:HHMMSS]: 2017356:163500
       Which is Equivalent to (UTC): 16:35:00 Friday,  Dec. 22, 2017
       Time-Step Length (HHMMSS): 000500
                 VDIFF completed...       0.4454 seconds
                COUPLE completed...       0.0324 seconds
                  HADV completed...       1.7425 seconds
                  ZADV completed...       0.2029 seconds
                 HDIFF completed...       0.1383 seconds
              DECOUPLE completed...       0.0332 seconds
                  PHOT completed...       0.3080 seconds
               CLDPROC completed...       0.1581 seconds
                  CHEM completed...       0.5847 seconds
                  AERO completed...       0.5731 seconds
            Master Time Step
            Processing completed...       4.2196 seconds

     Processing Day/Time [YYYYDDD:HHMMSS]: 2017356:164000
       Which is Equivalent to (UTC): 16:40:00 Friday,  Dec. 22, 2017
       Time-Step Length (HHMMSS): 000500
                 VDIFF completed...       0.4544 seconds
                COUPLE completed...       0.0330 seconds
                  HADV completed...       1.7502 seconds
                  ZADV completed...       0.2025 seconds
                 HDIFF completed...       0.1375 seconds
              DECOUPLE completed...       0.0333 seconds
                  PHOT completed...       0.3067 seconds
               CLDPROC completed...       0.1575 seconds
                  CHEM completed...       0.5842 seconds
                  AERO completed...       0.5787 seconds
            Master Time Step
            Processing completed...       4.2420 seconds

     Processing Day/Time [YYYYDDD:HHMMSS]: 2017356:164500
       Which is Equivalent to (UTC): 16:45:00 Friday,  Dec. 22, 2017
       Time-Step Length (HHMMSS): 000500
                 VDIFF completed...       0.4491 seconds
                COUPLE completed...       0.0333 seconds
                  HADV completed...       1.7487 seconds
                  ZADV completed...       0.2033 seconds
                 HDIFF completed...       0.1376 seconds
              DECOUPLE completed...       0.0333 seconds
                  PHOT completed...       0.3064 seconds
               CLDPROC completed...       0.1568 seconds
                  CHEM completed...       0.5831 seconds
                  AERO completed...       0.5776 seconds
            Master Time Step
            Processing completed...       4.2336 seconds

     Processing Day/Time [YYYYDDD:HHMMSS]: 2017356:165000
       Which is Equivalent to (UTC): 16:50:00 Friday,  Dec. 22, 2017
       Time-Step Length (HHMMSS): 000500
                 VDIFF completed...       0.4486 seconds
                COUPLE completed...       0.0327 seconds
                  HADV completed...       1.7423 seconds
                  ZADV completed...       0.1886 seconds
                 HDIFF completed...       0.1365 seconds
              DECOUPLE completed...       0.0331 seconds
                  PHOT completed...       0.3075 seconds
               CLDPROC completed...       0.1555 seconds
                  CHEM completed...       0.5837 seconds
                  AERO completed...       0.5816 seconds
            Master Time Step
            Processing completed...       4.2144 seconds

     Processing Day/Time [YYYYDDD:HHMMSS]: 2017356:165500
       Which is Equivalent to (UTC): 16:55:00 Friday,  Dec. 22, 2017
       Time-Step Length (HHMMSS): 000500
                 VDIFF completed...       1.8683 seconds
                COUPLE completed...       0.1107 seconds
                  HADV completed...       1.0577 seconds
                  ZADV completed...       0.2033 seconds
                 HDIFF completed...       0.1484 seconds
              DECOUPLE completed...       0.0556 seconds
                  PHOT completed...       0.2791 seconds
               CLDPROC completed...       1.0157 seconds
                  CHEM completed...       0.5923 seconds
                  AERO completed...       0.5998 seconds
            Master Time Step
            Processing completed...       5.9325 seconds

      =--> Data Output completed...       1.2840 seconds

     Processing Day/Time [YYYYDDD:HHMMSS]: 2017356:170000
       Which is Equivalent to (UTC): 17:00:00 Friday,  Dec. 22, 2017
       Time-Step Length (HHMMSS): 000500
                 VDIFF completed...       5.2809 seconds
                COUPLE completed...       0.0956 seconds
                  HADV completed...       2.0305 seconds
                  ZADV completed...       0.1993 seconds
                 HDIFF completed...       0.1424 seconds
              DECOUPLE completed...       0.0333 seconds
                  PHOT completed...       1.4236 seconds
               CLDPROC completed...       0.1585 seconds
                  CHEM completed...       0.5840 seconds
                  AERO completed...       0.6179 seconds
            Master Time Step
            Processing completed...      10.5679 seconds

     Processing Day/Time [YYYYDDD:HHMMSS]: 2017356:170500
       Which is Equivalent to (UTC): 17:05:00 Friday,  Dec. 22, 2017
       Time-Step Length (HHMMSS): 000500
                 VDIFF completed...       0.5203 seconds
                COUPLE completed...       0.0779 seconds
                  HADV completed...       1.6538 seconds
                  ZADV completed...       0.2039 seconds
                 HDIFF completed...       0.1372 seconds
              DECOUPLE completed...       0.0335 seconds
                  PHOT completed...       0.3080 seconds
               CLDPROC completed...       0.1551 seconds
                  CHEM completed...       0.5820 seconds
                  AERO completed...       0.5768 seconds
            Master Time Step
            Processing completed...       4.2501 seconds

     Processing Day/Time [YYYYDDD:HHMMSS]: 2017356:171000
       Which is Equivalent to (UTC): 17:10:00 Friday,  Dec. 22, 2017
       Time-Step Length (HHMMSS): 000500
                 VDIFF completed...       0.4477 seconds
                COUPLE completed...       0.0348 seconds
                  HADV completed...       1.8076 seconds
                  ZADV completed...       0.2031 seconds
                 HDIFF completed...       0.1367 seconds
              DECOUPLE completed...       0.0327 seconds
                  PHOT completed...       0.3076 seconds
               CLDPROC completed...       0.1565 seconds
                  CHEM completed...       0.5819 seconds
                  AERO completed...       0.5762 seconds
            Master Time Step
            Processing completed...       4.2890 seconds

     Processing Day/Time [YYYYDDD:HHMMSS]: 2017356:171500
       Which is Equivalent to (UTC): 17:15:00 Friday,  Dec. 22, 2017
       Time-Step Length (HHMMSS): 000500
                 VDIFF completed...       0.4516 seconds
                COUPLE completed...       0.0342 seconds
                  HADV completed...       1.8041 seconds
                  ZADV completed...       0.2033 seconds
                 HDIFF completed...       0.1375 seconds
              DECOUPLE completed...       0.0333 seconds
                  PHOT completed...       0.3080 seconds
               CLDPROC completed...       0.1559 seconds
                  CHEM completed...       0.5803 seconds
                  AERO completed...       0.5710 seconds
            Master Time Step
            Processing completed...       4.2800 seconds

     Processing Day/Time [YYYYDDD:HHMMSS]: 2017356:172000
       Which is Equivalent to (UTC): 17:20:00 Friday,  Dec. 22, 2017
       Time-Step Length (HHMMSS): 000500
                 VDIFF completed...       0.4604 seconds
                COUPLE completed...       0.0336 seconds
                  HADV completed...       1.8150 seconds
                  ZADV completed...       0.2025 seconds
                 HDIFF completed...       0.1368 seconds
              DECOUPLE completed...       0.0333 seconds
                  PHOT completed...       0.3069 seconds
               CLDPROC completed...       0.1576 seconds
                  CHEM completed...       0.5797 seconds
                  AERO completed...       0.5714 seconds
            Master Time Step
            Processing completed...       4.3006 seconds

     Processing Day/Time [YYYYDDD:HHMMSS]: 2017356:172500
       Which is Equivalent to (UTC): 17:25:00 Friday,  Dec. 22, 2017
       Time-Step Length (HHMMSS): 000500
                 VDIFF completed...       0.4523 seconds
                COUPLE completed...       0.0357 seconds
                  HADV completed...       1.8027 seconds
                  ZADV completed...       0.2032 seconds
                 HDIFF completed...       0.1372 seconds
              DECOUPLE completed...       0.0341 seconds
                  PHOT completed...       0.3069 seconds
               CLDPROC completed...       0.1570 seconds
                  CHEM completed...       0.5805 seconds
                  AERO completed...       0.5715 seconds
            Master Time Step
            Processing completed...       4.2845 seconds

     Processing Day/Time [YYYYDDD:HHMMSS]: 2017356:173000
       Which is Equivalent to (UTC): 17:30:00 Friday,  Dec. 22, 2017
       Time-Step Length (HHMMSS): 000500
                 VDIFF completed...       0.4568 seconds
                COUPLE completed...       0.0337 seconds
                  HADV completed...       1.8168 seconds
                  ZADV completed...       0.2028 seconds
                 HDIFF completed...       0.1376 seconds
              DECOUPLE completed...       0.0329 seconds
                  PHOT completed...       0.3084 seconds
               CLDPROC completed...       0.1582 seconds
                  CHEM completed...       0.5785 seconds
                  AERO completed...       0.5756 seconds
            Master Time Step
            Processing completed...       4.3043 seconds

     Processing Day/Time [YYYYDDD:HHMMSS]: 2017356:173500
       Which is Equivalent to (UTC): 17:35:00 Friday,  Dec. 22, 2017
       Time-Step Length (HHMMSS): 000500
                 VDIFF completed...       0.4500 seconds
                COUPLE completed...       0.0344 seconds
                  HADV completed...       1.8173 seconds
                  ZADV completed...       0.2030 seconds
                 HDIFF completed...       0.1383 seconds
              DECOUPLE completed...       0.0336 seconds
                  PHOT completed...       0.3067 seconds
               CLDPROC completed...       0.1580 seconds
                  CHEM completed...       0.5814 seconds
                  AERO completed...       0.5710 seconds
            Master Time Step
            Processing completed...       4.2965 seconds

     Processing Day/Time [YYYYDDD:HHMMSS]: 2017356:174000
       Which is Equivalent to (UTC): 17:40:00 Friday,  Dec. 22, 2017
       Time-Step Length (HHMMSS): 000500
                 VDIFF completed...       0.4596 seconds
                COUPLE completed...       0.0342 seconds
                  HADV completed...       1.7976 seconds
                  ZADV completed...       0.2025 seconds
                 HDIFF completed...       0.1370 seconds
              DECOUPLE completed...       0.0336 seconds
                  PHOT completed...       0.3076 seconds
               CLDPROC completed...       0.1575 seconds
                  CHEM completed...       0.5822 seconds
                  AERO completed...       0.5741 seconds
            Master Time Step
            Processing completed...       4.2894 seconds

     Processing Day/Time [YYYYDDD:HHMMSS]: 2017356:174500
       Which is Equivalent to (UTC): 17:45:00 Friday,  Dec. 22, 2017
       Time-Step Length (HHMMSS): 000500
                 VDIFF completed...       0.4473 seconds
                COUPLE completed...       0.0346 seconds
                  HADV completed...       1.8175 seconds
                  ZADV completed...       0.2032 seconds
                 HDIFF completed...       0.1373 seconds
              DECOUPLE completed...       0.0336 seconds
                  PHOT completed...       0.3072 seconds
               CLDPROC completed...       0.1575 seconds
                  CHEM completed...       0.5786 seconds
                  AERO completed...       0.5772 seconds
            Master Time Step
            Processing completed...       4.2983 seconds

     Processing Day/Time [YYYYDDD:HHMMSS]: 2017356:175000
       Which is Equivalent to (UTC): 17:50:00 Friday,  Dec. 22, 2017
       Time-Step Length (HHMMSS): 000500
                 VDIFF completed...       0.4444 seconds
                COUPLE completed...       0.0347 seconds
                  HADV completed...       1.7990 seconds
                  ZADV completed...       0.2029 seconds
                 HDIFF completed...       0.1369 seconds
              DECOUPLE completed...       0.0335 seconds
                  PHOT completed...       0.3080 seconds
               CLDPROC completed...       0.1585 seconds
                  CHEM completed...       0.5814 seconds
                  AERO completed...       0.5704 seconds
            Master Time Step
            Processing completed...       4.2723 seconds

     Processing Day/Time [YYYYDDD:HHMMSS]: 2017356:175500
       Which is Equivalent to (UTC): 17:55:00 Friday,  Dec. 22, 2017
       Time-Step Length (HHMMSS): 000500
                 VDIFF completed...       1.9141 seconds
                COUPLE completed...       0.1111 seconds
                  HADV completed...       1.1028 seconds
                  ZADV completed...       0.2032 seconds
                 HDIFF completed...       0.1377 seconds
              DECOUPLE completed...       0.0339 seconds
                  PHOT completed...       0.3072 seconds
               CLDPROC completed...       1.0664 seconds
                  CHEM completed...       0.5997 seconds
                  AERO completed...       0.6197 seconds
            Master Time Step
            Processing completed...       6.0997 seconds

      =--> Data Output completed...       1.2477 seconds

     Processing Day/Time [YYYYDDD:HHMMSS]: 2017356:180000
       Which is Equivalent to (UTC): 18:00:00 Friday,  Dec. 22, 2017
       Time-Step Length (HHMMSS): 000500
                 VDIFF completed...       5.3825 seconds
                COUPLE completed...       0.0845 seconds
                  HADV completed...       2.0239 seconds
                  ZADV completed...       0.2002 seconds
                 HDIFF completed...       0.1402 seconds
              DECOUPLE completed...       0.0330 seconds
                  PHOT completed...       1.4244 seconds
               CLDPROC completed...       0.1621 seconds
                  CHEM completed...       0.5837 seconds
                  AERO completed...       0.5816 seconds
            Master Time Step
            Processing completed...      10.6184 seconds

     Processing Day/Time [YYYYDDD:HHMMSS]: 2017356:180500
       Which is Equivalent to (UTC): 18:05:00 Friday,  Dec. 22, 2017
       Time-Step Length (HHMMSS): 000500
                 VDIFF completed...       0.4538 seconds
                COUPLE completed...       0.0352 seconds
                  HADV completed...       1.8069 seconds
                  ZADV completed...       0.2028 seconds
                 HDIFF completed...       0.1371 seconds
              DECOUPLE completed...       0.0333 seconds
                  PHOT completed...       0.3073 seconds
               CLDPROC completed...       0.1593 seconds
                  CHEM completed...       0.5812 seconds
                  AERO completed...       0.5677 seconds
            Master Time Step
            Processing completed...       4.2886 seconds

     Processing Day/Time [YYYYDDD:HHMMSS]: 2017356:181000
       Which is Equivalent to (UTC): 18:10:00 Friday,  Dec. 22, 2017
       Time-Step Length (HHMMSS): 000500
                 VDIFF completed...       0.4624 seconds
                COUPLE completed...       0.0331 seconds
                  HADV completed...       1.8303 seconds
                  ZADV completed...       0.2018 seconds
                 HDIFF completed...       0.1404 seconds
              DECOUPLE completed...       0.0340 seconds
                  PHOT completed...       0.3080 seconds
               CLDPROC completed...       0.1604 seconds
                  CHEM completed...       0.5811 seconds
                  AERO completed...       0.5735 seconds
            Master Time Step
            Processing completed...       4.3273 seconds

     Processing Day/Time [YYYYDDD:HHMMSS]: 2017356:181500
       Which is Equivalent to (UTC): 18:15:00 Friday,  Dec. 22, 2017
       Time-Step Length (HHMMSS): 000500
                 VDIFF completed...       0.4532 seconds
                COUPLE completed...       0.0319 seconds
                  HADV completed...       1.8160 seconds
                  ZADV completed...       0.2027 seconds
                 HDIFF completed...       0.1360 seconds
              DECOUPLE completed...       0.0408 seconds
                  PHOT completed...       0.3027 seconds
               CLDPROC completed...       0.1595 seconds
                  CHEM completed...       0.5803 seconds
                  AERO completed...       0.5676 seconds
            Master Time Step
            Processing completed...       4.2938 seconds

     Processing Day/Time [YYYYDDD:HHMMSS]: 2017356:182000
       Which is Equivalent to (UTC): 18:20:00 Friday,  Dec. 22, 2017
       Time-Step Length (HHMMSS): 000500
                 VDIFF completed...       0.4592 seconds
                COUPLE completed...       0.0323 seconds
                  HADV completed...       1.8043 seconds
                  ZADV completed...       0.2021 seconds
                 HDIFF completed...       0.1372 seconds
              DECOUPLE completed...       0.0336 seconds
                  PHOT completed...       0.3077 seconds
               CLDPROC completed...       0.1624 seconds
                  CHEM completed...       0.5804 seconds
                  AERO completed...       0.5763 seconds
            Master Time Step
            Processing completed...       4.2989 seconds

     Processing Day/Time [YYYYDDD:HHMMSS]: 2017356:182500
       Which is Equivalent to (UTC): 18:25:00 Friday,  Dec. 22, 2017
       Time-Step Length (HHMMSS): 000500
                 VDIFF completed...       0.4493 seconds
                COUPLE completed...       0.0323 seconds
                  HADV completed...       1.8096 seconds
                  ZADV completed...       0.2028 seconds
                 HDIFF completed...       0.1370 seconds
              DECOUPLE completed...       0.0327 seconds
                  PHOT completed...       0.3076 seconds
               CLDPROC completed...       0.1633 seconds
                  CHEM completed...       0.5814 seconds
                  AERO completed...       0.5707 seconds
            Master Time Step
            Processing completed...       4.2905 seconds

     Processing Day/Time [YYYYDDD:HHMMSS]: 2017356:183000
       Which is Equivalent to (UTC): 18:30:00 Friday,  Dec. 22, 2017
       Time-Step Length (HHMMSS): 000500
                 VDIFF completed...       0.4515 seconds
                COUPLE completed...       0.0330 seconds
                  HADV completed...       1.8230 seconds
                  ZADV completed...       0.2022 seconds
                 HDIFF completed...       0.1373 seconds
              DECOUPLE completed...       0.0328 seconds
                  PHOT completed...       0.3095 seconds
               CLDPROC completed...       0.1625 seconds
                  CHEM completed...       0.5814 seconds
                  AERO completed...       0.5754 seconds
            Master Time Step
            Processing completed...       4.3106 seconds

     Processing Day/Time [YYYYDDD:HHMMSS]: 2017356:183500
       Which is Equivalent to (UTC): 18:35:00 Friday,  Dec. 22, 2017
       Time-Step Length (HHMMSS): 000500
                 VDIFF completed...       0.4498 seconds
                COUPLE completed...       0.0324 seconds
                  HADV completed...       1.8027 seconds
                  ZADV completed...       0.2023 seconds
                 HDIFF completed...       0.1374 seconds
              DECOUPLE completed...       0.0329 seconds
                  PHOT completed...       0.3080 seconds
               CLDPROC completed...       0.1634 seconds
                  CHEM completed...       0.5833 seconds
                  AERO completed...       0.5777 seconds
            Master Time Step
            Processing completed...       4.2940 seconds

     Processing Day/Time [YYYYDDD:HHMMSS]: 2017356:184000
       Which is Equivalent to (UTC): 18:40:00 Friday,  Dec. 22, 2017
       Time-Step Length (HHMMSS): 000500
                 VDIFF completed...       0.4516 seconds
                COUPLE completed...       0.0337 seconds
                  HADV completed...       1.8089 seconds
                  ZADV completed...       0.2018 seconds
                 HDIFF completed...       0.1365 seconds
              DECOUPLE completed...       0.0329 seconds
                  PHOT completed...       0.3089 seconds
               CLDPROC completed...       0.1629 seconds
                  CHEM completed...       0.5837 seconds
                  AERO completed...       0.5680 seconds
            Master Time Step
            Processing completed...       4.2930 seconds

     Processing Day/Time [YYYYDDD:HHMMSS]: 2017356:184500
       Which is Equivalent to (UTC): 18:45:00 Friday,  Dec. 22, 2017
       Time-Step Length (HHMMSS): 000500
                 VDIFF completed...       0.4603 seconds
                COUPLE completed...       0.0337 seconds
                  HADV completed...       1.8149 seconds
                  ZADV completed...       0.2022 seconds
                 HDIFF completed...       0.1375 seconds
              DECOUPLE completed...       0.0328 seconds
                  PHOT completed...       0.3079 seconds
               CLDPROC completed...       0.1634 seconds
                  CHEM completed...       0.5826 seconds
                  AERO completed...       0.5700 seconds
            Master Time Step
            Processing completed...       4.3071 seconds

     Processing Day/Time [YYYYDDD:HHMMSS]: 2017356:185000
       Which is Equivalent to (UTC): 18:50:00 Friday,  Dec. 22, 2017
       Time-Step Length (HHMMSS): 000500
                 VDIFF completed...       0.4583 seconds
                COUPLE completed...       0.0339 seconds
                  HADV completed...       1.8128 seconds
                  ZADV completed...       0.2013 seconds
                 HDIFF completed...       0.1367 seconds
              DECOUPLE completed...       0.0338 seconds
                  PHOT completed...       0.3079 seconds
               CLDPROC completed...       0.1629 seconds
                  CHEM completed...       0.5824 seconds
                  AERO completed...       0.5761 seconds
            Master Time Step
            Processing completed...       4.3104 seconds

     Processing Day/Time [YYYYDDD:HHMMSS]: 2017356:185500
       Which is Equivalent to (UTC): 18:55:00 Friday,  Dec. 22, 2017
       Time-Step Length (HHMMSS): 000500
                 VDIFF completed...       1.9114 seconds
                COUPLE completed...       0.1114 seconds
                  HADV completed...       1.1352 seconds
                  ZADV completed...       0.2022 seconds
                 HDIFF completed...       0.1374 seconds
              DECOUPLE completed...       0.0333 seconds
                  PHOT completed...       0.3074 seconds
               CLDPROC completed...       1.0870 seconds
                  CHEM completed...       0.6201 seconds
                  AERO completed...       0.5966 seconds
            Master Time Step
            Processing completed...       6.1472 seconds

      =--> Data Output completed...       1.2444 seconds

     Processing Day/Time [YYYYDDD:HHMMSS]: 2017356:190000
       Which is Equivalent to (UTC): 19:00:00 Friday,  Dec. 22, 2017
       Time-Step Length (HHMMSS): 000500
                 VDIFF completed...       5.0957 seconds
                COUPLE completed...       0.0848 seconds
                  HADV completed...       1.9920 seconds
                  ZADV completed...       0.2014 seconds
                 HDIFF completed...       0.1379 seconds
              DECOUPLE completed...       0.0337 seconds
                  PHOT completed...       1.4472 seconds
               CLDPROC completed...       0.1670 seconds
                  CHEM completed...       0.5852 seconds
                  AERO completed...       0.5683 seconds
            Master Time Step
            Processing completed...      10.3162 seconds

     Processing Day/Time [YYYYDDD:HHMMSS]: 2017356:190500
       Which is Equivalent to (UTC): 19:05:00 Friday,  Dec. 22, 2017
       Time-Step Length (HHMMSS): 000500
                 VDIFF completed...       0.4960 seconds
                COUPLE completed...       0.0699 seconds
                  HADV completed...       1.7095 seconds
                  ZADV completed...       0.2032 seconds
                 HDIFF completed...       0.1368 seconds
              DECOUPLE completed...       0.0333 seconds
                  PHOT completed...       0.3077 seconds
               CLDPROC completed...       0.1639 seconds
                  CHEM completed...       0.5845 seconds
                  AERO completed...       0.5765 seconds
            Master Time Step
            Processing completed...       4.2853 seconds

     Processing Day/Time [YYYYDDD:HHMMSS]: 2017356:191000
       Which is Equivalent to (UTC): 19:10:00 Friday,  Dec. 22, 2017
       Time-Step Length (HHMMSS): 000500
                 VDIFF completed...       0.4543 seconds
                COUPLE completed...       0.0340 seconds
                  HADV completed...       1.8123 seconds
                  ZADV completed...       0.2025 seconds
                 HDIFF completed...       0.1374 seconds
              DECOUPLE completed...       0.0337 seconds
                  PHOT completed...       0.3087 seconds
               CLDPROC completed...       0.1659 seconds
                  CHEM completed...       0.5825 seconds
                  AERO completed...       0.5787 seconds
            Master Time Step
            Processing completed...       4.3115 seconds

     Processing Day/Time [YYYYDDD:HHMMSS]: 2017356:191500
       Which is Equivalent to (UTC): 19:15:00 Friday,  Dec. 22, 2017
       Time-Step Length (HHMMSS): 000500
                 VDIFF completed...       0.4609 seconds
                COUPLE completed...       0.0357 seconds
                  HADV completed...       1.7971 seconds
                  ZADV completed...       0.2027 seconds
                 HDIFF completed...       0.1368 seconds
              DECOUPLE completed...       0.0332 seconds
                  PHOT completed...       0.3090 seconds
               CLDPROC completed...       0.1675 seconds
                  CHEM completed...       0.5827 seconds
                  AERO completed...       0.5788 seconds
            Master Time Step
            Processing completed...       4.3054 seconds

     Processing Day/Time [YYYYDDD:HHMMSS]: 2017356:192000
       Which is Equivalent to (UTC): 19:20:00 Friday,  Dec. 22, 2017
       Time-Step Length (HHMMSS): 000500
                 VDIFF completed...       0.4535 seconds
                COUPLE completed...       0.0362 seconds
                  HADV completed...       1.7850 seconds
                  ZADV completed...       0.2025 seconds
                 HDIFF completed...       0.1377 seconds
              DECOUPLE completed...       0.0339 seconds
                  PHOT completed...       0.3060 seconds
               CLDPROC completed...       0.1665 seconds
                  CHEM completed...       0.5835 seconds
                  AERO completed...       0.5826 seconds
            Master Time Step
            Processing completed...       4.2888 seconds

     Processing Day/Time [YYYYDDD:HHMMSS]: 2017356:192500
       Which is Equivalent to (UTC): 19:25:00 Friday,  Dec. 22, 2017
       Time-Step Length (HHMMSS): 000500
                 VDIFF completed...       0.4534 seconds
                COUPLE completed...       0.0350 seconds
                  HADV completed...       1.7930 seconds
                  ZADV completed...       0.2030 seconds
                 HDIFF completed...       0.1370 seconds
              DECOUPLE completed...       0.0338 seconds
                  PHOT completed...       0.3067 seconds
               CLDPROC completed...       0.1664 seconds
                  CHEM completed...       0.5833 seconds
                  AERO completed...       0.5818 seconds
            Master Time Step
            Processing completed...       4.2947 seconds

     Processing Day/Time [YYYYDDD:HHMMSS]: 2017356:193000
       Which is Equivalent to (UTC): 19:30:00 Friday,  Dec. 22, 2017
       Time-Step Length (HHMMSS): 000500
                 VDIFF completed...       0.4696 seconds
                COUPLE completed...       0.0388 seconds
                  HADV completed...       1.7774 seconds
                  ZADV completed...       0.2022 seconds
                 HDIFF completed...       0.1362 seconds
              DECOUPLE completed...       0.0335 seconds
                  PHOT completed...       0.3077 seconds
               CLDPROC completed...       0.1659 seconds
                  CHEM completed...       0.5849 seconds
                  AERO completed...       0.5792 seconds
            Master Time Step
            Processing completed...       4.2987 seconds

     Processing Day/Time [YYYYDDD:HHMMSS]: 2017356:193500
       Which is Equivalent to (UTC): 19:35:00 Friday,  Dec. 22, 2017
       Time-Step Length (HHMMSS): 000500
                 VDIFF completed...       0.4646 seconds
                COUPLE completed...       0.0364 seconds
                  HADV completed...       1.7770 seconds
                  ZADV completed...       0.2029 seconds
                 HDIFF completed...       0.1374 seconds
              DECOUPLE completed...       0.0335 seconds
                  PHOT completed...       0.3079 seconds
               CLDPROC completed...       0.1664 seconds
                  CHEM completed...       0.5836 seconds
                  AERO completed...       0.5807 seconds
            Master Time Step
            Processing completed...       4.2912 seconds

     Processing Day/Time [YYYYDDD:HHMMSS]: 2017356:194000
       Which is Equivalent to (UTC): 19:40:00 Friday,  Dec. 22, 2017
       Time-Step Length (HHMMSS): 000500
                 VDIFF completed...       0.4662 seconds
                COUPLE completed...       0.0403 seconds
                  HADV completed...       1.8558 seconds
                  ZADV completed...       0.2024 seconds
                 HDIFF completed...       0.1365 seconds
              DECOUPLE completed...       0.0327 seconds
                  PHOT completed...       0.3148 seconds
               CLDPROC completed...       0.2082 seconds
                  CHEM completed...       0.5562 seconds
                  AERO completed...       0.5818 seconds
            Master Time Step
            Processing completed...       4.3964 seconds

     Processing Day/Time [YYYYDDD:HHMMSS]: 2017356:194500
       Which is Equivalent to (UTC): 19:45:00 Friday,  Dec. 22, 2017
       Time-Step Length (HHMMSS): 000500
                 VDIFF completed...       0.4441 seconds
                COUPLE completed...       0.0380 seconds
                  HADV completed...       1.7824 seconds
                  ZADV completed...       0.2024 seconds
                 HDIFF completed...       0.1368 seconds
              DECOUPLE completed...       0.0329 seconds
                  PHOT completed...       0.3076 seconds
               CLDPROC completed...       0.1672 seconds
                  CHEM completed...       0.5838 seconds
                  AERO completed...       0.5760 seconds
            Master Time Step
            Processing completed...       4.2755 seconds

     Processing Day/Time [YYYYDDD:HHMMSS]: 2017356:195000
       Which is Equivalent to (UTC): 19:50:00 Friday,  Dec. 22, 2017
       Time-Step Length (HHMMSS): 000500
                 VDIFF completed...       0.4740 seconds
                COUPLE completed...       0.0390 seconds
                  HADV completed...       1.7796 seconds
                  ZADV completed...       0.2023 seconds
                 HDIFF completed...       0.1363 seconds
              DECOUPLE completed...       0.0330 seconds
                  PHOT completed...       0.3074 seconds
               CLDPROC completed...       0.1671 seconds
                  CHEM completed...       0.5846 seconds
                  AERO completed...       0.5772 seconds
            Master Time Step
            Processing completed...       4.3048 seconds

     Processing Day/Time [YYYYDDD:HHMMSS]: 2017356:195500
       Which is Equivalent to (UTC): 19:55:00 Friday,  Dec. 22, 2017
       Time-Step Length (HHMMSS): 000500
                 VDIFF completed...       1.9030 seconds
                COUPLE completed...       0.1114 seconds
                  HADV completed...       1.1089 seconds
                  ZADV completed...       0.2022 seconds
                 HDIFF completed...       0.1366 seconds
              DECOUPLE completed...       0.0325 seconds
                  PHOT completed...       0.3080 seconds
               CLDPROC completed...       1.6616 seconds
                  CHEM completed...       0.6195 seconds
                  AERO completed...       0.5969 seconds
            Master Time Step
            Processing completed...       6.6854 seconds

      =--> Data Output completed...       1.1901 seconds

     Processing Day/Time [YYYYDDD:HHMMSS]: 2017356:200000
       Which is Equivalent to (UTC): 20:00:00 Friday,  Dec. 22, 2017
       Time-Step Length (HHMMSS): 000500
                 VDIFF completed...       5.1988 seconds
                COUPLE completed...       0.0828 seconds
                  HADV completed...       1.9977 seconds
                  ZADV completed...       0.2021 seconds
                 HDIFF completed...       0.1373 seconds
              DECOUPLE completed...       0.0339 seconds
                  PHOT completed...       1.4411 seconds
               CLDPROC completed...       0.1705 seconds
                  CHEM completed...       0.5894 seconds
                  AERO completed...       0.5771 seconds
            Master Time Step
            Processing completed...      10.4324 seconds

     Processing Day/Time [YYYYDDD:HHMMSS]: 2017356:200500
       Which is Equivalent to (UTC): 20:05:00 Friday,  Dec. 22, 2017
       Time-Step Length (HHMMSS): 000500
                 VDIFF completed...       0.4861 seconds
                COUPLE completed...       0.0440 seconds
                  HADV completed...       1.8326 seconds
                  ZADV completed...       0.2022 seconds
                 HDIFF completed...       0.1371 seconds
              DECOUPLE completed...       0.0335 seconds
                  PHOT completed...       0.3073 seconds
               CLDPROC completed...       0.1675 seconds
                  CHEM completed...       0.5836 seconds
                  AERO completed...       0.5718 seconds
            Master Time Step
            Processing completed...       4.3693 seconds

     Processing Day/Time [YYYYDDD:HHMMSS]: 2017356:201000
       Which is Equivalent to (UTC): 20:10:00 Friday,  Dec. 22, 2017
       Time-Step Length (HHMMSS): 000500
                 VDIFF completed...       0.4840 seconds
                COUPLE completed...       0.0432 seconds
                  HADV completed...       2.0879 seconds
                  ZADV completed...       0.2023 seconds
                 HDIFF completed...       0.1377 seconds
              DECOUPLE completed...       0.0333 seconds
                  PHOT completed...       0.3088 seconds
               CLDPROC completed...       0.1674 seconds
                  CHEM completed...       0.5822 seconds
                  AERO completed...       0.5701 seconds
            Master Time Step
            Processing completed...       4.6180 seconds

     Processing Day/Time [YYYYDDD:HHMMSS]: 2017356:201500
       Which is Equivalent to (UTC): 20:15:00 Friday,  Dec. 22, 2017
       Time-Step Length (HHMMSS): 000500
                 VDIFF completed...       0.5055 seconds
                COUPLE completed...       0.0523 seconds
                  HADV completed...       1.8123 seconds
                  ZADV completed...       0.2023 seconds
                 HDIFF completed...       0.1369 seconds
              DECOUPLE completed...       0.0331 seconds
                  PHOT completed...       0.3083 seconds
               CLDPROC completed...       0.1676 seconds
                  CHEM completed...       0.5855 seconds
                  AERO completed...       0.5756 seconds
            Master Time Step
            Processing completed...       4.3828 seconds

     Processing Day/Time [YYYYDDD:HHMMSS]: 2017356:202000
       Which is Equivalent to (UTC): 20:20:00 Friday,  Dec. 22, 2017
       Time-Step Length (HHMMSS): 000500
                 VDIFF completed...       0.4904 seconds
                COUPLE completed...       0.0408 seconds
                  HADV completed...       1.8320 seconds
                  ZADV completed...       0.2018 seconds
                 HDIFF completed...       0.1376 seconds
              DECOUPLE completed...       0.0333 seconds
                  PHOT completed...       0.3089 seconds
               CLDPROC completed...       0.1684 seconds
                  CHEM completed...       0.5839 seconds
                  AERO completed...       0.5754 seconds
            Master Time Step
            Processing completed...       4.3740 seconds

     Processing Day/Time [YYYYDDD:HHMMSS]: 2017356:202500
       Which is Equivalent to (UTC): 20:25:00 Friday,  Dec. 22, 2017
       Time-Step Length (HHMMSS): 000500
                 VDIFF completed...       0.4864 seconds
                COUPLE completed...       0.0413 seconds
                  HADV completed...       1.8493 seconds
                  ZADV completed...       0.2024 seconds
                 HDIFF completed...       0.1367 seconds
              DECOUPLE completed...       0.0331 seconds
                  PHOT completed...       0.3081 seconds
               CLDPROC completed...       0.1679 seconds
                  CHEM completed...       0.5870 seconds
                  AERO completed...       0.5786 seconds
            Master Time Step
            Processing completed...       4.3946 seconds

     Processing Day/Time [YYYYDDD:HHMMSS]: 2017356:203000
       Which is Equivalent to (UTC): 20:30:00 Friday,  Dec. 22, 2017
       Time-Step Length (HHMMSS): 000500
                 VDIFF completed...       0.4863 seconds
                COUPLE completed...       0.0438 seconds
                  HADV completed...       1.8576 seconds
                  ZADV completed...       0.2027 seconds
                 HDIFF completed...       0.1369 seconds
              DECOUPLE completed...       0.0342 seconds
                  PHOT completed...       0.3068 seconds
               CLDPROC completed...       0.1682 seconds
                  CHEM completed...       0.5844 seconds
                  AERO completed...       0.5756 seconds
            Master Time Step
            Processing completed...       4.4005 seconds

     Processing Day/Time [YYYYDDD:HHMMSS]: 2017356:203500
       Which is Equivalent to (UTC): 20:35:00 Friday,  Dec. 22, 2017
       Time-Step Length (HHMMSS): 000500
                 VDIFF completed...       0.4840 seconds
                COUPLE completed...       0.0458 seconds
                  HADV completed...       1.8264 seconds
                  ZADV completed...       0.2025 seconds
                 HDIFF completed...       0.1369 seconds
              DECOUPLE completed...       0.0334 seconds
                  PHOT completed...       0.3081 seconds
               CLDPROC completed...       0.1660 seconds
                  CHEM completed...       0.5850 seconds
                  AERO completed...       0.5766 seconds
            Master Time Step
            Processing completed...       4.3687 seconds

     Processing Day/Time [YYYYDDD:HHMMSS]: 2017356:204000
       Which is Equivalent to (UTC): 20:40:00 Friday,  Dec. 22, 2017
       Time-Step Length (HHMMSS): 000500
                 VDIFF completed...       0.4941 seconds
                COUPLE completed...       0.0418 seconds
                  HADV completed...       1.8190 seconds
                  ZADV completed...       0.2021 seconds
                 HDIFF completed...       0.1365 seconds
              DECOUPLE completed...       0.0335 seconds
                  PHOT completed...       0.3074 seconds
               CLDPROC completed...       0.1673 seconds
                  CHEM completed...       0.5887 seconds
                  AERO completed...       0.5770 seconds
            Master Time Step
            Processing completed...       4.3717 seconds

     Processing Day/Time [YYYYDDD:HHMMSS]: 2017356:204500
       Which is Equivalent to (UTC): 20:45:00 Friday,  Dec. 22, 2017
       Time-Step Length (HHMMSS): 000500
                 VDIFF completed...       0.5122 seconds
                COUPLE completed...       0.0419 seconds
                  HADV completed...       1.7997 seconds
                  ZADV completed...       0.2024 seconds
                 HDIFF completed...       0.1369 seconds
              DECOUPLE completed...       0.0324 seconds
                  PHOT completed...       0.3090 seconds
               CLDPROC completed...       0.1666 seconds
                  CHEM completed...       0.5883 seconds
                  AERO completed...       0.5708 seconds
            Master Time Step
            Processing completed...       4.3646 seconds

     Processing Day/Time [YYYYDDD:HHMMSS]: 2017356:205000
       Which is Equivalent to (UTC): 20:50:00 Friday,  Dec. 22, 2017
       Time-Step Length (HHMMSS): 000500
                 VDIFF completed...       0.5072 seconds
                COUPLE completed...       0.0439 seconds
                  HADV completed...       1.7902 seconds
                  ZADV completed...       0.2021 seconds
                 HDIFF completed...       0.1374 seconds
              DECOUPLE completed...       0.0335 seconds
                  PHOT completed...       0.3076 seconds
               CLDPROC completed...       0.1665 seconds
                  CHEM completed...       0.5897 seconds
                  AERO completed...       0.5754 seconds
            Master Time Step
            Processing completed...       4.3572 seconds

     Processing Day/Time [YYYYDDD:HHMMSS]: 2017356:205500
       Which is Equivalent to (UTC): 20:55:00 Friday,  Dec. 22, 2017
       Time-Step Length (HHMMSS): 000500
                 VDIFF completed...       1.8927 seconds
                COUPLE completed...       0.1106 seconds
                  HADV completed...       1.1867 seconds
                  ZADV completed...       0.2022 seconds
                 HDIFF completed...       0.1370 seconds
              DECOUPLE completed...       0.0331 seconds
                  PHOT completed...       0.3071 seconds
               CLDPROC completed...       1.1001 seconds
                  CHEM completed...       0.6720 seconds
                  AERO completed...       0.5984 seconds
            Master Time Step
            Processing completed...       6.2441 seconds

      =--> Data Output completed...       1.1555 seconds

     Processing Day/Time [YYYYDDD:HHMMSS]: 2017356:210000
       Which is Equivalent to (UTC): 21:00:00 Friday,  Dec. 22, 2017
       Time-Step Length (HHMMSS): 000500
                 VDIFF completed...       5.1825 seconds
                COUPLE completed...       0.0828 seconds
                  HADV completed...       2.0290 seconds
                  ZADV completed...       0.1998 seconds
                 HDIFF completed...       0.1392 seconds
              DECOUPLE completed...       0.0332 seconds
                  PHOT completed...       1.4422 seconds
               CLDPROC completed...       0.1711 seconds
                  CHEM completed...       0.5982 seconds
                  AERO completed...       0.5825 seconds
            Master Time Step
            Processing completed...      10.4625 seconds

     Processing Day/Time [YYYYDDD:HHMMSS]: 2017356:210500
       Which is Equivalent to (UTC): 21:05:00 Friday,  Dec. 22, 2017
       Time-Step Length (HHMMSS): 000500
                 VDIFF completed...       0.4952 seconds
                COUPLE completed...       0.0521 seconds
                  HADV completed...       1.7569 seconds
                  ZADV completed...       0.1993 seconds
                 HDIFF completed...       0.1391 seconds
              DECOUPLE completed...       0.0338 seconds
                  PHOT completed...       0.3067 seconds
               CLDPROC completed...       0.1658 seconds
                  CHEM completed...       0.5955 seconds
                  AERO completed...       0.5793 seconds
            Master Time Step
            Processing completed...       4.3255 seconds

     Processing Day/Time [YYYYDDD:HHMMSS]: 2017356:211000
       Which is Equivalent to (UTC): 21:10:00 Friday,  Dec. 22, 2017
       Time-Step Length (HHMMSS): 000500
                 VDIFF completed...       0.5114 seconds
                COUPLE completed...       0.0450 seconds
                  HADV completed...       1.7584 seconds
                  ZADV completed...       0.2017 seconds
                 HDIFF completed...       0.1361 seconds
              DECOUPLE completed...       0.0347 seconds
                  PHOT completed...       0.3068 seconds
               CLDPROC completed...       0.1667 seconds
                  CHEM completed...       0.5954 seconds
                  AERO completed...       0.5773 seconds
            Master Time Step
            Processing completed...       4.3359 seconds

     Processing Day/Time [YYYYDDD:HHMMSS]: 2017356:211500
       Which is Equivalent to (UTC): 21:15:00 Friday,  Dec. 22, 2017
       Time-Step Length (HHMMSS): 000500
                 VDIFF completed...       0.4908 seconds
                COUPLE completed...       0.0435 seconds
                  HADV completed...       1.7865 seconds
                  ZADV completed...       0.2024 seconds
                 HDIFF completed...       0.1363 seconds
              DECOUPLE completed...       0.0329 seconds
                  PHOT completed...       0.3077 seconds
               CLDPROC completed...       0.1659 seconds
                  CHEM completed...       0.5943 seconds
                  AERO completed...       0.5776 seconds
            Master Time Step
            Processing completed...       4.3407 seconds

     Processing Day/Time [YYYYDDD:HHMMSS]: 2017356:212000
       Which is Equivalent to (UTC): 21:20:00 Friday,  Dec. 22, 2017
       Time-Step Length (HHMMSS): 000500
                 VDIFF completed...       0.4900 seconds
                COUPLE completed...       0.0441 seconds
                  HADV completed...       1.7798 seconds
                  ZADV completed...       0.2014 seconds
                 HDIFF completed...       0.1370 seconds
              DECOUPLE completed...       0.0328 seconds
                  PHOT completed...       0.3106 seconds
               CLDPROC completed...       0.1633 seconds
                  CHEM completed...       0.5901 seconds
                  AERO completed...       0.5749 seconds
            Master Time Step
            Processing completed...       4.3283 seconds

     Processing Day/Time [YYYYDDD:HHMMSS]: 2017356:212500
       Which is Equivalent to (UTC): 21:25:00 Friday,  Dec. 22, 2017
       Time-Step Length (HHMMSS): 000500
                 VDIFF completed...       0.4967 seconds
                COUPLE completed...       0.0462 seconds
                  HADV completed...       1.7671 seconds
                  ZADV completed...       0.2016 seconds
                 HDIFF completed...       0.1366 seconds
              DECOUPLE completed...       0.0334 seconds
                  PHOT completed...       0.3101 seconds
               CLDPROC completed...       0.1644 seconds
                  CHEM completed...       0.5892 seconds
                  AERO completed...       0.5772 seconds
            Master Time Step
            Processing completed...       4.3268 seconds

     Processing Day/Time [YYYYDDD:HHMMSS]: 2017356:213000
       Which is Equivalent to (UTC): 21:30:00 Friday,  Dec. 22, 2017
       Time-Step Length (HHMMSS): 000500
                 VDIFF completed...       0.4948 seconds
                COUPLE completed...       0.0433 seconds
                  HADV completed...       1.7566 seconds
                  ZADV completed...       0.2018 seconds
                 HDIFF completed...       0.1362 seconds
              DECOUPLE completed...       0.0333 seconds
                  PHOT completed...       0.3094 seconds
               CLDPROC completed...       0.1623 seconds
                  CHEM completed...       0.5859 seconds
                  AERO completed...       0.5774 seconds
            Master Time Step
            Processing completed...       4.3055 seconds

     Processing Day/Time [YYYYDDD:HHMMSS]: 2017356:213500
       Which is Equivalent to (UTC): 21:35:00 Friday,  Dec. 22, 2017
       Time-Step Length (HHMMSS): 000500
                 VDIFF completed...       0.4770 seconds
                COUPLE completed...       0.0510 seconds
                  HADV completed...       1.7782 seconds
                  ZADV completed...       0.2020 seconds
                 HDIFF completed...       0.1366 seconds
              DECOUPLE completed...       0.0326 seconds
                  PHOT completed...       0.3110 seconds
               CLDPROC completed...       0.1609 seconds
                  CHEM completed...       0.5866 seconds
                  AERO completed...       0.5726 seconds
            Master Time Step
            Processing completed...       4.3126 seconds

     Processing Day/Time [YYYYDDD:HHMMSS]: 2017356:214000
       Which is Equivalent to (UTC): 21:40:00 Friday,  Dec. 22, 2017
       Time-Step Length (HHMMSS): 000500
                 VDIFF completed...       0.4928 seconds
                COUPLE completed...       0.0436 seconds
                  HADV completed...       1.7642 seconds
                  ZADV completed...       0.2017 seconds
                 HDIFF completed...       0.1356 seconds
              DECOUPLE completed...       0.0326 seconds
                  PHOT completed...       0.3109 seconds
               CLDPROC completed...       0.1581 seconds
                  CHEM completed...       0.5876 seconds
                  AERO completed...       0.5827 seconds
            Master Time Step
            Processing completed...       4.3140 seconds

     Processing Day/Time [YYYYDDD:HHMMSS]: 2017356:214500
       Which is Equivalent to (UTC): 21:45:00 Friday,  Dec. 22, 2017
       Time-Step Length (HHMMSS): 000500
                 VDIFF completed...       0.4897 seconds
                COUPLE completed...       0.0446 seconds
                  HADV completed...       1.7482 seconds
                  ZADV completed...       0.2017 seconds
                 HDIFF completed...       0.1371 seconds
              DECOUPLE completed...       0.0334 seconds
                  PHOT completed...       0.3089 seconds
               CLDPROC completed...       0.1545 seconds
                  CHEM completed...       0.5882 seconds
                  AERO completed...       0.5876 seconds
            Master Time Step
            Processing completed...       4.2975 seconds

     Processing Day/Time [YYYYDDD:HHMMSS]: 2017356:215000
       Which is Equivalent to (UTC): 21:50:00 Friday,  Dec. 22, 2017
       Time-Step Length (HHMMSS): 000500
                 VDIFF completed...       0.4836 seconds
                COUPLE completed...       0.0444 seconds
                  HADV completed...       1.7511 seconds
                  ZADV completed...       0.2017 seconds
                 HDIFF completed...       0.1369 seconds
              DECOUPLE completed...       0.0329 seconds
                  PHOT completed...       0.3080 seconds
               CLDPROC completed...       0.1535 seconds
                  CHEM completed...       0.5851 seconds
                  AERO completed...       0.5861 seconds
            Master Time Step
            Processing completed...       4.2866 seconds

     Processing Day/Time [YYYYDDD:HHMMSS]: 2017356:215500
       Which is Equivalent to (UTC): 21:55:00 Friday,  Dec. 22, 2017
       Time-Step Length (HHMMSS): 000500
                 VDIFF completed...       1.7982 seconds
                COUPLE completed...       0.1111 seconds
                  HADV completed...       1.1883 seconds
                  ZADV completed...       0.2021 seconds
                 HDIFF completed...       0.1358 seconds
              DECOUPLE completed...       0.0347 seconds
                  PHOT completed...       0.3045 seconds
               CLDPROC completed...       1.1203 seconds
                  CHEM completed...       0.5619 seconds
                  AERO completed...       0.5835 seconds
            Master Time Step
            Processing completed...       6.0438 seconds

      =--> Data Output completed...       1.2272 seconds

     Processing Day/Time [YYYYDDD:HHMMSS]: 2017356:220000
       Which is Equivalent to (UTC): 22:00:00 Friday,  Dec. 22, 2017
       Time-Step Length (HHMMSS): 000500
                 VDIFF completed...       5.2427 seconds
                COUPLE completed...       0.0822 seconds
                  HADV completed...       2.0127 seconds
                  ZADV completed...       0.2017 seconds
                 HDIFF completed...       0.1376 seconds
              DECOUPLE completed...       0.0334 seconds
                  PHOT completed...       1.6690 seconds
               CLDPROC completed...       0.1507 seconds
                  CHEM completed...       0.5819 seconds
                  AERO completed...       0.5763 seconds
            Master Time Step
            Processing completed...      10.6906 seconds

     Processing Day/Time [YYYYDDD:HHMMSS]: 2017356:220500
       Which is Equivalent to (UTC): 22:05:00 Friday,  Dec. 22, 2017
       Time-Step Length (HHMMSS): 000500
                 VDIFF completed...       0.4855 seconds
                COUPLE completed...       0.0363 seconds
                  HADV completed...       1.5849 seconds
                  ZADV completed...       0.1978 seconds
                 HDIFF completed...       0.1415 seconds
              DECOUPLE completed...       0.0328 seconds
                  PHOT completed...       0.3127 seconds
               CLDPROC completed...       0.1436 seconds
                  CHEM completed...       0.5774 seconds
                  AERO completed...       0.5874 seconds
            Master Time Step
            Processing completed...       4.1019 seconds

     Processing Day/Time [YYYYDDD:HHMMSS]: 2017356:221000
       Which is Equivalent to (UTC): 22:10:00 Friday,  Dec. 22, 2017
       Time-Step Length (HHMMSS): 000500
                 VDIFF completed...       0.4664 seconds
                COUPLE completed...       0.0350 seconds
                  HADV completed...       1.7362 seconds
                  ZADV completed...       0.1990 seconds
                 HDIFF completed...       0.1395 seconds
              DECOUPLE completed...       0.0350 seconds
                  PHOT completed...       0.3067 seconds
               CLDPROC completed...       0.1428 seconds
                  CHEM completed...       0.5760 seconds
                  AERO completed...       0.5835 seconds
            Master Time Step
            Processing completed...       4.2225 seconds

     Processing Day/Time [YYYYDDD:HHMMSS]: 2017356:221500
       Which is Equivalent to (UTC): 22:15:00 Friday,  Dec. 22, 2017
       Time-Step Length (HHMMSS): 000500
                 VDIFF completed...       0.4614 seconds
                COUPLE completed...       0.0369 seconds
                  HADV completed...       1.7742 seconds
                  ZADV completed...       0.1974 seconds
                 HDIFF completed...       0.1408 seconds
              DECOUPLE completed...       0.0329 seconds
                  PHOT completed...       0.3104 seconds
               CLDPROC completed...       0.1425 seconds
                  CHEM completed...       0.5715 seconds
                  AERO completed...       0.5788 seconds
            Master Time Step
            Processing completed...       4.2500 seconds

     Processing Day/Time [YYYYDDD:HHMMSS]: 2017356:222000
       Which is Equivalent to (UTC): 22:20:00 Friday,  Dec. 22, 2017
       Time-Step Length (HHMMSS): 000500
                 VDIFF completed...       0.4535 seconds
                COUPLE completed...       0.0364 seconds
                  HADV completed...       1.7911 seconds
                  ZADV completed...       0.1985 seconds
                 HDIFF completed...       0.1394 seconds
              DECOUPLE completed...       0.0330 seconds
                  PHOT completed...       0.3088 seconds
               CLDPROC completed...       0.1436 seconds
                  CHEM completed...       0.5713 seconds
                  AERO completed...       0.5792 seconds
            Master Time Step
            Processing completed...       4.2592 seconds

     Processing Day/Time [YYYYDDD:HHMMSS]: 2017356:222500
       Which is Equivalent to (UTC): 22:25:00 Friday,  Dec. 22, 2017
       Time-Step Length (HHMMSS): 000500
                 VDIFF completed...       0.4594 seconds
                COUPLE completed...       0.0348 seconds
                  HADV completed...       1.7828 seconds
                  ZADV completed...       0.1983 seconds
                 HDIFF completed...       0.1395 seconds
              DECOUPLE completed...       0.0326 seconds
                  PHOT completed...       0.3084 seconds
               CLDPROC completed...       0.1443 seconds
                  CHEM completed...       0.5670 seconds
                  AERO completed...       0.5893 seconds
            Master Time Step
            Processing completed...       4.2606 seconds

     Processing Day/Time [YYYYDDD:HHMMSS]: 2017356:223000
       Which is Equivalent to (UTC): 22:30:00 Friday,  Dec. 22, 2017
       Time-Step Length (HHMMSS): 000500
                 VDIFF completed...       0.4468 seconds
                COUPLE completed...       0.0360 seconds
                  HADV completed...       1.7729 seconds
                  ZADV completed...       0.1988 seconds
                 HDIFF completed...       0.1391 seconds
              DECOUPLE completed...       0.0328 seconds
                  PHOT completed...       0.3091 seconds
               CLDPROC completed...       0.1429 seconds
                  CHEM completed...       0.5719 seconds
                  AERO completed...       0.5852 seconds
            Master Time Step
            Processing completed...       4.2402 seconds

     Processing Day/Time [YYYYDDD:HHMMSS]: 2017356:223500
       Which is Equivalent to (UTC): 22:35:00 Friday,  Dec. 22, 2017
       Time-Step Length (HHMMSS): 000500
                 VDIFF completed...       0.4451 seconds
                COUPLE completed...       0.0368 seconds
                  HADV completed...       1.7425 seconds
                  ZADV completed...       0.1953 seconds
                 HDIFF completed...       0.1445 seconds
              DECOUPLE completed...       0.0329 seconds
                  PHOT completed...       0.3095 seconds
               CLDPROC completed...       0.1418 seconds
                  CHEM completed...       0.5723 seconds
                  AERO completed...       0.5808 seconds
            Master Time Step
            Processing completed...       4.2060 seconds

     Processing Day/Time [YYYYDDD:HHMMSS]: 2017356:224000
       Which is Equivalent to (UTC): 22:40:00 Friday,  Dec. 22, 2017
       Time-Step Length (HHMMSS): 000500
                 VDIFF completed...       0.4509 seconds
                COUPLE completed...       0.0374 seconds
                  HADV completed...       1.6966 seconds
                  ZADV completed...       0.1980 seconds
                 HDIFF completed...       0.1440 seconds
              DECOUPLE completed...       0.0336 seconds
                  PHOT completed...       0.3103 seconds
               CLDPROC completed...       0.1392 seconds
                  CHEM completed...       0.5738 seconds
                  AERO completed...       0.5878 seconds
            Master Time Step
            Processing completed...       4.1755 seconds

     Processing Day/Time [YYYYDDD:HHMMSS]: 2017356:224500
       Which is Equivalent to (UTC): 22:45:00 Friday,  Dec. 22, 2017
       Time-Step Length (HHMMSS): 000500
                 VDIFF completed...       0.4424 seconds
                COUPLE completed...       0.0366 seconds
                  HADV completed...       1.6658 seconds
                  ZADV completed...       0.1976 seconds
                 HDIFF completed...       0.1403 seconds
              DECOUPLE completed...       0.0327 seconds
                  PHOT completed...       0.3090 seconds
               CLDPROC completed...       0.1366 seconds
                  CHEM completed...       0.5739 seconds
                  AERO completed...       0.5872 seconds
            Master Time Step
            Processing completed...       4.1267 seconds

     Processing Day/Time [YYYYDDD:HHMMSS]: 2017356:225000
       Which is Equivalent to (UTC): 22:50:00 Friday,  Dec. 22, 2017
       Time-Step Length (HHMMSS): 000500
                 VDIFF completed...       0.4460 seconds
                COUPLE completed...       0.0357 seconds
                  HADV completed...       1.6725 seconds
                  ZADV completed...       0.1984 seconds
                 HDIFF completed...       0.1405 seconds
              DECOUPLE completed...       0.0334 seconds
                  PHOT completed...       0.3100 seconds
               CLDPROC completed...       0.1324 seconds
                  CHEM completed...       0.5763 seconds
                  AERO completed...       0.6123 seconds
            Master Time Step
            Processing completed...       4.1624 seconds

     Processing Day/Time [YYYYDDD:HHMMSS]: 2017356:225500
       Which is Equivalent to (UTC): 22:55:00 Friday,  Dec. 22, 2017
       Time-Step Length (HHMMSS): 000500
                 VDIFF completed...       1.7067 seconds
                COUPLE completed...       0.1110 seconds
                  HADV completed...       1.0957 seconds
                  ZADV completed...       0.1981 seconds
                 HDIFF completed...       0.1427 seconds
              DECOUPLE completed...       0.0329 seconds
                  PHOT completed...       0.3064 seconds
               CLDPROC completed...       1.0812 seconds
                  CHEM completed...       0.6256 seconds
                  AERO completed...       0.5681 seconds
            Master Time Step
            Processing completed...       5.8732 seconds

      =--> Data Output completed...       1.1760 seconds

     Processing Day/Time [YYYYDDD:HHMMSS]: 2017356:230000
       Which is Equivalent to (UTC): 23:00:00 Friday,  Dec. 22, 2017
       Time-Step Length (HHMMSS): 000500
                 VDIFF completed...       5.1988 seconds
                COUPLE completed...       0.0740 seconds
                  HADV completed...       1.9945 seconds
                  ZADV completed...       0.2020 seconds
                 HDIFF completed...       0.1365 seconds
              DECOUPLE completed...       0.0330 seconds
                  PHOT completed...       1.4521 seconds
               CLDPROC completed...       0.1325 seconds
                  CHEM completed...       0.5821 seconds
                  AERO completed...       0.5814 seconds
            Master Time Step
            Processing completed...      10.3888 seconds

     Processing Day/Time [YYYYDDD:HHMMSS]: 2017356:230500
       Which is Equivalent to (UTC): 23:05:00 Friday,  Dec. 22, 2017
       Time-Step Length (HHMMSS): 000500
                 VDIFF completed...       0.4574 seconds
                COUPLE completed...       0.0382 seconds
                  HADV completed...       1.5693 seconds
                  ZADV completed...       0.2023 seconds
                 HDIFF completed...       0.1544 seconds
              DECOUPLE completed...       0.0332 seconds
                  PHOT completed...       0.3120 seconds
               CLDPROC completed...       0.1321 seconds
                  CHEM completed...       0.5780 seconds
                  AERO completed...       0.5868 seconds
            Master Time Step
            Processing completed...       4.0652 seconds

     Processing Day/Time [YYYYDDD:HHMMSS]: 2017356:231000
       Which is Equivalent to (UTC): 23:10:00 Friday,  Dec. 22, 2017
       Time-Step Length (HHMMSS): 000500
                 VDIFF completed...       0.4524 seconds
                COUPLE completed...       0.0384 seconds
                  HADV completed...       1.5866 seconds
                  ZADV completed...       0.1992 seconds
                 HDIFF completed...       0.1452 seconds
              DECOUPLE completed...       0.0337 seconds
                  PHOT completed...       0.2937 seconds
               CLDPROC completed...       0.1320 seconds
                  CHEM completed...       0.5747 seconds
                  AERO completed...       0.5845 seconds
            Master Time Step
            Processing completed...       4.0658 seconds

     Processing Day/Time [YYYYDDD:HHMMSS]: 2017356:231500
       Which is Equivalent to (UTC): 23:15:00 Friday,  Dec. 22, 2017
       Time-Step Length (HHMMSS): 000500
                 VDIFF completed...       0.4531 seconds
                COUPLE completed...       0.0366 seconds
                  HADV completed...       1.5786 seconds
                  ZADV completed...       0.2018 seconds
                 HDIFF completed...       0.1367 seconds
              DECOUPLE completed...       0.0327 seconds
                  PHOT completed...       0.3130 seconds
               CLDPROC completed...       0.1358 seconds
                  CHEM completed...       0.5722 seconds
                  AERO completed...       0.5866 seconds
            Master Time Step
            Processing completed...       4.0513 seconds

     Processing Day/Time [YYYYDDD:HHMMSS]: 2017356:232000
       Which is Equivalent to (UTC): 23:20:00 Friday,  Dec. 22, 2017
       Time-Step Length (HHMMSS): 000500
                 VDIFF completed...       0.4441 seconds
                COUPLE completed...       0.0370 seconds
                  HADV completed...       1.5788 seconds
                  ZADV completed...       0.1978 seconds
                 HDIFF completed...       0.1418 seconds
              DECOUPLE completed...       0.0344 seconds
                  PHOT completed...       0.3114 seconds
               CLDPROC completed...       0.1318 seconds
                  CHEM completed...       0.5782 seconds
                  AERO completed...       0.5865 seconds
            Master Time Step
            Processing completed...       4.0424 seconds

     Processing Day/Time [YYYYDDD:HHMMSS]: 2017356:232500
       Which is Equivalent to (UTC): 23:25:00 Friday,  Dec. 22, 2017
       Time-Step Length (HHMMSS): 000500
                 VDIFF completed...       0.4428 seconds
                COUPLE completed...       0.0365 seconds
                  HADV completed...       1.5734 seconds
                  ZADV completed...       0.1970 seconds
                 HDIFF completed...       0.1432 seconds
              DECOUPLE completed...       0.0332 seconds
                  PHOT completed...       0.3127 seconds
               CLDPROC completed...       0.1316 seconds
                  CHEM completed...       0.5696 seconds
                  AERO completed...       0.5904 seconds
            Master Time Step
            Processing completed...       4.0339 seconds

     Processing Day/Time [YYYYDDD:HHMMSS]: 2017356:233000
       Which is Equivalent to (UTC): 23:30:00 Friday,  Dec. 22, 2017
       Time-Step Length (HHMMSS): 000500
                 VDIFF completed...       0.4413 seconds
                COUPLE completed...       0.0372 seconds
                  HADV completed...       1.5355 seconds
                  ZADV completed...       0.1986 seconds
                 HDIFF completed...       0.1575 seconds
              DECOUPLE completed...       0.0336 seconds
                  PHOT completed...       0.3127 seconds
               CLDPROC completed...       0.1319 seconds
                  CHEM completed...       0.5690 seconds
                  AERO completed...       0.5931 seconds
            Master Time Step
            Processing completed...       4.0148 seconds

     Processing Day/Time [YYYYDDD:HHMMSS]: 2017356:233500
       Which is Equivalent to (UTC): 23:35:00 Friday,  Dec. 22, 2017
       Time-Step Length (HHMMSS): 000500
                 VDIFF completed...       0.4485 seconds
                COUPLE completed...       0.0380 seconds
                  HADV completed...       1.5464 seconds
                  ZADV completed...       0.1976 seconds
                 HDIFF completed...       0.1420 seconds
              DECOUPLE completed...       0.0336 seconds
                  PHOT completed...       0.3136 seconds
               CLDPROC completed...       0.1296 seconds
                  CHEM completed...       0.5683 seconds
                  AERO completed...       0.5932 seconds
            Master Time Step
            Processing completed...       4.0152 seconds

     Processing Day/Time [YYYYDDD:HHMMSS]: 2017356:234000
       Which is Equivalent to (UTC): 23:40:00 Friday,  Dec. 22, 2017
       Time-Step Length (HHMMSS): 000500
                 VDIFF completed...       0.4570 seconds
                COUPLE completed...       0.0376 seconds
                  HADV completed...       1.5344 seconds
                  ZADV completed...       0.1986 seconds
                 HDIFF completed...       0.1398 seconds
              DECOUPLE completed...       0.0333 seconds
                  PHOT completed...       0.3153 seconds
               CLDPROC completed...       0.1276 seconds
                  CHEM completed...       0.5708 seconds
                  AERO completed...       0.6009 seconds
            Master Time Step
            Processing completed...       4.0189 seconds

     Processing Day/Time [YYYYDDD:HHMMSS]: 2017356:234500
       Which is Equivalent to (UTC): 23:45:00 Friday,  Dec. 22, 2017
       Time-Step Length (HHMMSS): 000500
                 VDIFF completed...       0.4419 seconds
                COUPLE completed...       0.0373 seconds
                  HADV completed...       1.5315 seconds
                  ZADV completed...       0.1986 seconds
                 HDIFF completed...       0.1417 seconds
              DECOUPLE completed...       0.0338 seconds
                  PHOT completed...       0.3152 seconds
               CLDPROC completed...       0.1229 seconds
                  CHEM completed...       0.5733 seconds
                  AERO completed...       0.5996 seconds
            Master Time Step
            Processing completed...       3.9967 seconds

     Processing Day/Time [YYYYDDD:HHMMSS]: 2017356:235000
       Which is Equivalent to (UTC): 23:50:00 Friday,  Dec. 22, 2017
       Time-Step Length (HHMMSS): 000500
                 VDIFF completed...       0.4513 seconds
                COUPLE completed...       0.0322 seconds
                  HADV completed...       1.5135 seconds
                  ZADV completed...       0.1979 seconds
                 HDIFF completed...       0.1432 seconds
              DECOUPLE completed...       0.0339 seconds
                  PHOT completed...       0.3144 seconds
               CLDPROC completed...       0.1197 seconds
                  CHEM completed...       0.5766 seconds
                  AERO completed...       0.6253 seconds
            Master Time Step
            Processing completed...       4.0126 seconds

     Processing Day/Time [YYYYDDD:HHMMSS]: 2017356:235500
       Which is Equivalent to (UTC): 23:55:00 Friday,  Dec. 22, 2017
       Time-Step Length (HHMMSS): 000500
                 VDIFF completed...       1.7582 seconds
                COUPLE completed...       0.1113 seconds
                  HADV completed...       1.1119 seconds
                  ZADV completed...       0.1973 seconds
                 HDIFF completed...       0.1423 seconds
              DECOUPLE completed...       0.0331 seconds
                  PHOT completed...       0.3091 seconds
               CLDPROC completed...       1.5648 seconds
                  CHEM completed...       0.5801 seconds
                  AERO completed...       0.5685 seconds
            Master Time Step
            Processing completed...       6.3789 seconds

      =--> Data Output completed...       1.2313 seconds


     ==============================================
     |>---   PROGRAM COMPLETED SUCCESSFULLY   ---<|
     ==============================================
     Date and time 0:00:00   Dec. 23, 2017  (2017357:000000)

     The elapsed time for this simulation was    1514.8 seconds.

85624.718u 795.142s 25:18.51 5691.0%	0+0k 30187328+27337544io 137624pf+0w

CMAQ Processing of Day 20171222 Finished at Mon Mar 10 21:24:13 UTC 2025

\\\\\=====\\\\\=====\\\\\=====\\\\\=====/////=====/////=====/////=====/////


Set up input and output files for Day 2017-12-23.

Existing Logs and Output Files for Day 2017-12-23 Will Be Deleted
rm: No match.

CMAQ Processing of Day 20171223 Began at Mon Mar 10 21:24:14 UTC 2025

        CTM_APPL  |  v54+_cb6r5_ae7_aq_WR413_MYR_gcc_2018_12US1_3x64_classic_20171223
#================================================================================#        
#|                                                                              |#        
#|               The Community Multiscale Air Quality (CMAQ) Model              |#        
#|                                   Version 5.4                                |#        
#|                                                                              |#        
#|                          Built and Maintained by the                         |#        
#|                        Office of Research and Development                    |#        
#|                   United States Environmental Protection Agency              |#        
#|                                                                              |#        
#|                            https://www.epa.gov/cmaq                          |#        
#|                                                                              |#        
#|       Source Code:   https://www.github.com/USEPA/cmaq/tree/master           |#        
#|       Documentation: https://www.github.com/USEPA/cmaq/tree/master/DOCS      |#        
#|                                                                              |#        
#|         The CMAQ Model is tested and released with cooperation from          |#        
#|         the Community Modeling and Analysis System (CMAS) Center via         |#        
#|         contract support. CMAS is managed by the Institute for the           |#        
#|         Environment, University of North Carolina at Chapel Hill.            |#        
#|         CMAS URL: (https://www.cmascenter.org)                               |#        
#|                                                                              |#        
#================================================================================#        
                                                                     
     This program uses the EPA-AREAL/MCNC-EnvPgms/BAMS/ UNC IE       
     Models-3 I/O Applications Programming Interface, [I/O API]      
     which is built on top of the netCDF I/O library (Copyright      
     993, 1996 University Corporation for Atmospheric Research       
     Unidata Program) and the PVM parallel-programming library       
     (from Oak Ridge National Laboratory).                           
     Copyright (C) 1992-2002 MCNC,                                   
     (C) 1992-2018 Carlie J. Coats, Jr.,                             
     (C) 2003-2012 Baron Advanced Meteorological Systems, LLC, and   
     (C) 2014-2023 UNC Institute for the Environment.                
     Released under the GNU LGPL  License, version 2.1.  See URL     
                                                                     
         https://www.gnu.org/licenses/old-licenses/lgpl-2.1.html     
                                                                     
     for conditions of use.                                          
                                                                     
     ioapi-3.2: $Id: init3.F90 247 2023-03-22 15:59:19Z coats $
     netCDF version 4.8.1 of Jun 30 2023 14:38:29 $
      

     ===========================================
     |>---   ENVIRONMENT VARIABLE REPORT   ---<|
     ===========================================

     |> Grid and High-Level Model Parameters:
     +=========================================
      --Env Variable-- | --Value--
      --------------------------------------------------------------------------------
             BLD  |             (default)
          OUTDIR  |  //shared/build/openmpi_gcc/CMAQ_v54+/data/output/output_v54+_cb6r5_ae7_aq_WR413_MYR_gcc_2018_12US1_3x64_classic
       NEW_START  |          F
  IGNORE_SOILINP  |          F (default)
    EXECUTION_ID  |  CMAQ_CCTMv54+_sha=0fcfdaa092_ubuntu_20250310_205854_335571990
       GRID_NAME  |  12US1
       CTM_TSTEP  |       10000
      CTM_RUNLEN  |      240000
    CTM_PROGNAME  |  DRIVER (default)
      CTM_STDATE  |     2017357
      CTM_STTIME  |           0
     NPCOL_NPROW  |  12 16
     CTM_MAXSYNC  |         300
     CTM_MINSYNC  |          60

     |> Multiprocess control, output and error checking:
     +====================================================
      --Env Variable-- | --Value--
      --------------------------------------------------------------------------------
 PRINT_PROC_TIME  |          T
     FL_ERR_STOP  |          F
       CTM_CKSUM  |          T
AVG_FILE_ENDTIME  |          F
   AVG_CONC_SPCS  |  ALL
       CONC_SPCS  |  O3 NO ANO3I ANO3J NO2 FORM ISOP NH3 ANH4I ANH4J ASO4I ASO4J
 ACONC_BLEV_ELEV  |   1 1
  CONC_BLEV_ELEV  |   1 1
 IOAPI_LOG_WRITE  |          F
         VERTEXT  |          F
VERTEXT_COORD_PA  |  /shared/build/openmpi_gcc/CMAQ_v54+/CCTM/scripts/lonlat.csv
   gc_matrix_nml  |  /shared/build/openmpi_gcc/CMAQ_v54+/CCTM/scripts/BLD_CCTM_v54+_gcc/GC_cb6r5_ae7_aq.nml
   ae_matrix_nml  |  /shared/build/openmpi_gcc/CMAQ_v54+/CCTM/scripts/BLD_CCTM_v54+_gcc/AE_cb6r5_ae7_aq.nml
   nr_matrix_nml  |  /shared/build/openmpi_gcc/CMAQ_v54+/CCTM/scripts/BLD_CCTM_v54+_gcc/NR_cb6r5_ae7_aq.nml
   tr_matrix_nml  |  /shared/build/openmpi_gcc/CMAQ_v54+/CCTM/scripts/BLD_CCTM_v54+_gcc/Species_Table_TR_0.nml

     |> Chemistry and Photolysis:
     +=============================
      --Env Variable-- | --Value--
      --------------------------------------------------------------------------------
    CTM_PHOTDIAG  |          F
CORE_SHELL_OPTIC  |          F (default)
 OPTICS_MIE_CALC  |          F (default)
       GEAR_ATOL  |   0.100E-08 (default)
       GEAR_RTOL  |   0.100E-02 (default)
         RB_RTOL  |   0.100E-02 (default)
         RB_ATOL  |   0.100E-06 (default)

     |> Aerosols:
     +=============
      --Env Variable-- | --Value--
      --------------------------------------------------------------------------------
   IC_AERO_M2WET  |          F
   BC_AERO_M2WET  |          F
   IC_AERO_M2USE  |          F
   BC_AERO_M2USE  |          F
    STM_SO4TRACK  |          F

     |> Cloud Processes:
     +====================
      --Env Variable-- | --Value--
      --------------------------------------------------------------------------------
        CLD_DIAG  |          F

     |> Air-Surface Exchange Processes:
     +===================================
      --Env Variable-- | --Value--
      --------------------------------------------------------------------------------
      PX_VERSION  |          T
      CTM_ABFLUX  |          T
      CTM_MOSAIC  |          F
    CTM_SFC_HONO  |          T
     CLM_VERSION  |          F
    NOAH_VERSION  |          F
   CTM_DEPV_FILE  |          F
      CTM_HGBIDI  |          F
CTM_BIDI_FERT_NH  |          T
 CTM_WBDUST_BELD  |  UNKNOWN (default)
   STAGECTRL_NML  |  /shared/build/openmpi_gcc/CMAQ_v54+/CCTM/scripts/BLD_CCTM_v54+_gcc/CMAQ_Control_STAGE.nml
   CTM_STAGE_P22  |          F
   CTM_STAGE_E20  |          T
   CTM_STAGE_S22  |          F

     |> Transport Processes:
     +========================
      --Env Variable-- | --Value--
      --------------------------------------------------------------------------------
CTM_VDIFF_DIAG_F  |          F (default)
  SIGMA_SYNC_TOP  |   0.700E+00
    ADV_HDIV_LIM  |   0.900E+00 (default)
     CTM_ADV_CFL  |   0.950E+00
           KZMIN  |          T
        CTM_WVEL  |          T
   CTM_GRAV_SETL  |          T

     |> Emissions Parameters:
     +=========================
      --Env Variable-- | --Value--
      --------------------------------------------------------------------------------
      CTM_EMLAYS  |           0 (default)
   MISC_CTRL_NML  |  /shared/build/openmpi_gcc/CMAQ_v54+/CCTM/scripts/BLD_CCTM_v54+_gcc/CMAQ_Control_Misc.nml
  DESID_CTRL_NML  |  /shared/build/openmpi_gcc/CMAQ_v54+/CCTM/scripts/BLD_CCTM_v54+_gcc/CMAQ_Control_DESID.nml
DESID_CHEM_CTRL_  |  /shared/build/openmpi_gcc/CMAQ_v54+/CCTM/scripts/BLD_CCTM_v54+_gcc/CMAQ_Control_DESID_cb6r5_ae7_aq.nml
       N_EMIS_GR  |           2
       N_EMIS_TR  |           0 (default)
     CTM_EMISCHK  |          F
 CTM_BIOGEMIS_BE  |          T
 CTM_BIOGEMIS_MG  |          F
   USE_MEGAN_LAI  |          F (default)
    MGN_ONLN_DEP  |          F (default)
     BDSNP_MEGAN  |          F
       BIOG_SPRO  |  DEFAULT (default)
      B3GTS_DIAG  |          F
    CTM_MGEMDIAG  |          F (default)
  CTM_OCEAN_CHEM  |          T
     CTM_WB_DUST  |          F
 CTM_DUSTEM_DIAG  |          F
    CTM_SSEMDIAG  |          F
     CTM_LTNG_NO  |          F
   LTNG_ASSIM_DT  |           0 (default)
          LTNGNO  |  InLine (default)
        USE_NLDN  |          F (default)
        LTNGDIAG  |          F
         MOLSNCG  |   0.350E+03 (default)
         MOLSNIC  |   0.350E+03 (default)
       N_EMIS_PT  |          10
          IPVERT  |           0 (default)
   EMIS_SYM_DATE  |          F (default)

     |> Process Analysis Parameters:
     +================================
      --Env Variable-- | --Value--
      --------------------------------------------------------------------------------
      CTM_PROCAN  |          F
    PA_BCOL_ECOL  |             (default)
    PA_BROW_EROW  |             (default)
    PA_BLEV_ELEV  |             (default)
       MET_TSTEP  |       10000 (default)

     MET data determined based on WRF ARW version 4.3.3


          -=-  MPP Processor-to-Subdomain Map  -=-
                 Number of Processors = 192
    ____________________________________________________
    |                                                  |
    |  PE    #Cols    Col_Range     #Rows    Row_Range |
    |__________________________________________________|
    |                                                  |
    |  0       39      1:  39         19      1:  19   |
    |  1       39     40:  78         19      1:  19   |
    |  2       39     79: 117         19      1:  19   |
    |  3       38    118: 155         19      1:  19   |
    |  4       38    156: 193         19      1:  19   |
    |  5       38    194: 231         19      1:  19   |
    |  6       38    232: 269         19      1:  19   |
    |  7       38    270: 307         19      1:  19   |
    |  8       38    308: 345         19      1:  19   |
    |  9       38    346: 383         19      1:  19   |
    | 10       38    384: 421         19      1:  19   |
    | 11       38    422: 459         19      1:  19   |
    | 12       39      1:  39         19     20:  38   |
    | 13       39     40:  78         19     20:  38   |
    | 14       39     79: 117         19     20:  38   |
    | 15       38    118: 155         19     20:  38   |
    | 16       38    156: 193         19     20:  38   |
    | 17       38    194: 231         19     20:  38   |
    | 18       38    232: 269         19     20:  38   |
    | 19       38    270: 307         19     20:  38   |
    | 20       38    308: 345         19     20:  38   |
    | 21       38    346: 383         19     20:  38   |
    | 22       38    384: 421         19     20:  38   |
    | 23       38    422: 459         19     20:  38   |
    | 24       39      1:  39         19     39:  57   |
    | 25       39     40:  78         19     39:  57   |
    | 26       39     79: 117         19     39:  57   |
    | 27       38    118: 155         19     39:  57   |
    | 28       38    156: 193         19     39:  57   |
    | 29       38    194: 231         19     39:  57   |
    | 30       38    232: 269         19     39:  57   |
    | 31       38    270: 307         19     39:  57   |
    | 32       38    308: 345         19     39:  57   |
    | 33       38    346: 383         19     39:  57   |
    | 34       38    384: 421         19     39:  57   |
    | 35       38    422: 459         19     39:  57   |
    | 36       39      1:  39         19     58:  76   |
    | 37       39     40:  78         19     58:  76   |
    | 38       39     79: 117         19     58:  76   |
    | 39       38    118: 155         19     58:  76   |
    | 40       38    156: 193         19     58:  76   |
    | 41       38    194: 231         19     58:  76   |
    | 42       38    232: 269         19     58:  76   |
    | 43       38    270: 307         19     58:  76   |
    | 44       38    308: 345         19     58:  76   |
    | 45       38    346: 383         19     58:  76   |
    | 46       38    384: 421         19     58:  76   |
    | 47       38    422: 459         19     58:  76   |
    | 48       39      1:  39         19     77:  95   |
    | 49       39     40:  78         19     77:  95   |
    | 50       39     79: 117         19     77:  95   |
    | 51       38    118: 155         19     77:  95   |
    | 52       38    156: 193         19     77:  95   |
    | 53       38    194: 231         19     77:  95   |
    | 54       38    232: 269         19     77:  95   |
    | 55       38    270: 307         19     77:  95   |
    | 56       38    308: 345         19     77:  95   |
    | 57       38    346: 383         19     77:  95   |
    | 58       38    384: 421         19     77:  95   |
    | 59       38    422: 459         19     77:  95   |
    | 60       39      1:  39         19     96: 114   |
    | 61       39     40:  78         19     96: 114   |
    | 62       39     79: 117         19     96: 114   |
    | 63       38    118: 155         19     96: 114   |
    | 64       38    156: 193         19     96: 114   |
    | 65       38    194: 231         19     96: 114   |
    | 66       38    232: 269         19     96: 114   |
    | 67       38    270: 307         19     96: 114   |
    | 68       38    308: 345         19     96: 114   |
    | 69       38    346: 383         19     96: 114   |
    | 70       38    384: 421         19     96: 114   |
    | 71       38    422: 459         19     96: 114   |
    | 72       39      1:  39         19    115: 133   |
    | 73       39     40:  78         19    115: 133   |
    | 74       39     79: 117         19    115: 133   |
    | 75       38    118: 155         19    115: 133   |
    | 76       38    156: 193         19    115: 133   |
    | 77       38    194: 231         19    115: 133   |
    | 78       38    232: 269         19    115: 133   |
    | 79       38    270: 307         19    115: 133   |
    | 80       38    308: 345         19    115: 133   |
    | 81       38    346: 383         19    115: 133   |
    | 82       38    384: 421         19    115: 133   |
    | 83       38    422: 459         19    115: 133   |
    | 84       39      1:  39         19    134: 152   |
    | 85       39     40:  78         19    134: 152   |
    | 86       39     79: 117         19    134: 152   |
    | 87       38    118: 155         19    134: 152   |
    | 88       38    156: 193         19    134: 152   |
    | 89       38    194: 231         19    134: 152   |
    | 90       38    232: 269         19    134: 152   |
    | 91       38    270: 307         19    134: 152   |
    | 92       38    308: 345         19    134: 152   |
    | 93       38    346: 383         19    134: 152   |
    | 94       38    384: 421         19    134: 152   |
    | 95       38    422: 459         19    134: 152   |
    | 96       39      1:  39         19    153: 171   |
    | 97       39     40:  78         19    153: 171   |
    | 98       39     79: 117         19    153: 171   |
    | 99       38    118: 155         19    153: 171   |
    |100       38    156: 193         19    153: 171   |
    |101       38    194: 231         19    153: 171   |
    |102       38    232: 269         19    153: 171   |
    |103       38    270: 307         19    153: 171   |
    |104       38    308: 345         19    153: 171   |
    |105       38    346: 383         19    153: 171   |
    |106       38    384: 421         19    153: 171   |
    |107       38    422: 459         19    153: 171   |
    |108       39      1:  39         19    172: 190   |
    |109       39     40:  78         19    172: 190   |
    |110       39     79: 117         19    172: 190   |
    |111       38    118: 155         19    172: 190   |
    |112       38    156: 193         19    172: 190   |
    |113       38    194: 231         19    172: 190   |
    |114       38    232: 269         19    172: 190   |
    |115       38    270: 307         19    172: 190   |
    |116       38    308: 345         19    172: 190   |
    |117       38    346: 383         19    172: 190   |
    |118       38    384: 421         19    172: 190   |
    |119       38    422: 459         19    172: 190   |
    |120       39      1:  39         19    191: 209   |
    |121       39     40:  78         19    191: 209   |
    |122       39     79: 117         19    191: 209   |
    |123       38    118: 155         19    191: 209   |
    |124       38    156: 193         19    191: 209   |
    |125       38    194: 231         19    191: 209   |
    |126       38    232: 269         19    191: 209   |
    |127       38    270: 307         19    191: 209   |
    |128       38    308: 345         19    191: 209   |
    |129       38    346: 383         19    191: 209   |
    |130       38    384: 421         19    191: 209   |
    |131       38    422: 459         19    191: 209   |
    |132       39      1:  39         18    210: 227   |
    |133       39     40:  78         18    210: 227   |
    |134       39     79: 117         18    210: 227   |
    |135       38    118: 155         18    210: 227   |
    |136       38    156: 193         18    210: 227   |
    |137       38    194: 231         18    210: 227   |
    |138       38    232: 269         18    210: 227   |
    |139       38    270: 307         18    210: 227   |
    |140       38    308: 345         18    210: 227   |
    |141       38    346: 383         18    210: 227   |
    |142       38    384: 421         18    210: 227   |
    |143       38    422: 459         18    210: 227   |
    |144       39      1:  39         18    228: 245   |
    |145       39     40:  78         18    228: 245   |
    |146       39     79: 117         18    228: 245   |
    |147       38    118: 155         18    228: 245   |
    |148       38    156: 193         18    228: 245   |
    |149       38    194: 231         18    228: 245   |
    |150       38    232: 269         18    228: 245   |
    |151       38    270: 307         18    228: 245   |
    |152       38    308: 345         18    228: 245   |
    |153       38    346: 383         18    228: 245   |
    |154       38    384: 421         18    228: 245   |
    |155       38    422: 459         18    228: 245   |
    |156       39      1:  39         18    246: 263   |
    |157       39     40:  78         18    246: 263   |
    |158       39     79: 117         18    246: 263   |
    |159       38    118: 155         18    246: 263   |
    |160       38    156: 193         18    246: 263   |
    |161       38    194: 231         18    246: 263   |
    |162       38    232: 269         18    246: 263   |
    |163       38    270: 307         18    246: 263   |
    |164       38    308: 345         18    246: 263   |
    |165       38    346: 383         18    246: 263   |
    |166       38    384: 421         18    246: 263   |
    |167       38    422: 459         18    246: 263   |
    |168       39      1:  39         18    264: 281   |
    |169       39     40:  78         18    264: 281   |
    |170       39     79: 117         18    264: 281   |
    |171       38    118: 155         18    264: 281   |
    |172       38    156: 193         18    264: 281   |
    |173       38    194: 231         18    264: 281   |
    |174       38    232: 269         18    264: 281   |
    |175       38    270: 307         18    264: 281   |
    |176       38    308: 345         18    264: 281   |
    |177       38    346: 383         18    264: 281   |
    |178       38    384: 421         18    264: 281   |
    |179       38    422: 459         18    264: 281   |
    |180       39      1:  39         18    282: 299   |
    |181       39     40:  78         18    282: 299   |
    |182       39     79: 117         18    282: 299   |
    |183       38    118: 155         18    282: 299   |
    |184       38    156: 193         18    282: 299   |
    |185       38    194: 231         18    282: 299   |
    |186       38    232: 269         18    282: 299   |
    |187       38    270: 307         18    282: 299   |
    |188       38    308: 345         18    282: 299   |
    |189       38    346: 383         18    282: 299   |
    |190       38    384: 421         18    282: 299   |
    |191       38    422: 459         18    282: 299   |
    |__________________________________________________|



     ================================
     |>---   TIME INTEGRATION   ---<|
     ================================

     Processing Day/Time [YYYYDDD:HHMMSS]: 2017357:000000
       Which is Equivalent to (UTC): 0:00:00  Saturday,  Dec. 23, 2017
       Time-Step Length (HHMMSS): 000500
                 VDIFF completed...       1.1100 seconds
                COUPLE completed...       0.0892 seconds
                  HADV completed...       1.6800 seconds
                  ZADV completed...       0.2024 seconds
                 HDIFF completed...       0.1380 seconds
              DECOUPLE completed...       0.0322 seconds
                  PHOT completed...       0.4821 seconds
               CLDPROC completed...       0.1210 seconds
                  CHEM completed...       0.5724 seconds
                  AERO completed...       0.5907 seconds
            Master Time Step
            Processing completed...       5.0187 seconds

     Processing Day/Time [YYYYDDD:HHMMSS]: 2017357:000500
       Which is Equivalent to (UTC): 0:05:00  Saturday,  Dec. 23, 2017
       Time-Step Length (HHMMSS): 000500
                 VDIFF completed...       0.4756 seconds
                COUPLE completed...       0.0303 seconds
                  HADV completed...       1.5683 seconds
                  ZADV completed...       0.2024 seconds
                 HDIFF completed...       0.1415 seconds
              DECOUPLE completed...       0.0329 seconds
                  PHOT completed...       0.3170 seconds
               CLDPROC completed...       0.1221 seconds
                  CHEM completed...       0.5787 seconds
                  AERO completed...       0.5883 seconds
            Master Time Step
            Processing completed...       4.0610 seconds

     Processing Day/Time [YYYYDDD:HHMMSS]: 2017357:001000
       Which is Equivalent to (UTC): 0:10:00  Saturday,  Dec. 23, 2017
       Time-Step Length (HHMMSS): 000500
                 VDIFF completed...       0.4606 seconds
                COUPLE completed...       0.0318 seconds
                  HADV completed...       1.5592 seconds
                  ZADV completed...       0.2019 seconds
                 HDIFF completed...       0.1376 seconds
              DECOUPLE completed...       0.0328 seconds
                  PHOT completed...       0.3173 seconds
               CLDPROC completed...       0.1247 seconds
                  CHEM completed...       0.5830 seconds
                  AERO completed...       0.5851 seconds
            Master Time Step
            Processing completed...       4.0379 seconds

     Processing Day/Time [YYYYDDD:HHMMSS]: 2017357:001500
       Which is Equivalent to (UTC): 0:15:00  Saturday,  Dec. 23, 2017
       Time-Step Length (HHMMSS): 000500
                 VDIFF completed...       0.4736 seconds
                COUPLE completed...       0.0309 seconds
                  HADV completed...       1.5331 seconds
                  ZADV completed...       0.2019 seconds
                 HDIFF completed...       0.1371 seconds
              DECOUPLE completed...       0.0331 seconds
                  PHOT completed...       0.3185 seconds
               CLDPROC completed...       0.1260 seconds
                  CHEM completed...       0.5871 seconds
                  AERO completed...       0.5906 seconds
            Master Time Step
            Processing completed...       4.0358 seconds

     Processing Day/Time [YYYYDDD:HHMMSS]: 2017357:002000
       Which is Equivalent to (UTC): 0:20:00  Saturday,  Dec. 23, 2017
       Time-Step Length (HHMMSS): 000500
                 VDIFF completed...       0.4695 seconds
                COUPLE completed...       0.0314 seconds
                  HADV completed...       1.5020 seconds
                  ZADV completed...       0.2018 seconds
                 HDIFF completed...       0.1442 seconds
              DECOUPLE completed...       0.0325 seconds
                  PHOT completed...       0.3193 seconds
               CLDPROC completed...       0.1271 seconds
                  CHEM completed...       0.5899 seconds
                  AERO completed...       0.6174 seconds
            Master Time Step
            Processing completed...       4.0391 seconds

     Processing Day/Time [YYYYDDD:HHMMSS]: 2017357:002500
       Which is Equivalent to (UTC): 0:25:00  Saturday,  Dec. 23, 2017
       Time-Step Length (HHMMSS): 000500
                 VDIFF completed...       0.4521 seconds
                COUPLE completed...       0.0325 seconds
                  HADV completed...       1.5082 seconds
                  ZADV completed...       0.2026 seconds
                 HDIFF completed...       0.1372 seconds
              DECOUPLE completed...       0.0334 seconds
                  PHOT completed...       0.3194 seconds
               CLDPROC completed...       0.1279 seconds
                  CHEM completed...       0.5941 seconds
                  AERO completed...       0.6129 seconds
            Master Time Step
            Processing completed...       4.0239 seconds

     Processing Day/Time [YYYYDDD:HHMMSS]: 2017357:003000
       Which is Equivalent to (UTC): 0:30:00  Saturday,  Dec. 23, 2017
       Time-Step Length (HHMMSS): 000500
                 VDIFF completed...       0.4412 seconds
                COUPLE completed...       0.0318 seconds
                  HADV completed...       1.5040 seconds
                  ZADV completed...       0.2025 seconds
                 HDIFF completed...       0.1369 seconds
              DECOUPLE completed...       0.0329 seconds
                  PHOT completed...       0.3201 seconds
               CLDPROC completed...       0.1271 seconds
                  CHEM completed...       0.5971 seconds
                  AERO completed...       0.6102 seconds
            Master Time Step
            Processing completed...       4.0075 seconds

     Processing Day/Time [YYYYDDD:HHMMSS]: 2017357:003500
       Which is Equivalent to (UTC): 0:35:00  Saturday,  Dec. 23, 2017
       Time-Step Length (HHMMSS): 000500
                 VDIFF completed...       0.4285 seconds
                COUPLE completed...       0.0334 seconds
                  HADV completed...       1.5311 seconds
                  ZADV completed...       0.2022 seconds
                 HDIFF completed...       0.1375 seconds
              DECOUPLE completed...       0.0339 seconds
                  PHOT completed...       0.3206 seconds
               CLDPROC completed...       0.1267 seconds
                  CHEM completed...       0.5996 seconds
                  AERO completed...       0.6162 seconds
            Master Time Step
            Processing completed...       4.0337 seconds

     Processing Day/Time [YYYYDDD:HHMMSS]: 2017357:004000
       Which is Equivalent to (UTC): 0:40:00  Saturday,  Dec. 23, 2017
       Time-Step Length (HHMMSS): 000500
                 VDIFF completed...       0.4228 seconds
                COUPLE completed...       0.0325 seconds
                  HADV completed...       1.5046 seconds
                  ZADV completed...       0.2018 seconds
                 HDIFF completed...       0.1400 seconds
              DECOUPLE completed...       0.0323 seconds
                  PHOT completed...       0.3148 seconds
               CLDPROC completed...       0.1254 seconds
                  CHEM completed...       0.6061 seconds
                  AERO completed...       0.6179 seconds
            Master Time Step
            Processing completed...       4.0018 seconds

     Processing Day/Time [YYYYDDD:HHMMSS]: 2017357:004500
       Which is Equivalent to (UTC): 0:45:00  Saturday,  Dec. 23, 2017
       Time-Step Length (HHMMSS): 000500
                 VDIFF completed...       0.4257 seconds
                COUPLE completed...       0.0307 seconds
                  HADV completed...       1.5232 seconds
                  ZADV completed...       0.2026 seconds
                 HDIFF completed...       0.1377 seconds
              DECOUPLE completed...       0.0322 seconds
                  PHOT completed...       0.3016 seconds
               CLDPROC completed...       0.1234 seconds
                  CHEM completed...       0.6024 seconds
                  AERO completed...       0.6122 seconds
            Master Time Step
            Processing completed...       3.9956 seconds

     Processing Day/Time [YYYYDDD:HHMMSS]: 2017357:005000
       Which is Equivalent to (UTC): 0:50:00  Saturday,  Dec. 23, 2017
       Time-Step Length (HHMMSS): 000500
                 VDIFF completed...       0.4314 seconds
                COUPLE completed...       0.0307 seconds
                  HADV completed...       1.5391 seconds
                  ZADV completed...       0.2027 seconds
                 HDIFF completed...       0.1373 seconds
              DECOUPLE completed...       0.0329 seconds
                  PHOT completed...       0.2893 seconds
               CLDPROC completed...       0.1205 seconds
                  CHEM completed...       0.5848 seconds
                  AERO completed...       0.6029 seconds
            Master Time Step
            Processing completed...       3.9754 seconds

     Processing Day/Time [YYYYDDD:HHMMSS]: 2017357:005500
       Which is Equivalent to (UTC): 0:55:00  Saturday,  Dec. 23, 2017
       Time-Step Length (HHMMSS): 000500
                 VDIFF completed...       1.5155 seconds
                COUPLE completed...       0.1113 seconds
                  HADV completed...       1.1955 seconds
                  ZADV completed...       0.2005 seconds
                 HDIFF completed...       0.1363 seconds
              DECOUPLE completed...       0.0343 seconds
                  PHOT completed...       0.2573 seconds
               CLDPROC completed...       1.1254 seconds
                  CHEM completed...       0.5616 seconds
                  AERO completed...       0.5558 seconds
            Master Time Step
            Processing completed...       5.6974 seconds

      =--> Data Output completed...       1.2210 seconds

     Processing Day/Time [YYYYDDD:HHMMSS]: 2017357:010000
       Which is Equivalent to (UTC): 1:00:00  Saturday,  Dec. 23, 2017
       Time-Step Length (HHMMSS): 000500
                 VDIFF completed...       5.2505 seconds
                COUPLE completed...       0.0629 seconds
                  HADV completed...       2.0063 seconds
                  ZADV completed...       0.1968 seconds
                 HDIFF completed...       0.1436 seconds
              DECOUPLE completed...       0.0333 seconds
                  PHOT completed...       1.3705 seconds
               CLDPROC completed...       0.1174 seconds
                  CHEM completed...       0.5215 seconds
                  AERO completed...       0.5926 seconds
            Master Time Step
            Processing completed...      10.2966 seconds

     Processing Day/Time [YYYYDDD:HHMMSS]: 2017357:010500
       Which is Equivalent to (UTC): 1:05:00  Saturday,  Dec. 23, 2017
       Time-Step Length (HHMMSS): 000500
                 VDIFF completed...       0.5117 seconds
                COUPLE completed...       0.0445 seconds
                  HADV completed...       1.5797 seconds
                  ZADV completed...       0.2022 seconds
                 HDIFF completed...       0.1383 seconds
              DECOUPLE completed...       0.0339 seconds
                  PHOT completed...       0.2616 seconds
               CLDPROC completed...       0.1217 seconds
                  CHEM completed...       0.4943 seconds
                  AERO completed...       0.5713 seconds
            Master Time Step
            Processing completed...       3.9614 seconds

     Processing Day/Time [YYYYDDD:HHMMSS]: 2017357:011000
       Which is Equivalent to (UTC): 1:10:00  Saturday,  Dec. 23, 2017
       Time-Step Length (HHMMSS): 000500
                 VDIFF completed...       0.4782 seconds
                COUPLE completed...       0.0444 seconds
                  HADV completed...       1.6724 seconds
                  ZADV completed...       0.2028 seconds
                 HDIFF completed...       0.1376 seconds
              DECOUPLE completed...       0.0331 seconds
                  PHOT completed...       0.2248 seconds
               CLDPROC completed...       0.1405 seconds
                  CHEM completed...       0.4816 seconds
                  AERO completed...       0.5592 seconds
            Master Time Step
            Processing completed...       3.9781 seconds

     Processing Day/Time [YYYYDDD:HHMMSS]: 2017357:011500
       Which is Equivalent to (UTC): 1:15:00  Saturday,  Dec. 23, 2017
       Time-Step Length (HHMMSS): 000500
                 VDIFF completed...       0.4786 seconds
                COUPLE completed...       0.0481 seconds
                  HADV completed...       1.7100 seconds
                  ZADV completed...       0.2023 seconds
                 HDIFF completed...       0.1383 seconds
              DECOUPLE completed...       0.0321 seconds
                  PHOT completed...       0.1657 seconds
               CLDPROC completed...       0.1458 seconds
                  CHEM completed...       0.4812 seconds
                  AERO completed...       0.5546 seconds
            Master Time Step
            Processing completed...       3.9609 seconds

     Processing Day/Time [YYYYDDD:HHMMSS]: 2017357:012000
       Which is Equivalent to (UTC): 1:20:00  Saturday,  Dec. 23, 2017
       Time-Step Length (HHMMSS): 000500
                 VDIFF completed...       0.5421 seconds
                COUPLE completed...       0.0495 seconds
                  HADV completed...       1.6960 seconds
                  ZADV completed...       0.2026 seconds
                 HDIFF completed...       0.1495 seconds
              DECOUPLE completed...       0.0330 seconds
                  PHOT completed...       0.1294 seconds
               CLDPROC completed...       0.1645 seconds
                  CHEM completed...       0.4898 seconds
                  AERO completed...       0.5456 seconds
            Master Time Step
            Processing completed...       4.0060 seconds

     Processing Day/Time [YYYYDDD:HHMMSS]: 2017357:012500
       Which is Equivalent to (UTC): 1:25:00  Saturday,  Dec. 23, 2017
       Time-Step Length (HHMMSS): 000500
                 VDIFF completed...       0.5747 seconds
                COUPLE completed...       0.0428 seconds
                  HADV completed...       1.7200 seconds
                  ZADV completed...       0.2022 seconds
                 HDIFF completed...       0.1374 seconds
              DECOUPLE completed...       0.0331 seconds
                  PHOT completed...       0.1210 seconds
               CLDPROC completed...       0.1688 seconds
                  CHEM completed...       0.4903 seconds
                  AERO completed...       0.5497 seconds
            Master Time Step
            Processing completed...       4.0442 seconds

     Processing Day/Time [YYYYDDD:HHMMSS]: 2017357:013000
       Which is Equivalent to (UTC): 1:30:00  Saturday,  Dec. 23, 2017
       Time-Step Length (HHMMSS): 000500
                 VDIFF completed...       0.5686 seconds
                COUPLE completed...       0.0428 seconds
                  HADV completed...       1.7188 seconds
                  ZADV completed...       0.2019 seconds
                 HDIFF completed...       0.1388 seconds
              DECOUPLE completed...       0.0339 seconds
                  PHOT completed...       0.1207 seconds
               CLDPROC completed...       0.1681 seconds
                  CHEM completed...       0.4881 seconds
                  AERO completed...       0.5546 seconds
            Master Time Step
            Processing completed...       4.0406 seconds

     Processing Day/Time [YYYYDDD:HHMMSS]: 2017357:013500
       Which is Equivalent to (UTC): 1:35:00  Saturday,  Dec. 23, 2017
       Time-Step Length (HHMMSS): 000500
                 VDIFF completed...       0.5692 seconds
                COUPLE completed...       0.0425 seconds
                  HADV completed...       1.7132 seconds
                  ZADV completed...       0.2027 seconds
                 HDIFF completed...       0.1373 seconds
              DECOUPLE completed...       0.0336 seconds
                  PHOT completed...       0.1212 seconds
               CLDPROC completed...       0.1697 seconds
                  CHEM completed...       0.4845 seconds
                  AERO completed...       0.5536 seconds
            Master Time Step
            Processing completed...       4.0316 seconds

     Processing Day/Time [YYYYDDD:HHMMSS]: 2017357:014000
       Which is Equivalent to (UTC): 1:40:00  Saturday,  Dec. 23, 2017
       Time-Step Length (HHMMSS): 000500
                 VDIFF completed...       0.5678 seconds
                COUPLE completed...       0.0436 seconds
                  HADV completed...       1.7041 seconds
                  ZADV completed...       0.2020 seconds
                 HDIFF completed...       0.1405 seconds
              DECOUPLE completed...       0.0340 seconds
                  PHOT completed...       0.1208 seconds
               CLDPROC completed...       0.1679 seconds
                  CHEM completed...       0.4812 seconds
                  AERO completed...       0.5539 seconds
            Master Time Step
            Processing completed...       4.0198 seconds

     Processing Day/Time [YYYYDDD:HHMMSS]: 2017357:014500
       Which is Equivalent to (UTC): 1:45:00  Saturday,  Dec. 23, 2017
       Time-Step Length (HHMMSS): 000500
                 VDIFF completed...       0.5739 seconds
                COUPLE completed...       0.0444 seconds
                  HADV completed...       1.7257 seconds
                  ZADV completed...       0.2024 seconds
                 HDIFF completed...       0.1376 seconds
              DECOUPLE completed...       0.0342 seconds
                  PHOT completed...       0.1197 seconds
               CLDPROC completed...       0.1677 seconds
                  CHEM completed...       0.4798 seconds
                  AERO completed...       0.5513 seconds
            Master Time Step
            Processing completed...       4.0411 seconds

     Processing Day/Time [YYYYDDD:HHMMSS]: 2017357:015000
       Which is Equivalent to (UTC): 1:50:00  Saturday,  Dec. 23, 2017
       Time-Step Length (HHMMSS): 000500
                 VDIFF completed...       0.5801 seconds
                COUPLE completed...       0.0428 seconds
                  HADV completed...       1.7206 seconds
                  ZADV completed...       0.2025 seconds
                 HDIFF completed...       0.1378 seconds
              DECOUPLE completed...       0.0331 seconds
                  PHOT completed...       0.1208 seconds
               CLDPROC completed...       0.1657 seconds
                  CHEM completed...       0.4780 seconds
                  AERO completed...       0.5483 seconds
            Master Time Step
            Processing completed...       4.0341 seconds

     Processing Day/Time [YYYYDDD:HHMMSS]: 2017357:015500
       Which is Equivalent to (UTC): 1:55:00  Saturday,  Dec. 23, 2017
       Time-Step Length (HHMMSS): 000500
                 VDIFF completed...       1.8725 seconds
                COUPLE completed...       0.1117 seconds
                  HADV completed...       1.1825 seconds
                  ZADV completed...       0.2021 seconds
                 HDIFF completed...       0.1382 seconds
              DECOUPLE completed...       0.0334 seconds
                  PHOT completed...       0.1205 seconds
               CLDPROC completed...       1.2561 seconds
                  CHEM completed...       0.5051 seconds
                  AERO completed...       0.5529 seconds
            Master Time Step
            Processing completed...       5.9787 seconds

      =--> Data Output completed...       1.1833 seconds

     Processing Day/Time [YYYYDDD:HHMMSS]: 2017357:020000
       Which is Equivalent to (UTC): 2:00:00  Saturday,  Dec. 23, 2017
       Time-Step Length (HHMMSS): 000500
                 VDIFF completed...       5.2074 seconds
                COUPLE completed...       0.0499 seconds
                  HADV completed...       1.9362 seconds
                  ZADV completed...       0.1941 seconds
                 HDIFF completed...       0.1476 seconds
              DECOUPLE completed...       0.0325 seconds
                  PHOT completed...       1.2166 seconds
               CLDPROC completed...       0.1749 seconds
                  CHEM completed...       0.4755 seconds
                  AERO completed...       0.5403 seconds
            Master Time Step
            Processing completed...       9.9772 seconds

     Processing Day/Time [YYYYDDD:HHMMSS]: 2017357:020500
       Which is Equivalent to (UTC): 2:05:00  Saturday,  Dec. 23, 2017
       Time-Step Length (HHMMSS): 000500
                 VDIFF completed...       0.6007 seconds
                COUPLE completed...       0.0762 seconds
                  HADV completed...       1.4197 seconds
                  ZADV completed...       0.1949 seconds
                 HDIFF completed...       0.1457 seconds
              DECOUPLE completed...       0.0330 seconds
                  PHOT completed...       0.1213 seconds
               CLDPROC completed...       0.1657 seconds
                  CHEM completed...       0.4720 seconds
                  AERO completed...       0.5505 seconds
            Master Time Step
            Processing completed...       3.7807 seconds

     Processing Day/Time [YYYYDDD:HHMMSS]: 2017357:021000
       Which is Equivalent to (UTC): 2:10:00  Saturday,  Dec. 23, 2017
       Time-Step Length (HHMMSS): 000500
                 VDIFF completed...       0.5941 seconds
                COUPLE completed...       0.0457 seconds
                  HADV completed...       1.6609 seconds
                  ZADV completed...       0.1957 seconds
                 HDIFF completed...       0.1448 seconds
              DECOUPLE completed...       0.0331 seconds
                  PHOT completed...       0.1212 seconds
               CLDPROC completed...       0.1671 seconds
                  CHEM completed...       0.4695 seconds
                  AERO completed...       0.5436 seconds
            Master Time Step
            Processing completed...       3.9768 seconds

     Processing Day/Time [YYYYDDD:HHMMSS]: 2017357:021500
       Which is Equivalent to (UTC): 2:15:00  Saturday,  Dec. 23, 2017
       Time-Step Length (HHMMSS): 000500
                 VDIFF completed...       0.5924 seconds
                COUPLE completed...       0.0465 seconds
                  HADV completed...       1.6547 seconds
                  ZADV completed...       0.1960 seconds
                 HDIFF completed...       0.1560 seconds
              DECOUPLE completed...       0.0331 seconds
                  PHOT completed...       0.1214 seconds
               CLDPROC completed...       0.1677 seconds
                  CHEM completed...       0.4663 seconds
                  AERO completed...       0.5489 seconds
            Master Time Step
            Processing completed...       3.9841 seconds

     Processing Day/Time [YYYYDDD:HHMMSS]: 2017357:022000
       Which is Equivalent to (UTC): 2:20:00  Saturday,  Dec. 23, 2017
       Time-Step Length (HHMMSS): 000500
                 VDIFF completed...       0.5916 seconds
                COUPLE completed...       0.0437 seconds
                  HADV completed...       1.6789 seconds
                  ZADV completed...       0.1957 seconds
                 HDIFF completed...       0.1444 seconds
              DECOUPLE completed...       0.0324 seconds
                  PHOT completed...       0.1222 seconds
               CLDPROC completed...       0.1683 seconds
                  CHEM completed...       0.4653 seconds
                  AERO completed...       0.5493 seconds
            Master Time Step
            Processing completed...       3.9930 seconds

     Processing Day/Time [YYYYDDD:HHMMSS]: 2017357:022500
       Which is Equivalent to (UTC): 2:25:00  Saturday,  Dec. 23, 2017
       Time-Step Length (HHMMSS): 000500
                 VDIFF completed...       0.5827 seconds
                COUPLE completed...       0.0489 seconds
                  HADV completed...       1.6859 seconds
                  ZADV completed...       0.1951 seconds
                 HDIFF completed...       0.1450 seconds
              DECOUPLE completed...       0.0332 seconds
                  PHOT completed...       0.1217 seconds
               CLDPROC completed...       0.1681 seconds
                  CHEM completed...       0.4629 seconds
                  AERO completed...       0.5521 seconds
            Master Time Step
            Processing completed...       3.9967 seconds

     Processing Day/Time [YYYYDDD:HHMMSS]: 2017357:023000
       Which is Equivalent to (UTC): 2:30:00  Saturday,  Dec. 23, 2017
       Time-Step Length (HHMMSS): 000500
                 VDIFF completed...       0.5844 seconds
                COUPLE completed...       0.0469 seconds
                  HADV completed...       1.6731 seconds
                  ZADV completed...       0.1965 seconds
                 HDIFF completed...       0.1441 seconds
              DECOUPLE completed...       0.0324 seconds
                  PHOT completed...       0.1218 seconds
               CLDPROC completed...       0.1694 seconds
                  CHEM completed...       0.4595 seconds
                  AERO completed...       0.5492 seconds
            Master Time Step
            Processing completed...       3.9791 seconds

     Processing Day/Time [YYYYDDD:HHMMSS]: 2017357:023500
       Which is Equivalent to (UTC): 2:35:00  Saturday,  Dec. 23, 2017
       Time-Step Length (HHMMSS): 000500
                 VDIFF completed...       0.5900 seconds
                COUPLE completed...       0.0471 seconds
                  HADV completed...       1.6624 seconds
                  ZADV completed...       0.1962 seconds
                 HDIFF completed...       0.1429 seconds
              DECOUPLE completed...       0.0339 seconds
                  PHOT completed...       0.1196 seconds
               CLDPROC completed...       0.1698 seconds
                  CHEM completed...       0.4584 seconds
                  AERO completed...       0.5443 seconds
            Master Time Step
            Processing completed...       3.9693 seconds

     Processing Day/Time [YYYYDDD:HHMMSS]: 2017357:024000
       Which is Equivalent to (UTC): 2:40:00  Saturday,  Dec. 23, 2017
       Time-Step Length (HHMMSS): 000500
                 VDIFF completed...       0.5963 seconds
                COUPLE completed...       0.0469 seconds
                  HADV completed...       1.6693 seconds
                  ZADV completed...       0.1961 seconds
                 HDIFF completed...       0.1446 seconds
              DECOUPLE completed...       0.0332 seconds
                  PHOT completed...       0.1204 seconds
               CLDPROC completed...       0.1684 seconds
                  CHEM completed...       0.4595 seconds
                  AERO completed...       0.5456 seconds
            Master Time Step
            Processing completed...       3.9851 seconds

     Processing Day/Time [YYYYDDD:HHMMSS]: 2017357:024500
       Which is Equivalent to (UTC): 2:45:00  Saturday,  Dec. 23, 2017
       Time-Step Length (HHMMSS): 000500
                 VDIFF completed...       0.5932 seconds
                COUPLE completed...       0.0498 seconds
                  HADV completed...       1.6633 seconds
                  ZADV completed...       0.1969 seconds
                 HDIFF completed...       0.1435 seconds
              DECOUPLE completed...       0.0327 seconds
                  PHOT completed...       0.1216 seconds
               CLDPROC completed...       0.1677 seconds
                  CHEM completed...       0.4587 seconds
                  AERO completed...       0.5489 seconds
            Master Time Step
            Processing completed...       3.9813 seconds

     Processing Day/Time [YYYYDDD:HHMMSS]: 2017357:025000
       Which is Equivalent to (UTC): 2:50:00  Saturday,  Dec. 23, 2017
       Time-Step Length (HHMMSS): 000500
                 VDIFF completed...       0.5917 seconds
                COUPLE completed...       0.0512 seconds
                  HADV completed...       1.6430 seconds
                  ZADV completed...       0.1966 seconds
                 HDIFF completed...       0.1450 seconds
              DECOUPLE completed...       0.0328 seconds
                  PHOT completed...       0.1209 seconds
               CLDPROC completed...       0.1668 seconds
                  CHEM completed...       0.4561 seconds
                  AERO completed...       0.5512 seconds
            Master Time Step
            Processing completed...       3.9601 seconds

     Processing Day/Time [YYYYDDD:HHMMSS]: 2017357:025500
       Which is Equivalent to (UTC): 2:55:00  Saturday,  Dec. 23, 2017
       Time-Step Length (HHMMSS): 000500
                 VDIFF completed...       1.8907 seconds
                COUPLE completed...       0.1111 seconds
                  HADV completed...       1.1173 seconds
                  ZADV completed...       0.1973 seconds
                 HDIFF completed...       0.1432 seconds
              DECOUPLE completed...       0.0339 seconds
                  PHOT completed...       0.1200 seconds
               CLDPROC completed...       1.2409 seconds
                  CHEM completed...       0.4549 seconds
                  AERO completed...       0.5634 seconds
            Master Time Step
            Processing completed...       5.8777 seconds

      =--> Data Output completed...       1.1851 seconds

     Processing Day/Time [YYYYDDD:HHMMSS]: 2017357:030000
       Which is Equivalent to (UTC): 3:00:00  Saturday,  Dec. 23, 2017
       Time-Step Length (HHMMSS): 000500
                 VDIFF completed...       5.1837 seconds
                COUPLE completed...       0.0713 seconds
                  HADV completed...       1.9840 seconds
                  ZADV completed...       0.2031 seconds
                 HDIFF completed...       0.1372 seconds
              DECOUPLE completed...       0.0329 seconds
                  PHOT completed...       1.2605 seconds
               CLDPROC completed...       0.1747 seconds
                  CHEM completed...       0.4619 seconds
                  AERO completed...       0.5501 seconds
            Master Time Step
            Processing completed...      10.0605 seconds

     Processing Day/Time [YYYYDDD:HHMMSS]: 2017357:030500
       Which is Equivalent to (UTC): 3:05:00  Saturday,  Dec. 23, 2017
       Time-Step Length (HHMMSS): 000500
                 VDIFF completed...       0.6139 seconds
                COUPLE completed...       0.0606 seconds
                  HADV completed...       1.6188 seconds
                  ZADV completed...       0.1951 seconds
                 HDIFF completed...       0.1499 seconds
              DECOUPLE completed...       0.0336 seconds
                  PHOT completed...       0.1214 seconds
               CLDPROC completed...       0.1657 seconds
                  CHEM completed...       0.4552 seconds
                  AERO completed...       0.5481 seconds
            Master Time Step
            Processing completed...       3.9633 seconds

     Processing Day/Time [YYYYDDD:HHMMSS]: 2017357:031000
       Which is Equivalent to (UTC): 3:10:00  Saturday,  Dec. 23, 2017
       Time-Step Length (HHMMSS): 000500
                 VDIFF completed...       0.5948 seconds
                COUPLE completed...       0.0592 seconds
                  HADV completed...       1.6819 seconds
                  ZADV completed...       0.1973 seconds
                 HDIFF completed...       0.1435 seconds
              DECOUPLE completed...       0.0331 seconds
                  PHOT completed...       0.1212 seconds
               CLDPROC completed...       0.1663 seconds
                  CHEM completed...       0.4528 seconds
                  AERO completed...       0.5514 seconds
            Master Time Step
            Processing completed...       4.0026 seconds

     Processing Day/Time [YYYYDDD:HHMMSS]: 2017357:031500
       Which is Equivalent to (UTC): 3:15:00  Saturday,  Dec. 23, 2017
       Time-Step Length (HHMMSS): 000500
                 VDIFF completed...       0.5875 seconds
                COUPLE completed...       0.0572 seconds
                  HADV completed...       1.6658 seconds
                  ZADV completed...       0.1970 seconds
                 HDIFF completed...       0.1437 seconds
              DECOUPLE completed...       0.0342 seconds
                  PHOT completed...       0.1207 seconds
               CLDPROC completed...       0.1664 seconds
                  CHEM completed...       0.4533 seconds
                  AERO completed...       0.5502 seconds
            Master Time Step
            Processing completed...       3.9801 seconds

     Processing Day/Time [YYYYDDD:HHMMSS]: 2017357:032000
       Which is Equivalent to (UTC): 3:20:00  Saturday,  Dec. 23, 2017
       Time-Step Length (HHMMSS): 000500
                 VDIFF completed...       0.5881 seconds
                COUPLE completed...       0.0612 seconds
                  HADV completed...       1.6571 seconds
                  ZADV completed...       0.1981 seconds
                 HDIFF completed...       0.1420 seconds
              DECOUPLE completed...       0.0329 seconds
                  PHOT completed...       0.1212 seconds
               CLDPROC completed...       0.1680 seconds
                  CHEM completed...       0.4526 seconds
                  AERO completed...       0.5502 seconds
            Master Time Step
            Processing completed...       3.9758 seconds

     Processing Day/Time [YYYYDDD:HHMMSS]: 2017357:032500
       Which is Equivalent to (UTC): 3:25:00  Saturday,  Dec. 23, 2017
       Time-Step Length (HHMMSS): 000500
                 VDIFF completed...       0.5841 seconds
                COUPLE completed...       0.0595 seconds
                  HADV completed...       1.6479 seconds
                  ZADV completed...       0.1973 seconds
                 HDIFF completed...       0.1501 seconds
              DECOUPLE completed...       0.0336 seconds
                  PHOT completed...       0.1204 seconds
               CLDPROC completed...       0.1669 seconds
                  CHEM completed...       0.4528 seconds
                  AERO completed...       0.5514 seconds
            Master Time Step
            Processing completed...       3.9689 seconds

     Processing Day/Time [YYYYDDD:HHMMSS]: 2017357:033000
       Which is Equivalent to (UTC): 3:30:00  Saturday,  Dec. 23, 2017
       Time-Step Length (HHMMSS): 000500
                 VDIFF completed...       0.5983 seconds
                COUPLE completed...       0.0548 seconds
                  HADV completed...       1.6559 seconds
                  ZADV completed...       0.1974 seconds
                 HDIFF completed...       0.1430 seconds
              DECOUPLE completed...       0.0337 seconds
                  PHOT completed...       0.1209 seconds
               CLDPROC completed...       0.1660 seconds
                  CHEM completed...       0.4488 seconds
                  AERO completed...       0.5546 seconds
            Master Time Step
            Processing completed...       3.9782 seconds

     Processing Day/Time [YYYYDDD:HHMMSS]: 2017357:033500
       Which is Equivalent to (UTC): 3:35:00  Saturday,  Dec. 23, 2017
       Time-Step Length (HHMMSS): 000500
                 VDIFF completed...       0.5836 seconds
                COUPLE completed...       0.0587 seconds
                  HADV completed...       1.6779 seconds
                  ZADV completed...       0.1970 seconds
                 HDIFF completed...       0.1441 seconds
              DECOUPLE completed...       0.0329 seconds
                  PHOT completed...       0.1214 seconds
               CLDPROC completed...       0.1684 seconds
                  CHEM completed...       0.4513 seconds
                  AERO completed...       0.5473 seconds
            Master Time Step
            Processing completed...       3.9852 seconds

     Processing Day/Time [YYYYDDD:HHMMSS]: 2017357:034000
       Which is Equivalent to (UTC): 3:40:00  Saturday,  Dec. 23, 2017
       Time-Step Length (HHMMSS): 000500
                 VDIFF completed...       0.5943 seconds
                COUPLE completed...       0.0601 seconds
                  HADV completed...       1.6691 seconds
                  ZADV completed...       0.1974 seconds
                 HDIFF completed...       0.1433 seconds
              DECOUPLE completed...       0.0329 seconds
                  PHOT completed...       0.1210 seconds
               CLDPROC completed...       0.1677 seconds
                  CHEM completed...       0.4519 seconds
                  AERO completed...       0.5453 seconds
            Master Time Step
            Processing completed...       3.9877 seconds

     Processing Day/Time [YYYYDDD:HHMMSS]: 2017357:034500
       Which is Equivalent to (UTC): 3:45:00  Saturday,  Dec. 23, 2017
       Time-Step Length (HHMMSS): 000500
                 VDIFF completed...       0.6020 seconds
                COUPLE completed...       0.0601 seconds
                  HADV completed...       1.6439 seconds
                  ZADV completed...       0.1968 seconds
                 HDIFF completed...       0.1433 seconds
              DECOUPLE completed...       0.0352 seconds
                  PHOT completed...       0.1212 seconds
               CLDPROC completed...       0.1667 seconds
                  CHEM completed...       0.4500 seconds
                  AERO completed...       0.5513 seconds
            Master Time Step
            Processing completed...       3.9732 seconds

     Processing Day/Time [YYYYDDD:HHMMSS]: 2017357:035000
       Which is Equivalent to (UTC): 3:50:00  Saturday,  Dec. 23, 2017
       Time-Step Length (HHMMSS): 000500
                 VDIFF completed...       0.5884 seconds
                COUPLE completed...       0.0645 seconds
                  HADV completed...       1.6550 seconds
                  ZADV completed...       0.1980 seconds
                 HDIFF completed...       0.1430 seconds
              DECOUPLE completed...       0.0335 seconds
                  PHOT completed...       0.1211 seconds
               CLDPROC completed...       0.1648 seconds
                  CHEM completed...       0.4503 seconds
                  AERO completed...       0.5481 seconds
            Master Time Step
            Processing completed...       3.9709 seconds

     Processing Day/Time [YYYYDDD:HHMMSS]: 2017357:035500
       Which is Equivalent to (UTC): 3:55:00  Saturday,  Dec. 23, 2017
       Time-Step Length (HHMMSS): 000500
                 VDIFF completed...       1.8870 seconds
                COUPLE completed...       0.1104 seconds
                  HADV completed...       1.1069 seconds
                  ZADV completed...       0.1973 seconds
                 HDIFF completed...       0.1445 seconds
              DECOUPLE completed...       0.0338 seconds
                  PHOT completed...       0.1193 seconds
               CLDPROC completed...       1.6389 seconds
                  CHEM completed...       0.4383 seconds
                  AERO completed...       0.5638 seconds
            Master Time Step
            Processing completed...       6.2448 seconds

      =--> Data Output completed...       1.4827 seconds

     Processing Day/Time [YYYYDDD:HHMMSS]: 2017357:040000
       Which is Equivalent to (UTC): 4:00:00  Saturday,  Dec. 23, 2017
       Time-Step Length (HHMMSS): 000400
                 VDIFF completed...       5.2351 seconds
                COUPLE completed...       0.0748 seconds
                  HADV completed...       1.7184 seconds
                  ZADV completed...       0.1978 seconds
                 HDIFF completed...       0.1430 seconds
              DECOUPLE completed...       0.0330 seconds
                  PHOT completed...       1.2777 seconds
               CLDPROC completed...       0.1751 seconds
                  CHEM completed...       0.4487 seconds
                  AERO completed...       0.5351 seconds
            Master Time Step
            Processing completed...       9.8413 seconds

     Processing Day/Time [YYYYDDD:HHMMSS]: 2017357:040400
       Which is Equivalent to (UTC): 4:04:00  Saturday,  Dec. 23, 2017
       Time-Step Length (HHMMSS): 000400
                 VDIFF completed...       0.5923 seconds
                COUPLE completed...       0.0658 seconds
                  HADV completed...       1.4011 seconds
                  ZADV completed...       0.2032 seconds
                 HDIFF completed...       0.1363 seconds
              DECOUPLE completed...       0.0332 seconds
                  PHOT completed...       0.1212 seconds
               CLDPROC completed...       0.1650 seconds
                  CHEM completed...       0.4422 seconds
                  AERO completed...       0.5375 seconds
            Master Time Step
            Processing completed...       3.7024 seconds

     Processing Day/Time [YYYYDDD:HHMMSS]: 2017357:040800
       Which is Equivalent to (UTC): 4:08:00  Saturday,  Dec. 23, 2017
       Time-Step Length (HHMMSS): 000400
                 VDIFF completed...       0.5791 seconds
                COUPLE completed...       0.0601 seconds
                  HADV completed...       1.4500 seconds
                  ZADV completed...       0.2033 seconds
                 HDIFF completed...       0.1451 seconds
              DECOUPLE completed...       0.0329 seconds
                  PHOT completed...       0.1213 seconds
               CLDPROC completed...       0.1674 seconds
                  CHEM completed...       0.4426 seconds
                  AERO completed...       0.5301 seconds
            Master Time Step
            Processing completed...       3.7326 seconds

     Processing Day/Time [YYYYDDD:HHMMSS]: 2017357:041200
       Which is Equivalent to (UTC): 4:12:00  Saturday,  Dec. 23, 2017
       Time-Step Length (HHMMSS): 000400
                 VDIFF completed...       0.5913 seconds
                COUPLE completed...       0.0599 seconds
                  HADV completed...       1.4281 seconds
                  ZADV completed...       0.2029 seconds
                 HDIFF completed...       0.1370 seconds
              DECOUPLE completed...       0.0330 seconds
                  PHOT completed...       0.1210 seconds
               CLDPROC completed...       0.1672 seconds
                  CHEM completed...       0.4424 seconds
                  AERO completed...       0.5342 seconds
            Master Time Step
            Processing completed...       3.7183 seconds

     Processing Day/Time [YYYYDDD:HHMMSS]: 2017357:041600
       Which is Equivalent to (UTC): 4:16:00  Saturday,  Dec. 23, 2017
       Time-Step Length (HHMMSS): 000400
                 VDIFF completed...       0.5929 seconds
                COUPLE completed...       0.0579 seconds
                  HADV completed...       1.4518 seconds
                  ZADV completed...       0.2026 seconds
                 HDIFF completed...       0.1373 seconds
              DECOUPLE completed...       0.0324 seconds
                  PHOT completed...       0.1201 seconds
               CLDPROC completed...       0.1695 seconds
                  CHEM completed...       0.4420 seconds
                  AERO completed...       0.5338 seconds
            Master Time Step
            Processing completed...       3.7449 seconds

     Processing Day/Time [YYYYDDD:HHMMSS]: 2017357:042000
       Which is Equivalent to (UTC): 4:20:00  Saturday,  Dec. 23, 2017
       Time-Step Length (HHMMSS): 000400
                 VDIFF completed...       0.5824 seconds
                COUPLE completed...       0.0585 seconds
                  HADV completed...       1.4363 seconds
                  ZADV completed...       0.2028 seconds
                 HDIFF completed...       0.1363 seconds
              DECOUPLE completed...       0.0351 seconds
                  PHOT completed...       0.1196 seconds
               CLDPROC completed...       0.1677 seconds
                  CHEM completed...       0.4411 seconds
                  AERO completed...       0.5294 seconds
            Master Time Step
            Processing completed...       3.7136 seconds

     Processing Day/Time [YYYYDDD:HHMMSS]: 2017357:042400
       Which is Equivalent to (UTC): 4:24:00  Saturday,  Dec. 23, 2017
       Time-Step Length (HHMMSS): 000400
                 VDIFF completed...       0.5891 seconds
                COUPLE completed...       0.0568 seconds
                  HADV completed...       1.4495 seconds
                  ZADV completed...       0.2029 seconds
                 HDIFF completed...       0.1370 seconds
              DECOUPLE completed...       0.0337 seconds
                  PHOT completed...       0.1203 seconds
               CLDPROC completed...       0.1687 seconds
                  CHEM completed...       0.4395 seconds
                  AERO completed...       0.5373 seconds
            Master Time Step
            Processing completed...       3.7387 seconds

     Processing Day/Time [YYYYDDD:HHMMSS]: 2017357:042800
       Which is Equivalent to (UTC): 4:28:00  Saturday,  Dec. 23, 2017
       Time-Step Length (HHMMSS): 000400
                 VDIFF completed...       0.5819 seconds
                COUPLE completed...       0.0575 seconds
                  HADV completed...       1.4367 seconds
                  ZADV completed...       0.2024 seconds
                 HDIFF completed...       0.1414 seconds
              DECOUPLE completed...       0.0328 seconds
                  PHOT completed...       0.1213 seconds
               CLDPROC completed...       0.1701 seconds
                  CHEM completed...       0.4407 seconds
                  AERO completed...       0.5355 seconds
            Master Time Step
            Processing completed...       3.7249 seconds

     Processing Day/Time [YYYYDDD:HHMMSS]: 2017357:043200
       Which is Equivalent to (UTC): 4:32:00  Saturday,  Dec. 23, 2017
       Time-Step Length (HHMMSS): 000400
                 VDIFF completed...       0.5879 seconds
                COUPLE completed...       0.0555 seconds
                  HADV completed...       1.4583 seconds
                  ZADV completed...       0.2031 seconds
                 HDIFF completed...       0.1377 seconds
              DECOUPLE completed...       0.0329 seconds
                  PHOT completed...       0.1212 seconds
               CLDPROC completed...       0.1704 seconds
                  CHEM completed...       0.4400 seconds
                  AERO completed...       0.5305 seconds
            Master Time Step
            Processing completed...       3.7386 seconds

     Processing Day/Time [YYYYDDD:HHMMSS]: 2017357:043600
       Which is Equivalent to (UTC): 4:36:00  Saturday,  Dec. 23, 2017
       Time-Step Length (HHMMSS): 000400
                 VDIFF completed...       0.5880 seconds
                COUPLE completed...       0.0577 seconds
                  HADV completed...       1.4514 seconds
                  ZADV completed...       0.2030 seconds
                 HDIFF completed...       0.1376 seconds
              DECOUPLE completed...       0.0334 seconds
                  PHOT completed...       0.1218 seconds
               CLDPROC completed...       0.1693 seconds
                  CHEM completed...       0.4402 seconds
                  AERO completed...       0.5345 seconds
            Master Time Step
            Processing completed...       3.7379 seconds

     Processing Day/Time [YYYYDDD:HHMMSS]: 2017357:044000
       Which is Equivalent to (UTC): 4:40:00  Saturday,  Dec. 23, 2017
       Time-Step Length (HHMMSS): 000400
                 VDIFF completed...       0.5875 seconds
                COUPLE completed...       0.0570 seconds
                  HADV completed...       1.4314 seconds
                  ZADV completed...       0.2030 seconds
                 HDIFF completed...       0.1371 seconds
              DECOUPLE completed...       0.0330 seconds
                  PHOT completed...       0.1215 seconds
               CLDPROC completed...       0.1691 seconds
                  CHEM completed...       0.4398 seconds
                  AERO completed...       0.5348 seconds
            Master Time Step
            Processing completed...       3.7153 seconds

     Processing Day/Time [YYYYDDD:HHMMSS]: 2017357:044400
       Which is Equivalent to (UTC): 4:44:00  Saturday,  Dec. 23, 2017
       Time-Step Length (HHMMSS): 000400
                 VDIFF completed...       0.5847 seconds
                COUPLE completed...       0.0549 seconds
                  HADV completed...       1.4633 seconds
                  ZADV completed...       0.2029 seconds
                 HDIFF completed...       0.1362 seconds
              DECOUPLE completed...       0.0328 seconds
                  PHOT completed...       0.1214 seconds
               CLDPROC completed...       0.1694 seconds
                  CHEM completed...       0.4394 seconds
                  AERO completed...       0.5397 seconds
            Master Time Step
            Processing completed...       3.7476 seconds

     Processing Day/Time [YYYYDDD:HHMMSS]: 2017357:044800
       Which is Equivalent to (UTC): 4:48:00  Saturday,  Dec. 23, 2017
       Time-Step Length (HHMMSS): 000400
                 VDIFF completed...       0.5776 seconds
                COUPLE completed...       0.0575 seconds
                  HADV completed...       1.4338 seconds
                  ZADV completed...       0.2032 seconds
                 HDIFF completed...       0.1367 seconds
              DECOUPLE completed...       0.0316 seconds
                  PHOT completed...       0.1218 seconds
               CLDPROC completed...       0.1676 seconds
                  CHEM completed...       0.4387 seconds
                  AERO completed...       0.5388 seconds
            Master Time Step
            Processing completed...       3.7116 seconds

     Processing Day/Time [YYYYDDD:HHMMSS]: 2017357:045200
       Which is Equivalent to (UTC): 4:52:00  Saturday,  Dec. 23, 2017
       Time-Step Length (HHMMSS): 000400
                 VDIFF completed...       0.5808 seconds
                COUPLE completed...       0.0558 seconds
                  HADV completed...       1.4592 seconds
                  ZADV completed...       0.2032 seconds
                 HDIFF completed...       0.1372 seconds
              DECOUPLE completed...       0.0330 seconds
                  PHOT completed...       0.1207 seconds
               CLDPROC completed...       0.1675 seconds
                  CHEM completed...       0.4381 seconds
                  AERO completed...       0.5368 seconds
            Master Time Step
            Processing completed...       3.7371 seconds

     Processing Day/Time [YYYYDDD:HHMMSS]: 2017357:045600
       Which is Equivalent to (UTC): 4:56:00  Saturday,  Dec. 23, 2017
       Time-Step Length (HHMMSS): 000400
                 VDIFF completed...       1.8889 seconds
                COUPLE completed...       0.1117 seconds
                  HADV completed...       0.8739 seconds
                  ZADV completed...       0.2029 seconds
                 HDIFF completed...       0.1372 seconds
              DECOUPLE completed...       0.0326 seconds
                  PHOT completed...       0.1219 seconds
               CLDPROC completed...       1.1806 seconds
                  CHEM completed...       0.4284 seconds
                  AERO completed...       0.5477 seconds
            Master Time Step
            Processing completed...       5.5274 seconds

      =--> Data Output completed...       1.2369 seconds

     Processing Day/Time [YYYYDDD:HHMMSS]: 2017357:050000
       Which is Equivalent to (UTC): 5:00:00  Saturday,  Dec. 23, 2017
       Time-Step Length (HHMMSS): 000400
                 VDIFF completed...       5.1818 seconds
                COUPLE completed...       0.0856 seconds
                  HADV completed...       1.7066 seconds
                  ZADV completed...       0.1993 seconds
                 HDIFF completed...       0.1415 seconds
              DECOUPLE completed...       0.0337 seconds
                  PHOT completed...       1.2054 seconds
               CLDPROC completed...       0.1770 seconds
                  CHEM completed...       0.4470 seconds
                  AERO completed...       0.5316 seconds
            Master Time Step
            Processing completed...       9.7122 seconds

     Processing Day/Time [YYYYDDD:HHMMSS]: 2017357:050400
       Which is Equivalent to (UTC): 5:04:00  Saturday,  Dec. 23, 2017
       Time-Step Length (HHMMSS): 000400
                 VDIFF completed...       0.6029 seconds
                COUPLE completed...       0.0641 seconds
                  HADV completed...       1.3938 seconds
                  ZADV completed...       0.1979 seconds
                 HDIFF completed...       0.1418 seconds
              DECOUPLE completed...       0.0333 seconds
                  PHOT completed...       0.1205 seconds
               CLDPROC completed...       0.1683 seconds
                  CHEM completed...       0.4399 seconds
                  AERO completed...       0.5238 seconds
            Master Time Step
            Processing completed...       3.6914 seconds

     Processing Day/Time [YYYYDDD:HHMMSS]: 2017357:050800
       Which is Equivalent to (UTC): 5:08:00  Saturday,  Dec. 23, 2017
       Time-Step Length (HHMMSS): 000400
                 VDIFF completed...       0.5938 seconds
                COUPLE completed...       0.0630 seconds
                  HADV completed...       1.4215 seconds
                  ZADV completed...       0.1983 seconds
                 HDIFF completed...       0.1411 seconds
              DECOUPLE completed...       0.0334 seconds
                  PHOT completed...       0.1206 seconds
               CLDPROC completed...       0.1698 seconds
                  CHEM completed...       0.4390 seconds
                  AERO completed...       0.5360 seconds
            Master Time Step
            Processing completed...       3.7194 seconds

     Processing Day/Time [YYYYDDD:HHMMSS]: 2017357:051200
       Which is Equivalent to (UTC): 5:12:00  Saturday,  Dec. 23, 2017
       Time-Step Length (HHMMSS): 000400
                 VDIFF completed...       0.5882 seconds
                COUPLE completed...       0.0625 seconds
                  HADV completed...       1.4039 seconds
                  ZADV completed...       0.1979 seconds
                 HDIFF completed...       0.1415 seconds
              DECOUPLE completed...       0.0328 seconds
                  PHOT completed...       0.1217 seconds
               CLDPROC completed...       0.1714 seconds
                  CHEM completed...       0.4400 seconds
                  AERO completed...       0.5320 seconds
            Master Time Step
            Processing completed...       3.6928 seconds

     Processing Day/Time [YYYYDDD:HHMMSS]: 2017357:051600
       Which is Equivalent to (UTC): 5:16:00  Saturday,  Dec. 23, 2017
       Time-Step Length (HHMMSS): 000400
                 VDIFF completed...       0.5865 seconds
                COUPLE completed...       0.0568 seconds
                  HADV completed...       1.4485 seconds
                  ZADV completed...       0.1972 seconds
                 HDIFF completed...       0.1428 seconds
              DECOUPLE completed...       0.0329 seconds
                  PHOT completed...       0.1205 seconds
               CLDPROC completed...       0.1713 seconds
                  CHEM completed...       0.4377 seconds
                  AERO completed...       0.5298 seconds
            Master Time Step
            Processing completed...       3.7274 seconds

     Processing Day/Time [YYYYDDD:HHMMSS]: 2017357:052000
       Which is Equivalent to (UTC): 5:20:00  Saturday,  Dec. 23, 2017
       Time-Step Length (HHMMSS): 000400
                 VDIFF completed...       0.5853 seconds
                COUPLE completed...       0.0534 seconds
                  HADV completed...       1.4323 seconds
                  ZADV completed...       0.1990 seconds
                 HDIFF completed...       0.1513 seconds
              DECOUPLE completed...       0.0323 seconds
                  PHOT completed...       0.1212 seconds
               CLDPROC completed...       0.1715 seconds
                  CHEM completed...       0.4399 seconds
                  AERO completed...       0.5277 seconds
            Master Time Step
            Processing completed...       3.7183 seconds

     Processing Day/Time [YYYYDDD:HHMMSS]: 2017357:052400
       Which is Equivalent to (UTC): 5:24:00  Saturday,  Dec. 23, 2017
       Time-Step Length (HHMMSS): 000400
                 VDIFF completed...       0.5809 seconds
                COUPLE completed...       0.0503 seconds
                  HADV completed...       1.4551 seconds
                  ZADV completed...       0.1989 seconds
                 HDIFF completed...       0.1404 seconds
              DECOUPLE completed...       0.0337 seconds
                  PHOT completed...       0.1201 seconds
               CLDPROC completed...       0.1709 seconds
                  CHEM completed...       0.4386 seconds
                  AERO completed...       0.5246 seconds
            Master Time Step
            Processing completed...       3.7184 seconds

     Processing Day/Time [YYYYDDD:HHMMSS]: 2017357:052800
       Which is Equivalent to (UTC): 5:28:00  Saturday,  Dec. 23, 2017
       Time-Step Length (HHMMSS): 000400
                 VDIFF completed...       0.5850 seconds
                COUPLE completed...       0.0510 seconds
                  HADV completed...       1.4342 seconds
                  ZADV completed...       0.1976 seconds
                 HDIFF completed...       0.1455 seconds
              DECOUPLE completed...       0.0332 seconds
                  PHOT completed...       0.1213 seconds
               CLDPROC completed...       0.1723 seconds
                  CHEM completed...       0.4390 seconds
                  AERO completed...       0.5314 seconds
            Master Time Step
            Processing completed...       3.7122 seconds

     Processing Day/Time [YYYYDDD:HHMMSS]: 2017357:053200
       Which is Equivalent to (UTC): 5:32:00  Saturday,  Dec. 23, 2017
       Time-Step Length (HHMMSS): 000400
                 VDIFF completed...       0.5777 seconds
                COUPLE completed...       0.0477 seconds
                  HADV completed...       1.4512 seconds
                  ZADV completed...       0.1984 seconds
                 HDIFF completed...       0.1412 seconds
              DECOUPLE completed...       0.0330 seconds
                  PHOT completed...       0.1211 seconds
               CLDPROC completed...       0.1708 seconds
                  CHEM completed...       0.4373 seconds
                  AERO completed...       0.5306 seconds
            Master Time Step
            Processing completed...       3.7136 seconds

     Processing Day/Time [YYYYDDD:HHMMSS]: 2017357:053600
       Which is Equivalent to (UTC): 5:36:00  Saturday,  Dec. 23, 2017
       Time-Step Length (HHMMSS): 000400
                 VDIFF completed...       0.5772 seconds
                COUPLE completed...       0.0501 seconds
                  HADV completed...       1.4545 seconds
                  ZADV completed...       0.1983 seconds
                 HDIFF completed...       0.1409 seconds
              DECOUPLE completed...       0.0326 seconds
                  PHOT completed...       0.1214 seconds
               CLDPROC completed...       0.1714 seconds
                  CHEM completed...       0.4374 seconds
                  AERO completed...       0.5325 seconds
            Master Time Step
            Processing completed...       3.7212 seconds

     Processing Day/Time [YYYYDDD:HHMMSS]: 2017357:054000
       Which is Equivalent to (UTC): 5:40:00  Saturday,  Dec. 23, 2017
       Time-Step Length (HHMMSS): 000400
                 VDIFF completed...       0.5753 seconds
                COUPLE completed...       0.0474 seconds
                  HADV completed...       1.4448 seconds
                  ZADV completed...       0.1979 seconds
                 HDIFF completed...       0.1422 seconds
              DECOUPLE completed...       0.0336 seconds
                  PHOT completed...       0.1206 seconds
               CLDPROC completed...       0.1707 seconds
                  CHEM completed...       0.4376 seconds
                  AERO completed...       0.5225 seconds
            Master Time Step
            Processing completed...       3.6972 seconds

     Processing Day/Time [YYYYDDD:HHMMSS]: 2017357:054400
       Which is Equivalent to (UTC): 5:44:00  Saturday,  Dec. 23, 2017
       Time-Step Length (HHMMSS): 000400
                 VDIFF completed...       0.5768 seconds
                COUPLE completed...       0.0498 seconds
                  HADV completed...       1.4620 seconds
                  ZADV completed...       0.1979 seconds
                 HDIFF completed...       0.1413 seconds
              DECOUPLE completed...       0.0341 seconds
                  PHOT completed...       0.1205 seconds
               CLDPROC completed...       0.1708 seconds
                  CHEM completed...       0.4370 seconds
                  AERO completed...       0.5303 seconds
            Master Time Step
            Processing completed...       3.7244 seconds

     Processing Day/Time [YYYYDDD:HHMMSS]: 2017357:054800
       Which is Equivalent to (UTC): 5:48:00  Saturday,  Dec. 23, 2017
       Time-Step Length (HHMMSS): 000400
                 VDIFF completed...       0.5879 seconds
                COUPLE completed...       0.0473 seconds
                  HADV completed...       1.4334 seconds
                  ZADV completed...       0.1977 seconds
                 HDIFF completed...       0.1415 seconds
              DECOUPLE completed...       0.0337 seconds
                  PHOT completed...       0.1206 seconds
               CLDPROC completed...       0.1714 seconds
                  CHEM completed...       0.4374 seconds
                  AERO completed...       0.5344 seconds
            Master Time Step
            Processing completed...       3.7094 seconds

     Processing Day/Time [YYYYDDD:HHMMSS]: 2017357:055200
       Which is Equivalent to (UTC): 5:52:00  Saturday,  Dec. 23, 2017
       Time-Step Length (HHMMSS): 000400
                 VDIFF completed...       0.5811 seconds
                COUPLE completed...       0.0512 seconds
                  HADV completed...       1.4323 seconds
                  ZADV completed...       0.1989 seconds
                 HDIFF completed...       0.1405 seconds
              DECOUPLE completed...       0.0331 seconds
                  PHOT completed...       0.1208 seconds
               CLDPROC completed...       0.1713 seconds
                  CHEM completed...       0.4370 seconds
                  AERO completed...       0.5298 seconds
            Master Time Step
            Processing completed...       3.7009 seconds

     Processing Day/Time [YYYYDDD:HHMMSS]: 2017357:055600
       Which is Equivalent to (UTC): 5:56:00  Saturday,  Dec. 23, 2017
       Time-Step Length (HHMMSS): 000400
                 VDIFF completed...       1.8748 seconds
                COUPLE completed...       0.1114 seconds
                  HADV completed...       0.8752 seconds
                  ZADV completed...       0.1986 seconds
                 HDIFF completed...       0.1416 seconds
              DECOUPLE completed...       0.0335 seconds
                  PHOT completed...       0.1200 seconds
               CLDPROC completed...       1.1793 seconds
                  CHEM completed...       0.4373 seconds
                  AERO completed...       0.5456 seconds
            Master Time Step
            Processing completed...       5.5227 seconds

      =--> Data Output completed...       1.1867 seconds

     Processing Day/Time [YYYYDDD:HHMMSS]: 2017357:060000
       Which is Equivalent to (UTC): 6:00:00  Saturday,  Dec. 23, 2017
       Time-Step Length (HHMMSS): 000400
                 VDIFF completed...       5.2133 seconds
                COUPLE completed...       0.0706 seconds
                  HADV completed...       1.7327 seconds
                  ZADV completed...       0.1996 seconds
                 HDIFF completed...       0.1402 seconds
              DECOUPLE completed...       0.0330 seconds
                  PHOT completed...       1.2518 seconds
               CLDPROC completed...       0.1797 seconds
                  CHEM completed...       0.4423 seconds
                  AERO completed...       0.5203 seconds
            Master Time Step
            Processing completed...       9.7871 seconds

     Processing Day/Time [YYYYDDD:HHMMSS]: 2017357:060400
       Which is Equivalent to (UTC): 6:04:00  Saturday,  Dec. 23, 2017
       Time-Step Length (HHMMSS): 000400
                 VDIFF completed...       0.5936 seconds
                COUPLE completed...       0.0568 seconds
                  HADV completed...       1.4223 seconds
                  ZADV completed...       0.1983 seconds
                 HDIFF completed...       0.1422 seconds
              DECOUPLE completed...       0.0324 seconds
                  PHOT completed...       0.1211 seconds
               CLDPROC completed...       0.1736 seconds
                  CHEM completed...       0.4378 seconds
                  AERO completed...       0.5241 seconds
            Master Time Step
            Processing completed...       3.7034 seconds

     Processing Day/Time [YYYYDDD:HHMMSS]: 2017357:060800
       Which is Equivalent to (UTC): 6:08:00  Saturday,  Dec. 23, 2017
       Time-Step Length (HHMMSS): 000400
                 VDIFF completed...       0.5900 seconds
                COUPLE completed...       0.0532 seconds
                  HADV completed...       1.4262 seconds
                  ZADV completed...       0.1978 seconds
                 HDIFF completed...       0.1451 seconds
              DECOUPLE completed...       0.0336 seconds
                  PHOT completed...       0.1205 seconds
               CLDPROC completed...       0.1729 seconds
                  CHEM completed...       0.4366 seconds
                  AERO completed...       0.5299 seconds
            Master Time Step
            Processing completed...       3.7071 seconds

     Processing Day/Time [YYYYDDD:HHMMSS]: 2017357:061200
       Which is Equivalent to (UTC): 6:12:00  Saturday,  Dec. 23, 2017
       Time-Step Length (HHMMSS): 000400
                 VDIFF completed...       0.5786 seconds
                COUPLE completed...       0.0496 seconds
                  HADV completed...       1.4263 seconds
                  ZADV completed...       0.1998 seconds
                 HDIFF completed...       0.1404 seconds
              DECOUPLE completed...       0.0333 seconds
                  PHOT completed...       0.1201 seconds
               CLDPROC completed...       0.1730 seconds
                  CHEM completed...       0.4351 seconds
                  AERO completed...       0.5294 seconds
            Master Time Step
            Processing completed...       3.6902 seconds

     Processing Day/Time [YYYYDDD:HHMMSS]: 2017357:061600
       Which is Equivalent to (UTC): 6:16:00  Saturday,  Dec. 23, 2017
       Time-Step Length (HHMMSS): 000400
                 VDIFF completed...       0.5785 seconds
                COUPLE completed...       0.0546 seconds
                  HADV completed...       1.4403 seconds
                  ZADV completed...       0.1990 seconds
                 HDIFF completed...       0.1420 seconds
              DECOUPLE completed...       0.0329 seconds
                  PHOT completed...       0.1210 seconds
               CLDPROC completed...       0.1741 seconds
                  CHEM completed...       0.4362 seconds
                  AERO completed...       0.5255 seconds
            Master Time Step
            Processing completed...       3.7049 seconds

     Processing Day/Time [YYYYDDD:HHMMSS]: 2017357:062000
       Which is Equivalent to (UTC): 6:20:00  Saturday,  Dec. 23, 2017
       Time-Step Length (HHMMSS): 000400
                 VDIFF completed...       0.5785 seconds
                COUPLE completed...       0.0550 seconds
                  HADV completed...       1.4283 seconds
                  ZADV completed...       0.1993 seconds
                 HDIFF completed...       0.1399 seconds
              DECOUPLE completed...       0.0344 seconds
                  PHOT completed...       0.1203 seconds
               CLDPROC completed...       0.1728 seconds
                  CHEM completed...       0.4347 seconds
                  AERO completed...       0.5229 seconds
            Master Time Step
            Processing completed...       3.6897 seconds

     Processing Day/Time [YYYYDDD:HHMMSS]: 2017357:062400
       Which is Equivalent to (UTC): 6:24:00  Saturday,  Dec. 23, 2017
       Time-Step Length (HHMMSS): 000400
                 VDIFF completed...       0.5744 seconds
                COUPLE completed...       0.0587 seconds
                  HADV completed...       1.4490 seconds
                  ZADV completed...       0.1987 seconds
                 HDIFF completed...       0.1415 seconds
              DECOUPLE completed...       0.0329 seconds
                  PHOT completed...       0.1205 seconds
               CLDPROC completed...       0.1742 seconds
                  CHEM completed...       0.4349 seconds
                  AERO completed...       0.5335 seconds
            Master Time Step
            Processing completed...       3.7229 seconds

     Processing Day/Time [YYYYDDD:HHMMSS]: 2017357:062800
       Which is Equivalent to (UTC): 6:28:00  Saturday,  Dec. 23, 2017
       Time-Step Length (HHMMSS): 000400
                 VDIFF completed...       0.5660 seconds
                COUPLE completed...       0.0611 seconds
                  HADV completed...       1.4268 seconds
                  ZADV completed...       0.1997 seconds
                 HDIFF completed...       0.1469 seconds
              DECOUPLE completed...       0.0329 seconds
                  PHOT completed...       0.1214 seconds
               CLDPROC completed...       0.1741 seconds
                  CHEM completed...       0.4361 seconds
                  AERO completed...       0.5286 seconds
            Master Time Step
            Processing completed...       3.6962 seconds

     Processing Day/Time [YYYYDDD:HHMMSS]: 2017357:063200
       Which is Equivalent to (UTC): 6:32:00  Saturday,  Dec. 23, 2017
       Time-Step Length (HHMMSS): 000400
                 VDIFF completed...       0.5782 seconds
                COUPLE completed...       0.0570 seconds
                  HADV completed...       1.4453 seconds
                  ZADV completed...       0.1994 seconds
                 HDIFF completed...       0.1410 seconds
              DECOUPLE completed...       0.0332 seconds
                  PHOT completed...       0.1212 seconds
               CLDPROC completed...       0.1747 seconds
                  CHEM completed...       0.4323 seconds
                  AERO completed...       0.5214 seconds
            Master Time Step
            Processing completed...       3.7054 seconds

     Processing Day/Time [YYYYDDD:HHMMSS]: 2017357:063600
       Which is Equivalent to (UTC): 6:36:00  Saturday,  Dec. 23, 2017
       Time-Step Length (HHMMSS): 000400
                 VDIFF completed...       0.7360 seconds
                COUPLE completed...       0.0447 seconds
                  HADV completed...       1.3223 seconds
                  ZADV completed...       0.1985 seconds
                 HDIFF completed...       0.1422 seconds
              DECOUPLE completed...       0.0327 seconds
                  PHOT completed...       0.1213 seconds
               CLDPROC completed...       0.1747 seconds
                  CHEM completed...       0.4346 seconds
                  AERO completed...       0.5293 seconds
            Master Time Step
            Processing completed...       3.7370 seconds

     Processing Day/Time [YYYYDDD:HHMMSS]: 2017357:064000
       Which is Equivalent to (UTC): 6:40:00  Saturday,  Dec. 23, 2017
       Time-Step Length (HHMMSS): 000400
                 VDIFF completed...       0.5734 seconds
                COUPLE completed...       0.0578 seconds
                  HADV completed...       1.4187 seconds
                  ZADV completed...       0.1988 seconds
                 HDIFF completed...       0.1415 seconds
              DECOUPLE completed...       0.0331 seconds
                  PHOT completed...       0.1207 seconds
               CLDPROC completed...       0.1729 seconds
                  CHEM completed...       0.4349 seconds
                  AERO completed...       0.5269 seconds
            Master Time Step
            Processing completed...       3.6796 seconds

     Processing Day/Time [YYYYDDD:HHMMSS]: 2017357:064400
       Which is Equivalent to (UTC): 6:44:00  Saturday,  Dec. 23, 2017
       Time-Step Length (HHMMSS): 000400
                 VDIFF completed...       0.5729 seconds
                COUPLE completed...       0.0577 seconds
                  HADV completed...       1.4452 seconds
                  ZADV completed...       0.1989 seconds
                 HDIFF completed...       0.1416 seconds
              DECOUPLE completed...       0.0327 seconds
                  PHOT completed...       0.1214 seconds
               CLDPROC completed...       0.1736 seconds
                  CHEM completed...       0.4338 seconds
                  AERO completed...       0.5364 seconds
            Master Time Step
            Processing completed...       3.7150 seconds

     Processing Day/Time [YYYYDDD:HHMMSS]: 2017357:064800
       Which is Equivalent to (UTC): 6:48:00  Saturday,  Dec. 23, 2017
       Time-Step Length (HHMMSS): 000400
                 VDIFF completed...       0.5665 seconds
                COUPLE completed...       0.0589 seconds
                  HADV completed...       1.4205 seconds
                  ZADV completed...       0.1985 seconds
                 HDIFF completed...       0.1416 seconds
              DECOUPLE completed...       0.0327 seconds
                  PHOT completed...       0.1215 seconds
               CLDPROC completed...       0.1736 seconds
                  CHEM completed...       0.4367 seconds
                  AERO completed...       0.5313 seconds
            Master Time Step
            Processing completed...       3.6827 seconds

     Processing Day/Time [YYYYDDD:HHMMSS]: 2017357:065200
       Which is Equivalent to (UTC): 6:52:00  Saturday,  Dec. 23, 2017
       Time-Step Length (HHMMSS): 000400
                 VDIFF completed...       0.5684 seconds
                COUPLE completed...       0.0570 seconds
                  HADV completed...       1.4323 seconds
                  ZADV completed...       0.1990 seconds
                 HDIFF completed...       0.1415 seconds
              DECOUPLE completed...       0.0327 seconds
                  PHOT completed...       0.1215 seconds
               CLDPROC completed...       0.1728 seconds
                  CHEM completed...       0.4347 seconds
                  AERO completed...       0.5354 seconds
            Master Time Step
            Processing completed...       3.6961 seconds

     Processing Day/Time [YYYYDDD:HHMMSS]: 2017357:065600
       Which is Equivalent to (UTC): 6:56:00  Saturday,  Dec. 23, 2017
       Time-Step Length (HHMMSS): 000400
                 VDIFF completed...       1.8599 seconds
                COUPLE completed...       0.1117 seconds
                  HADV completed...       0.8711 seconds
                  ZADV completed...       0.1993 seconds
                 HDIFF completed...       0.1412 seconds
              DECOUPLE completed...       0.0322 seconds
                  PHOT completed...       0.1216 seconds
               CLDPROC completed...       1.1509 seconds
                  CHEM completed...       0.4353 seconds
                  AERO completed...       0.5484 seconds
            Master Time Step
            Processing completed...       5.4725 seconds

      =--> Data Output completed...       2.1480 seconds

     Processing Day/Time [YYYYDDD:HHMMSS]: 2017357:070000
       Which is Equivalent to (UTC): 7:00:00  Saturday,  Dec. 23, 2017
       Time-Step Length (HHMMSS): 000500
                 VDIFF completed...       5.2691 seconds
                COUPLE completed...       0.0759 seconds
                  HADV completed...       2.1989 seconds
                  ZADV completed...       0.2041 seconds
                 HDIFF completed...       0.1369 seconds
              DECOUPLE completed...       0.0325 seconds
                  PHOT completed...       1.2078 seconds
               CLDPROC completed...       0.1851 seconds
                  CHEM completed...       0.4433 seconds
                  AERO completed...       0.5422 seconds
            Master Time Step
            Processing completed...      10.2987 seconds

     Processing Day/Time [YYYYDDD:HHMMSS]: 2017357:070500
       Which is Equivalent to (UTC): 7:05:00  Saturday,  Dec. 23, 2017
       Time-Step Length (HHMMSS): 000500
                 VDIFF completed...       0.5794 seconds
                COUPLE completed...       0.0537 seconds
                  HADV completed...       1.8349 seconds
                  ZADV completed...       0.2039 seconds
                 HDIFF completed...       0.1360 seconds
              DECOUPLE completed...       0.0346 seconds
                  PHOT completed...       0.1201 seconds
               CLDPROC completed...       0.1739 seconds
                  CHEM completed...       0.4401 seconds
                  AERO completed...       0.5410 seconds
            Master Time Step
            Processing completed...       4.1184 seconds

     Processing Day/Time [YYYYDDD:HHMMSS]: 2017357:071000
       Which is Equivalent to (UTC): 7:10:00  Saturday,  Dec. 23, 2017
       Time-Step Length (HHMMSS): 000500
                 VDIFF completed...       0.5801 seconds
                COUPLE completed...       0.0497 seconds
                  HADV completed...       1.8467 seconds
                  ZADV completed...       0.2041 seconds
                 HDIFF completed...       0.1370 seconds
              DECOUPLE completed...       0.0325 seconds
                  PHOT completed...       0.1221 seconds
               CLDPROC completed...       0.1749 seconds
                  CHEM completed...       0.4392 seconds
                  AERO completed...       0.5472 seconds
            Master Time Step
            Processing completed...       4.1340 seconds

     Processing Day/Time [YYYYDDD:HHMMSS]: 2017357:071500
       Which is Equivalent to (UTC): 7:15:00  Saturday,  Dec. 23, 2017
       Time-Step Length (HHMMSS): 000500
                 VDIFF completed...       0.5705 seconds
                COUPLE completed...       0.0526 seconds
                  HADV completed...       1.8392 seconds
                  ZADV completed...       0.2039 seconds
                 HDIFF completed...       0.1367 seconds
              DECOUPLE completed...       0.0329 seconds
                  PHOT completed...       0.1211 seconds
               CLDPROC completed...       0.1762 seconds
                  CHEM completed...       0.4363 seconds
                  AERO completed...       0.5450 seconds
            Master Time Step
            Processing completed...       4.1151 seconds

     Processing Day/Time [YYYYDDD:HHMMSS]: 2017357:072000
       Which is Equivalent to (UTC): 7:20:00  Saturday,  Dec. 23, 2017
       Time-Step Length (HHMMSS): 000500
                 VDIFF completed...       0.5787 seconds
                COUPLE completed...       0.0479 seconds
                  HADV completed...       1.8428 seconds
                  ZADV completed...       0.2040 seconds
                 HDIFF completed...       0.1374 seconds
              DECOUPLE completed...       0.0325 seconds
                  PHOT completed...       0.1216 seconds
               CLDPROC completed...       0.1764 seconds
                  CHEM completed...       0.4396 seconds
                  AERO completed...       0.5431 seconds
            Master Time Step
            Processing completed...       4.1247 seconds

     Processing Day/Time [YYYYDDD:HHMMSS]: 2017357:072500
       Which is Equivalent to (UTC): 7:25:00  Saturday,  Dec. 23, 2017
       Time-Step Length (HHMMSS): 000500
                 VDIFF completed...       0.5748 seconds
                COUPLE completed...       0.0512 seconds
                  HADV completed...       1.8385 seconds
                  ZADV completed...       0.2035 seconds
                 HDIFF completed...       0.1376 seconds
              DECOUPLE completed...       0.0325 seconds
                  PHOT completed...       0.1224 seconds
               CLDPROC completed...       0.1767 seconds
                  CHEM completed...       0.4354 seconds
                  AERO completed...       0.5497 seconds
            Master Time Step
            Processing completed...       4.1231 seconds

     Processing Day/Time [YYYYDDD:HHMMSS]: 2017357:073000
       Which is Equivalent to (UTC): 7:30:00  Saturday,  Dec. 23, 2017
       Time-Step Length (HHMMSS): 000500
                 VDIFF completed...       0.5703 seconds
                COUPLE completed...       0.0554 seconds
                  HADV completed...       1.8592 seconds
                  ZADV completed...       0.2021 seconds
                 HDIFF completed...       0.1480 seconds
              DECOUPLE completed...       0.0332 seconds
                  PHOT completed...       0.1213 seconds
               CLDPROC completed...       0.1769 seconds
                  CHEM completed...       0.4369 seconds
                  AERO completed...       0.5558 seconds
            Master Time Step
            Processing completed...       4.1598 seconds

     Processing Day/Time [YYYYDDD:HHMMSS]: 2017357:073500
       Which is Equivalent to (UTC): 7:35:00  Saturday,  Dec. 23, 2017
       Time-Step Length (HHMMSS): 000500
                 VDIFF completed...       0.5617 seconds
                COUPLE completed...       0.0522 seconds
                  HADV completed...       1.8461 seconds
                  ZADV completed...       0.2036 seconds
                 HDIFF completed...       0.1366 seconds
              DECOUPLE completed...       0.0330 seconds
                  PHOT completed...       0.1207 seconds
               CLDPROC completed...       0.1766 seconds
                  CHEM completed...       0.4375 seconds
                  AERO completed...       0.5472 seconds
            Master Time Step
            Processing completed...       4.1162 seconds

     Processing Day/Time [YYYYDDD:HHMMSS]: 2017357:074000
       Which is Equivalent to (UTC): 7:40:00  Saturday,  Dec. 23, 2017
       Time-Step Length (HHMMSS): 000500
                 VDIFF completed...       0.5654 seconds
                COUPLE completed...       0.0504 seconds
                  HADV completed...       1.8572 seconds
                  ZADV completed...       0.2041 seconds
                 HDIFF completed...       0.1364 seconds
              DECOUPLE completed...       0.0325 seconds
                  PHOT completed...       0.1214 seconds
               CLDPROC completed...       0.1766 seconds
                  CHEM completed...       0.4370 seconds
                  AERO completed...       0.5532 seconds
            Master Time Step
            Processing completed...       4.1351 seconds

     Processing Day/Time [YYYYDDD:HHMMSS]: 2017357:074500
       Which is Equivalent to (UTC): 7:45:00  Saturday,  Dec. 23, 2017
       Time-Step Length (HHMMSS): 000500
                 VDIFF completed...       0.5655 seconds
                COUPLE completed...       0.0503 seconds
                  HADV completed...       1.8526 seconds
                  ZADV completed...       0.2037 seconds
                 HDIFF completed...       0.1369 seconds
              DECOUPLE completed...       0.0331 seconds
                  PHOT completed...       0.1210 seconds
               CLDPROC completed...       0.1762 seconds
                  CHEM completed...       0.4357 seconds
                  AERO completed...       0.5542 seconds
            Master Time Step
            Processing completed...       4.1301 seconds

     Processing Day/Time [YYYYDDD:HHMMSS]: 2017357:075000
       Which is Equivalent to (UTC): 7:50:00  Saturday,  Dec. 23, 2017
       Time-Step Length (HHMMSS): 000500
                 VDIFF completed...       0.5657 seconds
                COUPLE completed...       0.0512 seconds
                  HADV completed...       1.8518 seconds
                  ZADV completed...       0.2034 seconds
                 HDIFF completed...       0.1367 seconds
              DECOUPLE completed...       0.0327 seconds
                  PHOT completed...       0.1218 seconds
               CLDPROC completed...       0.1760 seconds
                  CHEM completed...       0.4357 seconds
                  AERO completed...       0.5448 seconds
            Master Time Step
            Processing completed...       4.1206 seconds

     Processing Day/Time [YYYYDDD:HHMMSS]: 2017357:075500
       Which is Equivalent to (UTC): 7:55:00  Saturday,  Dec. 23, 2017
       Time-Step Length (HHMMSS): 000500
                 VDIFF completed...       1.8469 seconds
                COUPLE completed...       0.1119 seconds
                  HADV completed...       1.3116 seconds
                  ZADV completed...       0.2036 seconds
                 HDIFF completed...       0.1369 seconds
              DECOUPLE completed...       0.0311 seconds
                  PHOT completed...       0.1219 seconds
               CLDPROC completed...       1.1369 seconds
                  CHEM completed...       0.4908 seconds
                  AERO completed...       0.5549 seconds
            Master Time Step
            Processing completed...       5.9481 seconds

      =--> Data Output completed...       1.1330 seconds

     Processing Day/Time [YYYYDDD:HHMMSS]: 2017357:080000
       Which is Equivalent to (UTC): 8:00:00  Saturday,  Dec. 23, 2017
       Time-Step Length (HHMMSS): 000500
                 VDIFF completed...       5.2485 seconds
                COUPLE completed...       0.0629 seconds
                  HADV completed...       2.1520 seconds
                  ZADV completed...       0.2014 seconds
                 HDIFF completed...       0.1406 seconds
              DECOUPLE completed...       0.0335 seconds
                  PHOT completed...       1.2069 seconds
               CLDPROC completed...       0.1831 seconds
                  CHEM completed...       0.4406 seconds
                  AERO completed...       0.5491 seconds
            Master Time Step
            Processing completed...      10.2208 seconds

     Processing Day/Time [YYYYDDD:HHMMSS]: 2017357:080500
       Which is Equivalent to (UTC): 8:05:00  Saturday,  Dec. 23, 2017
       Time-Step Length (HHMMSS): 000500
                 VDIFF completed...       0.5830 seconds
                COUPLE completed...       0.0635 seconds
                  HADV completed...       1.8736 seconds
                  ZADV completed...       0.2008 seconds
                 HDIFF completed...       0.1413 seconds
              DECOUPLE completed...       0.0344 seconds
                  PHOT completed...       0.1201 seconds
               CLDPROC completed...       0.1743 seconds
                  CHEM completed...       0.4361 seconds
                  AERO completed...       0.5552 seconds
            Master Time Step
            Processing completed...       4.1861 seconds

     Processing Day/Time [YYYYDDD:HHMMSS]: 2017357:081000
       Which is Equivalent to (UTC): 8:10:00  Saturday,  Dec. 23, 2017
       Time-Step Length (HHMMSS): 000500
                 VDIFF completed...       0.5715 seconds
                COUPLE completed...       0.0518 seconds
                  HADV completed...       1.8340 seconds
                  ZADV completed...       0.2014 seconds
                 HDIFF completed...       0.1402 seconds
              DECOUPLE completed...       0.0332 seconds
                  PHOT completed...       0.1212 seconds
               CLDPROC completed...       0.1744 seconds
                  CHEM completed...       0.4357 seconds
                  AERO completed...       0.5565 seconds
            Master Time Step
            Processing completed...       4.1242 seconds

     Processing Day/Time [YYYYDDD:HHMMSS]: 2017357:081500
       Which is Equivalent to (UTC): 8:15:00  Saturday,  Dec. 23, 2017
       Time-Step Length (HHMMSS): 000500
                 VDIFF completed...       0.5658 seconds
                COUPLE completed...       0.0509 seconds
                  HADV completed...       1.8341 seconds
                  ZADV completed...       0.2008 seconds
                 HDIFF completed...       0.1428 seconds
              DECOUPLE completed...       0.0338 seconds
                  PHOT completed...       0.1207 seconds
               CLDPROC completed...       0.1741 seconds
                  CHEM completed...       0.4361 seconds
                  AERO completed...       0.5519 seconds
            Master Time Step
            Processing completed...       4.1157 seconds

     Processing Day/Time [YYYYDDD:HHMMSS]: 2017357:082000
       Which is Equivalent to (UTC): 8:20:00  Saturday,  Dec. 23, 2017
       Time-Step Length (HHMMSS): 000500
                 VDIFF completed...       0.5692 seconds
                COUPLE completed...       0.0503 seconds
                  HADV completed...       1.8567 seconds
                  ZADV completed...       0.2007 seconds
                 HDIFF completed...       0.1391 seconds
              DECOUPLE completed...       0.0353 seconds
                  PHOT completed...       0.1204 seconds
               CLDPROC completed...       0.1746 seconds
                  CHEM completed...       0.4346 seconds
                  AERO completed...       0.5575 seconds
            Master Time Step
            Processing completed...       4.1431 seconds

     Processing Day/Time [YYYYDDD:HHMMSS]: 2017357:082500
       Which is Equivalent to (UTC): 8:25:00  Saturday,  Dec. 23, 2017
       Time-Step Length (HHMMSS): 000500
                 VDIFF completed...       0.5585 seconds
                COUPLE completed...       0.0435 seconds
                  HADV completed...       2.1671 seconds
                  ZADV completed...       0.2010 seconds
                 HDIFF completed...       0.1290 seconds
              DECOUPLE completed...       0.0383 seconds
                  PHOT completed...       0.1194 seconds
               CLDPROC completed...       0.1806 seconds
                  CHEM completed...       0.4355 seconds
                  AERO completed...       0.5571 seconds
            Master Time Step
            Processing completed...       4.4322 seconds

     Processing Day/Time [YYYYDDD:HHMMSS]: 2017357:083000
       Which is Equivalent to (UTC): 8:30:00  Saturday,  Dec. 23, 2017
       Time-Step Length (HHMMSS): 000500
                 VDIFF completed...       0.5542 seconds
                COUPLE completed...       0.0506 seconds
                  HADV completed...       1.8618 seconds
                  ZADV completed...       0.2005 seconds
                 HDIFF completed...       0.1402 seconds
              DECOUPLE completed...       0.0341 seconds
                  PHOT completed...       0.1206 seconds
               CLDPROC completed...       0.1740 seconds
                  CHEM completed...       0.4347 seconds
                  AERO completed...       0.5605 seconds
            Master Time Step
            Processing completed...       4.1351 seconds

     Processing Day/Time [YYYYDDD:HHMMSS]: 2017357:083500
       Which is Equivalent to (UTC): 8:35:00  Saturday,  Dec. 23, 2017
       Time-Step Length (HHMMSS): 000500
                 VDIFF completed...       0.5548 seconds
                COUPLE completed...       0.0444 seconds
                  HADV completed...       1.8619 seconds
                  ZADV completed...       0.2004 seconds
                 HDIFF completed...       0.1411 seconds
              DECOUPLE completed...       0.0334 seconds
                  PHOT completed...       0.1218 seconds
               CLDPROC completed...       0.1735 seconds
                  CHEM completed...       0.4351 seconds
                  AERO completed...       0.5616 seconds
            Master Time Step
            Processing completed...       4.1296 seconds

     Processing Day/Time [YYYYDDD:HHMMSS]: 2017357:084000
       Which is Equivalent to (UTC): 8:40:00  Saturday,  Dec. 23, 2017
       Time-Step Length (HHMMSS): 000500
                 VDIFF completed...       0.5648 seconds
                COUPLE completed...       0.0503 seconds
                  HADV completed...       1.8454 seconds
                  ZADV completed...       0.2010 seconds
                 HDIFF completed...       0.1401 seconds
              DECOUPLE completed...       0.0334 seconds
                  PHOT completed...       0.1218 seconds
               CLDPROC completed...       0.1733 seconds
                  CHEM completed...       0.4350 seconds
                  AERO completed...       0.5665 seconds
            Master Time Step
            Processing completed...       4.1340 seconds

     Processing Day/Time [YYYYDDD:HHMMSS]: 2017357:084500
       Which is Equivalent to (UTC): 8:45:00  Saturday,  Dec. 23, 2017
       Time-Step Length (HHMMSS): 000500
                 VDIFF completed...       0.5635 seconds
                COUPLE completed...       0.0491 seconds
                  HADV completed...       1.8499 seconds
                  ZADV completed...       0.2012 seconds
                 HDIFF completed...       0.1397 seconds
              DECOUPLE completed...       0.0327 seconds
                  PHOT completed...       0.1211 seconds
               CLDPROC completed...       0.1737 seconds
                  CHEM completed...       0.4365 seconds
                  AERO completed...       0.5505 seconds
            Master Time Step
            Processing completed...       4.1228 seconds

     Processing Day/Time [YYYYDDD:HHMMSS]: 2017357:085000
       Which is Equivalent to (UTC): 8:50:00  Saturday,  Dec. 23, 2017
       Time-Step Length (HHMMSS): 000500
                 VDIFF completed...       0.5816 seconds
                COUPLE completed...       0.0482 seconds
                  HADV completed...       1.8255 seconds
                  ZADV completed...       0.2001 seconds
                 HDIFF completed...       0.1466 seconds
              DECOUPLE completed...       0.0341 seconds
                  PHOT completed...       0.1222 seconds
               CLDPROC completed...       0.1701 seconds
                  CHEM completed...       0.4365 seconds
                  AERO completed...       0.5669 seconds
            Master Time Step
            Processing completed...       4.1364 seconds

     Processing Day/Time [YYYYDDD:HHMMSS]: 2017357:085500
       Which is Equivalent to (UTC): 8:55:00  Saturday,  Dec. 23, 2017
       Time-Step Length (HHMMSS): 000500
                 VDIFF completed...       1.8411 seconds
                COUPLE completed...       0.1112 seconds
                  HADV completed...       1.3055 seconds
                  ZADV completed...       0.2006 seconds
                 HDIFF completed...       0.1400 seconds
              DECOUPLE completed...       0.0338 seconds
                  PHOT completed...       0.1249 seconds
               CLDPROC completed...       1.1772 seconds
                  CHEM completed...       0.4383 seconds
                  AERO completed...       0.5732 seconds
            Master Time Step
            Processing completed...       5.9508 seconds

      =--> Data Output completed...       1.1525 seconds

     Processing Day/Time [YYYYDDD:HHMMSS]: 2017357:090000
       Which is Equivalent to (UTC): 9:00:00  Saturday,  Dec. 23, 2017
       Time-Step Length (HHMMSS): 000400
                 VDIFF completed...       5.2485 seconds
                COUPLE completed...       0.0851 seconds
                  HADV completed...       1.7796 seconds
                  ZADV completed...       0.2031 seconds
                 HDIFF completed...       0.1367 seconds
              DECOUPLE completed...       0.0330 seconds
                  PHOT completed...       1.2193 seconds
               CLDPROC completed...       0.1826 seconds
                  CHEM completed...       0.4315 seconds
                  AERO completed...       0.5351 seconds
            Master Time Step
            Processing completed...       9.8570 seconds

     Processing Day/Time [YYYYDDD:HHMMSS]: 2017357:090400
       Which is Equivalent to (UTC): 9:04:00  Saturday,  Dec. 23, 2017
       Time-Step Length (HHMMSS): 000400
                 VDIFF completed...       0.5876 seconds
                COUPLE completed...       0.0720 seconds
                  HADV completed...       1.4411 seconds
                  ZADV completed...       0.2002 seconds
                 HDIFF completed...       0.1404 seconds
              DECOUPLE completed...       0.0338 seconds
                  PHOT completed...       0.1211 seconds
               CLDPROC completed...       0.1730 seconds
                  CHEM completed...       0.4271 seconds
                  AERO completed...       0.5397 seconds
            Master Time Step
            Processing completed...       3.7396 seconds

     Processing Day/Time [YYYYDDD:HHMMSS]: 2017357:090800
       Which is Equivalent to (UTC): 9:08:00  Saturday,  Dec. 23, 2017
       Time-Step Length (HHMMSS): 000400
                 VDIFF completed...       0.5745 seconds
                COUPLE completed...       0.0643 seconds
                  HADV completed...       1.4891 seconds
                  ZADV completed...       0.1970 seconds
                 HDIFF completed...       0.1419 seconds
              DECOUPLE completed...       0.0335 seconds
                  PHOT completed...       0.1213 seconds
               CLDPROC completed...       0.1755 seconds
                  CHEM completed...       0.4252 seconds
                  AERO completed...       0.5425 seconds
            Master Time Step
            Processing completed...       3.7677 seconds

     Processing Day/Time [YYYYDDD:HHMMSS]: 2017357:091200
       Which is Equivalent to (UTC): 9:12:00  Saturday,  Dec. 23, 2017
       Time-Step Length (HHMMSS): 000400
                 VDIFF completed...       0.5671 seconds
                COUPLE completed...       0.0651 seconds
                  HADV completed...       1.4431 seconds
                  ZADV completed...       0.2029 seconds
                 HDIFF completed...       0.1546 seconds
              DECOUPLE completed...       0.0331 seconds
                  PHOT completed...       0.1210 seconds
               CLDPROC completed...       0.1724 seconds
                  CHEM completed...       0.4261 seconds
                  AERO completed...       0.5314 seconds
            Master Time Step
            Processing completed...       3.7210 seconds

     Processing Day/Time [YYYYDDD:HHMMSS]: 2017357:091600
       Which is Equivalent to (UTC): 9:16:00  Saturday,  Dec. 23, 2017
       Time-Step Length (HHMMSS): 000400
                 VDIFF completed...       0.5760 seconds
                COUPLE completed...       0.0593 seconds
                  HADV completed...       1.4559 seconds
                  ZADV completed...       0.2030 seconds
                 HDIFF completed...       0.1371 seconds
              DECOUPLE completed...       0.0336 seconds
                  PHOT completed...       0.1201 seconds
               CLDPROC completed...       0.1718 seconds
                  CHEM completed...       0.4269 seconds
                  AERO completed...       0.5384 seconds
            Master Time Step
            Processing completed...       3.7264 seconds

     Processing Day/Time [YYYYDDD:HHMMSS]: 2017357:092000
       Which is Equivalent to (UTC): 9:20:00  Saturday,  Dec. 23, 2017
       Time-Step Length (HHMMSS): 000400
                 VDIFF completed...       0.5683 seconds
                COUPLE completed...       0.0619 seconds
                  HADV completed...       1.4706 seconds
                  ZADV completed...       0.2024 seconds
                 HDIFF completed...       0.1369 seconds
              DECOUPLE completed...       0.0329 seconds
                  PHOT completed...       0.1210 seconds
               CLDPROC completed...       0.1722 seconds
                  CHEM completed...       0.4264 seconds
                  AERO completed...       0.5339 seconds
            Master Time Step
            Processing completed...       3.7308 seconds

     Processing Day/Time [YYYYDDD:HHMMSS]: 2017357:092400
       Which is Equivalent to (UTC): 9:24:00  Saturday,  Dec. 23, 2017
       Time-Step Length (HHMMSS): 000400
                 VDIFF completed...       0.5755 seconds
                COUPLE completed...       0.0627 seconds
                  HADV completed...       1.4679 seconds
                  ZADV completed...       0.2025 seconds
                 HDIFF completed...       0.1372 seconds
              DECOUPLE completed...       0.0335 seconds
                  PHOT completed...       0.1211 seconds
               CLDPROC completed...       0.1730 seconds
                  CHEM completed...       0.4250 seconds
                  AERO completed...       0.5343 seconds
            Master Time Step
            Processing completed...       3.7349 seconds

     Processing Day/Time [YYYYDDD:HHMMSS]: 2017357:092800
       Which is Equivalent to (UTC): 9:28:00  Saturday,  Dec. 23, 2017
       Time-Step Length (HHMMSS): 000400
                 VDIFF completed...       0.5807 seconds
                COUPLE completed...       0.0616 seconds
                  HADV completed...       1.4580 seconds
                  ZADV completed...       0.2032 seconds
                 HDIFF completed...       0.1409 seconds
              DECOUPLE completed...       0.0341 seconds
                  PHOT completed...       0.1179 seconds
               CLDPROC completed...       0.1713 seconds
                  CHEM completed...       0.4256 seconds
                  AERO completed...       0.5400 seconds
            Master Time Step
            Processing completed...       3.7373 seconds

     Processing Day/Time [YYYYDDD:HHMMSS]: 2017357:093200
       Which is Equivalent to (UTC): 9:32:00  Saturday,  Dec. 23, 2017
       Time-Step Length (HHMMSS): 000400
                 VDIFF completed...       0.5642 seconds
                COUPLE completed...       0.0622 seconds
                  HADV completed...       1.4532 seconds
                  ZADV completed...       0.2031 seconds
                 HDIFF completed...       0.1381 seconds
              DECOUPLE completed...       0.0330 seconds
                  PHOT completed...       0.1211 seconds
               CLDPROC completed...       0.1741 seconds
                  CHEM completed...       0.4256 seconds
                  AERO completed...       0.5435 seconds
            Master Time Step
            Processing completed...       3.7189 seconds

     Processing Day/Time [YYYYDDD:HHMMSS]: 2017357:093600
       Which is Equivalent to (UTC): 9:36:00  Saturday,  Dec. 23, 2017
       Time-Step Length (HHMMSS): 000400
                 VDIFF completed...       0.5693 seconds
                COUPLE completed...       0.0585 seconds
                  HADV completed...       1.4707 seconds
                  ZADV completed...       0.2029 seconds
                 HDIFF completed...       0.1371 seconds
              DECOUPLE completed...       0.0330 seconds
                  PHOT completed...       0.1208 seconds
               CLDPROC completed...       0.1723 seconds
                  CHEM completed...       0.4255 seconds
                  AERO completed...       0.5482 seconds
            Master Time Step
            Processing completed...       3.7421 seconds

     Processing Day/Time [YYYYDDD:HHMMSS]: 2017357:094000
       Which is Equivalent to (UTC): 9:40:00  Saturday,  Dec. 23, 2017
       Time-Step Length (HHMMSS): 000400
                 VDIFF completed...       0.5570 seconds
                COUPLE completed...       0.0637 seconds
                  HADV completed...       1.4482 seconds
                  ZADV completed...       0.2029 seconds
                 HDIFF completed...       0.1364 seconds
              DECOUPLE completed...       0.0361 seconds
                  PHOT completed...       0.1189 seconds
               CLDPROC completed...       0.1724 seconds
                  CHEM completed...       0.4243 seconds
                  AERO completed...       0.5447 seconds
            Master Time Step
            Processing completed...       3.7091 seconds

     Processing Day/Time [YYYYDDD:HHMMSS]: 2017357:094400
       Which is Equivalent to (UTC): 9:44:00  Saturday,  Dec. 23, 2017
       Time-Step Length (HHMMSS): 000400
                 VDIFF completed...       0.5588 seconds
                COUPLE completed...       0.0630 seconds
                  HADV completed...       1.4549 seconds
                  ZADV completed...       0.2031 seconds
                 HDIFF completed...       0.1368 seconds
              DECOUPLE completed...       0.0327 seconds
                  PHOT completed...       0.1210 seconds
               CLDPROC completed...       0.1736 seconds
                  CHEM completed...       0.4260 seconds
                  AERO completed...       0.5413 seconds
            Master Time Step
            Processing completed...       3.7159 seconds

     Processing Day/Time [YYYYDDD:HHMMSS]: 2017357:094800
       Which is Equivalent to (UTC): 9:48:00  Saturday,  Dec. 23, 2017
       Time-Step Length (HHMMSS): 000400
                 VDIFF completed...       0.5632 seconds
                COUPLE completed...       0.0639 seconds
                  HADV completed...       1.4352 seconds
                  ZADV completed...       0.2035 seconds
                 HDIFF completed...       0.1373 seconds
              DECOUPLE completed...       0.0328 seconds
                  PHOT completed...       0.1211 seconds
               CLDPROC completed...       0.1732 seconds
                  CHEM completed...       0.4257 seconds
                  AERO completed...       0.5444 seconds
            Master Time Step
            Processing completed...       3.7050 seconds

     Processing Day/Time [YYYYDDD:HHMMSS]: 2017357:095200
       Which is Equivalent to (UTC): 9:52:00  Saturday,  Dec. 23, 2017
       Time-Step Length (HHMMSS): 000400
                 VDIFF completed...       0.5675 seconds
                COUPLE completed...       0.0637 seconds
                  HADV completed...       1.4838 seconds
                  ZADV completed...       0.2031 seconds
                 HDIFF completed...       0.1369 seconds
              DECOUPLE completed...       0.0331 seconds
                  PHOT completed...       0.1213 seconds
               CLDPROC completed...       0.1726 seconds
                  CHEM completed...       0.4254 seconds
                  AERO completed...       0.5342 seconds
            Master Time Step
            Processing completed...       3.7460 seconds

     Processing Day/Time [YYYYDDD:HHMMSS]: 2017357:095600
       Which is Equivalent to (UTC): 9:56:00  Saturday,  Dec. 23, 2017
       Time-Step Length (HHMMSS): 000400
                 VDIFF completed...       1.8413 seconds
                COUPLE completed...       0.1106 seconds
                  HADV completed...       0.9339 seconds
                  ZADV completed...       0.2033 seconds
                 HDIFF completed...       0.1383 seconds
              DECOUPLE completed...       0.0338 seconds
                  PHOT completed...       0.1200 seconds
               CLDPROC completed...       1.1233 seconds
                  CHEM completed...       0.4353 seconds
                  AERO completed...       0.5566 seconds
            Master Time Step
            Processing completed...       5.5014 seconds

      =--> Data Output completed...       1.1571 seconds

     Processing Day/Time [YYYYDDD:HHMMSS]: 2017357:100000
       Which is Equivalent to (UTC): 10:00:00 Saturday,  Dec. 23, 2017
       Time-Step Length (HHMMSS): 000400
                 VDIFF completed...       5.1650 seconds
                COUPLE completed...       0.0935 seconds
                  HADV completed...       1.7764 seconds
                  ZADV completed...       0.1997 seconds
                 HDIFF completed...       0.1408 seconds
              DECOUPLE completed...       0.0337 seconds
                  PHOT completed...       1.2387 seconds
               CLDPROC completed...       0.1833 seconds
                  CHEM completed...       0.4298 seconds
                  AERO completed...       0.5511 seconds
            Master Time Step
            Processing completed...       9.8147 seconds

     Processing Day/Time [YYYYDDD:HHMMSS]: 2017357:100400
       Which is Equivalent to (UTC): 10:04:00 Saturday,  Dec. 23, 2017
       Time-Step Length (HHMMSS): 000400
                 VDIFF completed...       0.5854 seconds
                COUPLE completed...       0.0772 seconds
                  HADV completed...       1.4170 seconds
                  ZADV completed...       0.1994 seconds
                 HDIFF completed...       0.1440 seconds
              DECOUPLE completed...       0.0329 seconds
                  PHOT completed...       0.1217 seconds
               CLDPROC completed...       0.1740 seconds
                  CHEM completed...       0.4266 seconds
                  AERO completed...       0.5527 seconds
            Master Time Step
            Processing completed...       3.7317 seconds

     Processing Day/Time [YYYYDDD:HHMMSS]: 2017357:100800
       Which is Equivalent to (UTC): 10:08:00 Saturday,  Dec. 23, 2017
       Time-Step Length (HHMMSS): 000400
                 VDIFF completed...       0.5864 seconds
                COUPLE completed...       0.0715 seconds
                  HADV completed...       1.4283 seconds
                  ZADV completed...       0.1998 seconds
                 HDIFF completed...       0.1408 seconds
              DECOUPLE completed...       0.0327 seconds
                  PHOT completed...       0.1213 seconds
               CLDPROC completed...       0.1732 seconds
                  CHEM completed...       0.4260 seconds
                  AERO completed...       0.5561 seconds
            Master Time Step
            Processing completed...       3.7371 seconds

     Processing Day/Time [YYYYDDD:HHMMSS]: 2017357:101200
       Which is Equivalent to (UTC): 10:12:00 Saturday,  Dec. 23, 2017
       Time-Step Length (HHMMSS): 000400
                 VDIFF completed...       0.5580 seconds
                COUPLE completed...       0.0798 seconds
                  HADV completed...       1.4363 seconds
                  ZADV completed...       0.1988 seconds
                 HDIFF completed...       0.1438 seconds
              DECOUPLE completed...       0.0332 seconds
                  PHOT completed...       0.1211 seconds
               CLDPROC completed...       0.1730 seconds
                  CHEM completed...       0.4256 seconds
                  AERO completed...       0.5548 seconds
            Master Time Step
            Processing completed...       3.7272 seconds

     Processing Day/Time [YYYYDDD:HHMMSS]: 2017357:101600
       Which is Equivalent to (UTC): 10:16:00 Saturday,  Dec. 23, 2017
       Time-Step Length (HHMMSS): 000400
                 VDIFF completed...       0.5851 seconds
                COUPLE completed...       0.0675 seconds
                  HADV completed...       1.4290 seconds
                  ZADV completed...       0.1995 seconds
                 HDIFF completed...       0.1410 seconds
              DECOUPLE completed...       0.0332 seconds
                  PHOT completed...       0.1211 seconds
               CLDPROC completed...       0.1725 seconds
                  CHEM completed...       0.4253 seconds
                  AERO completed...       0.5568 seconds
            Master Time Step
            Processing completed...       3.7357 seconds

     Processing Day/Time [YYYYDDD:HHMMSS]: 2017357:102000
       Which is Equivalent to (UTC): 10:20:00 Saturday,  Dec. 23, 2017
       Time-Step Length (HHMMSS): 000400
                 VDIFF completed...       0.5822 seconds
                COUPLE completed...       0.0678 seconds
                  HADV completed...       1.4286 seconds
                  ZADV completed...       0.1998 seconds
                 HDIFF completed...       0.1398 seconds
              DECOUPLE completed...       0.0332 seconds
                  PHOT completed...       0.1209 seconds
               CLDPROC completed...       0.1727 seconds
                  CHEM completed...       0.4246 seconds
                  AERO completed...       0.5579 seconds
            Master Time Step
            Processing completed...       3.7323 seconds

     Processing Day/Time [YYYYDDD:HHMMSS]: 2017357:102400
       Which is Equivalent to (UTC): 10:24:00 Saturday,  Dec. 23, 2017
       Time-Step Length (HHMMSS): 000400
                 VDIFF completed...       0.5719 seconds
                COUPLE completed...       0.0706 seconds
                  HADV completed...       1.4273 seconds
                  ZADV completed...       0.1996 seconds
                 HDIFF completed...       0.1404 seconds
              DECOUPLE completed...       0.0342 seconds
                  PHOT completed...       0.1205 seconds
               CLDPROC completed...       0.1722 seconds
                  CHEM completed...       0.4248 seconds
                  AERO completed...       0.5547 seconds
            Master Time Step
            Processing completed...       3.7207 seconds

     Processing Day/Time [YYYYDDD:HHMMSS]: 2017357:102800
       Which is Equivalent to (UTC): 10:28:00 Saturday,  Dec. 23, 2017
       Time-Step Length (HHMMSS): 000400
                 VDIFF completed...       0.5857 seconds
                COUPLE completed...       0.0692 seconds
                  HADV completed...       1.4326 seconds
                  ZADV completed...       0.1980 seconds
                 HDIFF completed...       0.1425 seconds
              DECOUPLE completed...       0.0334 seconds
                  PHOT completed...       0.1217 seconds
               CLDPROC completed...       0.1725 seconds
                  CHEM completed...       0.4235 seconds
                  AERO completed...       0.5582 seconds
            Master Time Step
            Processing completed...       3.7395 seconds

     Processing Day/Time [YYYYDDD:HHMMSS]: 2017357:103200
       Which is Equivalent to (UTC): 10:32:00 Saturday,  Dec. 23, 2017
       Time-Step Length (HHMMSS): 000400
                 VDIFF completed...       0.5828 seconds
                COUPLE completed...       0.0670 seconds
                  HADV completed...       1.4215 seconds
                  ZADV completed...       0.1986 seconds
                 HDIFF completed...       0.1404 seconds
              DECOUPLE completed...       0.0340 seconds
                  PHOT completed...       0.1200 seconds
               CLDPROC completed...       0.1735 seconds
                  CHEM completed...       0.4228 seconds
                  AERO completed...       0.5538 seconds
            Master Time Step
            Processing completed...       3.7192 seconds

     Processing Day/Time [YYYYDDD:HHMMSS]: 2017357:103600
       Which is Equivalent to (UTC): 10:36:00 Saturday,  Dec. 23, 2017
       Time-Step Length (HHMMSS): 000400
                 VDIFF completed...       0.5834 seconds
                COUPLE completed...       0.0705 seconds
                  HADV completed...       1.4396 seconds
                  ZADV completed...       0.2004 seconds
                 HDIFF completed...       0.1404 seconds
              DECOUPLE completed...       0.0331 seconds
                  PHOT completed...       0.1207 seconds
               CLDPROC completed...       0.1725 seconds
                  CHEM completed...       0.4246 seconds
                  AERO completed...       0.5606 seconds
            Master Time Step
            Processing completed...       3.7503 seconds

     Processing Day/Time [YYYYDDD:HHMMSS]: 2017357:104000
       Which is Equivalent to (UTC): 10:40:00 Saturday,  Dec. 23, 2017
       Time-Step Length (HHMMSS): 000400
                 VDIFF completed...       0.5811 seconds
                COUPLE completed...       0.0680 seconds
                  HADV completed...       1.4220 seconds
                  ZADV completed...       0.1997 seconds
                 HDIFF completed...       0.1422 seconds
              DECOUPLE completed...       0.0337 seconds
                  PHOT completed...       0.1203 seconds
               CLDPROC completed...       0.1721 seconds
                  CHEM completed...       0.4244 seconds
                  AERO completed...       0.5636 seconds
            Master Time Step
            Processing completed...       3.7311 seconds

     Processing Day/Time [YYYYDDD:HHMMSS]: 2017357:104400
       Which is Equivalent to (UTC): 10:44:00 Saturday,  Dec. 23, 2017
       Time-Step Length (HHMMSS): 000400
                 VDIFF completed...       0.5788 seconds
                COUPLE completed...       0.0662 seconds
                  HADV completed...       1.4393 seconds
                  ZADV completed...       0.1999 seconds
                 HDIFF completed...       0.1404 seconds
              DECOUPLE completed...       0.0335 seconds
                  PHOT completed...       0.1204 seconds
               CLDPROC completed...       0.1725 seconds
                  CHEM completed...       0.4235 seconds
                  AERO completed...       0.5593 seconds
            Master Time Step
            Processing completed...       3.7379 seconds

     Processing Day/Time [YYYYDDD:HHMMSS]: 2017357:104800
       Which is Equivalent to (UTC): 10:48:00 Saturday,  Dec. 23, 2017
       Time-Step Length (HHMMSS): 000400
                 VDIFF completed...       0.5849 seconds
                COUPLE completed...       0.0691 seconds
                  HADV completed...       1.4292 seconds
                  ZADV completed...       0.1993 seconds
                 HDIFF completed...       0.1421 seconds
              DECOUPLE completed...       0.0336 seconds
                  PHOT completed...       0.1206 seconds
               CLDPROC completed...       0.1719 seconds
                  CHEM completed...       0.4243 seconds
                  AERO completed...       0.5599 seconds
            Master Time Step
            Processing completed...       3.7382 seconds

     Processing Day/Time [YYYYDDD:HHMMSS]: 2017357:105200
       Which is Equivalent to (UTC): 10:52:00 Saturday,  Dec. 23, 2017
       Time-Step Length (HHMMSS): 000400
                 VDIFF completed...       0.5774 seconds
                COUPLE completed...       0.0687 seconds
                  HADV completed...       1.4203 seconds
                  ZADV completed...       0.2002 seconds
                 HDIFF completed...       0.1412 seconds
              DECOUPLE completed...       0.0334 seconds
                  PHOT completed...       0.1208 seconds
               CLDPROC completed...       0.1715 seconds
                  CHEM completed...       0.4255 seconds
                  AERO completed...       0.5622 seconds
            Master Time Step
            Processing completed...       3.7250 seconds

     Processing Day/Time [YYYYDDD:HHMMSS]: 2017357:105600
       Which is Equivalent to (UTC): 10:56:00 Saturday,  Dec. 23, 2017
       Time-Step Length (HHMMSS): 000400
                 VDIFF completed...       1.8407 seconds
                COUPLE completed...       0.1111 seconds
                  HADV completed...       0.9259 seconds
                  ZADV completed...       0.1982 seconds
                 HDIFF completed...       0.1441 seconds
              DECOUPLE completed...       0.0359 seconds
                  PHOT completed...       0.1200 seconds
               CLDPROC completed...       1.0850 seconds
                  CHEM completed...       0.4285 seconds
                  AERO completed...       0.5659 seconds
            Master Time Step
            Processing completed...       5.4589 seconds

      =--> Data Output completed...       1.1334 seconds

     Processing Day/Time [YYYYDDD:HHMMSS]: 2017357:110000
       Which is Equivalent to (UTC): 11:00:00 Saturday,  Dec. 23, 2017
       Time-Step Length (HHMMSS): 000400
                 VDIFF completed...       5.1327 seconds
                COUPLE completed...       0.0675 seconds
                  HADV completed...       1.7633 seconds
                  ZADV completed...       0.2035 seconds
                 HDIFF completed...       0.1363 seconds
              DECOUPLE completed...       0.0339 seconds
                  PHOT completed...       1.1830 seconds
               CLDPROC completed...       0.1819 seconds
                  CHEM completed...       0.4278 seconds
                  AERO completed...       0.5578 seconds
            Master Time Step
            Processing completed...       9.6907 seconds

     Processing Day/Time [YYYYDDD:HHMMSS]: 2017357:110400
       Which is Equivalent to (UTC): 11:04:00 Saturday,  Dec. 23, 2017
       Time-Step Length (HHMMSS): 000400
                 VDIFF completed...       0.6142 seconds
                COUPLE completed...       0.0508 seconds
                  HADV completed...       1.4048 seconds
                  ZADV completed...       0.2001 seconds
                 HDIFF completed...       0.1450 seconds
              DECOUPLE completed...       0.0332 seconds
                  PHOT completed...       0.1214 seconds
               CLDPROC completed...       0.1727 seconds
                  CHEM completed...       0.4252 seconds
                  AERO completed...       0.5666 seconds
            Master Time Step
            Processing completed...       3.7376 seconds

     Processing Day/Time [YYYYDDD:HHMMSS]: 2017357:110800
       Which is Equivalent to (UTC): 11:08:00 Saturday,  Dec. 23, 2017
       Time-Step Length (HHMMSS): 000400
                 VDIFF completed...       0.5962 seconds
                COUPLE completed...       0.0673 seconds
                  HADV completed...       1.4210 seconds
                  ZADV completed...       0.1991 seconds
                 HDIFF completed...       0.1413 seconds
              DECOUPLE completed...       0.0330 seconds
                  PHOT completed...       0.1213 seconds
               CLDPROC completed...       0.1732 seconds
                  CHEM completed...       0.4239 seconds
                  AERO completed...       0.5683 seconds
            Master Time Step
            Processing completed...       3.7474 seconds

     Processing Day/Time [YYYYDDD:HHMMSS]: 2017357:111200
       Which is Equivalent to (UTC): 11:12:00 Saturday,  Dec. 23, 2017
       Time-Step Length (HHMMSS): 000400
                 VDIFF completed...       0.5960 seconds
                COUPLE completed...       0.0606 seconds
                  HADV completed...       1.4112 seconds
                  ZADV completed...       0.2000 seconds
                 HDIFF completed...       0.1411 seconds
              DECOUPLE completed...       0.0340 seconds
                  PHOT completed...       0.1210 seconds
               CLDPROC completed...       0.1721 seconds
                  CHEM completed...       0.4241 seconds
                  AERO completed...       0.5518 seconds
            Master Time Step
            Processing completed...       3.7153 seconds

     Processing Day/Time [YYYYDDD:HHMMSS]: 2017357:111600
       Which is Equivalent to (UTC): 11:16:00 Saturday,  Dec. 23, 2017
       Time-Step Length (HHMMSS): 000400
                 VDIFF completed...       0.6096 seconds
                COUPLE completed...       0.0598 seconds
                  HADV completed...       1.4042 seconds
                  ZADV completed...       0.1999 seconds
                 HDIFF completed...       0.1417 seconds
              DECOUPLE completed...       0.0337 seconds
                  PHOT completed...       0.1197 seconds
               CLDPROC completed...       0.1731 seconds
                  CHEM completed...       0.4239 seconds
                  AERO completed...       0.5695 seconds
            Master Time Step
            Processing completed...       3.7398 seconds

     Processing Day/Time [YYYYDDD:HHMMSS]: 2017357:112000
       Which is Equivalent to (UTC): 11:20:00 Saturday,  Dec. 23, 2017
       Time-Step Length (HHMMSS): 000400
                 VDIFF completed...       0.5952 seconds
                COUPLE completed...       0.0601 seconds
                  HADV completed...       1.4124 seconds
                  ZADV completed...       0.2003 seconds
                 HDIFF completed...       0.1410 seconds
              DECOUPLE completed...       0.0342 seconds
                  PHOT completed...       0.1191 seconds
               CLDPROC completed...       0.1714 seconds
                  CHEM completed...       0.4238 seconds
                  AERO completed...       0.5596 seconds
            Master Time Step
            Processing completed...       3.7216 seconds

     Processing Day/Time [YYYYDDD:HHMMSS]: 2017357:112400
       Which is Equivalent to (UTC): 11:24:00 Saturday,  Dec. 23, 2017
       Time-Step Length (HHMMSS): 000400
                 VDIFF completed...       0.6149 seconds
                COUPLE completed...       0.0693 seconds
                  HADV completed...       1.3840 seconds
                  ZADV completed...       0.1998 seconds
                 HDIFF completed...       0.1408 seconds
              DECOUPLE completed...       0.0358 seconds
                  PHOT completed...       0.1175 seconds
               CLDPROC completed...       0.1680 seconds
                  CHEM completed...       0.4246 seconds
                  AERO completed...       0.5685 seconds
            Master Time Step
            Processing completed...       3.7279 seconds

     Processing Day/Time [YYYYDDD:HHMMSS]: 2017357:112800
       Which is Equivalent to (UTC): 11:28:00 Saturday,  Dec. 23, 2017
       Time-Step Length (HHMMSS): 000400
                 VDIFF completed...       0.6049 seconds
                COUPLE completed...       0.0731 seconds
                  HADV completed...       1.4017 seconds
                  ZADV completed...       0.2015 seconds
                 HDIFF completed...       0.1403 seconds
              DECOUPLE completed...       0.0323 seconds
                  PHOT completed...       0.1199 seconds
               CLDPROC completed...       0.1680 seconds
                  CHEM completed...       0.4250 seconds
                  AERO completed...       0.5665 seconds
            Master Time Step
            Processing completed...       3.7378 seconds

     Processing Day/Time [YYYYDDD:HHMMSS]: 2017357:113200
       Which is Equivalent to (UTC): 11:32:00 Saturday,  Dec. 23, 2017
       Time-Step Length (HHMMSS): 000400
                 VDIFF completed...       0.6060 seconds
                COUPLE completed...       0.0778 seconds
                  HADV completed...       1.3861 seconds
                  ZADV completed...       0.1995 seconds
                 HDIFF completed...       0.1436 seconds
              DECOUPLE completed...       0.0344 seconds
                  PHOT completed...       0.1188 seconds
               CLDPROC completed...       0.1658 seconds
                  CHEM completed...       0.4209 seconds
                  AERO completed...       0.5688 seconds
            Master Time Step
            Processing completed...       3.7266 seconds

     Processing Day/Time [YYYYDDD:HHMMSS]: 2017357:113600
       Which is Equivalent to (UTC): 11:36:00 Saturday,  Dec. 23, 2017
       Time-Step Length (HHMMSS): 000400
                 VDIFF completed...       0.5998 seconds
                COUPLE completed...       0.0778 seconds
                  HADV completed...       1.4149 seconds
                  ZADV completed...       0.2003 seconds
                 HDIFF completed...       0.1408 seconds
              DECOUPLE completed...       0.0339 seconds
                  PHOT completed...       0.1188 seconds
               CLDPROC completed...       0.1668 seconds
                  CHEM completed...       0.4167 seconds
                  AERO completed...       0.5685 seconds
            Master Time Step
            Processing completed...       3.7428 seconds

     Processing Day/Time [YYYYDDD:HHMMSS]: 2017357:114000
       Which is Equivalent to (UTC): 11:40:00 Saturday,  Dec. 23, 2017
       Time-Step Length (HHMMSS): 000400
                 VDIFF completed...       0.6184 seconds
                COUPLE completed...       0.0759 seconds
                  HADV completed...       1.4017 seconds
                  ZADV completed...       0.2001 seconds
                 HDIFF completed...       0.1408 seconds
              DECOUPLE completed...       0.0338 seconds
                  PHOT completed...       0.1179 seconds
               CLDPROC completed...       0.1641 seconds
                  CHEM completed...       0.4150 seconds
                  AERO completed...       0.5797 seconds
            Master Time Step
            Processing completed...       3.7519 seconds

     Processing Day/Time [YYYYDDD:HHMMSS]: 2017357:114400
       Which is Equivalent to (UTC): 11:44:00 Saturday,  Dec. 23, 2017
       Time-Step Length (HHMMSS): 000400
                 VDIFF completed...       0.6123 seconds
                COUPLE completed...       0.0793 seconds
                  HADV completed...       1.3802 seconds
                  ZADV completed...       0.1996 seconds
                 HDIFF completed...       0.1415 seconds
              DECOUPLE completed...       0.0340 seconds
                  PHOT completed...       0.1176 seconds
               CLDPROC completed...       0.1606 seconds
                  CHEM completed...       0.4129 seconds
                  AERO completed...       0.5663 seconds
            Master Time Step
            Processing completed...       3.7091 seconds

     Processing Day/Time [YYYYDDD:HHMMSS]: 2017357:114800
       Which is Equivalent to (UTC): 11:48:00 Saturday,  Dec. 23, 2017
       Time-Step Length (HHMMSS): 000400
                 VDIFF completed...       0.6257 seconds
                COUPLE completed...       0.0870 seconds
                  HADV completed...       1.3924 seconds
                  ZADV completed...       0.2007 seconds
                 HDIFF completed...       0.1412 seconds
              DECOUPLE completed...       0.0339 seconds
                  PHOT completed...       0.1186 seconds
               CLDPROC completed...       0.1623 seconds
                  CHEM completed...       0.4119 seconds
                  AERO completed...       0.5547 seconds
            Master Time Step
            Processing completed...       3.7307 seconds

     Processing Day/Time [YYYYDDD:HHMMSS]: 2017357:115200
       Which is Equivalent to (UTC): 11:52:00 Saturday,  Dec. 23, 2017
       Time-Step Length (HHMMSS): 000400
                 VDIFF completed...       0.6341 seconds
                COUPLE completed...       0.0895 seconds
                  HADV completed...       1.3695 seconds
                  ZADV completed...       0.2000 seconds
                 HDIFF completed...       0.1400 seconds
              DECOUPLE completed...       0.0352 seconds
                  PHOT completed...       0.1175 seconds
               CLDPROC completed...       0.1605 seconds
                  CHEM completed...       0.4091 seconds
                  AERO completed...       0.5561 seconds
            Master Time Step
            Processing completed...       3.7138 seconds

     Processing Day/Time [YYYYDDD:HHMMSS]: 2017357:115600
       Which is Equivalent to (UTC): 11:56:00 Saturday,  Dec. 23, 2017
       Time-Step Length (HHMMSS): 000400
                 VDIFF completed...       1.8870 seconds
                COUPLE completed...       0.1110 seconds
                  HADV completed...       0.9215 seconds
                  ZADV completed...       0.1995 seconds
                 HDIFF completed...       0.1432 seconds
              DECOUPLE completed...       0.0337 seconds
                  PHOT completed...       0.1167 seconds
               CLDPROC completed...       1.1276 seconds
                  CHEM completed...       0.4181 seconds
                  AERO completed...       0.5682 seconds
            Master Time Step
            Processing completed...       5.5312 seconds

      =--> Data Output completed...       1.1484 seconds

     Processing Day/Time [YYYYDDD:HHMMSS]: 2017357:120000
       Which is Equivalent to (UTC): 12:00:00 Saturday,  Dec. 23, 2017
       Time-Step Length (HHMMSS): 000400
                 VDIFF completed...       5.2639 seconds
                COUPLE completed...       0.0809 seconds
                  HADV completed...       1.7863 seconds
                  ZADV completed...       0.2035 seconds
                 HDIFF completed...       0.1376 seconds
              DECOUPLE completed...       0.0327 seconds
                  PHOT completed...       1.2347 seconds
               CLDPROC completed...       0.1676 seconds
                  CHEM completed...       0.4071 seconds
                  AERO completed...       0.5444 seconds
            Master Time Step
            Processing completed...       9.8600 seconds

     Processing Day/Time [YYYYDDD:HHMMSS]: 2017357:120400
       Which is Equivalent to (UTC): 12:04:00 Saturday,  Dec. 23, 2017
       Time-Step Length (HHMMSS): 000400
                 VDIFF completed...       0.5948 seconds
                COUPLE completed...       0.0898 seconds
                  HADV completed...       1.4311 seconds
                  ZADV completed...       0.2039 seconds
                 HDIFF completed...       0.1371 seconds
              DECOUPLE completed...       0.0326 seconds
                  PHOT completed...       0.1176 seconds
               CLDPROC completed...       0.1604 seconds
                  CHEM completed...       0.4004 seconds
                  AERO completed...       0.5449 seconds
            Master Time Step
            Processing completed...       3.7140 seconds

     Processing Day/Time [YYYYDDD:HHMMSS]: 2017357:120800
       Which is Equivalent to (UTC): 12:08:00 Saturday,  Dec. 23, 2017
       Time-Step Length (HHMMSS): 000400
                 VDIFF completed...       0.6033 seconds
                COUPLE completed...       0.0897 seconds
                  HADV completed...       1.4123 seconds
                  ZADV completed...       0.2035 seconds
                 HDIFF completed...       0.1433 seconds
              DECOUPLE completed...       0.0326 seconds
                  PHOT completed...       0.1169 seconds
               CLDPROC completed...       0.1589 seconds
                  CHEM completed...       0.3994 seconds
                  AERO completed...       0.5388 seconds
            Master Time Step
            Processing completed...       3.6996 seconds

     Processing Day/Time [YYYYDDD:HHMMSS]: 2017357:121200
       Which is Equivalent to (UTC): 12:12:00 Saturday,  Dec. 23, 2017
       Time-Step Length (HHMMSS): 000400
                 VDIFF completed...       0.6502 seconds
                COUPLE completed...       0.0874 seconds
                  HADV completed...       1.3706 seconds
                  ZADV completed...       0.2035 seconds
                 HDIFF completed...       0.1369 seconds
              DECOUPLE completed...       0.0329 seconds
                  PHOT completed...       0.1170 seconds
               CLDPROC completed...       0.1590 seconds
                  CHEM completed...       0.3967 seconds
                  AERO completed...       0.5395 seconds
            Master Time Step
            Processing completed...       3.6948 seconds

     Processing Day/Time [YYYYDDD:HHMMSS]: 2017357:121600
       Which is Equivalent to (UTC): 12:16:00 Saturday,  Dec. 23, 2017
       Time-Step Length (HHMMSS): 000400
                 VDIFF completed...       0.5766 seconds
                COUPLE completed...       0.0814 seconds
                  HADV completed...       1.4626 seconds
                  ZADV completed...       0.2030 seconds
                 HDIFF completed...       0.1415 seconds
              DECOUPLE completed...       0.0320 seconds
                  PHOT completed...       0.1154 seconds
               CLDPROC completed...       0.1579 seconds
                  CHEM completed...       0.3957 seconds
                  AERO completed...       0.5407 seconds
            Master Time Step
            Processing completed...       3.7104 seconds

     Processing Day/Time [YYYYDDD:HHMMSS]: 2017357:122000
       Which is Equivalent to (UTC): 12:20:00 Saturday,  Dec. 23, 2017
       Time-Step Length (HHMMSS): 000400
                 VDIFF completed...       0.5793 seconds
                COUPLE completed...       0.0812 seconds
                  HADV completed...       1.4891 seconds
                  ZADV completed...       0.2039 seconds
                 HDIFF completed...       0.1370 seconds
              DECOUPLE completed...       0.0320 seconds
                  PHOT completed...       0.1161 seconds
               CLDPROC completed...       0.1576 seconds
                  CHEM completed...       0.3922 seconds
                  AERO completed...       0.5345 seconds
            Master Time Step
            Processing completed...       3.7265 seconds

     Processing Day/Time [YYYYDDD:HHMMSS]: 2017357:122400
       Which is Equivalent to (UTC): 12:24:00 Saturday,  Dec. 23, 2017
       Time-Step Length (HHMMSS): 000400
                 VDIFF completed...       0.5900 seconds
                COUPLE completed...       0.0878 seconds
                  HADV completed...       1.5329 seconds
                  ZADV completed...       0.2038 seconds
                 HDIFF completed...       0.1364 seconds
              DECOUPLE completed...       0.0325 seconds
                  PHOT completed...       0.1159 seconds
               CLDPROC completed...       0.1569 seconds
                  CHEM completed...       0.3900 seconds
                  AERO completed...       0.5331 seconds
            Master Time Step
            Processing completed...       3.7801 seconds

     Processing Day/Time [YYYYDDD:HHMMSS]: 2017357:122800
       Which is Equivalent to (UTC): 12:28:00 Saturday,  Dec. 23, 2017
       Time-Step Length (HHMMSS): 000400
                 VDIFF completed...       0.5738 seconds
                COUPLE completed...       0.0862 seconds
                  HADV completed...       1.5769 seconds
                  ZADV completed...       0.2038 seconds
                 HDIFF completed...       0.1369 seconds
              DECOUPLE completed...       0.0353 seconds
                  PHOT completed...       0.1129 seconds
               CLDPROC completed...       0.1552 seconds
                  CHEM completed...       0.3876 seconds
                  AERO completed...       0.5291 seconds
            Master Time Step
            Processing completed...       3.8021 seconds

     Processing Day/Time [YYYYDDD:HHMMSS]: 2017357:123200
       Which is Equivalent to (UTC): 12:32:00 Saturday,  Dec. 23, 2017
       Time-Step Length (HHMMSS): 000400
                 VDIFF completed...       0.5635 seconds
                COUPLE completed...       0.0840 seconds
                  HADV completed...       1.6197 seconds
                  ZADV completed...       0.2035 seconds
                 HDIFF completed...       0.1376 seconds
              DECOUPLE completed...       0.0335 seconds
                  PHOT completed...       0.1146 seconds
               CLDPROC completed...       0.1549 seconds
                  CHEM completed...       0.3885 seconds
                  AERO completed...       0.5316 seconds
            Master Time Step
            Processing completed...       3.8360 seconds

     Processing Day/Time [YYYYDDD:HHMMSS]: 2017357:123600
       Which is Equivalent to (UTC): 12:36:00 Saturday,  Dec. 23, 2017
       Time-Step Length (HHMMSS): 000400
                 VDIFF completed...       0.5665 seconds
                COUPLE completed...       0.0885 seconds
                  HADV completed...       1.5782 seconds
                  ZADV completed...       0.2033 seconds
                 HDIFF completed...       0.1392 seconds
              DECOUPLE completed...       0.0329 seconds
                  PHOT completed...       0.1137 seconds
               CLDPROC completed...       0.1550 seconds
                  CHEM completed...       0.3872 seconds
                  AERO completed...       0.5260 seconds
            Master Time Step
            Processing completed...       3.7940 seconds

     Processing Day/Time [YYYYDDD:HHMMSS]: 2017357:124000
       Which is Equivalent to (UTC): 12:40:00 Saturday,  Dec. 23, 2017
       Time-Step Length (HHMMSS): 000400
                 VDIFF completed...       0.5716 seconds
                COUPLE completed...       0.0936 seconds
                  HADV completed...       1.5554 seconds
                  ZADV completed...       0.2038 seconds
                 HDIFF completed...       0.1370 seconds
              DECOUPLE completed...       0.0327 seconds
                  PHOT completed...       0.1143 seconds
               CLDPROC completed...       0.1539 seconds
                  CHEM completed...       0.3850 seconds
                  AERO completed...       0.5295 seconds
            Master Time Step
            Processing completed...       3.7808 seconds

     Processing Day/Time [YYYYDDD:HHMMSS]: 2017357:124400
       Which is Equivalent to (UTC): 12:44:00 Saturday,  Dec. 23, 2017
       Time-Step Length (HHMMSS): 000400
                 VDIFF completed...       0.5560 seconds
                COUPLE completed...       0.0962 seconds
                  HADV completed...       1.5741 seconds
                  ZADV completed...       0.2040 seconds
                 HDIFF completed...       0.1371 seconds
              DECOUPLE completed...       0.0332 seconds
                  PHOT completed...       0.1130 seconds
               CLDPROC completed...       0.1519 seconds
                  CHEM completed...       0.3851 seconds
                  AERO completed...       0.5315 seconds
            Master Time Step
            Processing completed...       3.7857 seconds

     Processing Day/Time [YYYYDDD:HHMMSS]: 2017357:124800
       Which is Equivalent to (UTC): 12:48:00 Saturday,  Dec. 23, 2017
       Time-Step Length (HHMMSS): 000400
                 VDIFF completed...       0.5424 seconds
                COUPLE completed...       0.0914 seconds
                  HADV completed...       1.5688 seconds
                  ZADV completed...       0.2034 seconds
                 HDIFF completed...       0.1361 seconds
              DECOUPLE completed...       0.0336 seconds
                  PHOT completed...       0.1124 seconds
               CLDPROC completed...       0.1498 seconds
                  CHEM completed...       0.3866 seconds
                  AERO completed...       0.5302 seconds
            Master Time Step
            Processing completed...       3.7588 seconds

     Processing Day/Time [YYYYDDD:HHMMSS]: 2017357:125200
       Which is Equivalent to (UTC): 12:52:00 Saturday,  Dec. 23, 2017
       Time-Step Length (HHMMSS): 000400
                 VDIFF completed...       0.5379 seconds
                COUPLE completed...       0.0858 seconds
                  HADV completed...       1.6202 seconds
                  ZADV completed...       0.2037 seconds
                 HDIFF completed...       0.2747 seconds
              DECOUPLE completed...       0.0332 seconds
                  PHOT completed...       0.1131 seconds
               CLDPROC completed...       0.1498 seconds
                  CHEM completed...       0.3855 seconds
                  AERO completed...       0.5306 seconds
            Master Time Step
            Processing completed...       3.9365 seconds

     Processing Day/Time [YYYYDDD:HHMMSS]: 2017357:125600
       Which is Equivalent to (UTC): 12:56:00 Saturday,  Dec. 23, 2017
       Time-Step Length (HHMMSS): 000400
                 VDIFF completed...       1.9736 seconds
                COUPLE completed...       0.1026 seconds
                  HADV completed...       0.9626 seconds
                  ZADV completed...       0.2035 seconds
                 HDIFF completed...       0.1367 seconds
              DECOUPLE completed...       0.0331 seconds
                  PHOT completed...       0.1138 seconds
               CLDPROC completed...       1.2256 seconds
                  CHEM completed...       0.3890 seconds
                  AERO completed...       0.5465 seconds
            Master Time Step
            Processing completed...       5.6878 seconds

      =--> Data Output completed...       1.1780 seconds

     Processing Day/Time [YYYYDDD:HHMMSS]: 2017357:130000
       Which is Equivalent to (UTC): 13:00:00 Saturday,  Dec. 23, 2017
       Time-Step Length (HHMMSS): 000400
                 VDIFF completed...       5.0630 seconds
                COUPLE completed...       0.0763 seconds
                  HADV completed...       1.8037 seconds
                  ZADV completed...       0.2037 seconds
                 HDIFF completed...       0.1375 seconds
              DECOUPLE completed...       0.0337 seconds
                  PHOT completed...       1.2289 seconds
               CLDPROC completed...       0.1529 seconds
                  CHEM completed...       0.3911 seconds
                  AERO completed...       0.5318 seconds
            Master Time Step
            Processing completed...       9.6255 seconds

     Processing Day/Time [YYYYDDD:HHMMSS]: 2017357:130400
       Which is Equivalent to (UTC): 13:04:00 Saturday,  Dec. 23, 2017
       Time-Step Length (HHMMSS): 000400
                 VDIFF completed...       0.6164 seconds
                COUPLE completed...       0.1023 seconds
                  HADV completed...       1.2806 seconds
                  ZADV completed...       0.1991 seconds
                 HDIFF completed...       0.1423 seconds
              DECOUPLE completed...       0.0329 seconds
                  PHOT completed...       0.1123 seconds
               CLDPROC completed...       0.1453 seconds
                  CHEM completed...       0.3865 seconds
                  AERO completed...       0.5283 seconds
            Master Time Step
            Processing completed...       3.5470 seconds

     Processing Day/Time [YYYYDDD:HHMMSS]: 2017357:130800
       Which is Equivalent to (UTC): 13:08:00 Saturday,  Dec. 23, 2017
       Time-Step Length (HHMMSS): 000400
                 VDIFF completed...       0.5288 seconds
                COUPLE completed...       0.0847 seconds
                  HADV completed...       1.7718 seconds
                  ZADV completed...       0.1997 seconds
                 HDIFF completed...       0.1407 seconds
              DECOUPLE completed...       0.0330 seconds
                  PHOT completed...       0.1101 seconds
               CLDPROC completed...       0.1455 seconds
                  CHEM completed...       0.3851 seconds
                  AERO completed...       0.5274 seconds
            Master Time Step
            Processing completed...       3.9302 seconds

     Processing Day/Time [YYYYDDD:HHMMSS]: 2017357:131200
       Which is Equivalent to (UTC): 13:12:00 Saturday,  Dec. 23, 2017
       Time-Step Length (HHMMSS): 000400
                 VDIFF completed...       0.5328 seconds
                COUPLE completed...       0.0845 seconds
                  HADV completed...       1.8405 seconds
                  ZADV completed...       0.1992 seconds
                 HDIFF completed...       0.1413 seconds
              DECOUPLE completed...       0.0331 seconds
                  PHOT completed...       0.1104 seconds
               CLDPROC completed...       0.1461 seconds
                  CHEM completed...       0.3871 seconds
                  AERO completed...       0.5223 seconds
            Master Time Step
            Processing completed...       4.0021 seconds

     Processing Day/Time [YYYYDDD:HHMMSS]: 2017357:131600
       Which is Equivalent to (UTC): 13:16:00 Saturday,  Dec. 23, 2017
       Time-Step Length (HHMMSS): 000400
                 VDIFF completed...       0.5365 seconds
                COUPLE completed...       0.0862 seconds
                  HADV completed...       1.8574 seconds
                  ZADV completed...       0.1986 seconds
                 HDIFF completed...       0.1412 seconds
              DECOUPLE completed...       0.0333 seconds
                  PHOT completed...       0.1105 seconds
               CLDPROC completed...       0.1457 seconds
                  CHEM completed...       0.3869 seconds
                  AERO completed...       0.5297 seconds
            Master Time Step
            Processing completed...       4.0301 seconds

     Processing Day/Time [YYYYDDD:HHMMSS]: 2017357:132000
       Which is Equivalent to (UTC): 13:20:00 Saturday,  Dec. 23, 2017
       Time-Step Length (HHMMSS): 000400
                 VDIFF completed...       0.5287 seconds
                COUPLE completed...       0.0855 seconds
                  HADV completed...       1.8498 seconds
                  ZADV completed...       0.1979 seconds
                 HDIFF completed...       0.1437 seconds
              DECOUPLE completed...       0.0332 seconds
                  PHOT completed...       0.1110 seconds
               CLDPROC completed...       0.1463 seconds
                  CHEM completed...       0.3843 seconds
                  AERO completed...       0.5294 seconds
            Master Time Step
            Processing completed...       4.0134 seconds

     Processing Day/Time [YYYYDDD:HHMMSS]: 2017357:132400
       Which is Equivalent to (UTC): 13:24:00 Saturday,  Dec. 23, 2017
       Time-Step Length (HHMMSS): 000400
                 VDIFF completed...       0.5382 seconds
                COUPLE completed...       0.0896 seconds
                  HADV completed...       1.8345 seconds
                  ZADV completed...       0.1994 seconds
                 HDIFF completed...       0.1409 seconds
              DECOUPLE completed...       0.0323 seconds
                  PHOT completed...       0.1108 seconds
               CLDPROC completed...       0.1461 seconds
                  CHEM completed...       0.3786 seconds
                  AERO completed...       0.5268 seconds
            Master Time Step
            Processing completed...       3.9984 seconds

     Processing Day/Time [YYYYDDD:HHMMSS]: 2017357:132800
       Which is Equivalent to (UTC): 13:28:00 Saturday,  Dec. 23, 2017
       Time-Step Length (HHMMSS): 000400
                 VDIFF completed...       0.5203 seconds
                COUPLE completed...       0.0890 seconds
                  HADV completed...       1.8783 seconds
                  ZADV completed...       0.1994 seconds
                 HDIFF completed...       0.1407 seconds
              DECOUPLE completed...       0.0326 seconds
                  PHOT completed...       0.1104 seconds
               CLDPROC completed...       0.1463 seconds
                  CHEM completed...       0.3763 seconds
                  AERO completed...       0.5252 seconds
            Master Time Step
            Processing completed...       4.0226 seconds

     Processing Day/Time [YYYYDDD:HHMMSS]: 2017357:133200
       Which is Equivalent to (UTC): 13:32:00 Saturday,  Dec. 23, 2017
       Time-Step Length (HHMMSS): 000400
                 VDIFF completed...       0.5046 seconds
                COUPLE completed...       0.0719 seconds
                  HADV completed...       1.9071 seconds
                  ZADV completed...       0.1996 seconds
                 HDIFF completed...       0.1407 seconds
              DECOUPLE completed...       0.0332 seconds
                  PHOT completed...       0.1104 seconds
               CLDPROC completed...       0.1453 seconds
                  CHEM completed...       0.3770 seconds
                  AERO completed...       0.5301 seconds
            Master Time Step
            Processing completed...       4.0231 seconds

     Processing Day/Time [YYYYDDD:HHMMSS]: 2017357:133600
       Which is Equivalent to (UTC): 13:36:00 Saturday,  Dec. 23, 2017
       Time-Step Length (HHMMSS): 000400
                 VDIFF completed...       0.4861 seconds
                COUPLE completed...       0.0620 seconds
                  HADV completed...       1.9160 seconds
                  ZADV completed...       0.1985 seconds
                 HDIFF completed...       0.1452 seconds
              DECOUPLE completed...       0.0328 seconds
                  PHOT completed...       0.1103 seconds
               CLDPROC completed...       0.1432 seconds
                  CHEM completed...       0.3772 seconds
                  AERO completed...       0.5290 seconds
            Master Time Step
            Processing completed...       4.0019 seconds

     Processing Day/Time [YYYYDDD:HHMMSS]: 2017357:134000
       Which is Equivalent to (UTC): 13:40:00 Saturday,  Dec. 23, 2017
       Time-Step Length (HHMMSS): 000400
                 VDIFF completed...       0.4869 seconds
                COUPLE completed...       0.0488 seconds
                  HADV completed...       1.9353 seconds
                  ZADV completed...       0.1971 seconds
                 HDIFF completed...       0.2718 seconds
              DECOUPLE completed...       0.0343 seconds
                  PHOT completed...       0.1083 seconds
               CLDPROC completed...       0.1421 seconds
                  CHEM completed...       0.3772 seconds
                  AERO completed...       0.5287 seconds
            Master Time Step
            Processing completed...       4.1312 seconds

     Processing Day/Time [YYYYDDD:HHMMSS]: 2017357:134400
       Which is Equivalent to (UTC): 13:44:00 Saturday,  Dec. 23, 2017
       Time-Step Length (HHMMSS): 000400
                 VDIFF completed...       0.4786 seconds
                COUPLE completed...       0.0496 seconds
                  HADV completed...       1.9636 seconds
                  ZADV completed...       0.1992 seconds
                 HDIFF completed...       0.1422 seconds
              DECOUPLE completed...       0.0326 seconds
                  PHOT completed...       0.1097 seconds
               CLDPROC completed...       0.1404 seconds
                  CHEM completed...       0.3778 seconds
                  AERO completed...       0.5268 seconds
            Master Time Step
            Processing completed...       4.0213 seconds

     Processing Day/Time [YYYYDDD:HHMMSS]: 2017357:134800
       Which is Equivalent to (UTC): 13:48:00 Saturday,  Dec. 23, 2017
       Time-Step Length (HHMMSS): 000400
                 VDIFF completed...       0.4892 seconds
                COUPLE completed...       0.0564 seconds
                  HADV completed...       1.9496 seconds
                  ZADV completed...       0.1993 seconds
                 HDIFF completed...       0.1412 seconds
              DECOUPLE completed...       0.0324 seconds
                  PHOT completed...       0.1103 seconds
               CLDPROC completed...       0.1376 seconds
                  CHEM completed...       0.3735 seconds
                  AERO completed...       0.5290 seconds
            Master Time Step
            Processing completed...       4.0192 seconds

     Processing Day/Time [YYYYDDD:HHMMSS]: 2017357:135200
       Which is Equivalent to (UTC): 13:52:00 Saturday,  Dec. 23, 2017
       Time-Step Length (HHMMSS): 000400
                 VDIFF completed...       0.4860 seconds
                COUPLE completed...       0.0588 seconds
                  HADV completed...       1.9593 seconds
                  ZADV completed...       0.1988 seconds
                 HDIFF completed...       0.1434 seconds
              DECOUPLE completed...       0.0329 seconds
                  PHOT completed...       0.1096 seconds
               CLDPROC completed...       0.1365 seconds
                  CHEM completed...       0.3746 seconds
                  AERO completed...       0.5279 seconds
            Master Time Step
            Processing completed...       4.0287 seconds

     Processing Day/Time [YYYYDDD:HHMMSS]: 2017357:135600
       Which is Equivalent to (UTC): 13:56:00 Saturday,  Dec. 23, 2017
       Time-Step Length (HHMMSS): 000400
                 VDIFF completed...       2.1969 seconds
                COUPLE completed...       0.1122 seconds
                  HADV completed...       0.9407 seconds
                  ZADV completed...       0.1994 seconds
                 HDIFF completed...       0.1414 seconds
              DECOUPLE completed...       0.0332 seconds
                  PHOT completed...       0.1091 seconds
               CLDPROC completed...       1.3663 seconds
                  CHEM completed...       0.3777 seconds
                  AERO completed...       0.5460 seconds
            Master Time Step
            Processing completed...       6.0238 seconds

      =--> Data Output completed...       1.2614 seconds

     Processing Day/Time [YYYYDDD:HHMMSS]: 2017357:140000
       Which is Equivalent to (UTC): 14:00:00 Saturday,  Dec. 23, 2017
       Time-Step Length (HHMMSS): 000400
                 VDIFF completed...       5.2364 seconds
                COUPLE completed...       0.0912 seconds
                  HADV completed...       1.8366 seconds
                  ZADV completed...       0.2034 seconds
                 HDIFF completed...       0.1374 seconds
              DECOUPLE completed...       0.0334 seconds
                  PHOT completed...       1.2412 seconds
               CLDPROC completed...       0.1347 seconds
                  CHEM completed...       0.3729 seconds
                  AERO completed...       0.5293 seconds
            Master Time Step
            Processing completed...       9.8194 seconds

     Processing Day/Time [YYYYDDD:HHMMSS]: 2017357:140400
       Which is Equivalent to (UTC): 14:04:00 Saturday,  Dec. 23, 2017
       Time-Step Length (HHMMSS): 000400
                 VDIFF completed...       0.4380 seconds
                COUPLE completed...       0.0402 seconds
                  HADV completed...       2.0506 seconds
                  ZADV completed...       0.1985 seconds
                 HDIFF completed...       0.1433 seconds
              DECOUPLE completed...       0.0329 seconds
                  PHOT completed...       0.1094 seconds
               CLDPROC completed...       0.1343 seconds
                  CHEM completed...       0.3742 seconds
                  AERO completed...       0.5299 seconds
            Master Time Step
            Processing completed...       4.0528 seconds

     Processing Day/Time [YYYYDDD:HHMMSS]: 2017357:140800
       Which is Equivalent to (UTC): 14:08:00 Saturday,  Dec. 23, 2017
       Time-Step Length (HHMMSS): 000400
                 VDIFF completed...       0.4580 seconds
                COUPLE completed...       0.0424 seconds
                  HADV completed...       2.0457 seconds
                  ZADV completed...       0.1983 seconds
                 HDIFF completed...       0.1413 seconds
              DECOUPLE completed...       0.0333 seconds
                  PHOT completed...       0.1089 seconds
               CLDPROC completed...       0.1347 seconds
                  CHEM completed...       0.3730 seconds
                  AERO completed...       0.5398 seconds
            Master Time Step
            Processing completed...       4.0762 seconds

     Processing Day/Time [YYYYDDD:HHMMSS]: 2017357:141200
       Which is Equivalent to (UTC): 14:12:00 Saturday,  Dec. 23, 2017
       Time-Step Length (HHMMSS): 000400
                 VDIFF completed...       0.5519 seconds
                COUPLE completed...       0.0759 seconds
                  HADV completed...       1.9401 seconds
                  ZADV completed...       0.2034 seconds
                 HDIFF completed...       0.1373 seconds
              DECOUPLE completed...       0.0330 seconds
                  PHOT completed...       0.1078 seconds
               CLDPROC completed...       0.1385 seconds
                  CHEM completed...       0.3733 seconds
                  AERO completed...       0.5285 seconds
            Master Time Step
            Processing completed...       4.0937 seconds

     Processing Day/Time [YYYYDDD:HHMMSS]: 2017357:141600
       Which is Equivalent to (UTC): 14:16:00 Saturday,  Dec. 23, 2017
       Time-Step Length (HHMMSS): 000400
                 VDIFF completed...       0.4832 seconds
                COUPLE completed...       0.0536 seconds
                  HADV completed...       2.0231 seconds
                  ZADV completed...       0.2031 seconds
                 HDIFF completed...       0.1372 seconds
              DECOUPLE completed...       0.0331 seconds
                  PHOT completed...       0.1072 seconds
               CLDPROC completed...       0.1385 seconds
                  CHEM completed...       0.3736 seconds
                  AERO completed...       0.5268 seconds
            Master Time Step
            Processing completed...       4.0835 seconds

     Processing Day/Time [YYYYDDD:HHMMSS]: 2017357:142000
       Which is Equivalent to (UTC): 14:20:00 Saturday,  Dec. 23, 2017
       Time-Step Length (HHMMSS): 000400
                 VDIFF completed...       0.4622 seconds
                COUPLE completed...       0.0437 seconds
                  HADV completed...       2.0725 seconds
                  ZADV completed...       0.2033 seconds
                 HDIFF completed...       0.1371 seconds
              DECOUPLE completed...       0.0329 seconds
                  PHOT completed...       0.1078 seconds
               CLDPROC completed...       0.1389 seconds
                  CHEM completed...       0.3714 seconds
                  AERO completed...       0.5310 seconds
            Master Time Step
            Processing completed...       4.1051 seconds

     Processing Day/Time [YYYYDDD:HHMMSS]: 2017357:142400
       Which is Equivalent to (UTC): 14:24:00 Saturday,  Dec. 23, 2017
       Time-Step Length (HHMMSS): 000400
                 VDIFF completed...       0.5148 seconds
                COUPLE completed...       0.0551 seconds
                  HADV completed...       1.9948 seconds
                  ZADV completed...       0.2025 seconds
                 HDIFF completed...       0.1414 seconds
              DECOUPLE completed...       0.0336 seconds
                  PHOT completed...       0.1067 seconds
               CLDPROC completed...       0.1372 seconds
                  CHEM completed...       0.3723 seconds
                  AERO completed...       0.5331 seconds
            Master Time Step
            Processing completed...       4.0957 seconds

     Processing Day/Time [YYYYDDD:HHMMSS]: 2017357:142800
       Which is Equivalent to (UTC): 14:28:00 Saturday,  Dec. 23, 2017
       Time-Step Length (HHMMSS): 000400
                 VDIFF completed...       0.5556 seconds
                COUPLE completed...       0.0522 seconds
                  HADV completed...       2.3391 seconds
                  ZADV completed...       0.2028 seconds
                 HDIFF completed...       0.1411 seconds
              DECOUPLE completed...       0.0322 seconds
                  PHOT completed...       0.1184 seconds
               CLDPROC completed...       0.1371 seconds
                  CHEM completed...       0.3743 seconds
                  AERO completed...       0.5326 seconds
            Master Time Step
            Processing completed...       4.4896 seconds

     Processing Day/Time [YYYYDDD:HHMMSS]: 2017357:143200
       Which is Equivalent to (UTC): 14:32:00 Saturday,  Dec. 23, 2017
       Time-Step Length (HHMMSS): 000400
                 VDIFF completed...       0.5939 seconds
                COUPLE completed...       0.0539 seconds
                  HADV completed...       1.9053 seconds
                  ZADV completed...       0.2034 seconds
                 HDIFF completed...       0.1367 seconds
              DECOUPLE completed...       0.0327 seconds
                  PHOT completed...       0.1429 seconds
               CLDPROC completed...       0.1376 seconds
                  CHEM completed...       0.3765 seconds
                  AERO completed...       0.5351 seconds
            Master Time Step
            Processing completed...       4.1217 seconds

     Processing Day/Time [YYYYDDD:HHMMSS]: 2017357:143600
       Which is Equivalent to (UTC): 14:36:00 Saturday,  Dec. 23, 2017
       Time-Step Length (HHMMSS): 000400
                 VDIFF completed...       0.5569 seconds
                COUPLE completed...       0.0568 seconds
                  HADV completed...       1.9267 seconds
                  ZADV completed...       0.2035 seconds
                 HDIFF completed...       0.1373 seconds
              DECOUPLE completed...       0.0339 seconds
                  PHOT completed...       0.1773 seconds
               CLDPROC completed...       0.1496 seconds
                  CHEM completed...       0.3789 seconds
                  AERO completed...       0.5367 seconds
            Master Time Step
            Processing completed...       4.1621 seconds

     Processing Day/Time [YYYYDDD:HHMMSS]: 2017357:144000
       Which is Equivalent to (UTC): 14:40:00 Saturday,  Dec. 23, 2017
       Time-Step Length (HHMMSS): 000400
                 VDIFF completed...       0.5074 seconds
                COUPLE completed...       0.0430 seconds
                  HADV completed...       1.9164 seconds
                  ZADV completed...       0.2033 seconds
                 HDIFF completed...       0.1369 seconds
              DECOUPLE completed...       0.0333 seconds
                  PHOT completed...       0.2134 seconds
               CLDPROC completed...       0.1617 seconds
                  CHEM completed...       0.3732 seconds
                  AERO completed...       0.5351 seconds
            Master Time Step
            Processing completed...       4.1281 seconds

     Processing Day/Time [YYYYDDD:HHMMSS]: 2017357:144400
       Which is Equivalent to (UTC): 14:44:00 Saturday,  Dec. 23, 2017
       Time-Step Length (HHMMSS): 000400
                 VDIFF completed...       0.5274 seconds
                COUPLE completed...       0.0633 seconds
                  HADV completed...       1.8426 seconds
                  ZADV completed...       0.2034 seconds
                 HDIFF completed...       0.1367 seconds
              DECOUPLE completed...       0.0334 seconds
                  PHOT completed...       0.2414 seconds
               CLDPROC completed...       0.1754 seconds
                  CHEM completed...       0.3638 seconds
                  AERO completed...       0.5373 seconds
            Master Time Step
            Processing completed...       4.1286 seconds

     Processing Day/Time [YYYYDDD:HHMMSS]: 2017357:144800
       Which is Equivalent to (UTC): 14:48:00 Saturday,  Dec. 23, 2017
       Time-Step Length (HHMMSS): 000400
                 VDIFF completed...       0.6395 seconds
                COUPLE completed...       0.0914 seconds
                  HADV completed...       1.6379 seconds
                  ZADV completed...       0.2030 seconds
                 HDIFF completed...       0.1363 seconds
              DECOUPLE completed...       0.0347 seconds
                  PHOT completed...       0.2467 seconds
               CLDPROC completed...       0.1755 seconds
                  CHEM completed...       0.3633 seconds
                  AERO completed...       0.5370 seconds
            Master Time Step
            Processing completed...       4.0699 seconds

     Processing Day/Time [YYYYDDD:HHMMSS]: 2017357:145200
       Which is Equivalent to (UTC): 14:52:00 Saturday,  Dec. 23, 2017
       Time-Step Length (HHMMSS): 000400
                 VDIFF completed...       0.7690 seconds
                COUPLE completed...       0.0635 seconds
                  HADV completed...       1.5373 seconds
                  ZADV completed...       0.2038 seconds
                 HDIFF completed...       0.1375 seconds
              DECOUPLE completed...       0.0335 seconds
                  PHOT completed...       0.2495 seconds
               CLDPROC completed...       0.1761 seconds
                  CHEM completed...       0.3683 seconds
                  AERO completed...       0.5398 seconds
            Master Time Step
            Processing completed...       4.0825 seconds

     Processing Day/Time [YYYYDDD:HHMMSS]: 2017357:145600
       Which is Equivalent to (UTC): 14:56:00 Saturday,  Dec. 23, 2017
       Time-Step Length (HHMMSS): 000400
                 VDIFF completed...       2.0705 seconds
                COUPLE completed...       0.1117 seconds
                  HADV completed...       0.9536 seconds
                  ZADV completed...       0.2024 seconds
                 HDIFF completed...       0.1415 seconds
              DECOUPLE completed...       0.0334 seconds
                  PHOT completed...       0.2580 seconds
               CLDPROC completed...       1.3081 seconds
                  CHEM completed...       0.4130 seconds
                  AERO completed...       0.5424 seconds
            Master Time Step
            Processing completed...       6.0389 seconds

      =--> Data Output completed...       1.2777 seconds

     Processing Day/Time [YYYYDDD:HHMMSS]: 2017357:150000
       Which is Equivalent to (UTC): 15:00:00 Saturday,  Dec. 23, 2017
       Time-Step Length (HHMMSS): 000500
                 VDIFF completed...       5.2024 seconds
                COUPLE completed...       0.0696 seconds
                  HADV completed...       2.1190 seconds
                  ZADV completed...       0.1986 seconds
                 HDIFF completed...       0.1416 seconds
              DECOUPLE completed...       0.0333 seconds
                  PHOT completed...       1.4035 seconds
               CLDPROC completed...       0.1695 seconds
                  CHEM completed...       0.5263 seconds
                  AERO completed...       0.5758 seconds
            Master Time Step
            Processing completed...      10.4426 seconds

     Processing Day/Time [YYYYDDD:HHMMSS]: 2017357:150500
       Which is Equivalent to (UTC): 15:05:00 Saturday,  Dec. 23, 2017
       Time-Step Length (HHMMSS): 000500
                 VDIFF completed...       0.6211 seconds
                COUPLE completed...       0.0906 seconds
                  HADV completed...       1.6075 seconds
                  ZADV completed...       0.2003 seconds
                 HDIFF completed...       0.1406 seconds
              DECOUPLE completed...       0.0331 seconds
                  PHOT completed...       0.2987 seconds
               CLDPROC completed...       0.1532 seconds
                  CHEM completed...       0.6053 seconds
                  AERO completed...       0.5762 seconds
            Master Time Step
            Processing completed...       4.3308 seconds

     Processing Day/Time [YYYYDDD:HHMMSS]: 2017357:151000
       Which is Equivalent to (UTC): 15:10:00 Saturday,  Dec. 23, 2017
       Time-Step Length (HHMMSS): 000500
                 VDIFF completed...       0.6157 seconds
                COUPLE completed...       0.0678 seconds
                  HADV completed...       1.7609 seconds
                  ZADV completed...       0.1997 seconds
                 HDIFF completed...       0.1419 seconds
              DECOUPLE completed...       0.0335 seconds
                  PHOT completed...       0.3089 seconds
               CLDPROC completed...       0.1518 seconds
                  CHEM completed...       0.6263 seconds
                  AERO completed...       0.5789 seconds
            Master Time Step
            Processing completed...       4.4869 seconds

     Processing Day/Time [YYYYDDD:HHMMSS]: 2017357:151500
       Which is Equivalent to (UTC): 15:15:00 Saturday,  Dec. 23, 2017
       Time-Step Length (HHMMSS): 000500
                 VDIFF completed...       0.5653 seconds
                COUPLE completed...       0.0688 seconds
                  HADV completed...       1.7919 seconds
                  ZADV completed...       0.1980 seconds
                 HDIFF completed...       0.2616 seconds
              DECOUPLE completed...       0.0349 seconds
                  PHOT completed...       0.3069 seconds
               CLDPROC completed...       0.1538 seconds
                  CHEM completed...       0.6098 seconds
                  AERO completed...       0.5757 seconds
            Master Time Step
            Processing completed...       4.5677 seconds

     Processing Day/Time [YYYYDDD:HHMMSS]: 2017357:152000
       Which is Equivalent to (UTC): 15:20:00 Saturday,  Dec. 23, 2017
       Time-Step Length (HHMMSS): 000500
                 VDIFF completed...       0.5735 seconds
                COUPLE completed...       0.0580 seconds
                  HADV completed...       1.8157 seconds
                  ZADV completed...       0.2002 seconds
                 HDIFF completed...       0.1410 seconds
              DECOUPLE completed...       0.0322 seconds
                  PHOT completed...       0.3081 seconds
               CLDPROC completed...       0.1561 seconds
                  CHEM completed...       0.6032 seconds
                  AERO completed...       0.5787 seconds
            Master Time Step
            Processing completed...       4.4700 seconds

     Processing Day/Time [YYYYDDD:HHMMSS]: 2017357:152500
       Which is Equivalent to (UTC): 15:25:00 Saturday,  Dec. 23, 2017
       Time-Step Length (HHMMSS): 000500
                 VDIFF completed...       0.5770 seconds
                COUPLE completed...       0.0626 seconds
                  HADV completed...       1.7955 seconds
                  ZADV completed...       0.1990 seconds
                 HDIFF completed...       0.1414 seconds
              DECOUPLE completed...       0.0325 seconds
                  PHOT completed...       0.3083 seconds
               CLDPROC completed...       0.1559 seconds
                  CHEM completed...       0.5986 seconds
                  AERO completed...       0.5726 seconds
            Master Time Step
            Processing completed...       4.4448 seconds

     Processing Day/Time [YYYYDDD:HHMMSS]: 2017357:153000
       Which is Equivalent to (UTC): 15:30:00 Saturday,  Dec. 23, 2017
       Time-Step Length (HHMMSS): 000500
                 VDIFF completed...       0.5796 seconds
                COUPLE completed...       0.0573 seconds
                  HADV completed...       1.8124 seconds
                  ZADV completed...       0.1994 seconds
                 HDIFF completed...       0.1413 seconds
              DECOUPLE completed...       0.0335 seconds
                  PHOT completed...       0.3061 seconds
               CLDPROC completed...       0.1574 seconds
                  CHEM completed...       0.6006 seconds
                  AERO completed...       0.5846 seconds
            Master Time Step
            Processing completed...       4.4768 seconds

     Processing Day/Time [YYYYDDD:HHMMSS]: 2017357:153500
       Which is Equivalent to (UTC): 15:35:00 Saturday,  Dec. 23, 2017
       Time-Step Length (HHMMSS): 000500
                 VDIFF completed...       0.5676 seconds
                COUPLE completed...       0.0561 seconds
                  HADV completed...       1.8242 seconds
                  ZADV completed...       0.1991 seconds
                 HDIFF completed...       0.1424 seconds
              DECOUPLE completed...       0.0331 seconds
                  PHOT completed...       0.3067 seconds
               CLDPROC completed...       0.1565 seconds
                  CHEM completed...       0.6014 seconds
                  AERO completed...       0.5795 seconds
            Master Time Step
            Processing completed...       4.4676 seconds

     Processing Day/Time [YYYYDDD:HHMMSS]: 2017357:154000
       Which is Equivalent to (UTC): 15:40:00 Saturday,  Dec. 23, 2017
       Time-Step Length (HHMMSS): 000500
                 VDIFF completed...       0.5734 seconds
                COUPLE completed...       0.0579 seconds
                  HADV completed...       1.8279 seconds
                  ZADV completed...       0.1992 seconds
                 HDIFF completed...       0.1402 seconds
              DECOUPLE completed...       0.0334 seconds
                  PHOT completed...       0.3064 seconds
               CLDPROC completed...       0.1566 seconds
                  CHEM completed...       0.6019 seconds
                  AERO completed...       0.5850 seconds
            Master Time Step
            Processing completed...       4.4859 seconds

     Processing Day/Time [YYYYDDD:HHMMSS]: 2017357:154500
       Which is Equivalent to (UTC): 15:45:00 Saturday,  Dec. 23, 2017
       Time-Step Length (HHMMSS): 000500
                 VDIFF completed...       0.5663 seconds
                COUPLE completed...       0.0564 seconds
                  HADV completed...       1.8637 seconds
                  ZADV completed...       0.1995 seconds
                 HDIFF completed...       0.1411 seconds
              DECOUPLE completed...       0.0332 seconds
                  PHOT completed...       0.3070 seconds
               CLDPROC completed...       0.1557 seconds
                  CHEM completed...       0.6037 seconds
                  AERO completed...       0.5868 seconds
            Master Time Step
            Processing completed...       4.5183 seconds

     Processing Day/Time [YYYYDDD:HHMMSS]: 2017357:155000
       Which is Equivalent to (UTC): 15:50:00 Saturday,  Dec. 23, 2017
       Time-Step Length (HHMMSS): 000500
                 VDIFF completed...       0.5683 seconds
                COUPLE completed...       0.0617 seconds
                  HADV completed...       1.8154 seconds
                  ZADV completed...       0.2008 seconds
                 HDIFF completed...       0.1414 seconds
              DECOUPLE completed...       0.0334 seconds
                  PHOT completed...       0.3051 seconds
               CLDPROC completed...       0.1557 seconds
                  CHEM completed...       0.6023 seconds
                  AERO completed...       0.5848 seconds
            Master Time Step
            Processing completed...       4.4720 seconds

     Processing Day/Time [YYYYDDD:HHMMSS]: 2017357:155500
       Which is Equivalent to (UTC): 15:55:00 Saturday,  Dec. 23, 2017
       Time-Step Length (HHMMSS): 000500
                 VDIFF completed...       1.7909 seconds
                COUPLE completed...       0.1115 seconds
                  HADV completed...       1.3357 seconds
                  ZADV completed...       0.2036 seconds
                 HDIFF completed...       0.1375 seconds
              DECOUPLE completed...       0.0326 seconds
                  PHOT completed...       0.3089 seconds
               CLDPROC completed...       1.2380 seconds
                  CHEM completed...       0.6199 seconds
                  AERO completed...       0.5885 seconds
            Master Time Step
            Processing completed...       6.3689 seconds

      =--> Data Output completed...       1.1280 seconds

     Processing Day/Time [YYYYDDD:HHMMSS]: 2017357:160000
       Which is Equivalent to (UTC): 16:00:00 Saturday,  Dec. 23, 2017
       Time-Step Length (HHMMSS): 000500
                 VDIFF completed...       5.2530 seconds
                COUPLE completed...       0.0743 seconds
                  HADV completed...       2.0719 seconds
                  ZADV completed...       0.2036 seconds
                 HDIFF completed...       0.1368 seconds
              DECOUPLE completed...       0.0329 seconds
                  PHOT completed...       1.4200 seconds
               CLDPROC completed...       0.1613 seconds
                  CHEM completed...       0.6021 seconds
                  AERO completed...       0.5740 seconds
            Master Time Step
            Processing completed...      10.5309 seconds

     Processing Day/Time [YYYYDDD:HHMMSS]: 2017357:160500
       Which is Equivalent to (UTC): 16:05:00 Saturday,  Dec. 23, 2017
       Time-Step Length (HHMMSS): 000500
                 VDIFF completed...       0.6319 seconds
                COUPLE completed...       0.0604 seconds
                  HADV completed...       1.7215 seconds
                  ZADV completed...       0.2035 seconds
                 HDIFF completed...       0.1369 seconds
              DECOUPLE completed...       0.0326 seconds
                  PHOT completed...       0.3083 seconds
               CLDPROC completed...       0.1573 seconds
                  CHEM completed...       0.6032 seconds
                  AERO completed...       0.5873 seconds
            Master Time Step
            Processing completed...       4.4461 seconds

     Processing Day/Time [YYYYDDD:HHMMSS]: 2017357:161000
       Which is Equivalent to (UTC): 16:10:00 Saturday,  Dec. 23, 2017
       Time-Step Length (HHMMSS): 000500
                 VDIFF completed...       0.5722 seconds
                COUPLE completed...       0.0570 seconds
                  HADV completed...       2.0493 seconds
                  ZADV completed...       0.2034 seconds
                 HDIFF completed...       0.1368 seconds
              DECOUPLE completed...       0.0355 seconds
                  PHOT completed...       0.3063 seconds
               CLDPROC completed...       0.1569 seconds
                  CHEM completed...       0.5926 seconds
                  AERO completed...       0.5827 seconds
            Master Time Step
            Processing completed...       4.6949 seconds

     Processing Day/Time [YYYYDDD:HHMMSS]: 2017357:161500
       Which is Equivalent to (UTC): 16:15:00 Saturday,  Dec. 23, 2017
       Time-Step Length (HHMMSS): 000500
                 VDIFF completed...       0.5948 seconds
                COUPLE completed...       0.0575 seconds
                  HADV completed...       1.7310 seconds
                  ZADV completed...       0.2032 seconds
                 HDIFF completed...       0.1372 seconds
              DECOUPLE completed...       0.0343 seconds
                  PHOT completed...       0.3055 seconds
               CLDPROC completed...       0.1578 seconds
                  CHEM completed...       0.5917 seconds
                  AERO completed...       0.5792 seconds
            Master Time Step
            Processing completed...       4.3956 seconds

     Processing Day/Time [YYYYDDD:HHMMSS]: 2017357:162000
       Which is Equivalent to (UTC): 16:20:00 Saturday,  Dec. 23, 2017
       Time-Step Length (HHMMSS): 000500
                 VDIFF completed...       0.5947 seconds
                COUPLE completed...       0.0623 seconds
                  HADV completed...       1.7360 seconds
                  ZADV completed...       0.2035 seconds
                 HDIFF completed...       0.1369 seconds
              DECOUPLE completed...       0.0342 seconds
                  PHOT completed...       0.3055 seconds
               CLDPROC completed...       0.1571 seconds
                  CHEM completed...       0.5884 seconds
                  AERO completed...       0.5872 seconds
            Master Time Step
            Processing completed...       4.4100 seconds

     Processing Day/Time [YYYYDDD:HHMMSS]: 2017357:162500
       Which is Equivalent to (UTC): 16:25:00 Saturday,  Dec. 23, 2017
       Time-Step Length (HHMMSS): 000500
                 VDIFF completed...       0.5781 seconds
                COUPLE completed...       0.0591 seconds
                  HADV completed...       1.7560 seconds
                  ZADV completed...       0.2030 seconds
                 HDIFF completed...       0.1372 seconds
              DECOUPLE completed...       0.0338 seconds
                  PHOT completed...       0.3067 seconds
               CLDPROC completed...       0.1568 seconds
                  CHEM completed...       0.5881 seconds
                  AERO completed...       0.5871 seconds
            Master Time Step
            Processing completed...       4.4101 seconds

     Processing Day/Time [YYYYDDD:HHMMSS]: 2017357:163000
       Which is Equivalent to (UTC): 16:30:00 Saturday,  Dec. 23, 2017
       Time-Step Length (HHMMSS): 000500
                 VDIFF completed...       0.5809 seconds
                COUPLE completed...       0.0594 seconds
                  HADV completed...       1.7521 seconds
                  ZADV completed...       0.2035 seconds
                 HDIFF completed...       0.1377 seconds
              DECOUPLE completed...       0.0336 seconds
                  PHOT completed...       0.3054 seconds
               CLDPROC completed...       0.1576 seconds
                  CHEM completed...       0.5860 seconds
                  AERO completed...       0.5866 seconds
            Master Time Step
            Processing completed...       4.4070 seconds

     Processing Day/Time [YYYYDDD:HHMMSS]: 2017357:163500
       Which is Equivalent to (UTC): 16:35:00 Saturday,  Dec. 23, 2017
       Time-Step Length (HHMMSS): 000500
                 VDIFF completed...       0.5693 seconds
                COUPLE completed...       0.0582 seconds
                  HADV completed...       1.7584 seconds
                  ZADV completed...       0.2033 seconds
                 HDIFF completed...       0.1371 seconds
              DECOUPLE completed...       0.0336 seconds
                  PHOT completed...       0.3056 seconds
               CLDPROC completed...       0.1576 seconds
                  CHEM completed...       0.5845 seconds
                  AERO completed...       0.5884 seconds
            Master Time Step
            Processing completed...       4.3999 seconds

     Processing Day/Time [YYYYDDD:HHMMSS]: 2017357:164000
       Which is Equivalent to (UTC): 16:40:00 Saturday,  Dec. 23, 2017
       Time-Step Length (HHMMSS): 000500
                 VDIFF completed...       0.5668 seconds
                COUPLE completed...       0.0579 seconds
                  HADV completed...       1.7671 seconds
                  ZADV completed...       0.2035 seconds
                 HDIFF completed...       0.1371 seconds
              DECOUPLE completed...       0.0340 seconds
                  PHOT completed...       0.3053 seconds
               CLDPROC completed...       0.1567 seconds
                  CHEM completed...       0.5813 seconds
                  AERO completed...       0.5835 seconds
            Master Time Step
            Processing completed...       4.3974 seconds

     Processing Day/Time [YYYYDDD:HHMMSS]: 2017357:164500
       Which is Equivalent to (UTC): 16:45:00 Saturday,  Dec. 23, 2017
       Time-Step Length (HHMMSS): 000500
                 VDIFF completed...       0.5914 seconds
                COUPLE completed...       0.0626 seconds
                  HADV completed...       1.7480 seconds
                  ZADV completed...       0.2036 seconds
                 HDIFF completed...       0.1373 seconds
              DECOUPLE completed...       0.0347 seconds
                  PHOT completed...       0.3048 seconds
               CLDPROC completed...       0.1578 seconds
                  CHEM completed...       0.5813 seconds
                  AERO completed...       0.5817 seconds
            Master Time Step
            Processing completed...       4.4073 seconds

     Processing Day/Time [YYYYDDD:HHMMSS]: 2017357:165000
       Which is Equivalent to (UTC): 16:50:00 Saturday,  Dec. 23, 2017
       Time-Step Length (HHMMSS): 000500
                 VDIFF completed...       0.5944 seconds
                COUPLE completed...       0.0528 seconds
                  HADV completed...       1.7469 seconds
                  ZADV completed...       0.2032 seconds
                 HDIFF completed...       0.1371 seconds
              DECOUPLE completed...       0.0337 seconds
                  PHOT completed...       0.3068 seconds
               CLDPROC completed...       0.1562 seconds
                  CHEM completed...       0.5795 seconds
                  AERO completed...       0.5907 seconds
            Master Time Step
            Processing completed...       4.4048 seconds

     Processing Day/Time [YYYYDDD:HHMMSS]: 2017357:165500
       Which is Equivalent to (UTC): 16:55:00 Saturday,  Dec. 23, 2017
       Time-Step Length (HHMMSS): 000500
                 VDIFF completed...       1.8503 seconds
                COUPLE completed...       0.1117 seconds
                  HADV completed...       1.2392 seconds
                  ZADV completed...       0.2012 seconds
                 HDIFF completed...       0.1525 seconds
              DECOUPLE completed...       0.0347 seconds
                  PHOT completed...       0.2976 seconds
               CLDPROC completed...       1.1892 seconds
                  CHEM completed...       0.6022 seconds
                  AERO completed...       0.5950 seconds
            Master Time Step
            Processing completed...       6.2787 seconds

      =--> Data Output completed...       1.1310 seconds

     Processing Day/Time [YYYYDDD:HHMMSS]: 2017357:170000
       Which is Equivalent to (UTC): 17:00:00 Saturday,  Dec. 23, 2017
       Time-Step Length (HHMMSS): 000500
                 VDIFF completed...       5.1620 seconds
                COUPLE completed...       0.0928 seconds
                  HADV completed...       2.0832 seconds
                  ZADV completed...       0.2029 seconds
                 HDIFF completed...       0.1371 seconds
              DECOUPLE completed...       0.0350 seconds
                  PHOT completed...       1.4485 seconds
               CLDPROC completed...       0.1608 seconds
                  CHEM completed...       0.5811 seconds
                  AERO completed...       0.5889 seconds
            Master Time Step
            Processing completed...      10.4948 seconds

     Processing Day/Time [YYYYDDD:HHMMSS]: 2017357:170500
       Which is Equivalent to (UTC): 17:05:00 Saturday,  Dec. 23, 2017
       Time-Step Length (HHMMSS): 000500
                 VDIFF completed...       0.5651 seconds
                COUPLE completed...       0.0933 seconds
                  HADV completed...       1.6900 seconds
                  ZADV completed...       0.2027 seconds
                 HDIFF completed...       0.1376 seconds
              DECOUPLE completed...       0.0331 seconds
                  PHOT completed...       0.3085 seconds
               CLDPROC completed...       0.1566 seconds
                  CHEM completed...       0.5732 seconds
                  AERO completed...       0.6053 seconds
            Master Time Step
            Processing completed...       4.3664 seconds

     Processing Day/Time [YYYYDDD:HHMMSS]: 2017357:171000
       Which is Equivalent to (UTC): 17:10:00 Saturday,  Dec. 23, 2017
       Time-Step Length (HHMMSS): 000500
                 VDIFF completed...       0.5495 seconds
                COUPLE completed...       0.0616 seconds
                  HADV completed...       1.7173 seconds
                  ZADV completed...       0.2030 seconds
                 HDIFF completed...       0.1371 seconds
              DECOUPLE completed...       0.0325 seconds
                  PHOT completed...       0.3079 seconds
               CLDPROC completed...       0.1566 seconds
                  CHEM completed...       0.5750 seconds
                  AERO completed...       0.5880 seconds
            Master Time Step
            Processing completed...       4.3319 seconds

     Processing Day/Time [YYYYDDD:HHMMSS]: 2017357:171500
       Which is Equivalent to (UTC): 17:15:00 Saturday,  Dec. 23, 2017
       Time-Step Length (HHMMSS): 000500
                 VDIFF completed...       0.5769 seconds
                COUPLE completed...       0.0607 seconds
                  HADV completed...       1.7144 seconds
                  ZADV completed...       0.2029 seconds
                 HDIFF completed...       0.1378 seconds
              DECOUPLE completed...       0.0328 seconds
                  PHOT completed...       0.3078 seconds
               CLDPROC completed...       0.1560 seconds
                  CHEM completed...       0.5726 seconds
                  AERO completed...       0.5897 seconds
            Master Time Step
            Processing completed...       4.3553 seconds

     Processing Day/Time [YYYYDDD:HHMMSS]: 2017357:172000
       Which is Equivalent to (UTC): 17:20:00 Saturday,  Dec. 23, 2017
       Time-Step Length (HHMMSS): 000500
                 VDIFF completed...       0.5810 seconds
                COUPLE completed...       0.0621 seconds
                  HADV completed...       1.7082 seconds
                  ZADV completed...       0.2028 seconds
                 HDIFF completed...       0.1376 seconds
              DECOUPLE completed...       0.0328 seconds
                  PHOT completed...       0.3075 seconds
               CLDPROC completed...       0.1576 seconds
                  CHEM completed...       0.5744 seconds
                  AERO completed...       0.5843 seconds
            Master Time Step
            Processing completed...       4.3524 seconds

     Processing Day/Time [YYYYDDD:HHMMSS]: 2017357:172500
       Which is Equivalent to (UTC): 17:25:00 Saturday,  Dec. 23, 2017
       Time-Step Length (HHMMSS): 000500
                 VDIFF completed...       0.5719 seconds
                COUPLE completed...       0.0587 seconds
                  HADV completed...       1.7262 seconds
                  ZADV completed...       0.2028 seconds
                 HDIFF completed...       0.1375 seconds
              DECOUPLE completed...       0.0336 seconds
                  PHOT completed...       0.3067 seconds
               CLDPROC completed...       0.1559 seconds
                  CHEM completed...       0.5709 seconds
                  AERO completed...       0.5821 seconds
            Master Time Step
            Processing completed...       4.3497 seconds

     Processing Day/Time [YYYYDDD:HHMMSS]: 2017357:173000
       Which is Equivalent to (UTC): 17:30:00 Saturday,  Dec. 23, 2017
       Time-Step Length (HHMMSS): 000500
                 VDIFF completed...       0.5759 seconds
                COUPLE completed...       0.0584 seconds
                  HADV completed...       1.7399 seconds
                  ZADV completed...       0.2027 seconds
                 HDIFF completed...       0.1371 seconds
              DECOUPLE completed...       0.0336 seconds
                  PHOT completed...       0.3068 seconds
               CLDPROC completed...       0.1580 seconds
                  CHEM completed...       0.5737 seconds
                  AERO completed...       0.5900 seconds
            Master Time Step
            Processing completed...       4.3803 seconds

     Processing Day/Time [YYYYDDD:HHMMSS]: 2017357:173500
       Which is Equivalent to (UTC): 17:35:00 Saturday,  Dec. 23, 2017
       Time-Step Length (HHMMSS): 000500
                 VDIFF completed...       0.5664 seconds
                COUPLE completed...       0.0600 seconds
                  HADV completed...       1.7188 seconds
                  ZADV completed...       0.2023 seconds
                 HDIFF completed...       0.1364 seconds
              DECOUPLE completed...       0.0332 seconds
                  PHOT completed...       0.3076 seconds
               CLDPROC completed...       0.1574 seconds
                  CHEM completed...       0.5740 seconds
                  AERO completed...       0.5883 seconds
            Master Time Step
            Processing completed...       4.3484 seconds

     Processing Day/Time [YYYYDDD:HHMMSS]: 2017357:174000
       Which is Equivalent to (UTC): 17:40:00 Saturday,  Dec. 23, 2017
       Time-Step Length (HHMMSS): 000500
                 VDIFF completed...       0.5663 seconds
                COUPLE completed...       0.0558 seconds
                  HADV completed...       1.7479 seconds
                  ZADV completed...       0.2027 seconds
                 HDIFF completed...       0.1371 seconds
              DECOUPLE completed...       0.0330 seconds
                  PHOT completed...       0.3072 seconds
               CLDPROC completed...       0.1573 seconds
                  CHEM completed...       0.5736 seconds
                  AERO completed...       0.5810 seconds
            Master Time Step
            Processing completed...       4.3661 seconds

     Processing Day/Time [YYYYDDD:HHMMSS]: 2017357:174500
       Which is Equivalent to (UTC): 17:45:00 Saturday,  Dec. 23, 2017
       Time-Step Length (HHMMSS): 000500
                 VDIFF completed...       0.5803 seconds
                COUPLE completed...       0.0445 seconds
                  HADV completed...       1.7341 seconds
                  ZADV completed...       0.2021 seconds
                 HDIFF completed...       0.1365 seconds
              DECOUPLE completed...       0.0333 seconds
                  PHOT completed...       0.3080 seconds
               CLDPROC completed...       0.1562 seconds
                  CHEM completed...       0.5733 seconds
                  AERO completed...       0.5863 seconds
            Master Time Step
            Processing completed...       4.3588 seconds

     Processing Day/Time [YYYYDDD:HHMMSS]: 2017357:175000
       Which is Equivalent to (UTC): 17:50:00 Saturday,  Dec. 23, 2017
       Time-Step Length (HHMMSS): 000500
                 VDIFF completed...       0.5678 seconds
                COUPLE completed...       0.0467 seconds
                  HADV completed...       1.7445 seconds
                  ZADV completed...       0.2027 seconds
                 HDIFF completed...       0.1373 seconds
              DECOUPLE completed...       0.0335 seconds
                  PHOT completed...       0.3072 seconds
               CLDPROC completed...       0.1564 seconds
                  CHEM completed...       0.5741 seconds
                  AERO completed...       0.5877 seconds
            Master Time Step
            Processing completed...       4.3621 seconds

     Processing Day/Time [YYYYDDD:HHMMSS]: 2017357:175500
       Which is Equivalent to (UTC): 17:55:00 Saturday,  Dec. 23, 2017
       Time-Step Length (HHMMSS): 000500
                 VDIFF completed...       1.8879 seconds
                COUPLE completed...       0.1110 seconds
                  HADV completed...       1.2718 seconds
                  ZADV completed...       0.2021 seconds
                 HDIFF completed...       0.1434 seconds
              DECOUPLE completed...       0.0342 seconds
                  PHOT completed...       0.3083 seconds
               CLDPROC completed...       1.4502 seconds
                  CHEM completed...       0.6136 seconds
                  AERO completed...       0.5963 seconds
            Master Time Step
            Processing completed...       6.6249 seconds

      =--> Data Output completed...       1.1497 seconds

     Processing Day/Time [YYYYDDD:HHMMSS]: 2017357:180000
       Which is Equivalent to (UTC): 18:00:00 Saturday,  Dec. 23, 2017
       Time-Step Length (HHMMSS): 000500
                 VDIFF completed...       5.2638 seconds
                COUPLE completed...       0.0910 seconds
                  HADV completed...       2.1330 seconds
                  ZADV completed...       0.2025 seconds
                 HDIFF completed...       0.1372 seconds
              DECOUPLE completed...       0.0332 seconds
                  PHOT completed...       1.4001 seconds
               CLDPROC completed...       0.1610 seconds
                  CHEM completed...       0.5818 seconds
                  AERO completed...       0.5975 seconds
            Master Time Step
            Processing completed...      10.6038 seconds

     Processing Day/Time [YYYYDDD:HHMMSS]: 2017357:180500
       Which is Equivalent to (UTC): 18:05:00 Saturday,  Dec. 23, 2017
       Time-Step Length (HHMMSS): 000500
                 VDIFF completed...       0.5331 seconds
                COUPLE completed...       0.0446 seconds
                  HADV completed...       1.7917 seconds
                  ZADV completed...       0.1995 seconds
                 HDIFF completed...       0.1405 seconds
              DECOUPLE completed...       0.0321 seconds
                  PHOT completed...       0.3084 seconds
               CLDPROC completed...       0.1566 seconds
                  CHEM completed...       0.5727 seconds
                  AERO completed...       0.5924 seconds
            Master Time Step
            Processing completed...       4.3743 seconds

     Processing Day/Time [YYYYDDD:HHMMSS]: 2017357:181000
       Which is Equivalent to (UTC): 18:10:00 Saturday,  Dec. 23, 2017
       Time-Step Length (HHMMSS): 000500
                 VDIFF completed...       0.5975 seconds
                COUPLE completed...       0.0487 seconds
                  HADV completed...       1.7701 seconds
                  ZADV completed...       0.1997 seconds
                 HDIFF completed...       0.1404 seconds
              DECOUPLE completed...       0.0340 seconds
                  PHOT completed...       0.3067 seconds
               CLDPROC completed...       0.1556 seconds
                  CHEM completed...       0.5730 seconds
                  AERO completed...       0.5934 seconds
            Master Time Step
            Processing completed...       4.4232 seconds

     Processing Day/Time [YYYYDDD:HHMMSS]: 2017357:181500
       Which is Equivalent to (UTC): 18:15:00 Saturday,  Dec. 23, 2017
       Time-Step Length (HHMMSS): 000500
                 VDIFF completed...       0.5597 seconds
                COUPLE completed...       0.0453 seconds
                  HADV completed...       1.8153 seconds
                  ZADV completed...       0.1997 seconds
                 HDIFF completed...       0.1397 seconds
              DECOUPLE completed...       0.0337 seconds
                  PHOT completed...       0.3066 seconds
               CLDPROC completed...       0.1559 seconds
                  CHEM completed...       0.5751 seconds
                  AERO completed...       0.5940 seconds
            Master Time Step
            Processing completed...       4.4283 seconds

     Processing Day/Time [YYYYDDD:HHMMSS]: 2017357:182000
       Which is Equivalent to (UTC): 18:20:00 Saturday,  Dec. 23, 2017
       Time-Step Length (HHMMSS): 000500
                 VDIFF completed...       0.5624 seconds
                COUPLE completed...       0.0438 seconds
                  HADV completed...       1.7994 seconds
                  ZADV completed...       0.1996 seconds
                 HDIFF completed...       0.1408 seconds
              DECOUPLE completed...       0.0338 seconds
                  PHOT completed...       0.3069 seconds
               CLDPROC completed...       0.1563 seconds
                  CHEM completed...       0.5763 seconds
                  AERO completed...       0.5897 seconds
            Master Time Step
            Processing completed...       4.4134 seconds

     Processing Day/Time [YYYYDDD:HHMMSS]: 2017357:182500
       Which is Equivalent to (UTC): 18:25:00 Saturday,  Dec. 23, 2017
       Time-Step Length (HHMMSS): 000500
                 VDIFF completed...       0.5718 seconds
                COUPLE completed...       0.0434 seconds
                  HADV completed...       1.8116 seconds
                  ZADV completed...       0.1992 seconds
                 HDIFF completed...       0.1412 seconds
              DECOUPLE completed...       0.0338 seconds
                  PHOT completed...       0.3061 seconds
               CLDPROC completed...       0.1573 seconds
                  CHEM completed...       0.5776 seconds
                  AERO completed...       0.5955 seconds
            Master Time Step
            Processing completed...       4.4421 seconds

     Processing Day/Time [YYYYDDD:HHMMSS]: 2017357:183000
       Which is Equivalent to (UTC): 18:30:00 Saturday,  Dec. 23, 2017
       Time-Step Length (HHMMSS): 000500
                 VDIFF completed...       0.5723 seconds
                COUPLE completed...       0.0418 seconds
                  HADV completed...       1.8118 seconds
                  ZADV completed...       0.1995 seconds
                 HDIFF completed...       0.1408 seconds
              DECOUPLE completed...       0.0340 seconds
                  PHOT completed...       0.3065 seconds
               CLDPROC completed...       0.1566 seconds
                  CHEM completed...       0.5748 seconds
                  AERO completed...       0.5987 seconds
            Master Time Step
            Processing completed...       4.4412 seconds

     Processing Day/Time [YYYYDDD:HHMMSS]: 2017357:183500
       Which is Equivalent to (UTC): 18:35:00 Saturday,  Dec. 23, 2017
       Time-Step Length (HHMMSS): 000500
                 VDIFF completed...       0.5600 seconds
                COUPLE completed...       0.0441 seconds
                  HADV completed...       1.8111 seconds
                  ZADV completed...       0.1996 seconds
                 HDIFF completed...       0.1408 seconds
              DECOUPLE completed...       0.0352 seconds
                  PHOT completed...       0.3051 seconds
               CLDPROC completed...       0.1573 seconds
                  CHEM completed...       0.5762 seconds
                  AERO completed...       0.5942 seconds
            Master Time Step
            Processing completed...       4.4256 seconds

     Processing Day/Time [YYYYDDD:HHMMSS]: 2017357:184000
       Which is Equivalent to (UTC): 18:40:00 Saturday,  Dec. 23, 2017
       Time-Step Length (HHMMSS): 000500
                 VDIFF completed...       0.5822 seconds
                COUPLE completed...       0.0428 seconds
                  HADV completed...       1.7970 seconds
                  ZADV completed...       0.1999 seconds
                 HDIFF completed...       0.1392 seconds
              DECOUPLE completed...       0.0338 seconds
                  PHOT completed...       0.3074 seconds
               CLDPROC completed...       0.1560 seconds
                  CHEM completed...       0.5747 seconds
                  AERO completed...       0.6015 seconds
            Master Time Step
            Processing completed...       4.4383 seconds

     Processing Day/Time [YYYYDDD:HHMMSS]: 2017357:184500
       Which is Equivalent to (UTC): 18:45:00 Saturday,  Dec. 23, 2017
       Time-Step Length (HHMMSS): 000500
                 VDIFF completed...       0.5730 seconds
                COUPLE completed...       0.0473 seconds
                  HADV completed...       1.8113 seconds
                  ZADV completed...       0.1992 seconds
                 HDIFF completed...       0.1405 seconds
              DECOUPLE completed...       0.0334 seconds
                  PHOT completed...       0.3064 seconds
               CLDPROC completed...       0.1573 seconds
                  CHEM completed...       0.5764 seconds
                  AERO completed...       0.5972 seconds
            Master Time Step
            Processing completed...       4.4462 seconds

     Processing Day/Time [YYYYDDD:HHMMSS]: 2017357:185000
       Which is Equivalent to (UTC): 18:50:00 Saturday,  Dec. 23, 2017
       Time-Step Length (HHMMSS): 000500
                 VDIFF completed...       0.5818 seconds
                COUPLE completed...       0.0403 seconds
                  HADV completed...       1.8002 seconds
                  ZADV completed...       0.1998 seconds
                 HDIFF completed...       0.1405 seconds
              DECOUPLE completed...       0.0328 seconds
                  PHOT completed...       0.3116 seconds
               CLDPROC completed...       0.1546 seconds
                  CHEM completed...       0.5772 seconds
                  AERO completed...       0.6050 seconds
            Master Time Step
            Processing completed...       4.4459 seconds

     Processing Day/Time [YYYYDDD:HHMMSS]: 2017357:185500
       Which is Equivalent to (UTC): 18:55:00 Saturday,  Dec. 23, 2017
       Time-Step Length (HHMMSS): 000500
                 VDIFF completed...       1.8740 seconds
                COUPLE completed...       0.1123 seconds
                  HADV completed...       1.2863 seconds
                  ZADV completed...       0.1998 seconds
                 HDIFF completed...       0.1404 seconds
              DECOUPLE completed...       0.0342 seconds
                  PHOT completed...       0.3057 seconds
               CLDPROC completed...       1.2575 seconds
                  CHEM completed...       0.6177 seconds
                  AERO completed...       0.6124 seconds
            Master Time Step
            Processing completed...       6.4441 seconds

      =--> Data Output completed...       1.1565 seconds

     Processing Day/Time [YYYYDDD:HHMMSS]: 2017357:190000
       Which is Equivalent to (UTC): 19:00:00 Saturday,  Dec. 23, 2017
       Time-Step Length (HHMMSS): 000500
                 VDIFF completed...       5.0904 seconds
                COUPLE completed...       0.0815 seconds
                  HADV completed...       2.1922 seconds
                  ZADV completed...       0.1990 seconds
                 HDIFF completed...       0.1408 seconds
              DECOUPLE completed...       0.0331 seconds
                  PHOT completed...       1.4092 seconds
               CLDPROC completed...       0.1597 seconds
                  CHEM completed...       0.5818 seconds
                  AERO completed...       0.6120 seconds
            Master Time Step
            Processing completed...      10.5026 seconds

     Processing Day/Time [YYYYDDD:HHMMSS]: 2017357:190500
       Which is Equivalent to (UTC): 19:05:00 Saturday,  Dec. 23, 2017
       Time-Step Length (HHMMSS): 000500
                 VDIFF completed...       0.6008 seconds
                COUPLE completed...       0.0458 seconds
                  HADV completed...       1.7627 seconds
                  ZADV completed...       0.2019 seconds
                 HDIFF completed...       0.1375 seconds
              DECOUPLE completed...       0.0329 seconds
                  PHOT completed...       0.3080 seconds
               CLDPROC completed...       0.1562 seconds
                  CHEM completed...       0.5785 seconds
                  AERO completed...       0.6005 seconds
            Master Time Step
            Processing completed...       4.4277 seconds

     Processing Day/Time [YYYYDDD:HHMMSS]: 2017357:191000
       Which is Equivalent to (UTC): 19:10:00 Saturday,  Dec. 23, 2017
       Time-Step Length (HHMMSS): 000500
                 VDIFF completed...       0.6070 seconds
                COUPLE completed...       0.0498 seconds
                  HADV completed...       1.7505 seconds
                  ZADV completed...       0.2019 seconds
                 HDIFF completed...       0.1379 seconds
              DECOUPLE completed...       0.0342 seconds
                  PHOT completed...       0.3068 seconds
               CLDPROC completed...       0.1560 seconds
                  CHEM completed...       0.5810 seconds
                  AERO completed...       0.5994 seconds
            Master Time Step
            Processing completed...       4.4281 seconds

     Processing Day/Time [YYYYDDD:HHMMSS]: 2017357:191500
       Which is Equivalent to (UTC): 19:15:00 Saturday,  Dec. 23, 2017
       Time-Step Length (HHMMSS): 000500
                 VDIFF completed...       0.6005 seconds
                COUPLE completed...       0.0411 seconds
                  HADV completed...       1.7738 seconds
                  ZADV completed...       0.2017 seconds
                 HDIFF completed...       0.1369 seconds
              DECOUPLE completed...       0.0330 seconds
                  PHOT completed...       0.3083 seconds
               CLDPROC completed...       0.1550 seconds
                  CHEM completed...       0.5768 seconds
                  AERO completed...       0.6081 seconds
            Master Time Step
            Processing completed...       4.4395 seconds

     Processing Day/Time [YYYYDDD:HHMMSS]: 2017357:192000
       Which is Equivalent to (UTC): 19:20:00 Saturday,  Dec. 23, 2017
       Time-Step Length (HHMMSS): 000500
                 VDIFF completed...       0.5898 seconds
                COUPLE completed...       0.0426 seconds
                  HADV completed...       1.7804 seconds
                  ZADV completed...       0.2021 seconds
                 HDIFF completed...       0.1376 seconds
              DECOUPLE completed...       0.0326 seconds
                  PHOT completed...       0.3088 seconds
               CLDPROC completed...       0.1557 seconds
                  CHEM completed...       0.5796 seconds
                  AERO completed...       0.6090 seconds
            Master Time Step
            Processing completed...       4.4415 seconds

     Processing Day/Time [YYYYDDD:HHMMSS]: 2017357:192500
       Which is Equivalent to (UTC): 19:25:00 Saturday,  Dec. 23, 2017
       Time-Step Length (HHMMSS): 000500
                 VDIFF completed...       0.5902 seconds
                COUPLE completed...       0.0435 seconds
                  HADV completed...       1.7607 seconds
                  ZADV completed...       0.2016 seconds
                 HDIFF completed...       0.1374 seconds
              DECOUPLE completed...       0.0330 seconds
                  PHOT completed...       0.3079 seconds
               CLDPROC completed...       0.1555 seconds
                  CHEM completed...       0.5785 seconds
                  AERO completed...       0.6143 seconds
            Master Time Step
            Processing completed...       4.4258 seconds

     Processing Day/Time [YYYYDDD:HHMMSS]: 2017357:193000
       Which is Equivalent to (UTC): 19:30:00 Saturday,  Dec. 23, 2017
       Time-Step Length (HHMMSS): 000500
                 VDIFF completed...       0.5910 seconds
                COUPLE completed...       0.0429 seconds
                  HADV completed...       1.7722 seconds
                  ZADV completed...       0.2021 seconds
                 HDIFF completed...       0.1372 seconds
              DECOUPLE completed...       0.0331 seconds
                  PHOT completed...       0.3080 seconds
               CLDPROC completed...       0.1543 seconds
                  CHEM completed...       0.5798 seconds
                  AERO completed...       0.6111 seconds
            Master Time Step
            Processing completed...       4.4359 seconds

     Processing Day/Time [YYYYDDD:HHMMSS]: 2017357:193500
       Which is Equivalent to (UTC): 19:35:00 Saturday,  Dec. 23, 2017
       Time-Step Length (HHMMSS): 000500
                 VDIFF completed...       0.5913 seconds
                COUPLE completed...       0.0508 seconds
                  HADV completed...       1.7585 seconds
                  ZADV completed...       0.2017 seconds
                 HDIFF completed...       0.1373 seconds
              DECOUPLE completed...       0.0332 seconds
                  PHOT completed...       0.3095 seconds
               CLDPROC completed...       0.1533 seconds
                  CHEM completed...       0.5810 seconds
                  AERO completed...       0.6079 seconds
            Master Time Step
            Processing completed...       4.4288 seconds

     Processing Day/Time [YYYYDDD:HHMMSS]: 2017357:194000
       Which is Equivalent to (UTC): 19:40:00 Saturday,  Dec. 23, 2017
       Time-Step Length (HHMMSS): 000500
                 VDIFF completed...       0.6010 seconds
                COUPLE completed...       0.0401 seconds
                  HADV completed...       1.7651 seconds
                  ZADV completed...       0.2014 seconds
                 HDIFF completed...       0.1376 seconds
              DECOUPLE completed...       0.0337 seconds
                  PHOT completed...       0.3070 seconds
               CLDPROC completed...       0.1545 seconds
                  CHEM completed...       0.5813 seconds
                  AERO completed...       0.6131 seconds
            Master Time Step
            Processing completed...       4.4392 seconds

     Processing Day/Time [YYYYDDD:HHMMSS]: 2017357:194500
       Which is Equivalent to (UTC): 19:45:00 Saturday,  Dec. 23, 2017
       Time-Step Length (HHMMSS): 000500
                 VDIFF completed...       0.6082 seconds
                COUPLE completed...       0.0493 seconds
                  HADV completed...       1.7453 seconds
                  ZADV completed...       0.2013 seconds
                 HDIFF completed...       0.1365 seconds
              DECOUPLE completed...       0.0336 seconds
                  PHOT completed...       0.3076 seconds
               CLDPROC completed...       0.1547 seconds
                  CHEM completed...       0.5831 seconds
                  AERO completed...       0.6168 seconds
            Master Time Step
            Processing completed...       4.4401 seconds

     Processing Day/Time [YYYYDDD:HHMMSS]: 2017357:195000
       Which is Equivalent to (UTC): 19:50:00 Saturday,  Dec. 23, 2017
       Time-Step Length (HHMMSS): 000500
                 VDIFF completed...       0.6001 seconds
                COUPLE completed...       0.0386 seconds
                  HADV completed...       1.7691 seconds
                  ZADV completed...       0.2007 seconds
                 HDIFF completed...       0.1381 seconds
              DECOUPLE completed...       0.0328 seconds
                  PHOT completed...       0.3083 seconds
               CLDPROC completed...       0.1533 seconds
                  CHEM completed...       0.5852 seconds
                  AERO completed...       0.6167 seconds
            Master Time Step
            Processing completed...       4.4474 seconds

     Processing Day/Time [YYYYDDD:HHMMSS]: 2017357:195500
       Which is Equivalent to (UTC): 19:55:00 Saturday,  Dec. 23, 2017
       Time-Step Length (HHMMSS): 000500
                 VDIFF completed...       1.8595 seconds
                COUPLE completed...       0.1113 seconds
                  HADV completed...       1.5663 seconds
                  ZADV completed...       0.2009 seconds
                 HDIFF completed...       0.1426 seconds
              DECOUPLE completed...       0.0330 seconds
                  PHOT completed...       0.3075 seconds
               CLDPROC completed...       1.2441 seconds
                  CHEM completed...       0.6024 seconds
                  AERO completed...       0.6419 seconds
            Master Time Step
            Processing completed...       6.7137 seconds

      =--> Data Output completed...       1.1296 seconds

     Processing Day/Time [YYYYDDD:HHMMSS]: 2017357:200000
       Which is Equivalent to (UTC): 20:00:00 Saturday,  Dec. 23, 2017
       Time-Step Length (HHMMSS): 000500
                 VDIFF completed...       5.0849 seconds
                COUPLE completed...       0.0871 seconds
                  HADV completed...       2.1434 seconds
                  ZADV completed...       0.1958 seconds
                 HDIFF completed...       0.1459 seconds
              DECOUPLE completed...       0.0331 seconds
                  PHOT completed...       1.4149 seconds
               CLDPROC completed...       0.1574 seconds
                  CHEM completed...       0.5893 seconds
                  AERO completed...       0.6218 seconds
            Master Time Step
            Processing completed...      10.4773 seconds

     Processing Day/Time [YYYYDDD:HHMMSS]: 2017357:200500
       Which is Equivalent to (UTC): 20:05:00 Saturday,  Dec. 23, 2017
       Time-Step Length (HHMMSS): 000500
                 VDIFF completed...       0.6065 seconds
                COUPLE completed...       0.0459 seconds
                  HADV completed...       1.6967 seconds
                  ZADV completed...       0.1988 seconds
                 HDIFF completed...       0.1404 seconds
              DECOUPLE completed...       0.0342 seconds
                  PHOT completed...       0.3062 seconds
               CLDPROC completed...       0.1515 seconds
                  CHEM completed...       0.5855 seconds
                  AERO completed...       0.6208 seconds
            Master Time Step
            Processing completed...       4.3905 seconds

     Processing Day/Time [YYYYDDD:HHMMSS]: 2017357:201000
       Which is Equivalent to (UTC): 20:10:00 Saturday,  Dec. 23, 2017
       Time-Step Length (HHMMSS): 000500
                 VDIFF completed...       0.6046 seconds
                COUPLE completed...       0.0425 seconds
                  HADV completed...       1.7054 seconds
                  ZADV completed...       0.1977 seconds
                 HDIFF completed...       0.1419 seconds
              DECOUPLE completed...       0.0328 seconds
                  PHOT completed...       0.3088 seconds
               CLDPROC completed...       0.1524 seconds
                  CHEM completed...       0.5838 seconds
                  AERO completed...       0.6248 seconds
            Master Time Step
            Processing completed...       4.3965 seconds

     Processing Day/Time [YYYYDDD:HHMMSS]: 2017357:201500
       Which is Equivalent to (UTC): 20:15:00 Saturday,  Dec. 23, 2017
       Time-Step Length (HHMMSS): 000500
                 VDIFF completed...       0.5884 seconds
                COUPLE completed...       0.0431 seconds
                  HADV completed...       1.7200 seconds
                  ZADV completed...       0.1983 seconds
                 HDIFF completed...       0.1409 seconds
              DECOUPLE completed...       0.0336 seconds
                  PHOT completed...       0.3054 seconds
               CLDPROC completed...       0.1523 seconds
                  CHEM completed...       0.5866 seconds
                  AERO completed...       0.6220 seconds
            Master Time Step
            Processing completed...       4.3945 seconds

     Processing Day/Time [YYYYDDD:HHMMSS]: 2017357:202000
       Which is Equivalent to (UTC): 20:20:00 Saturday,  Dec. 23, 2017
       Time-Step Length (HHMMSS): 000500
                 VDIFF completed...       0.5982 seconds
                COUPLE completed...       0.0457 seconds
                  HADV completed...       1.7140 seconds
                  ZADV completed...       0.1980 seconds
                 HDIFF completed...       0.1407 seconds
              DECOUPLE completed...       0.0332 seconds
                  PHOT completed...       0.3069 seconds
               CLDPROC completed...       0.1532 seconds
                  CHEM completed...       0.5869 seconds
                  AERO completed...       0.6376 seconds
            Master Time Step
            Processing completed...       4.4192 seconds

     Processing Day/Time [YYYYDDD:HHMMSS]: 2017357:202500
       Which is Equivalent to (UTC): 20:25:00 Saturday,  Dec. 23, 2017
       Time-Step Length (HHMMSS): 000500
                 VDIFF completed...       0.5773 seconds
                COUPLE completed...       0.0441 seconds
                  HADV completed...       1.7161 seconds
                  ZADV completed...       0.1981 seconds
                 HDIFF completed...       0.1410 seconds
              DECOUPLE completed...       0.0335 seconds
                  PHOT completed...       0.3063 seconds
               CLDPROC completed...       0.1515 seconds
                  CHEM completed...       0.5867 seconds
                  AERO completed...       0.6157 seconds
            Master Time Step
            Processing completed...       4.3750 seconds

     Processing Day/Time [YYYYDDD:HHMMSS]: 2017357:203000
       Which is Equivalent to (UTC): 20:30:00 Saturday,  Dec. 23, 2017
       Time-Step Length (HHMMSS): 000500
                 VDIFF completed...       0.5947 seconds
                COUPLE completed...       0.0450 seconds
                  HADV completed...       1.7161 seconds
                  ZADV completed...       0.1987 seconds
                 HDIFF completed...       0.1402 seconds
              DECOUPLE completed...       0.0332 seconds
                  PHOT completed...       0.3075 seconds
               CLDPROC completed...       0.1525 seconds
                  CHEM completed...       0.5872 seconds
                  AERO completed...       0.6195 seconds
            Master Time Step
            Processing completed...       4.3989 seconds

     Processing Day/Time [YYYYDDD:HHMMSS]: 2017357:203500
       Which is Equivalent to (UTC): 20:35:00 Saturday,  Dec. 23, 2017
       Time-Step Length (HHMMSS): 000500
                 VDIFF completed...       0.5986 seconds
                COUPLE completed...       0.0445 seconds
                  HADV completed...       1.7092 seconds
                  ZADV completed...       0.1986 seconds
                 HDIFF completed...       0.1410 seconds
              DECOUPLE completed...       0.0335 seconds
                  PHOT completed...       0.3062 seconds
               CLDPROC completed...       0.1522 seconds
                  CHEM completed...       0.5899 seconds
                  AERO completed...       0.6289 seconds
            Master Time Step
            Processing completed...       4.4074 seconds

     Processing Day/Time [YYYYDDD:HHMMSS]: 2017357:204000
       Which is Equivalent to (UTC): 20:40:00 Saturday,  Dec. 23, 2017
       Time-Step Length (HHMMSS): 000500
                 VDIFF completed...       0.5938 seconds
                COUPLE completed...       0.0441 seconds
                  HADV completed...       1.6994 seconds
                  ZADV completed...       0.1978 seconds
                 HDIFF completed...       0.1411 seconds
              DECOUPLE completed...       0.0334 seconds
                  PHOT completed...       0.3074 seconds
               CLDPROC completed...       0.1520 seconds
                  CHEM completed...       0.5883 seconds
                  AERO completed...       0.6270 seconds
            Master Time Step
            Processing completed...       4.3884 seconds

     Processing Day/Time [YYYYDDD:HHMMSS]: 2017357:204500
       Which is Equivalent to (UTC): 20:45:00 Saturday,  Dec. 23, 2017
       Time-Step Length (HHMMSS): 000500
                 VDIFF completed...       0.5947 seconds
                COUPLE completed...       0.0432 seconds
                  HADV completed...       1.7019 seconds
                  ZADV completed...       0.1982 seconds
                 HDIFF completed...       0.1409 seconds
              DECOUPLE completed...       0.0334 seconds
                  PHOT completed...       0.3075 seconds
               CLDPROC completed...       0.1511 seconds
                  CHEM completed...       0.5908 seconds
                  AERO completed...       0.6292 seconds
            Master Time Step
            Processing completed...       4.3955 seconds

     Processing Day/Time [YYYYDDD:HHMMSS]: 2017357:205000
       Which is Equivalent to (UTC): 20:50:00 Saturday,  Dec. 23, 2017
       Time-Step Length (HHMMSS): 000500
                 VDIFF completed...       0.5980 seconds
                COUPLE completed...       0.0452 seconds
                  HADV completed...       2.1065 seconds
                  ZADV completed...       0.1986 seconds
                 HDIFF completed...       0.1441 seconds
              DECOUPLE completed...       0.0340 seconds
                  PHOT completed...       0.3050 seconds
               CLDPROC completed...       0.1507 seconds
                  CHEM completed...       0.5828 seconds
                  AERO completed...       0.6330 seconds
            Master Time Step
            Processing completed...       4.8021 seconds

     Processing Day/Time [YYYYDDD:HHMMSS]: 2017357:205500
       Which is Equivalent to (UTC): 20:55:00 Saturday,  Dec. 23, 2017
       Time-Step Length (HHMMSS): 000500
                 VDIFF completed...       1.8384 seconds
                COUPLE completed...       0.1104 seconds
                  HADV completed...       1.2111 seconds
                  ZADV completed...       0.1989 seconds
                 HDIFF completed...       0.1398 seconds
              DECOUPLE completed...       0.0333 seconds
                  PHOT completed...       0.3084 seconds
               CLDPROC completed...       0.9670 seconds
                  CHEM completed...       0.5674 seconds
                  AERO completed...       0.6391 seconds
            Master Time Step
            Processing completed...       6.0181 seconds

      =--> Data Output completed...       1.1484 seconds

     Processing Day/Time [YYYYDDD:HHMMSS]: 2017357:210000
       Which is Equivalent to (UTC): 21:00:00 Saturday,  Dec. 23, 2017
       Time-Step Length (HHMMSS): 000500
                 VDIFF completed...       5.1030 seconds
                COUPLE completed...       0.0896 seconds
                  HADV completed...       2.1523 seconds
                  ZADV completed...       0.2012 seconds
                 HDIFF completed...       0.1366 seconds
              DECOUPLE completed...       0.0357 seconds
                  PHOT completed...       1.4204 seconds
               CLDPROC completed...       0.1560 seconds
                  CHEM completed...       0.5777 seconds
                  AERO completed...       0.6459 seconds
            Master Time Step
            Processing completed...      10.5204 seconds

     Processing Day/Time [YYYYDDD:HHMMSS]: 2017357:210500
       Which is Equivalent to (UTC): 21:05:00 Saturday,  Dec. 23, 2017
       Time-Step Length (HHMMSS): 000500
                 VDIFF completed...       0.6050 seconds
                COUPLE completed...       0.0559 seconds
                  HADV completed...       1.6313 seconds
                  ZADV completed...       0.2019 seconds
                 HDIFF completed...       0.1368 seconds
              DECOUPLE completed...       0.0337 seconds
                  PHOT completed...       0.3081 seconds
               CLDPROC completed...       0.1510 seconds
                  CHEM completed...       0.5702 seconds
                  AERO completed...       0.6491 seconds
            Master Time Step
            Processing completed...       4.3469 seconds

     Processing Day/Time [YYYYDDD:HHMMSS]: 2017357:211000
       Which is Equivalent to (UTC): 21:10:00 Saturday,  Dec. 23, 2017
       Time-Step Length (HHMMSS): 000500
                 VDIFF completed...       0.6009 seconds
                COUPLE completed...       0.0482 seconds
                  HADV completed...       1.6324 seconds
                  ZADV completed...       0.2013 seconds
                 HDIFF completed...       0.1378 seconds
              DECOUPLE completed...       0.0336 seconds
                  PHOT completed...       0.3068 seconds
               CLDPROC completed...       0.1498 seconds
                  CHEM completed...       0.5679 seconds
                  AERO completed...       0.6310 seconds
            Master Time Step
            Processing completed...       4.3141 seconds

     Processing Day/Time [YYYYDDD:HHMMSS]: 2017357:211500
       Which is Equivalent to (UTC): 21:15:00 Saturday,  Dec. 23, 2017
       Time-Step Length (HHMMSS): 000500
                 VDIFF completed...       0.6130 seconds
                COUPLE completed...       0.0444 seconds
                  HADV completed...       1.5737 seconds
                  ZADV completed...       0.2035 seconds
                 HDIFF completed...       0.1365 seconds
              DECOUPLE completed...       0.0341 seconds
                  PHOT completed...       0.3088 seconds
               CLDPROC completed...       0.1499 seconds
                  CHEM completed...       0.5633 seconds
                  AERO completed...       0.6425 seconds
            Master Time Step
            Processing completed...       4.2721 seconds

     Processing Day/Time [YYYYDDD:HHMMSS]: 2017357:212000
       Which is Equivalent to (UTC): 21:20:00 Saturday,  Dec. 23, 2017
       Time-Step Length (HHMMSS): 000500
                 VDIFF completed...       0.5983 seconds
                COUPLE completed...       0.0442 seconds
                  HADV completed...       1.5764 seconds
                  ZADV completed...       0.2015 seconds
                 HDIFF completed...       0.1376 seconds
              DECOUPLE completed...       0.0333 seconds
                  PHOT completed...       0.3097 seconds
               CLDPROC completed...       0.1476 seconds
                  CHEM completed...       0.5568 seconds
                  AERO completed...       0.6406 seconds
            Master Time Step
            Processing completed...       4.2478 seconds

     Processing Day/Time [YYYYDDD:HHMMSS]: 2017357:212500
       Which is Equivalent to (UTC): 21:25:00 Saturday,  Dec. 23, 2017
       Time-Step Length (HHMMSS): 000500
                 VDIFF completed...       0.6004 seconds
                COUPLE completed...       0.0447 seconds
                  HADV completed...       1.5994 seconds
                  ZADV completed...       0.2012 seconds
                 HDIFF completed...       0.1366 seconds
              DECOUPLE completed...       0.0330 seconds
                  PHOT completed...       0.3109 seconds
               CLDPROC completed...       0.1463 seconds
                  CHEM completed...       0.5495 seconds
                  AERO completed...       0.6396 seconds
            Master Time Step
            Processing completed...       4.2633 seconds

     Processing Day/Time [YYYYDDD:HHMMSS]: 2017357:213000
       Which is Equivalent to (UTC): 21:30:00 Saturday,  Dec. 23, 2017
       Time-Step Length (HHMMSS): 000500
                 VDIFF completed...       0.6031 seconds
                COUPLE completed...       0.0411 seconds
                  HADV completed...       1.5947 seconds
                  ZADV completed...       0.2017 seconds
                 HDIFF completed...       0.1375 seconds
              DECOUPLE completed...       0.0338 seconds
                  PHOT completed...       0.3088 seconds
               CLDPROC completed...       0.1448 seconds
                  CHEM completed...       0.5480 seconds
                  AERO completed...       0.6340 seconds
            Master Time Step
            Processing completed...       4.2518 seconds

     Processing Day/Time [YYYYDDD:HHMMSS]: 2017357:213500
       Which is Equivalent to (UTC): 21:35:00 Saturday,  Dec. 23, 2017
       Time-Step Length (HHMMSS): 000500
                 VDIFF completed...       0.6171 seconds
                COUPLE completed...       0.0495 seconds
                  HADV completed...       1.5361 seconds
                  ZADV completed...       0.2004 seconds
                 HDIFF completed...       0.1407 seconds
              DECOUPLE completed...       0.0325 seconds
                  PHOT completed...       0.3134 seconds
               CLDPROC completed...       0.1423 seconds
                  CHEM completed...       0.5398 seconds
                  AERO completed...       0.6394 seconds
            Master Time Step
            Processing completed...       4.2143 seconds

     Processing Day/Time [YYYYDDD:HHMMSS]: 2017357:214000
       Which is Equivalent to (UTC): 21:40:00 Saturday,  Dec. 23, 2017
       Time-Step Length (HHMMSS): 000500
                 VDIFF completed...       0.6217 seconds
                COUPLE completed...       0.0423 seconds
                  HADV completed...       1.5296 seconds
                  ZADV completed...       0.2004 seconds
                 HDIFF completed...       0.1424 seconds
              DECOUPLE completed...       0.0334 seconds
                  PHOT completed...       0.3137 seconds
               CLDPROC completed...       0.1375 seconds
                  CHEM completed...       0.5403 seconds
                  AERO completed...       0.6379 seconds
            Master Time Step
            Processing completed...       4.2033 seconds

     Processing Day/Time [YYYYDDD:HHMMSS]: 2017357:214500
       Which is Equivalent to (UTC): 21:45:00 Saturday,  Dec. 23, 2017
       Time-Step Length (HHMMSS): 000500
                 VDIFF completed...       0.6080 seconds
                COUPLE completed...       0.0473 seconds
                  HADV completed...       1.8033 seconds
                  ZADV completed...       0.2007 seconds
                 HDIFF completed...       0.1517 seconds
              DECOUPLE completed...       0.0336 seconds
                  PHOT completed...       0.3101 seconds
               CLDPROC completed...       0.1362 seconds
                  CHEM completed...       0.5300 seconds
                  AERO completed...       0.6343 seconds
            Master Time Step
            Processing completed...       4.4586 seconds

     Processing Day/Time [YYYYDDD:HHMMSS]: 2017357:215000
       Which is Equivalent to (UTC): 21:50:00 Saturday,  Dec. 23, 2017
       Time-Step Length (HHMMSS): 000500
                 VDIFF completed...       0.6110 seconds
                COUPLE completed...       0.0485 seconds
                  HADV completed...       1.5105 seconds
                  ZADV completed...       0.2003 seconds
                 HDIFF completed...       0.1469 seconds
              DECOUPLE completed...       0.0328 seconds
                  PHOT completed...       0.3110 seconds
               CLDPROC completed...       0.1349 seconds
                  CHEM completed...       0.5343 seconds
                  AERO completed...       0.6422 seconds
            Master Time Step
            Processing completed...       4.1764 seconds

     Processing Day/Time [YYYYDDD:HHMMSS]: 2017357:215500
       Which is Equivalent to (UTC): 21:55:00 Saturday,  Dec. 23, 2017
       Time-Step Length (HHMMSS): 000500
                 VDIFF completed...       1.7061 seconds
                COUPLE completed...       0.1116 seconds
                  HADV completed...       1.2999 seconds
                  ZADV completed...       0.2015 seconds
                 HDIFF completed...       0.1374 seconds
              DECOUPLE completed...       0.0328 seconds
                  PHOT completed...       0.3073 seconds
               CLDPROC completed...       1.0071 seconds
                  CHEM completed...       0.5234 seconds
                  AERO completed...       0.6285 seconds
            Master Time Step
            Processing completed...       5.9598 seconds

      =--> Data Output completed...       1.2198 seconds

     Processing Day/Time [YYYYDDD:HHMMSS]: 2017357:220000
       Which is Equivalent to (UTC): 22:00:00 Saturday,  Dec. 23, 2017
       Time-Step Length (HHMMSS): 000400
                 VDIFF completed...       5.1858 seconds
                COUPLE completed...       0.0975 seconds
                  HADV completed...       1.7867 seconds
                  ZADV completed...       0.2018 seconds
                 HDIFF completed...       0.1369 seconds
              DECOUPLE completed...       0.0325 seconds
                  PHOT completed...       1.3994 seconds
               CLDPROC completed...       0.1320 seconds
                  CHEM completed...       0.4926 seconds
                  AERO completed...       0.6095 seconds
            Master Time Step
            Processing completed...      10.0774 seconds

     Processing Day/Time [YYYYDDD:HHMMSS]: 2017357:220400
       Which is Equivalent to (UTC): 22:04:00 Saturday,  Dec. 23, 2017
       Time-Step Length (HHMMSS): 000400
                 VDIFF completed...       0.6422 seconds
                COUPLE completed...       0.0507 seconds
                  HADV completed...       1.1042 seconds
                  ZADV completed...       0.1969 seconds
                 HDIFF completed...       0.1510 seconds
              DECOUPLE completed...       0.0328 seconds
                  PHOT completed...       0.3096 seconds
               CLDPROC completed...       0.1271 seconds
                  CHEM completed...       0.4919 seconds
                  AERO completed...       0.6147 seconds
            Master Time Step
            Processing completed...       3.7252 seconds

     Processing Day/Time [YYYYDDD:HHMMSS]: 2017357:220800
       Which is Equivalent to (UTC): 22:08:00 Saturday,  Dec. 23, 2017
       Time-Step Length (HHMMSS): 000400
                 VDIFF completed...       0.6646 seconds
                COUPLE completed...       0.0534 seconds
                  HADV completed...       1.1013 seconds
                  ZADV completed...       0.1970 seconds
                 HDIFF completed...       0.1420 seconds
              DECOUPLE completed...       0.0333 seconds
                  PHOT completed...       0.3075 seconds
               CLDPROC completed...       0.1245 seconds
                  CHEM completed...       0.4921 seconds
                  AERO completed...       0.6180 seconds
            Master Time Step
            Processing completed...       3.7373 seconds

     Processing Day/Time [YYYYDDD:HHMMSS]: 2017357:221200
       Which is Equivalent to (UTC): 22:12:00 Saturday,  Dec. 23, 2017
       Time-Step Length (HHMMSS): 000400
                 VDIFF completed...       0.6184 seconds
                COUPLE completed...       0.0550 seconds
                  HADV completed...       1.0873 seconds
                  ZADV completed...       0.1961 seconds
                 HDIFF completed...       0.1427 seconds
              DECOUPLE completed...       0.0332 seconds
                  PHOT completed...       0.3085 seconds
               CLDPROC completed...       0.1248 seconds
                  CHEM completed...       0.4923 seconds
                  AERO completed...       0.6184 seconds
            Master Time Step
            Processing completed...       3.6812 seconds

     Processing Day/Time [YYYYDDD:HHMMSS]: 2017357:221600
       Which is Equivalent to (UTC): 22:16:00 Saturday,  Dec. 23, 2017
       Time-Step Length (HHMMSS): 000400
                 VDIFF completed...       0.6147 seconds
                COUPLE completed...       0.0603 seconds
                  HADV completed...       1.0780 seconds
                  ZADV completed...       0.1964 seconds
                 HDIFF completed...       0.1426 seconds
              DECOUPLE completed...       0.0338 seconds
                  PHOT completed...       0.3086 seconds
               CLDPROC completed...       0.1233 seconds
                  CHEM completed...       0.4927 seconds
                  AERO completed...       0.6159 seconds
            Master Time Step
            Processing completed...       3.6695 seconds

     Processing Day/Time [YYYYDDD:HHMMSS]: 2017357:222000
       Which is Equivalent to (UTC): 22:20:00 Saturday,  Dec. 23, 2017
       Time-Step Length (HHMMSS): 000400
                 VDIFF completed...       0.6082 seconds
                COUPLE completed...       0.0583 seconds
                  HADV completed...       1.0891 seconds
                  ZADV completed...       0.1971 seconds
                 HDIFF completed...       0.1416 seconds
              DECOUPLE completed...       0.0335 seconds
                  PHOT completed...       0.3095 seconds
               CLDPROC completed...       0.1235 seconds
                  CHEM completed...       0.4947 seconds
                  AERO completed...       0.6105 seconds
            Master Time Step
            Processing completed...       3.6691 seconds

     Processing Day/Time [YYYYDDD:HHMMSS]: 2017357:222400
       Which is Equivalent to (UTC): 22:24:00 Saturday,  Dec. 23, 2017
       Time-Step Length (HHMMSS): 000400
                 VDIFF completed...       0.6191 seconds
                COUPLE completed...       0.0555 seconds
                  HADV completed...       1.0557 seconds
                  ZADV completed...       0.1953 seconds
                 HDIFF completed...       0.1448 seconds
              DECOUPLE completed...       0.0330 seconds
                  PHOT completed...       0.3106 seconds
               CLDPROC completed...       0.1239 seconds
                  CHEM completed...       0.4964 seconds
                  AERO completed...       0.6142 seconds
            Master Time Step
            Processing completed...       3.6504 seconds

     Processing Day/Time [YYYYDDD:HHMMSS]: 2017357:222800
       Which is Equivalent to (UTC): 22:28:00 Saturday,  Dec. 23, 2017
       Time-Step Length (HHMMSS): 000400
                 VDIFF completed...       0.6032 seconds
                COUPLE completed...       0.0553 seconds
                  HADV completed...       1.0706 seconds
                  ZADV completed...       0.1966 seconds
                 HDIFF completed...       0.1420 seconds
              DECOUPLE completed...       0.0325 seconds
                  PHOT completed...       0.3088 seconds
               CLDPROC completed...       0.1228 seconds
                  CHEM completed...       0.4972 seconds
                  AERO completed...       0.6120 seconds
            Master Time Step
            Processing completed...       3.6452 seconds

     Processing Day/Time [YYYYDDD:HHMMSS]: 2017357:223200
       Which is Equivalent to (UTC): 22:32:00 Saturday,  Dec. 23, 2017
       Time-Step Length (HHMMSS): 000400
                 VDIFF completed...       0.5950 seconds
                COUPLE completed...       0.0549 seconds
                  HADV completed...       1.0684 seconds
                  ZADV completed...       0.1976 seconds
                 HDIFF completed...       0.1425 seconds
              DECOUPLE completed...       0.0336 seconds
                  PHOT completed...       0.3084 seconds
               CLDPROC completed...       0.1203 seconds
                  CHEM completed...       0.4971 seconds
                  AERO completed...       0.6140 seconds
            Master Time Step
            Processing completed...       3.6363 seconds

     Processing Day/Time [YYYYDDD:HHMMSS]: 2017357:223600
       Which is Equivalent to (UTC): 22:36:00 Saturday,  Dec. 23, 2017
       Time-Step Length (HHMMSS): 000400
                 VDIFF completed...       0.5921 seconds
                COUPLE completed...       0.0556 seconds
                  HADV completed...       1.0965 seconds
                  ZADV completed...       0.1973 seconds
                 HDIFF completed...       0.1405 seconds
              DECOUPLE completed...       0.0331 seconds
                  PHOT completed...       0.3090 seconds
               CLDPROC completed...       0.1182 seconds
                  CHEM completed...       0.4993 seconds
                  AERO completed...       0.6192 seconds
            Master Time Step
            Processing completed...       3.6654 seconds

     Processing Day/Time [YYYYDDD:HHMMSS]: 2017357:224000
       Which is Equivalent to (UTC): 22:40:00 Saturday,  Dec. 23, 2017
       Time-Step Length (HHMMSS): 000400
                 VDIFF completed...       0.5746 seconds
                COUPLE completed...       0.0509 seconds
                  HADV completed...       1.0742 seconds
                  ZADV completed...       0.1968 seconds
                 HDIFF completed...       0.1416 seconds
              DECOUPLE completed...       0.0336 seconds
                  PHOT completed...       0.3084 seconds
               CLDPROC completed...       0.1190 seconds
                  CHEM completed...       0.5004 seconds
                  AERO completed...       0.6238 seconds
            Master Time Step
            Processing completed...       3.6281 seconds

     Processing Day/Time [YYYYDDD:HHMMSS]: 2017357:224400
       Which is Equivalent to (UTC): 22:44:00 Saturday,  Dec. 23, 2017
       Time-Step Length (HHMMSS): 000400
                 VDIFF completed...       0.5748 seconds
                COUPLE completed...       0.0576 seconds
                  HADV completed...       1.0561 seconds
                  ZADV completed...       0.1973 seconds
                 HDIFF completed...       0.1414 seconds
              DECOUPLE completed...       0.0334 seconds
                  PHOT completed...       0.3093 seconds
               CLDPROC completed...       0.1204 seconds
                  CHEM completed...       0.5017 seconds
                  AERO completed...       0.6256 seconds
            Master Time Step
            Processing completed...       3.6218 seconds

     Processing Day/Time [YYYYDDD:HHMMSS]: 2017357:224800
       Which is Equivalent to (UTC): 22:48:00 Saturday,  Dec. 23, 2017
       Time-Step Length (HHMMSS): 000400
                 VDIFF completed...       0.5786 seconds
                COUPLE completed...       0.0546 seconds
                  HADV completed...       1.0363 seconds
                  ZADV completed...       0.1975 seconds
                 HDIFF completed...       0.1401 seconds
              DECOUPLE completed...       0.0350 seconds
                  PHOT completed...       0.3096 seconds
               CLDPROC completed...       0.1177 seconds
                  CHEM completed...       0.5024 seconds
                  AERO completed...       0.6210 seconds
            Master Time Step
            Processing completed...       3.5976 seconds

     Processing Day/Time [YYYYDDD:HHMMSS]: 2017357:225200
       Which is Equivalent to (UTC): 22:52:00 Saturday,  Dec. 23, 2017
       Time-Step Length (HHMMSS): 000400
                 VDIFF completed...       0.5800 seconds
                COUPLE completed...       0.0584 seconds
                  HADV completed...       1.0487 seconds
                  ZADV completed...       0.1971 seconds
                 HDIFF completed...       0.1414 seconds
              DECOUPLE completed...       0.0338 seconds
                  PHOT completed...       0.3122 seconds
               CLDPROC completed...       0.1121 seconds
                  CHEM completed...       0.5086 seconds
                  AERO completed...       0.6394 seconds
            Master Time Step
            Processing completed...       3.6367 seconds

     Processing Day/Time [YYYYDDD:HHMMSS]: 2017357:225600
       Which is Equivalent to (UTC): 22:56:00 Saturday,  Dec. 23, 2017
       Time-Step Length (HHMMSS): 000400
                 VDIFF completed...       1.5266 seconds
                COUPLE completed...       0.1118 seconds
                  HADV completed...       0.9084 seconds
                  ZADV completed...       0.1965 seconds
                 HDIFF completed...       0.1420 seconds
              DECOUPLE completed...       0.0335 seconds
                  PHOT completed...       0.3066 seconds
               CLDPROC completed...       1.0012 seconds
                  CHEM completed...       0.5366 seconds
                  AERO completed...       0.6109 seconds
            Master Time Step
            Processing completed...       5.3788 seconds

      =--> Data Output completed...       1.1745 seconds

     Processing Day/Time [YYYYDDD:HHMMSS]: 2017357:230000
       Which is Equivalent to (UTC): 23:00:00 Saturday,  Dec. 23, 2017
       Time-Step Length (HHMMSS): 000400
                 VDIFF completed...       5.2337 seconds
                COUPLE completed...       0.1025 seconds
                  HADV completed...       1.8201 seconds
                  ZADV completed...       0.1965 seconds
                 HDIFF completed...       0.1421 seconds
              DECOUPLE completed...       0.0333 seconds
                  PHOT completed...       1.4313 seconds
               CLDPROC completed...       0.1181 seconds
                  CHEM completed...       0.5104 seconds
                  AERO completed...       0.6350 seconds
            Master Time Step
            Processing completed...      10.2265 seconds

     Processing Day/Time [YYYYDDD:HHMMSS]: 2017357:230400
       Which is Equivalent to (UTC): 23:04:00 Saturday,  Dec. 23, 2017
       Time-Step Length (HHMMSS): 000400
                 VDIFF completed...       0.5542 seconds
                COUPLE completed...       0.0535 seconds
                  HADV completed...       1.1018 seconds
                  ZADV completed...       0.2010 seconds
                 HDIFF completed...       0.1435 seconds
              DECOUPLE completed...       0.0333 seconds
                  PHOT completed...       0.3166 seconds
               CLDPROC completed...       0.1111 seconds
                  CHEM completed...       0.5126 seconds
                  AERO completed...       0.6281 seconds
            Master Time Step
            Processing completed...       3.6566 seconds

     Processing Day/Time [YYYYDDD:HHMMSS]: 2017357:230800
       Which is Equivalent to (UTC): 23:08:00 Saturday,  Dec. 23, 2017
       Time-Step Length (HHMMSS): 000400
                 VDIFF completed...       0.5488 seconds
                COUPLE completed...       0.0500 seconds
                  HADV completed...       1.1263 seconds
                  ZADV completed...       0.2024 seconds
                 HDIFF completed...       0.1384 seconds
              DECOUPLE completed...       0.0336 seconds
                  PHOT completed...       0.3172 seconds
               CLDPROC completed...       0.1135 seconds
                  CHEM completed...       0.5141 seconds
                  AERO completed...       0.6379 seconds
            Master Time Step
            Processing completed...       3.6831 seconds

     Processing Day/Time [YYYYDDD:HHMMSS]: 2017357:231200
       Which is Equivalent to (UTC): 23:12:00 Saturday,  Dec. 23, 2017
       Time-Step Length (HHMMSS): 000400
                 VDIFF completed...       0.5390 seconds
                COUPLE completed...       0.0564 seconds
                  HADV completed...       1.0991 seconds
                  ZADV completed...       0.2019 seconds
                 HDIFF completed...       0.1380 seconds
              DECOUPLE completed...       0.0331 seconds
                  PHOT completed...       0.3182 seconds
               CLDPROC completed...       0.1096 seconds
                  CHEM completed...       0.5135 seconds
                  AERO completed...       0.6353 seconds
            Master Time Step
            Processing completed...       3.6449 seconds

     Processing Day/Time [YYYYDDD:HHMMSS]: 2017357:231600
       Which is Equivalent to (UTC): 23:16:00 Saturday,  Dec. 23, 2017
       Time-Step Length (HHMMSS): 000400
                 VDIFF completed...       0.5416 seconds
                COUPLE completed...       0.0536 seconds
                  HADV completed...       1.0723 seconds
                  ZADV completed...       0.2023 seconds
                 HDIFF completed...       0.1387 seconds
              DECOUPLE completed...       0.0338 seconds
                  PHOT completed...       0.3157 seconds
               CLDPROC completed...       0.1064 seconds
                  CHEM completed...       0.5171 seconds
                  AERO completed...       0.6308 seconds
            Master Time Step
            Processing completed...       3.6159 seconds

     Processing Day/Time [YYYYDDD:HHMMSS]: 2017357:232000
       Which is Equivalent to (UTC): 23:20:00 Saturday,  Dec. 23, 2017
       Time-Step Length (HHMMSS): 000400
                 VDIFF completed...       0.5363 seconds
                COUPLE completed...       0.0525 seconds
                  HADV completed...       1.0855 seconds
                  ZADV completed...       0.2019 seconds
                 HDIFF completed...       0.1380 seconds
              DECOUPLE completed...       0.0338 seconds
                  PHOT completed...       0.3152 seconds
               CLDPROC completed...       0.1052 seconds
                  CHEM completed...       0.5191 seconds
                  AERO completed...       0.6404 seconds
            Master Time Step
            Processing completed...       3.6322 seconds

     Processing Day/Time [YYYYDDD:HHMMSS]: 2017357:232400
       Which is Equivalent to (UTC): 23:24:00 Saturday,  Dec. 23, 2017
       Time-Step Length (HHMMSS): 000400
                 VDIFF completed...       0.5282 seconds
                COUPLE completed...       0.0448 seconds
                  HADV completed...       1.0750 seconds
                  ZADV completed...       0.2025 seconds
                 HDIFF completed...       0.1373 seconds
              DECOUPLE completed...       0.0334 seconds
                  PHOT completed...       0.3171 seconds
               CLDPROC completed...       0.1049 seconds
                  CHEM completed...       0.5202 seconds
                  AERO completed...       0.6378 seconds
            Master Time Step
            Processing completed...       3.6046 seconds

     Processing Day/Time [YYYYDDD:HHMMSS]: 2017357:232800
       Which is Equivalent to (UTC): 23:28:00 Saturday,  Dec. 23, 2017
       Time-Step Length (HHMMSS): 000400
                 VDIFF completed...       0.5275 seconds
                COUPLE completed...       0.0381 seconds
                  HADV completed...       1.1778 seconds
                  ZADV completed...       0.1961 seconds
                 HDIFF completed...       0.1391 seconds
              DECOUPLE completed...       0.0331 seconds
                  PHOT completed...       0.3175 seconds
               CLDPROC completed...       0.1053 seconds
                  CHEM completed...       0.5206 seconds
                  AERO completed...       0.6325 seconds
            Master Time Step
            Processing completed...       3.6919 seconds

     Processing Day/Time [YYYYDDD:HHMMSS]: 2017357:233200
       Which is Equivalent to (UTC): 23:32:00 Saturday,  Dec. 23, 2017
       Time-Step Length (HHMMSS): 000400
                 VDIFF completed...       0.5244 seconds
                COUPLE completed...       0.0362 seconds
                  HADV completed...       1.0795 seconds
                  ZADV completed...       0.2025 seconds
                 HDIFF completed...       0.1377 seconds
              DECOUPLE completed...       0.0341 seconds
                  PHOT completed...       0.3152 seconds
               CLDPROC completed...       0.1032 seconds
                  CHEM completed...       0.5232 seconds
                  AERO completed...       0.6298 seconds
            Master Time Step
            Processing completed...       3.5893 seconds

     Processing Day/Time [YYYYDDD:HHMMSS]: 2017357:233600
       Which is Equivalent to (UTC): 23:36:00 Saturday,  Dec. 23, 2017
       Time-Step Length (HHMMSS): 000400
                 VDIFF completed...       0.5110 seconds
                COUPLE completed...       0.0334 seconds
                  HADV completed...       1.1065 seconds
                  ZADV completed...       0.2019 seconds
                 HDIFF completed...       0.1380 seconds
              DECOUPLE completed...       0.0335 seconds
                  PHOT completed...       0.3169 seconds
               CLDPROC completed...       0.1026 seconds
                  CHEM completed...       0.5237 seconds
                  AERO completed...       0.6350 seconds
            Master Time Step
            Processing completed...       3.6068 seconds

     Processing Day/Time [YYYYDDD:HHMMSS]: 2017357:234000
       Which is Equivalent to (UTC): 23:40:00 Saturday,  Dec. 23, 2017
       Time-Step Length (HHMMSS): 000400
                 VDIFF completed...       0.5017 seconds
                COUPLE completed...       0.0332 seconds
                  HADV completed...       1.0863 seconds
                  ZADV completed...       0.2022 seconds
                 HDIFF completed...       0.1390 seconds
              DECOUPLE completed...       0.0333 seconds
                  PHOT completed...       0.3155 seconds
               CLDPROC completed...       0.1022 seconds
                  CHEM completed...       0.5241 seconds
                  AERO completed...       0.6319 seconds
            Master Time Step
            Processing completed...       3.5734 seconds

     Processing Day/Time [YYYYDDD:HHMMSS]: 2017357:234400
       Which is Equivalent to (UTC): 23:44:00 Saturday,  Dec. 23, 2017
       Time-Step Length (HHMMSS): 000400
                 VDIFF completed...       0.5056 seconds
                COUPLE completed...       0.0330 seconds
                  HADV completed...       1.1083 seconds
                  ZADV completed...       0.2024 seconds
                 HDIFF completed...       0.1381 seconds
              DECOUPLE completed...       0.0334 seconds
                  PHOT completed...       0.3171 seconds
               CLDPROC completed...       0.1001 seconds
                  CHEM completed...       0.5252 seconds
                  AERO completed...       0.6370 seconds
            Master Time Step
            Processing completed...       3.6038 seconds

     Processing Day/Time [YYYYDDD:HHMMSS]: 2017357:234800
       Which is Equivalent to (UTC): 23:48:00 Saturday,  Dec. 23, 2017
       Time-Step Length (HHMMSS): 000400
                 VDIFF completed...       0.5071 seconds
                COUPLE completed...       0.0338 seconds
                  HADV completed...       1.0872 seconds
                  ZADV completed...       0.2025 seconds
                 HDIFF completed...       0.1381 seconds
              DECOUPLE completed...       0.0333 seconds
                  PHOT completed...       0.3167 seconds
               CLDPROC completed...       0.0981 seconds
                  CHEM completed...       0.5273 seconds
                  AERO completed...       0.6318 seconds
            Master Time Step
            Processing completed...       3.5797 seconds

     Processing Day/Time [YYYYDDD:HHMMSS]: 2017357:235200
       Which is Equivalent to (UTC): 23:52:00 Saturday,  Dec. 23, 2017
       Time-Step Length (HHMMSS): 000400
                 VDIFF completed...       0.5101 seconds
                COUPLE completed...       0.0334 seconds
                  HADV completed...       1.1293 seconds
                  ZADV completed...       0.2027 seconds
                 HDIFF completed...       0.1381 seconds
              DECOUPLE completed...       0.0335 seconds
                  PHOT completed...       0.3173 seconds
               CLDPROC completed...       0.0972 seconds
                  CHEM completed...       0.5304 seconds
                  AERO completed...       0.6547 seconds
            Master Time Step
            Processing completed...       3.6508 seconds

     Processing Day/Time [YYYYDDD:HHMMSS]: 2017357:235600
       Which is Equivalent to (UTC): 23:56:00 Saturday,  Dec. 23, 2017
       Time-Step Length (HHMMSS): 000400
                 VDIFF completed...       1.5583 seconds
                COUPLE completed...       0.1116 seconds
                  HADV completed...       0.9623 seconds
                  ZADV completed...       0.2025 seconds
                 HDIFF completed...       0.1382 seconds
              DECOUPLE completed...       0.0341 seconds
                  PHOT completed...       0.3084 seconds
               CLDPROC completed...       0.9629 seconds
                  CHEM completed...       0.5318 seconds
                  AERO completed...       0.6152 seconds
            Master Time Step
            Processing completed...       5.4292 seconds

      =--> Data Output completed...       1.1731 seconds


     ==============================================
     |>---   PROGRAM COMPLETED SUCCESSFULLY   ---<|
     ==============================================
     Date and time 0:00:00   Dec. 24, 2017  (2017358:000000)

     The elapsed time for this simulation was    1742.3 seconds.

98429.354u 912.887s 29:05.91 5689.9%	0+0k 33676304+26873312io 137232pf+0w

CMAQ Processing of Day 20171223 Finished at Mon Mar 10 21:53:20 UTC 2025

\\\\\=====\\\\\=====\\\\\=====\\\\\=====/////=====/////=====/////=====/////


==================================
  ***** CMAQ TIMING REPORT *****
==================================
Start Day: 2017-12-22
End Day:   2017-12-23
Number of Simulation Days: 2
Domain Name:               12US1
Number of Grid Cells:      4803435  (ROW x COL x LAY)
Number of Layers:          35
Number of Processes:       192
   All times are in seconds.

Num  Day        Wall Time
01   2017-12-22   1514.8
02   2017-12-23   1742.3
     Total Time = 3257.10
      Avg. Time = 1628.55
