Start Model Run At  Mon Mar 10 23:09:50 UTC 2025
information about processor including whether using hyperthreading
Architecture:                       aarch64
CPU op-mode(s):                     32-bit, 64-bit
Byte Order:                         Little Endian
CPU(s):                             64
On-line CPU(s) list:                0-63
Thread(s) per core:                 1
Core(s) per socket:                 64
Socket(s):                          1
NUMA node(s):                       1
Vendor ID:                          ARM
Model:                              1
Stepping:                           r1p1
BogoMIPS:                           2100.00
L1d cache:                          4 MiB
L1i cache:                          4 MiB
L2 cache:                           64 MiB
L3 cache:                           32 MiB
NUMA node0 CPU(s):                  0-63
Vulnerability Gather data sampling: Not affected
Vulnerability Itlb multihit:        Not affected
Vulnerability L1tf:                 Not affected
Vulnerability Mds:                  Not affected
Vulnerability Meltdown:             Not affected
Vulnerability Mmio stale data:      Not affected
Vulnerability Retbleed:             Not affected
Vulnerability Spec rstack overflow: Not affected
Vulnerability Spec store bypass:    Mitigation; Speculative Store Bypass disabled via prctl
Vulnerability Spectre v1:           Mitigation; __user pointer sanitization
Vulnerability Spectre v2:           Mitigation; CSV2, BHB
Vulnerability Srbds:                Not affected
Vulnerability Tsx async abort:      Not affected
Flags:                              fp asimd evtstrm aes pmull sha1 sha2 crc32 atomics fphp asimdhp cpuid asimdrdm jscvt fcma lrcpc dcpop sha3 sm3 sm4 asimddp sha512 sve asimdfhm dit uscat ilrcpc flagm ssbs paca pacg dcpodp svei8mm svebf16 i8mm bf16 dgh rng
information about cluster
PARTITION AVAIL  TIMELIMIT  NODES  STATE NODELIST
queue1*      up   infinite     16  idle~ queue1-dy-compute-resource-1-[4-12],queue1-dy-compute-resource-2-[1-7]
queue1*      up   infinite      2  alloc queue1-dy-compute-resource-1-[1-2]
queue1*      up   infinite      1   idle queue1-dy-compute-resource-1-3
information about filesystem
Filesystem                              Size  Used Avail Use% Mounted on
/dev/root                                39G   23G   17G  58% /
devtmpfs                                 62G     0   62G   0% /dev
tmpfs                                    62G     0   62G   0% /dev/shm
tmpfs                                    13G  1.1M   13G   1% /run
tmpfs                                   5.0M     0  5.0M   0% /run/lock
tmpfs                                    62G     0   62G   0% /sys/fs/cgroup
/dev/loop0                               22M   22M     0 100% /snap/amazon-ssm-agent/7994
/dev/nvme0n1p15                          98M  6.3M   92M   7% /boot/efi
/dev/loop1                               50M   50M     0 100% /snap/core18/2826
/dev/loop2                               92M   92M     0 100% /snap/lxd/24065
/dev/loop3                               34M   34M     0 100% /snap/snapd/21467
/dev/loop4                               60M   60M     0 100% /snap/core20/2321
10.0.15.80:/opt/parallelcluster/shared   39G   25G   15G  64% /opt/parallelcluster/shared
10.0.15.80:/home                         39G   25G   15G  64% /home
10.0.15.80:/shared                      246G  193G   44G  82% /shared
10.0.4.244@tcp:/7oiolb4v                1.1T  334G  782G  30% /fsx
10.0.15.80:/opt/slurm                    39G   25G   15G  64% /opt/slurm
/dev/loop5                               49M   49M     0 100% /snap/core18/2857
/dev/loop6                               60M   60M     0 100% /snap/core20/2499
/dev/loop7                               92M   92M     0 100% /snap/lxd/29631
tmpfs                                    13G     0   13G   0% /run/user/1000
list the mounted volumes
clnt_create: RPC: Program not registered
Compiler is set to gcc

Working Directory is /shared/build/openmpi_gcc/CMAQ_v54+/CCTM/scripts
Build Directory is /shared/build/openmpi_gcc/CMAQ_v54+/CCTM/scripts/BLD_CCTM_v54+_gcc
Output Directory is /fsx/data/output/output_v54+_cb6r5_ae7_aq_WR413_MYR_gcc_2018_12US1_2x64_classic_fsx
Log Directory is /fsx/data/output/output_v54+_cb6r5_ae7_aq_WR413_MYR_gcc_2018_12US1_2x64_classic_fsx/LOGS
Executable Name is CCTM_v54+.exe

---CMAQ EXECUTION ID: CMAQ_CCTMv54+_sha=0fcfdaa092_ubuntu_20250310_230950_432283153 ---

Set up input and output files for Day 2017-12-22.

Existing Logs and Output Files for Day 2017-12-22 Will Be Deleted
rm: No match.

CMAQ Processing of Day 20171222 Began at Mon Mar 10 23:09:50 UTC 2025

        CTM_APPL  |  v54+_cb6r5_ae7_aq_WR413_MYR_gcc_2018_12US1_2x64_classic_fsx_20171222
#================================================================================#        
#|                                                                              |#        
#|               The Community Multiscale Air Quality (CMAQ) Model              |#        
#|                                   Version 5.4                                |#        
#|                                                                              |#        
#|                          Built and Maintained by the                         |#        
#|                        Office of Research and Development                    |#        
#|                   United States Environmental Protection Agency              |#        
#|                                                                              |#        
#|                            https://www.epa.gov/cmaq                          |#        
#|                                                                              |#        
#|       Source Code:   https://www.github.com/USEPA/cmaq/tree/master           |#        
#|       Documentation: https://www.github.com/USEPA/cmaq/tree/master/DOCS      |#        
#|                                                                              |#        
#|         The CMAQ Model is tested and released with cooperation from          |#        
#|         the Community Modeling and Analysis System (CMAS) Center via         |#        
#|         contract support. CMAS is managed by the Institute for the           |#        
#|         Environment, University of North Carolina at Chapel Hill.            |#        
#|         CMAS URL: (https://www.cmascenter.org)                               |#        
#|                                                                              |#        
#================================================================================#        
                                                                     
     This program uses the EPA-AREAL/MCNC-EnvPgms/BAMS/ UNC IE       
     Models-3 I/O Applications Programming Interface, [I/O API]      
     which is built on top of the netCDF I/O library (Copyright      
     993, 1996 University Corporation for Atmospheric Research       
     Unidata Program) and the PVM parallel-programming library       
     (from Oak Ridge National Laboratory).                           
     Copyright (C) 1992-2002 MCNC,                                   
     (C) 1992-2018 Carlie J. Coats, Jr.,                             
     (C) 2003-2012 Baron Advanced Meteorological Systems, LLC, and   
     (C) 2014-2023 UNC Institute for the Environment.                
     Released under the GNU LGPL  License, version 2.1.  See URL     
                                                                     
         https://www.gnu.org/licenses/old-licenses/lgpl-2.1.html     
                                                                     
     for conditions of use.                                          
                                                                     
     ioapi-3.2: $Id: init3.F90 247 2023-03-22 15:59:19Z coats $
     netCDF version 4.8.1 of Jun 30 2023 14:38:29 $
      

     ===========================================
     |>---   ENVIRONMENT VARIABLE REPORT   ---<|
     ===========================================

     |> Grid and High-Level Model Parameters:
     +=========================================
      --Env Variable-- | --Value--
      --------------------------------------------------------------------------------
             BLD  |             (default)
          OUTDIR  |  /fsx/data/output/output_v54+_cb6r5_ae7_aq_WR413_MYR_gcc_2018_12US1_2x64_classic_fsx
       NEW_START  |          T
  IGNORE_SOILINP  |          F (default)
    EXECUTION_ID  |  CMAQ_CCTMv54+_sha=0fcfdaa092_ubuntu_20250310_230950_432283153
       GRID_NAME  |  12US1
       CTM_TSTEP  |       10000
      CTM_RUNLEN  |      240000
    CTM_PROGNAME  |  DRIVER (default)
      CTM_STDATE  |     2017356
      CTM_STTIME  |           0
     NPCOL_NPROW  |  8 16
     CTM_MAXSYNC  |         300
     CTM_MINSYNC  |          60

     |> Multiprocess control, output and error checking:
     +====================================================
      --Env Variable-- | --Value--
      --------------------------------------------------------------------------------
 PRINT_PROC_TIME  |          T
     FL_ERR_STOP  |          F
       CTM_CKSUM  |          T
AVG_FILE_ENDTIME  |          F
   AVG_CONC_SPCS  |  ALL
       CONC_SPCS  |  O3 NO ANO3I ANO3J NO2 FORM ISOP NH3 ANH4I ANH4J ASO4I ASO4J
 ACONC_BLEV_ELEV  |   1 1
  CONC_BLEV_ELEV  |   1 1
 IOAPI_LOG_WRITE  |          F
         VERTEXT  |          F
VERTEXT_COORD_PA  |  /shared/build/openmpi_gcc/CMAQ_v54+/CCTM/scripts/lonlat.csv
   gc_matrix_nml  |  /shared/build/openmpi_gcc/CMAQ_v54+/CCTM/scripts/BLD_CCTM_v54+_gcc/GC_cb6r5_ae7_aq.nml
   ae_matrix_nml  |  /shared/build/openmpi_gcc/CMAQ_v54+/CCTM/scripts/BLD_CCTM_v54+_gcc/AE_cb6r5_ae7_aq.nml
   nr_matrix_nml  |  /shared/build/openmpi_gcc/CMAQ_v54+/CCTM/scripts/BLD_CCTM_v54+_gcc/NR_cb6r5_ae7_aq.nml
   tr_matrix_nml  |  /shared/build/openmpi_gcc/CMAQ_v54+/CCTM/scripts/BLD_CCTM_v54+_gcc/Species_Table_TR_0.nml

     |> Chemistry and Photolysis:
     +=============================
      --Env Variable-- | --Value--
      --------------------------------------------------------------------------------
    CTM_PHOTDIAG  |          F
CORE_SHELL_OPTIC  |          F (default)
 OPTICS_MIE_CALC  |          F (default)
       GEAR_ATOL  |   0.100E-08 (default)
       GEAR_RTOL  |   0.100E-02 (default)
         RB_RTOL  |   0.100E-02 (default)
         RB_ATOL  |   0.100E-06 (default)

     |> Aerosols:
     +=============
      --Env Variable-- | --Value--
      --------------------------------------------------------------------------------
   IC_AERO_M2WET  |          F
   BC_AERO_M2WET  |          F
   IC_AERO_M2USE  |          F
   BC_AERO_M2USE  |          F
    STM_SO4TRACK  |          F

     |> Cloud Processes:
     +====================
      --Env Variable-- | --Value--
      --------------------------------------------------------------------------------
        CLD_DIAG  |          F

     |> Air-Surface Exchange Processes:
     +===================================
      --Env Variable-- | --Value--
      --------------------------------------------------------------------------------
      PX_VERSION  |          T
      CTM_ABFLUX  |          T
      CTM_MOSAIC  |          F
    CTM_SFC_HONO  |          T
     CLM_VERSION  |          F
    NOAH_VERSION  |          F
   CTM_DEPV_FILE  |          F
      CTM_HGBIDI  |          F
CTM_BIDI_FERT_NH  |          T
 CTM_WBDUST_BELD  |  UNKNOWN (default)
   STAGECTRL_NML  |  /shared/build/openmpi_gcc/CMAQ_v54+/CCTM/scripts/BLD_CCTM_v54+_gcc/CMAQ_Control_STAGE.nml
   CTM_STAGE_P22  |          F
   CTM_STAGE_E20  |          T
   CTM_STAGE_S22  |          F

     |> Transport Processes:
     +========================
      --Env Variable-- | --Value--
      --------------------------------------------------------------------------------
CTM_VDIFF_DIAG_F  |          F (default)
  SIGMA_SYNC_TOP  |   0.700E+00
    ADV_HDIV_LIM  |   0.900E+00 (default)
     CTM_ADV_CFL  |   0.950E+00
           KZMIN  |          T
        CTM_WVEL  |          T
   CTM_GRAV_SETL  |          T

     |> Emissions Parameters:
     +=========================
      --Env Variable-- | --Value--
      --------------------------------------------------------------------------------
      CTM_EMLAYS  |           0 (default)
   MISC_CTRL_NML  |  /shared/build/openmpi_gcc/CMAQ_v54+/CCTM/scripts/BLD_CCTM_v54+_gcc/CMAQ_Control_Misc.nml
  DESID_CTRL_NML  |  /shared/build/openmpi_gcc/CMAQ_v54+/CCTM/scripts/BLD_CCTM_v54+_gcc/CMAQ_Control_DESID.nml
DESID_CHEM_CTRL_  |  /shared/build/openmpi_gcc/CMAQ_v54+/CCTM/scripts/BLD_CCTM_v54+_gcc/CMAQ_Control_DESID_cb6r5_ae7_aq.nml
       N_EMIS_GR  |           2
       N_EMIS_TR  |           0 (default)
     CTM_EMISCHK  |          F
 CTM_BIOGEMIS_BE  |          T
 CTM_BIOGEMIS_MG  |          F
   USE_MEGAN_LAI  |          F (default)
    MGN_ONLN_DEP  |          F (default)
     BDSNP_MEGAN  |          F
       BIOG_SPRO  |  DEFAULT (default)
      B3GTS_DIAG  |          F
    CTM_MGEMDIAG  |          F (default)
  CTM_OCEAN_CHEM  |          T
     CTM_WB_DUST  |          F
 CTM_DUSTEM_DIAG  |          F
    CTM_SSEMDIAG  |          F
     CTM_LTNG_NO  |          F
   LTNG_ASSIM_DT  |           0 (default)
          LTNGNO  |  InLine (default)
        USE_NLDN  |          F (default)
        LTNGDIAG  |          F
         MOLSNCG  |   0.350E+03 (default)
         MOLSNIC  |   0.350E+03 (default)
       N_EMIS_PT  |          10
          IPVERT  |           0 (default)
   EMIS_SYM_DATE  |          F (default)

     |> Process Analysis Parameters:
     +================================
      --Env Variable-- | --Value--
      --------------------------------------------------------------------------------
      CTM_PROCAN  |          F
    PA_BCOL_ECOL  |             (default)
    PA_BROW_EROW  |             (default)
    PA_BLEV_ELEV  |             (default)
       MET_TSTEP  |       10000 (default)

     MET data determined based on WRF ARW version 4.3.3


          -=-  MPP Processor-to-Subdomain Map  -=-
                 Number of Processors = 128
    ____________________________________________________
    |                                                  |
    |  PE    #Cols    Col_Range     #Rows    Row_Range |
    |__________________________________________________|
    |                                                  |
    |  0       58      1:  58         19      1:  19   |
    |  1       58     59: 116         19      1:  19   |
    |  2       58    117: 174         19      1:  19   |
    |  3       57    175: 231         19      1:  19   |
    |  4       57    232: 288         19      1:  19   |
    |  5       57    289: 345         19      1:  19   |
    |  6       57    346: 402         19      1:  19   |
    |  7       57    403: 459         19      1:  19   |
    |  8       58      1:  58         19     20:  38   |
    |  9       58     59: 116         19     20:  38   |
    | 10       58    117: 174         19     20:  38   |
    | 11       57    175: 231         19     20:  38   |
    | 12       57    232: 288         19     20:  38   |
    | 13       57    289: 345         19     20:  38   |
    | 14       57    346: 402         19     20:  38   |
    | 15       57    403: 459         19     20:  38   |
    | 16       58      1:  58         19     39:  57   |
    | 17       58     59: 116         19     39:  57   |
    | 18       58    117: 174         19     39:  57   |
    | 19       57    175: 231         19     39:  57   |
    | 20       57    232: 288         19     39:  57   |
    | 21       57    289: 345         19     39:  57   |
    | 22       57    346: 402         19     39:  57   |
    | 23       57    403: 459         19     39:  57   |
    | 24       58      1:  58         19     58:  76   |
    | 25       58     59: 116         19     58:  76   |
    | 26       58    117: 174         19     58:  76   |
    | 27       57    175: 231         19     58:  76   |
    | 28       57    232: 288         19     58:  76   |
    | 29       57    289: 345         19     58:  76   |
    | 30       57    346: 402         19     58:  76   |
    | 31       57    403: 459         19     58:  76   |
    | 32       58      1:  58         19     77:  95   |
    | 33       58     59: 116         19     77:  95   |
    | 34       58    117: 174         19     77:  95   |
    | 35       57    175: 231         19     77:  95   |
    | 36       57    232: 288         19     77:  95   |
    | 37       57    289: 345         19     77:  95   |
    | 38       57    346: 402         19     77:  95   |
    | 39       57    403: 459         19     77:  95   |
    | 40       58      1:  58         19     96: 114   |
    | 41       58     59: 116         19     96: 114   |
    | 42       58    117: 174         19     96: 114   |
    | 43       57    175: 231         19     96: 114   |
    | 44       57    232: 288         19     96: 114   |
    | 45       57    289: 345         19     96: 114   |
    | 46       57    346: 402         19     96: 114   |
    | 47       57    403: 459         19     96: 114   |
    | 48       58      1:  58         19    115: 133   |
    | 49       58     59: 116         19    115: 133   |
    | 50       58    117: 174         19    115: 133   |
    | 51       57    175: 231         19    115: 133   |
    | 52       57    232: 288         19    115: 133   |
    | 53       57    289: 345         19    115: 133   |
    | 54       57    346: 402         19    115: 133   |
    | 55       57    403: 459         19    115: 133   |
    | 56       58      1:  58         19    134: 152   |
    | 57       58     59: 116         19    134: 152   |
    | 58       58    117: 174         19    134: 152   |
    | 59       57    175: 231         19    134: 152   |
    | 60       57    232: 288         19    134: 152   |
    | 61       57    289: 345         19    134: 152   |
    | 62       57    346: 402         19    134: 152   |
    | 63       57    403: 459         19    134: 152   |
    | 64       58      1:  58         19    153: 171   |
    | 65       58     59: 116         19    153: 171   |
    | 66       58    117: 174         19    153: 171   |
    | 67       57    175: 231         19    153: 171   |
    | 68       57    232: 288         19    153: 171   |
    | 69       57    289: 345         19    153: 171   |
    | 70       57    346: 402         19    153: 171   |
    | 71       57    403: 459         19    153: 171   |
    | 72       58      1:  58         19    172: 190   |
    | 73       58     59: 116         19    172: 190   |
    | 74       58    117: 174         19    172: 190   |
    | 75       57    175: 231         19    172: 190   |
    | 76       57    232: 288         19    172: 190   |
    | 77       57    289: 345         19    172: 190   |
    | 78       57    346: 402         19    172: 190   |
    | 79       57    403: 459         19    172: 190   |
    | 80       58      1:  58         19    191: 209   |
    | 81       58     59: 116         19    191: 209   |
    | 82       58    117: 174         19    191: 209   |
    | 83       57    175: 231         19    191: 209   |
    | 84       57    232: 288         19    191: 209   |
    | 85       57    289: 345         19    191: 209   |
    | 86       57    346: 402         19    191: 209   |
    | 87       57    403: 459         19    191: 209   |
    | 88       58      1:  58         18    210: 227   |
    | 89       58     59: 116         18    210: 227   |
    | 90       58    117: 174         18    210: 227   |
    | 91       57    175: 231         18    210: 227   |
    | 92       57    232: 288         18    210: 227   |
    | 93       57    289: 345         18    210: 227   |
    | 94       57    346: 402         18    210: 227   |
    | 95       57    403: 459         18    210: 227   |
    | 96       58      1:  58         18    228: 245   |
    | 97       58     59: 116         18    228: 245   |
    | 98       58    117: 174         18    228: 245   |
    | 99       57    175: 231         18    228: 245   |
    |100       57    232: 288         18    228: 245   |
    |101       57    289: 345         18    228: 245   |
    |102       57    346: 402         18    228: 245   |
    |103       57    403: 459         18    228: 245   |
    |104       58      1:  58         18    246: 263   |
    |105       58     59: 116         18    246: 263   |
    |106       58    117: 174         18    246: 263   |
    |107       57    175: 231         18    246: 263   |
    |108       57    232: 288         18    246: 263   |
    |109       57    289: 345         18    246: 263   |
    |110       57    346: 402         18    246: 263   |
    |111       57    403: 459         18    246: 263   |
    |112       58      1:  58         18    264: 281   |
    |113       58     59: 116         18    264: 281   |
    |114       58    117: 174         18    264: 281   |
    |115       57    175: 231         18    264: 281   |
    |116       57    232: 288         18    264: 281   |
    |117       57    289: 345         18    264: 281   |
    |118       57    346: 402         18    264: 281   |
    |119       57    403: 459         18    264: 281   |
    |120       58      1:  58         18    282: 299   |
    |121       58     59: 116         18    282: 299   |
    |122       58    117: 174         18    282: 299   |
    |123       57    175: 231         18    282: 299   |
    |124       57    232: 288         18    282: 299   |
    |125       57    289: 345         18    282: 299   |
    |126       57    346: 402         18    282: 299   |
    |127       57    403: 459         18    282: 299   |
    |__________________________________________________|



     ================================
     |>---   TIME INTEGRATION   ---<|
     ================================

     Processing Day/Time [YYYYDDD:HHMMSS]: 2017356:000000
       Which is Equivalent to (UTC): 0:00:00  Friday,  Dec. 22, 2017
       Time-Step Length (HHMMSS): 000500
                 VDIFF completed...       2.0184 seconds
                COUPLE completed...       0.1270 seconds
                  HADV completed...       2.0008 seconds
                  ZADV completed...       0.2933 seconds
                 HDIFF completed...       0.2519 seconds
              DECOUPLE completed...       0.0447 seconds
                  PHOT completed...       0.6457 seconds
               CLDPROC completed...       0.1660 seconds
                  CHEM completed...       0.8173 seconds
                  AERO completed...       1.1508 seconds
            Master Time Step
            Processing completed...       7.5176 seconds

     Processing Day/Time [YYYYDDD:HHMMSS]: 2017356:000500
       Which is Equivalent to (UTC): 0:05:00  Friday,  Dec. 22, 2017
       Time-Step Length (HHMMSS): 000500
                 VDIFF completed...       0.8380 seconds
                COUPLE completed...       0.0746 seconds
                  HADV completed...       1.5572 seconds
                  ZADV completed...       0.2878 seconds
                 HDIFF completed...       0.2562 seconds
              DECOUPLE completed...       0.0446 seconds
                  PHOT completed...       0.4741 seconds
               CLDPROC completed...       0.1654 seconds
                  CHEM completed...       0.7829 seconds
                  AERO completed...       1.0446 seconds
            Master Time Step
            Processing completed...       5.5289 seconds

     Processing Day/Time [YYYYDDD:HHMMSS]: 2017356:001000
       Which is Equivalent to (UTC): 0:10:00  Friday,  Dec. 22, 2017
       Time-Step Length (HHMMSS): 000500
                 VDIFF completed...       0.8064 seconds
                COUPLE completed...       0.0441 seconds
                  HADV completed...       1.5496 seconds
                  ZADV completed...       0.2904 seconds
                 HDIFF completed...       0.2285 seconds
              DECOUPLE completed...       0.0440 seconds
                  PHOT completed...       0.4741 seconds
               CLDPROC completed...       0.1695 seconds
                  CHEM completed...       0.7843 seconds
                  AERO completed...       1.0586 seconds
            Master Time Step
            Processing completed...       5.4542 seconds

     Processing Day/Time [YYYYDDD:HHMMSS]: 2017356:001500
       Which is Equivalent to (UTC): 0:15:00  Friday,  Dec. 22, 2017
       Time-Step Length (HHMMSS): 000500
                 VDIFF completed...       0.7614 seconds
                COUPLE completed...       0.0448 seconds
                  HADV completed...       1.5622 seconds
                  ZADV completed...       0.2844 seconds
                 HDIFF completed...       0.2345 seconds
              DECOUPLE completed...       0.0441 seconds
                  PHOT completed...       0.4875 seconds
               CLDPROC completed...       0.1731 seconds
                  CHEM completed...       0.7879 seconds
                  AERO completed...       1.0535 seconds
            Master Time Step
            Processing completed...       5.4377 seconds

     Processing Day/Time [YYYYDDD:HHMMSS]: 2017356:002000
       Which is Equivalent to (UTC): 0:20:00  Friday,  Dec. 22, 2017
       Time-Step Length (HHMMSS): 000500
                 VDIFF completed...       0.7562 seconds
                COUPLE completed...       0.0468 seconds
                  HADV completed...       1.5213 seconds
                  ZADV completed...       0.3164 seconds
                 HDIFF completed...       0.2034 seconds
              DECOUPLE completed...       0.0442 seconds
                  PHOT completed...       0.4762 seconds
               CLDPROC completed...       0.1747 seconds
                  CHEM completed...       0.7948 seconds
                  AERO completed...       1.0478 seconds
            Master Time Step
            Processing completed...       5.3859 seconds

     Processing Day/Time [YYYYDDD:HHMMSS]: 2017356:002500
       Which is Equivalent to (UTC): 0:25:00  Friday,  Dec. 22, 2017
       Time-Step Length (HHMMSS): 000500
                 VDIFF completed...       0.7458 seconds
                COUPLE completed...       0.0476 seconds
                  HADV completed...       1.5470 seconds
                  ZADV completed...       0.2853 seconds
                 HDIFF completed...       0.2320 seconds
              DECOUPLE completed...       0.0454 seconds
                  PHOT completed...       0.4760 seconds
               CLDPROC completed...       0.1747 seconds
                  CHEM completed...       0.8009 seconds
                  AERO completed...       1.0373 seconds
            Master Time Step
            Processing completed...       5.3967 seconds

     Processing Day/Time [YYYYDDD:HHMMSS]: 2017356:003000
       Which is Equivalent to (UTC): 0:30:00  Friday,  Dec. 22, 2017
       Time-Step Length (HHMMSS): 000500
                 VDIFF completed...       0.7470 seconds
                COUPLE completed...       0.0476 seconds
                  HADV completed...       1.5431 seconds
                  ZADV completed...       0.2869 seconds
                 HDIFF completed...       0.2318 seconds
              DECOUPLE completed...       0.0447 seconds
                  PHOT completed...       0.4702 seconds
               CLDPROC completed...       0.1741 seconds
                  CHEM completed...       0.8118 seconds
                  AERO completed...       1.0214 seconds
            Master Time Step
            Processing completed...       5.3828 seconds

     Processing Day/Time [YYYYDDD:HHMMSS]: 2017356:003500
       Which is Equivalent to (UTC): 0:35:00  Friday,  Dec. 22, 2017
       Time-Step Length (HHMMSS): 000500
                 VDIFF completed...       0.7688 seconds
                COUPLE completed...       0.0466 seconds
                  HADV completed...       1.5178 seconds
                  ZADV completed...       0.2831 seconds
                 HDIFF completed...       0.2364 seconds
              DECOUPLE completed...       0.0450 seconds
                  PHOT completed...       0.4551 seconds
               CLDPROC completed...       0.1734 seconds
                  CHEM completed...       0.8167 seconds
                  AERO completed...       1.0129 seconds
            Master Time Step
            Processing completed...       5.3604 seconds

     Processing Day/Time [YYYYDDD:HHMMSS]: 2017356:004000
       Which is Equivalent to (UTC): 0:40:00  Friday,  Dec. 22, 2017
       Time-Step Length (HHMMSS): 000500
                 VDIFF completed...       0.7900 seconds
                COUPLE completed...       0.0464 seconds
                  HADV completed...       1.5044 seconds
                  ZADV completed...       0.2862 seconds
                 HDIFF completed...       0.2333 seconds
              DECOUPLE completed...       0.0436 seconds
                  PHOT completed...       0.4439 seconds
               CLDPROC completed...       0.1712 seconds
                  CHEM completed...       0.8127 seconds
                  AERO completed...       1.0193 seconds
            Master Time Step
            Processing completed...       5.3558 seconds

     Processing Day/Time [YYYYDDD:HHMMSS]: 2017356:004500
       Which is Equivalent to (UTC): 0:45:00  Friday,  Dec. 22, 2017
       Time-Step Length (HHMMSS): 000500
                 VDIFF completed...       0.7894 seconds
                COUPLE completed...       0.0526 seconds
                  HADV completed...       1.5202 seconds
                  ZADV completed...       0.2835 seconds
                 HDIFF completed...       0.2350 seconds
              DECOUPLE completed...       0.0441 seconds
                  PHOT completed...       0.4287 seconds
               CLDPROC completed...       0.1702 seconds
                  CHEM completed...       0.8012 seconds
                  AERO completed...       1.0044 seconds
            Master Time Step
            Processing completed...       5.3337 seconds

     Processing Day/Time [YYYYDDD:HHMMSS]: 2017356:005000
       Which is Equivalent to (UTC): 0:50:00  Friday,  Dec. 22, 2017
       Time-Step Length (HHMMSS): 000500
                 VDIFF completed...       0.8166 seconds
                COUPLE completed...       0.0657 seconds
                  HADV completed...       1.5158 seconds
                  ZADV completed...       0.2851 seconds
                 HDIFF completed...       0.2333 seconds
              DECOUPLE completed...       0.0440 seconds
                  PHOT completed...       0.4199 seconds
               CLDPROC completed...       0.1692 seconds
                  CHEM completed...       0.7867 seconds
                  AERO completed...       1.0135 seconds
            Master Time Step
            Processing completed...       5.3543 seconds

     Processing Day/Time [YYYYDDD:HHMMSS]: 2017356:005500
       Which is Equivalent to (UTC): 0:55:00  Friday,  Dec. 22, 2017
       Time-Step Length (HHMMSS): 000500
                 VDIFF completed...       2.3501 seconds
                COUPLE completed...       0.1694 seconds
                  HADV completed...       1.3019 seconds
                  ZADV completed...       0.2838 seconds
                 HDIFF completed...       0.2353 seconds
              DECOUPLE completed...       0.0437 seconds
                  PHOT completed...       0.3632 seconds
               CLDPROC completed...       0.7808 seconds
                  CHEM completed...       0.8071 seconds
                  AERO completed...       1.0399 seconds
            Master Time Step
            Processing completed...       7.3810 seconds

      =--> Data Output completed...       1.6496 seconds

     Processing Day/Time [YYYYDDD:HHMMSS]: 2017356:010000
       Which is Equivalent to (UTC): 1:00:00  Friday,  Dec. 22, 2017
       Time-Step Length (HHMMSS): 000500
                 VDIFF completed...       4.0773 seconds
                COUPLE completed...       0.1555 seconds
                  HADV completed...       3.5510 seconds
                  ZADV completed...       0.2845 seconds
                 HDIFF completed...       0.2983 seconds
              DECOUPLE completed...       0.0443 seconds
                  PHOT completed...       1.0714 seconds
               CLDPROC completed...       0.1807 seconds
                  CHEM completed...       0.7280 seconds
                  AERO completed...       1.0570 seconds
            Master Time Step
            Processing completed...      11.4518 seconds

     Processing Day/Time [YYYYDDD:HHMMSS]: 2017356:010500
       Which is Equivalent to (UTC): 1:05:00  Friday,  Dec. 22, 2017
       Time-Step Length (HHMMSS): 000500
                 VDIFF completed...       0.8819 seconds
                COUPLE completed...       0.0793 seconds
                  HADV completed...       1.5066 seconds
                  ZADV completed...       0.2829 seconds
                 HDIFF completed...       0.2361 seconds
              DECOUPLE completed...       0.0450 seconds
                  PHOT completed...       0.3094 seconds
               CLDPROC completed...       0.1906 seconds
                  CHEM completed...       0.7109 seconds
                  AERO completed...       1.0635 seconds
            Master Time Step
            Processing completed...       5.3112 seconds

     Processing Day/Time [YYYYDDD:HHMMSS]: 2017356:011000
       Which is Equivalent to (UTC): 1:10:00  Friday,  Dec. 22, 2017
       Time-Step Length (HHMMSS): 000500
                 VDIFF completed...       0.8780 seconds
                COUPLE completed...       0.1003 seconds
                  HADV completed...       1.5221 seconds
                  ZADV completed...       0.2857 seconds
                 HDIFF completed...       0.2331 seconds
              DECOUPLE completed...       0.0447 seconds
                  PHOT completed...       0.2592 seconds
               CLDPROC completed...       0.2011 seconds
                  CHEM completed...       0.7216 seconds
                  AERO completed...       1.0677 seconds
            Master Time Step
            Processing completed...       5.3185 seconds

     Processing Day/Time [YYYYDDD:HHMMSS]: 2017356:011500
       Which is Equivalent to (UTC): 1:15:00  Friday,  Dec. 22, 2017
       Time-Step Length (HHMMSS): 000500
                 VDIFF completed...       0.8880 seconds
                COUPLE completed...       0.1063 seconds
                  HADV completed...       1.5201 seconds
                  ZADV completed...       0.2824 seconds
                 HDIFF completed...       0.2399 seconds
              DECOUPLE completed...       0.0447 seconds
                  PHOT completed...       0.2249 seconds
               CLDPROC completed...       0.2196 seconds
                  CHEM completed...       0.7251 seconds
                  AERO completed...       1.0709 seconds
            Master Time Step
            Processing completed...       5.3242 seconds

     Processing Day/Time [YYYYDDD:HHMMSS]: 2017356:012000
       Which is Equivalent to (UTC): 1:20:00  Friday,  Dec. 22, 2017
       Time-Step Length (HHMMSS): 000500
                 VDIFF completed...       0.9083 seconds
                COUPLE completed...       0.1055 seconds
                  HADV completed...       1.5227 seconds
                  ZADV completed...       0.2819 seconds
                 HDIFF completed...       0.2366 seconds
              DECOUPLE completed...       0.0437 seconds
                  PHOT completed...       0.1980 seconds
               CLDPROC completed...       0.2386 seconds
                  CHEM completed...       0.7248 seconds
                  AERO completed...       1.0701 seconds
            Master Time Step
            Processing completed...       5.3353 seconds

     Processing Day/Time [YYYYDDD:HHMMSS]: 2017356:012500
       Which is Equivalent to (UTC): 1:25:00  Friday,  Dec. 22, 2017
       Time-Step Length (HHMMSS): 000500
                 VDIFF completed...       0.8976 seconds
                COUPLE completed...       0.1043 seconds
                  HADV completed...       1.5343 seconds
                  ZADV completed...       0.2811 seconds
                 HDIFF completed...       0.2375 seconds
              DECOUPLE completed...       0.0443 seconds
                  PHOT completed...       0.1786 seconds
               CLDPROC completed...       0.2540 seconds
                  CHEM completed...       0.7233 seconds
                  AERO completed...       1.0816 seconds
            Master Time Step
            Processing completed...       5.3422 seconds

     Processing Day/Time [YYYYDDD:HHMMSS]: 2017356:013000
       Which is Equivalent to (UTC): 1:30:00  Friday,  Dec. 22, 2017
       Time-Step Length (HHMMSS): 000500
                 VDIFF completed...       0.8978 seconds
                COUPLE completed...       0.1028 seconds
                  HADV completed...       1.5229 seconds
                  ZADV completed...       0.2859 seconds
                 HDIFF completed...       0.2356 seconds
              DECOUPLE completed...       0.0443 seconds
                  PHOT completed...       0.1784 seconds
               CLDPROC completed...       0.2554 seconds
                  CHEM completed...       0.7204 seconds
                  AERO completed...       1.0806 seconds
            Master Time Step
            Processing completed...       5.3290 seconds

     Processing Day/Time [YYYYDDD:HHMMSS]: 2017356:013500
       Which is Equivalent to (UTC): 1:35:00  Friday,  Dec. 22, 2017
       Time-Step Length (HHMMSS): 000500
                 VDIFF completed...       0.8918 seconds
                COUPLE completed...       0.1011 seconds
                  HADV completed...       1.5382 seconds
                  ZADV completed...       0.2820 seconds
                 HDIFF completed...       0.2372 seconds
              DECOUPLE completed...       0.0454 seconds
                  PHOT completed...       0.1774 seconds
               CLDPROC completed...       0.2553 seconds
                  CHEM completed...       0.7164 seconds
                  AERO completed...       1.0826 seconds
            Master Time Step
            Processing completed...       5.3327 seconds

     Processing Day/Time [YYYYDDD:HHMMSS]: 2017356:014000
       Which is Equivalent to (UTC): 1:40:00  Friday,  Dec. 22, 2017
       Time-Step Length (HHMMSS): 000500
                 VDIFF completed...       0.8880 seconds
                COUPLE completed...       0.1002 seconds
                  HADV completed...       1.5349 seconds
                  ZADV completed...       0.2857 seconds
                 HDIFF completed...       0.2330 seconds
              DECOUPLE completed...       0.0446 seconds
                  PHOT completed...       0.1781 seconds
               CLDPROC completed...       0.2547 seconds
                  CHEM completed...       0.7204 seconds
                  AERO completed...       1.0670 seconds
            Master Time Step
            Processing completed...       5.3124 seconds

     Processing Day/Time [YYYYDDD:HHMMSS]: 2017356:014500
       Which is Equivalent to (UTC): 1:45:00  Friday,  Dec. 22, 2017
       Time-Step Length (HHMMSS): 000500
                 VDIFF completed...       0.8971 seconds
                COUPLE completed...       0.0975 seconds
                  HADV completed...       1.5276 seconds
                  ZADV completed...       0.2819 seconds
                 HDIFF completed...       0.2389 seconds
              DECOUPLE completed...       0.0438 seconds
                  PHOT completed...       0.1792 seconds
               CLDPROC completed...       0.2555 seconds
                  CHEM completed...       0.7087 seconds
                  AERO completed...       1.0678 seconds
            Master Time Step
            Processing completed...       5.3037 seconds

     Processing Day/Time [YYYYDDD:HHMMSS]: 2017356:015000
       Which is Equivalent to (UTC): 1:50:00  Friday,  Dec. 22, 2017
       Time-Step Length (HHMMSS): 000500
                 VDIFF completed...       0.9105 seconds
                COUPLE completed...       0.0992 seconds
                  HADV completed...       1.5392 seconds
                  ZADV completed...       0.2784 seconds
                 HDIFF completed...       0.2407 seconds
              DECOUPLE completed...       0.0450 seconds
                  PHOT completed...       0.1777 seconds
               CLDPROC completed...       0.2540 seconds
                  CHEM completed...       0.7038 seconds
                  AERO completed...       1.0655 seconds
            Master Time Step
            Processing completed...       5.3191 seconds

     Processing Day/Time [YYYYDDD:HHMMSS]: 2017356:015500
       Which is Equivalent to (UTC): 1:55:00  Friday,  Dec. 22, 2017
       Time-Step Length (HHMMSS): 000500
                 VDIFF completed...       2.4681 seconds
                COUPLE completed...       0.1701 seconds
                  HADV completed...       1.3113 seconds
                  ZADV completed...       0.2802 seconds
                 HDIFF completed...       0.2397 seconds
              DECOUPLE completed...       0.0444 seconds
                  PHOT completed...       0.1783 seconds
               CLDPROC completed...       1.1508 seconds
                  CHEM completed...       0.7257 seconds
                  AERO completed...       1.0574 seconds
            Master Time Step
            Processing completed...       7.6320 seconds

      =--> Data Output completed...       1.5633 seconds

     Processing Day/Time [YYYYDDD:HHMMSS]: 2017356:020000
       Which is Equivalent to (UTC): 2:00:00  Friday,  Dec. 22, 2017
       Time-Step Length (HHMMSS): 000500
                 VDIFF completed...       4.8218 seconds
                COUPLE completed...       0.1362 seconds
                  HADV completed...       3.2906 seconds
                  ZADV completed...       0.2805 seconds
                 HDIFF completed...       0.2419 seconds
              DECOUPLE completed...       0.0451 seconds
                  PHOT completed...       0.9045 seconds
               CLDPROC completed...       0.2609 seconds
                  CHEM completed...       0.6936 seconds
                  AERO completed...       1.0579 seconds
            Master Time Step
            Processing completed...      11.7377 seconds

     Processing Day/Time [YYYYDDD:HHMMSS]: 2017356:020500
       Which is Equivalent to (UTC): 2:05:00  Friday,  Dec. 22, 2017
       Time-Step Length (HHMMSS): 000500
                 VDIFF completed...       0.8760 seconds
                COUPLE completed...       0.0928 seconds
                  HADV completed...       1.5661 seconds
                  ZADV completed...       0.3112 seconds
                 HDIFF completed...       0.2104 seconds
              DECOUPLE completed...       0.0449 seconds
                  PHOT completed...       0.1799 seconds
               CLDPROC completed...       0.2527 seconds
                  CHEM completed...       0.6906 seconds
                  AERO completed...       1.0534 seconds
            Master Time Step
            Processing completed...       5.2819 seconds

     Processing Day/Time [YYYYDDD:HHMMSS]: 2017356:021000
       Which is Equivalent to (UTC): 2:10:00  Friday,  Dec. 22, 2017
       Time-Step Length (HHMMSS): 000500
                 VDIFF completed...       0.8906 seconds
                COUPLE completed...       0.0983 seconds
                  HADV completed...       1.5303 seconds
                  ZADV completed...       0.3112 seconds
                 HDIFF completed...       0.2104 seconds
              DECOUPLE completed...       0.0446 seconds
                  PHOT completed...       0.1788 seconds
               CLDPROC completed...       0.2572 seconds
                  CHEM completed...       0.6838 seconds
                  AERO completed...       1.0369 seconds
            Master Time Step
            Processing completed...       5.2431 seconds

     Processing Day/Time [YYYYDDD:HHMMSS]: 2017356:021500
       Which is Equivalent to (UTC): 2:15:00  Friday,  Dec. 22, 2017
       Time-Step Length (HHMMSS): 000500
                 VDIFF completed...       0.8779 seconds
                COUPLE completed...       0.1042 seconds
                  HADV completed...       1.5805 seconds
                  ZADV completed...       0.3140 seconds
                 HDIFF completed...       0.2085 seconds
              DECOUPLE completed...       0.0454 seconds
                  PHOT completed...       0.1790 seconds
               CLDPROC completed...       0.2566 seconds
                  CHEM completed...       0.6810 seconds
                  AERO completed...       1.0409 seconds
            Master Time Step
            Processing completed...       5.2890 seconds

     Processing Day/Time [YYYYDDD:HHMMSS]: 2017356:022000
       Which is Equivalent to (UTC): 2:20:00  Friday,  Dec. 22, 2017
       Time-Step Length (HHMMSS): 000500
                 VDIFF completed...       0.8705 seconds
                COUPLE completed...       0.1038 seconds
                  HADV completed...       1.5771 seconds
                  ZADV completed...       0.3103 seconds
                 HDIFF completed...       0.2136 seconds
              DECOUPLE completed...       0.0454 seconds
                  PHOT completed...       0.1796 seconds
               CLDPROC completed...       0.2567 seconds
                  CHEM completed...       0.6779 seconds
                  AERO completed...       1.0437 seconds
            Master Time Step
            Processing completed...       5.2797 seconds

     Processing Day/Time [YYYYDDD:HHMMSS]: 2017356:022500
       Which is Equivalent to (UTC): 2:25:00  Friday,  Dec. 22, 2017
       Time-Step Length (HHMMSS): 000500
                 VDIFF completed...       0.8726 seconds
                COUPLE completed...       0.1020 seconds
                  HADV completed...       1.5774 seconds
                  ZADV completed...       0.3122 seconds
                 HDIFF completed...       0.2096 seconds
              DECOUPLE completed...       0.0452 seconds
                  PHOT completed...       0.1797 seconds
               CLDPROC completed...       0.2576 seconds
                  CHEM completed...       0.6737 seconds
                  AERO completed...       1.0370 seconds
            Master Time Step
            Processing completed...       5.2679 seconds

     Processing Day/Time [YYYYDDD:HHMMSS]: 2017356:023000
       Which is Equivalent to (UTC): 2:30:00  Friday,  Dec. 22, 2017
       Time-Step Length (HHMMSS): 000500
                 VDIFF completed...       0.8663 seconds
                COUPLE completed...       0.1015 seconds
                  HADV completed...       1.5946 seconds
                  ZADV completed...       0.3124 seconds
                 HDIFF completed...       0.2095 seconds
              DECOUPLE completed...       0.0472 seconds
                  PHOT completed...       0.1784 seconds
               CLDPROC completed...       0.2553 seconds
                  CHEM completed...       0.6729 seconds
                  AERO completed...       1.0373 seconds
            Master Time Step
            Processing completed...       5.2784 seconds

     Processing Day/Time [YYYYDDD:HHMMSS]: 2017356:023500
       Which is Equivalent to (UTC): 2:35:00  Friday,  Dec. 22, 2017
       Time-Step Length (HHMMSS): 000500
                 VDIFF completed...       0.8639 seconds
                COUPLE completed...       0.1013 seconds
                  HADV completed...       1.5887 seconds
                  ZADV completed...       0.3123 seconds
                 HDIFF completed...       0.2193 seconds
              DECOUPLE completed...       0.0457 seconds
                  PHOT completed...       0.1784 seconds
               CLDPROC completed...       0.2577 seconds
                  CHEM completed...       0.6684 seconds
                  AERO completed...       1.0228 seconds
            Master Time Step
            Processing completed...       5.2595 seconds

     Processing Day/Time [YYYYDDD:HHMMSS]: 2017356:024000
       Which is Equivalent to (UTC): 2:40:00  Friday,  Dec. 22, 2017
       Time-Step Length (HHMMSS): 000500
                 VDIFF completed...       0.8591 seconds
                COUPLE completed...       0.1090 seconds
                  HADV completed...       1.6289 seconds
                  ZADV completed...       0.3112 seconds
                 HDIFF completed...       0.2121 seconds
              DECOUPLE completed...       0.0455 seconds
                  PHOT completed...       0.1784 seconds
               CLDPROC completed...       0.2567 seconds
                  CHEM completed...       0.6689 seconds
                  AERO completed...       1.0325 seconds
            Master Time Step
            Processing completed...       5.3036 seconds

     Processing Day/Time [YYYYDDD:HHMMSS]: 2017356:024500
       Which is Equivalent to (UTC): 2:45:00  Friday,  Dec. 22, 2017
       Time-Step Length (HHMMSS): 000500
                 VDIFF completed...       0.8635 seconds
                COUPLE completed...       0.0996 seconds
                  HADV completed...       1.6118 seconds
                  ZADV completed...       0.3068 seconds
                 HDIFF completed...       0.2143 seconds
              DECOUPLE completed...       0.0456 seconds
                  PHOT completed...       0.1789 seconds
               CLDPROC completed...       0.2541 seconds
                  CHEM completed...       0.6637 seconds
                  AERO completed...       1.0272 seconds
            Master Time Step
            Processing completed...       5.2670 seconds

     Processing Day/Time [YYYYDDD:HHMMSS]: 2017356:025000
       Which is Equivalent to (UTC): 2:50:00  Friday,  Dec. 22, 2017
       Time-Step Length (HHMMSS): 000500
                 VDIFF completed...       0.8543 seconds
                COUPLE completed...       0.1052 seconds
                  HADV completed...       1.6130 seconds
                  ZADV completed...       0.3108 seconds
                 HDIFF completed...       0.2093 seconds
              DECOUPLE completed...       0.0466 seconds
                  PHOT completed...       0.1779 seconds
               CLDPROC completed...       0.2573 seconds
                  CHEM completed...       0.6603 seconds
                  AERO completed...       1.0275 seconds
            Master Time Step
            Processing completed...       5.2633 seconds

     Processing Day/Time [YYYYDDD:HHMMSS]: 2017356:025500
       Which is Equivalent to (UTC): 2:55:00  Friday,  Dec. 22, 2017
       Time-Step Length (HHMMSS): 000500
                 VDIFF completed...       2.4730 seconds
                COUPLE completed...       0.1692 seconds
                  HADV completed...       1.3336 seconds
                  ZADV completed...       0.3101 seconds
                 HDIFF completed...       0.2110 seconds
              DECOUPLE completed...       0.0461 seconds
                  PHOT completed...       0.1782 seconds
               CLDPROC completed...       1.1160 seconds
                  CHEM completed...       0.6363 seconds
                  AERO completed...       1.0277 seconds
            Master Time Step
            Processing completed...       7.5047 seconds

      =--> Data Output completed...       1.6135 seconds

     Processing Day/Time [YYYYDDD:HHMMSS]: 2017356:030000
       Which is Equivalent to (UTC): 3:00:00  Friday,  Dec. 22, 2017
       Time-Step Length (HHMMSS): 000500
                 VDIFF completed...       4.6912 seconds
                COUPLE completed...       0.1445 seconds
                  HADV completed...       3.1082 seconds
                  ZADV completed...       0.3115 seconds
                 HDIFF completed...       0.2078 seconds
              DECOUPLE completed...       0.0467 seconds
                  PHOT completed...       0.9727 seconds
               CLDPROC completed...       0.2613 seconds
                  CHEM completed...       0.6507 seconds
                  AERO completed...       1.0382 seconds
            Master Time Step
            Processing completed...      11.4357 seconds

     Processing Day/Time [YYYYDDD:HHMMSS]: 2017356:030500
       Which is Equivalent to (UTC): 3:05:00  Friday,  Dec. 22, 2017
       Time-Step Length (HHMMSS): 000500
                 VDIFF completed...       0.9218 seconds
                COUPLE completed...       0.1009 seconds
                  HADV completed...       1.5967 seconds
                  ZADV completed...       0.3108 seconds
                 HDIFF completed...       0.2126 seconds
              DECOUPLE completed...       0.0442 seconds
                  PHOT completed...       0.1789 seconds
               CLDPROC completed...       0.2571 seconds
                  CHEM completed...       0.6508 seconds
                  AERO completed...       1.0289 seconds
            Master Time Step
            Processing completed...       5.3040 seconds

     Processing Day/Time [YYYYDDD:HHMMSS]: 2017356:031000
       Which is Equivalent to (UTC): 3:10:00  Friday,  Dec. 22, 2017
       Time-Step Length (HHMMSS): 000500
                 VDIFF completed...       0.8964 seconds
                COUPLE completed...       0.1030 seconds
                  HADV completed...       1.6163 seconds
                  ZADV completed...       0.3122 seconds
                 HDIFF completed...       0.2071 seconds
              DECOUPLE completed...       0.0449 seconds
                  PHOT completed...       0.1782 seconds
               CLDPROC completed...       0.2539 seconds
                  CHEM completed...       0.6476 seconds
                  AERO completed...       1.0573 seconds
            Master Time Step
            Processing completed...       5.3223 seconds

     Processing Day/Time [YYYYDDD:HHMMSS]: 2017356:031500
       Which is Equivalent to (UTC): 3:15:00  Friday,  Dec. 22, 2017
       Time-Step Length (HHMMSS): 000500
                 VDIFF completed...       0.8827 seconds
                COUPLE completed...       0.1020 seconds
                  HADV completed...       1.6162 seconds
                  ZADV completed...       0.3113 seconds
                 HDIFF completed...       0.2082 seconds
              DECOUPLE completed...       0.0451 seconds
                  PHOT completed...       0.1779 seconds
               CLDPROC completed...       0.2547 seconds
                  CHEM completed...       0.6465 seconds
                  AERO completed...       1.0225 seconds
            Master Time Step
            Processing completed...       5.2721 seconds

     Processing Day/Time [YYYYDDD:HHMMSS]: 2017356:032000
       Which is Equivalent to (UTC): 3:20:00  Friday,  Dec. 22, 2017
       Time-Step Length (HHMMSS): 000500
                 VDIFF completed...       0.9081 seconds
                COUPLE completed...       0.1051 seconds
                  HADV completed...       1.6233 seconds
                  ZADV completed...       0.3122 seconds
                 HDIFF completed...       0.4623 seconds
              DECOUPLE completed...       0.0965 seconds
                  PHOT completed...       0.0678 seconds
               CLDPROC completed...       0.2302 seconds
                  CHEM completed...       0.6528 seconds
                  AERO completed...       1.0304 seconds
            Master Time Step
            Processing completed...       5.4930 seconds

     Processing Day/Time [YYYYDDD:HHMMSS]: 2017356:032500
       Which is Equivalent to (UTC): 3:25:00  Friday,  Dec. 22, 2017
       Time-Step Length (HHMMSS): 000500
                 VDIFF completed...       0.8687 seconds
                COUPLE completed...       0.1014 seconds
                  HADV completed...       1.6248 seconds
                  ZADV completed...       0.3115 seconds
                 HDIFF completed...       0.2075 seconds
              DECOUPLE completed...       0.0446 seconds
                  PHOT completed...       0.1886 seconds
               CLDPROC completed...       0.2478 seconds
                  CHEM completed...       0.6427 seconds
                  AERO completed...       1.0295 seconds
            Master Time Step
            Processing completed...       5.2717 seconds

     Processing Day/Time [YYYYDDD:HHMMSS]: 2017356:033000
       Which is Equivalent to (UTC): 3:30:00  Friday,  Dec. 22, 2017
       Time-Step Length (HHMMSS): 000500
                 VDIFF completed...       0.9010 seconds
                COUPLE completed...       0.1045 seconds
                  HADV completed...       1.6210 seconds
                  ZADV completed...       0.3107 seconds
                 HDIFF completed...       0.2161 seconds
              DECOUPLE completed...       0.0444 seconds
                  PHOT completed...       0.1786 seconds
               CLDPROC completed...       0.2554 seconds
                  CHEM completed...       0.6407 seconds
                  AERO completed...       1.0203 seconds
            Master Time Step
            Processing completed...       5.2974 seconds

     Processing Day/Time [YYYYDDD:HHMMSS]: 2017356:033500
       Which is Equivalent to (UTC): 3:35:00  Friday,  Dec. 22, 2017
       Time-Step Length (HHMMSS): 000500
                 VDIFF completed...       0.8988 seconds
                COUPLE completed...       0.1004 seconds
                  HADV completed...       1.6492 seconds
                  ZADV completed...       0.3113 seconds
                 HDIFF completed...       0.2150 seconds
              DECOUPLE completed...       0.0448 seconds
                  PHOT completed...       0.1781 seconds
               CLDPROC completed...       0.2544 seconds
                  CHEM completed...       0.6394 seconds
                  AERO completed...       1.0198 seconds
            Master Time Step
            Processing completed...       5.3167 seconds

     Processing Day/Time [YYYYDDD:HHMMSS]: 2017356:034000
       Which is Equivalent to (UTC): 3:40:00  Friday,  Dec. 22, 2017
       Time-Step Length (HHMMSS): 000500
                 VDIFF completed...       0.9013 seconds
                COUPLE completed...       0.0949 seconds
                  HADV completed...       1.6482 seconds
                  ZADV completed...       0.3122 seconds
                 HDIFF completed...       0.2069 seconds
              DECOUPLE completed...       0.0444 seconds
                  PHOT completed...       0.1780 seconds
               CLDPROC completed...       0.2541 seconds
                  CHEM completed...       0.6378 seconds
                  AERO completed...       1.0133 seconds
            Master Time Step
            Processing completed...       5.2970 seconds

     Processing Day/Time [YYYYDDD:HHMMSS]: 2017356:034500
       Which is Equivalent to (UTC): 3:45:00  Friday,  Dec. 22, 2017
       Time-Step Length (HHMMSS): 000500
                 VDIFF completed...       0.8929 seconds
                COUPLE completed...       0.0984 seconds
                  HADV completed...       1.6653 seconds
                  ZADV completed...       0.3107 seconds
                 HDIFF completed...       0.2084 seconds
              DECOUPLE completed...       0.0444 seconds
                  PHOT completed...       0.1782 seconds
               CLDPROC completed...       0.2536 seconds
                  CHEM completed...       0.6366 seconds
                  AERO completed...       1.0079 seconds
            Master Time Step
            Processing completed...       5.3022 seconds

     Processing Day/Time [YYYYDDD:HHMMSS]: 2017356:035000
       Which is Equivalent to (UTC): 3:50:00  Friday,  Dec. 22, 2017
       Time-Step Length (HHMMSS): 000500
                 VDIFF completed...       0.9029 seconds
                COUPLE completed...       0.1112 seconds
                  HADV completed...       1.6457 seconds
                  ZADV completed...       0.3122 seconds
                 HDIFF completed...       0.2265 seconds
              DECOUPLE completed...       0.0442 seconds
                  PHOT completed...       0.1784 seconds
               CLDPROC completed...       0.2530 seconds
                  CHEM completed...       0.6343 seconds
                  AERO completed...       1.0056 seconds
            Master Time Step
            Processing completed...       5.3198 seconds

     Processing Day/Time [YYYYDDD:HHMMSS]: 2017356:035500
       Which is Equivalent to (UTC): 3:55:00  Friday,  Dec. 22, 2017
       Time-Step Length (HHMMSS): 000500
                 VDIFF completed...       2.4408 seconds
                COUPLE completed...       0.1687 seconds
                  HADV completed...       1.3646 seconds
                  ZADV completed...       0.3111 seconds
                 HDIFF completed...       0.2084 seconds
              DECOUPLE completed...       0.0453 seconds
                  PHOT completed...       0.1776 seconds
               CLDPROC completed...       1.1355 seconds
                  CHEM completed...       0.5889 seconds
                  AERO completed...       1.0048 seconds
            Master Time Step
            Processing completed...       7.4521 seconds

      =--> Data Output completed...       1.7016 seconds

     Processing Day/Time [YYYYDDD:HHMMSS]: 2017356:040000
       Which is Equivalent to (UTC): 4:00:00  Friday,  Dec. 22, 2017
       Time-Step Length (HHMMSS): 000500
                 VDIFF completed...       4.3153 seconds
                COUPLE completed...       0.1563 seconds
                  HADV completed...       3.2452 seconds
                  ZADV completed...       0.3070 seconds
                 HDIFF completed...       0.2123 seconds
              DECOUPLE completed...       0.0458 seconds
                  PHOT completed...       1.0489 seconds
               CLDPROC completed...       0.2568 seconds
                  CHEM completed...       0.6279 seconds
                  AERO completed...       1.0066 seconds
            Master Time Step
            Processing completed...      11.2257 seconds

     Processing Day/Time [YYYYDDD:HHMMSS]: 2017356:040500
       Which is Equivalent to (UTC): 4:05:00  Friday,  Dec. 22, 2017
       Time-Step Length (HHMMSS): 000500
                 VDIFF completed...       1.0733 seconds
                COUPLE completed...       0.0937 seconds
                  HADV completed...       1.8437 seconds
                  ZADV completed...       0.3104 seconds
                 HDIFF completed...       0.2109 seconds
              DECOUPLE completed...       0.0462 seconds
                  PHOT completed...       0.1766 seconds
               CLDPROC completed...       0.2548 seconds
                  CHEM completed...       0.6311 seconds
                  AERO completed...       1.0002 seconds
            Master Time Step
            Processing completed...       5.6448 seconds

     Processing Day/Time [YYYYDDD:HHMMSS]: 2017356:041000
       Which is Equivalent to (UTC): 4:10:00  Friday,  Dec. 22, 2017
       Time-Step Length (HHMMSS): 000500
                 VDIFF completed...       0.8856 seconds
                COUPLE completed...       0.0970 seconds
                  HADV completed...       1.6939 seconds
                  ZADV completed...       0.3108 seconds
                 HDIFF completed...       0.2212 seconds
              DECOUPLE completed...       0.0526 seconds
                  PHOT completed...       0.1677 seconds
               CLDPROC completed...       0.2473 seconds
                  CHEM completed...       0.6294 seconds
                  AERO completed...       1.0043 seconds
            Master Time Step
            Processing completed...       5.3144 seconds

     Processing Day/Time [YYYYDDD:HHMMSS]: 2017356:041500
       Which is Equivalent to (UTC): 4:15:00  Friday,  Dec. 22, 2017
       Time-Step Length (HHMMSS): 000500
                 VDIFF completed...       0.8991 seconds
                COUPLE completed...       0.0941 seconds
                  HADV completed...       1.6826 seconds
                  ZADV completed...       0.3055 seconds
                 HDIFF completed...       0.2155 seconds
              DECOUPLE completed...       0.0449 seconds
                  PHOT completed...       0.1780 seconds
               CLDPROC completed...       0.2570 seconds
                  CHEM completed...       0.6297 seconds
                  AERO completed...       1.0082 seconds
            Master Time Step
            Processing completed...       5.3179 seconds

     Processing Day/Time [YYYYDDD:HHMMSS]: 2017356:042000
       Which is Equivalent to (UTC): 4:20:00  Friday,  Dec. 22, 2017
       Time-Step Length (HHMMSS): 000500
                 VDIFF completed...       0.8561 seconds
                COUPLE completed...       0.1125 seconds
                  HADV completed...       1.6848 seconds
                  ZADV completed...       0.3032 seconds
                 HDIFF completed...       0.2190 seconds
              DECOUPLE completed...       0.0451 seconds
                  PHOT completed...       0.1778 seconds
               CLDPROC completed...       0.2579 seconds
                  CHEM completed...       0.6280 seconds
                  AERO completed...       1.0020 seconds
            Master Time Step
            Processing completed...       5.2917 seconds

     Processing Day/Time [YYYYDDD:HHMMSS]: 2017356:042500
       Which is Equivalent to (UTC): 4:25:00  Friday,  Dec. 22, 2017
       Time-Step Length (HHMMSS): 000500
                 VDIFF completed...       0.8607 seconds
                COUPLE completed...       0.1080 seconds
                  HADV completed...       1.7168 seconds
                  ZADV completed...       0.3086 seconds
                 HDIFF completed...       0.2099 seconds
              DECOUPLE completed...       0.0456 seconds
                  PHOT completed...       0.1777 seconds
               CLDPROC completed...       0.2582 seconds
                  CHEM completed...       0.6277 seconds
                  AERO completed...       1.0031 seconds
            Master Time Step
            Processing completed...       5.3214 seconds

     Processing Day/Time [YYYYDDD:HHMMSS]: 2017356:043000
       Which is Equivalent to (UTC): 4:30:00  Friday,  Dec. 22, 2017
       Time-Step Length (HHMMSS): 000500
                 VDIFF completed...       0.8606 seconds
                COUPLE completed...       0.1136 seconds
                  HADV completed...       1.7737 seconds
                  ZADV completed...       0.3108 seconds
                 HDIFF completed...       0.2089 seconds
              DECOUPLE completed...       0.0446 seconds
                  PHOT completed...       0.1780 seconds
               CLDPROC completed...       0.2577 seconds
                  CHEM completed...       0.6269 seconds
                  AERO completed...       0.9984 seconds
            Master Time Step
            Processing completed...       5.3782 seconds

     Processing Day/Time [YYYYDDD:HHMMSS]: 2017356:043500
       Which is Equivalent to (UTC): 4:35:00  Friday,  Dec. 22, 2017
       Time-Step Length (HHMMSS): 000500
                 VDIFF completed...       0.9087 seconds
                COUPLE completed...       0.0964 seconds
                  HADV completed...       1.7310 seconds
                  ZADV completed...       0.3080 seconds
                 HDIFF completed...       0.2116 seconds
              DECOUPLE completed...       0.0449 seconds
                  PHOT completed...       0.1781 seconds
               CLDPROC completed...       0.2581 seconds
                  CHEM completed...       0.6250 seconds
                  AERO completed...       0.9940 seconds
            Master Time Step
            Processing completed...       5.3609 seconds

     Processing Day/Time [YYYYDDD:HHMMSS]: 2017356:044000
       Which is Equivalent to (UTC): 4:40:00  Friday,  Dec. 22, 2017
       Time-Step Length (HHMMSS): 000500
                 VDIFF completed...       0.8955 seconds
                COUPLE completed...       0.0978 seconds
                  HADV completed...       1.8247 seconds
                  ZADV completed...       0.3130 seconds
                 HDIFF completed...       0.2763 seconds
              DECOUPLE completed...       0.0449 seconds
                  PHOT completed...       0.1781 seconds
               CLDPROC completed...       0.2557 seconds
                  CHEM completed...       0.6246 seconds
                  AERO completed...       1.0090 seconds
            Master Time Step
            Processing completed...       5.5245 seconds

     Processing Day/Time [YYYYDDD:HHMMSS]: 2017356:044500
       Which is Equivalent to (UTC): 4:45:00  Friday,  Dec. 22, 2017
       Time-Step Length (HHMMSS): 000500
                 VDIFF completed...       0.8793 seconds
                COUPLE completed...       0.0995 seconds
                  HADV completed...       1.7095 seconds
                  ZADV completed...       0.3087 seconds
                 HDIFF completed...       0.2114 seconds
              DECOUPLE completed...       0.0450 seconds
                  PHOT completed...       0.1779 seconds
               CLDPROC completed...       0.2536 seconds
                  CHEM completed...       0.6236 seconds
                  AERO completed...       1.0066 seconds
            Master Time Step
            Processing completed...       5.3202 seconds

     Processing Day/Time [YYYYDDD:HHMMSS]: 2017356:045000
       Which is Equivalent to (UTC): 4:50:00  Friday,  Dec. 22, 2017
       Time-Step Length (HHMMSS): 000500
                 VDIFF completed...       0.8859 seconds
                COUPLE completed...       0.0960 seconds
                  HADV completed...       1.7094 seconds
                  ZADV completed...       0.3106 seconds
                 HDIFF completed...       0.2087 seconds
              DECOUPLE completed...       0.0448 seconds
                  PHOT completed...       0.1778 seconds
               CLDPROC completed...       0.2540 seconds
                  CHEM completed...       0.6360 seconds
                  AERO completed...       0.9879 seconds
            Master Time Step
            Processing completed...       5.3162 seconds

     Processing Day/Time [YYYYDDD:HHMMSS]: 2017356:045500
       Which is Equivalent to (UTC): 4:55:00  Friday,  Dec. 22, 2017
       Time-Step Length (HHMMSS): 000500
                 VDIFF completed...       2.4445 seconds
                COUPLE completed...       0.1693 seconds
                  HADV completed...       1.4753 seconds
                  ZADV completed...       0.3093 seconds
                 HDIFF completed...       0.2252 seconds
              DECOUPLE completed...       0.0605 seconds
                  PHOT completed...       0.1552 seconds
               CLDPROC completed...       1.2115 seconds
                  CHEM completed...       0.5697 seconds
                  AERO completed...       0.9819 seconds
            Master Time Step
            Processing completed...       7.6071 seconds

      =--> Data Output completed...       1.6768 seconds

     Processing Day/Time [YYYYDDD:HHMMSS]: 2017356:050000
       Which is Equivalent to (UTC): 5:00:00  Friday,  Dec. 22, 2017
       Time-Step Length (HHMMSS): 000500
                 VDIFF completed...       4.7486 seconds
                COUPLE completed...       0.1503 seconds
                  HADV completed...       3.0620 seconds
                  ZADV completed...       0.2779 seconds
                 HDIFF completed...       0.2419 seconds
              DECOUPLE completed...       0.0453 seconds
                  PHOT completed...       1.0769 seconds
               CLDPROC completed...       0.2564 seconds
                  CHEM completed...       0.6242 seconds
                  AERO completed...       0.9908 seconds
            Master Time Step
            Processing completed...      11.4792 seconds

     Processing Day/Time [YYYYDDD:HHMMSS]: 2017356:050500
       Which is Equivalent to (UTC): 5:05:00  Friday,  Dec. 22, 2017
       Time-Step Length (HHMMSS): 000500
                 VDIFF completed...       0.8573 seconds
                COUPLE completed...       0.1123 seconds
                  HADV completed...       1.6633 seconds
                  ZADV completed...       0.3112 seconds
                 HDIFF completed...       0.2103 seconds
              DECOUPLE completed...       0.0460 seconds
                  PHOT completed...       0.1776 seconds
               CLDPROC completed...       0.2524 seconds
                  CHEM completed...       0.6255 seconds
                  AERO completed...       0.9842 seconds
            Master Time Step
            Processing completed...       5.2441 seconds

     Processing Day/Time [YYYYDDD:HHMMSS]: 2017356:051000
       Which is Equivalent to (UTC): 5:10:00  Friday,  Dec. 22, 2017
       Time-Step Length (HHMMSS): 000500
                 VDIFF completed...       1.0024 seconds
                COUPLE completed...       0.1019 seconds
                  HADV completed...       1.5585 seconds
                  ZADV completed...       0.3111 seconds
                 HDIFF completed...       0.2108 seconds
              DECOUPLE completed...       0.0464 seconds
                  PHOT completed...       0.1773 seconds
               CLDPROC completed...       0.2544 seconds
                  CHEM completed...       0.6264 seconds
                  AERO completed...       0.9837 seconds
            Master Time Step
            Processing completed...       5.2771 seconds

     Processing Day/Time [YYYYDDD:HHMMSS]: 2017356:051500
       Which is Equivalent to (UTC): 5:15:00  Friday,  Dec. 22, 2017
       Time-Step Length (HHMMSS): 000500
                 VDIFF completed...       0.8891 seconds
                COUPLE completed...       0.0961 seconds
                  HADV completed...       1.6889 seconds
                  ZADV completed...       0.3108 seconds
                 HDIFF completed...       0.2109 seconds
              DECOUPLE completed...       0.0455 seconds
                  PHOT completed...       0.1767 seconds
               CLDPROC completed...       0.2584 seconds
                  CHEM completed...       0.6267 seconds
                  AERO completed...       0.9845 seconds
            Master Time Step
            Processing completed...       5.2916 seconds

     Processing Day/Time [YYYYDDD:HHMMSS]: 2017356:052000
       Which is Equivalent to (UTC): 5:20:00  Friday,  Dec. 22, 2017
       Time-Step Length (HHMMSS): 000500
                 VDIFF completed...       0.8985 seconds
                COUPLE completed...       0.0907 seconds
                  HADV completed...       1.6864 seconds
                  ZADV completed...       0.3096 seconds
                 HDIFF completed...       0.2112 seconds
              DECOUPLE completed...       0.0448 seconds
                  PHOT completed...       0.1791 seconds
               CLDPROC completed...       0.2585 seconds
                  CHEM completed...       0.6281 seconds
                  AERO completed...       0.9810 seconds
            Master Time Step
            Processing completed...       5.2925 seconds

     Processing Day/Time [YYYYDDD:HHMMSS]: 2017356:052500
       Which is Equivalent to (UTC): 5:25:00  Friday,  Dec. 22, 2017
       Time-Step Length (HHMMSS): 000500
                 VDIFF completed...       0.9358 seconds
                COUPLE completed...       0.0962 seconds
                  HADV completed...       1.6259 seconds
                  ZADV completed...       0.3099 seconds
                 HDIFF completed...       0.2141 seconds
              DECOUPLE completed...       0.0451 seconds
                  PHOT completed...       0.1782 seconds
               CLDPROC completed...       0.2595 seconds
                  CHEM completed...       0.6276 seconds
                  AERO completed...       0.9782 seconds
            Master Time Step
            Processing completed...       5.2723 seconds

     Processing Day/Time [YYYYDDD:HHMMSS]: 2017356:053000
       Which is Equivalent to (UTC): 5:30:00  Friday,  Dec. 22, 2017
       Time-Step Length (HHMMSS): 000500
                 VDIFF completed...       0.8680 seconds
                COUPLE completed...       0.0990 seconds
                  HADV completed...       1.7142 seconds
                  ZADV completed...       0.3098 seconds
                 HDIFF completed...       0.2112 seconds
              DECOUPLE completed...       0.0455 seconds
                  PHOT completed...       0.1770 seconds
               CLDPROC completed...       0.2586 seconds
                  CHEM completed...       0.6272 seconds
                  AERO completed...       0.9745 seconds
            Master Time Step
            Processing completed...       5.2894 seconds

     Processing Day/Time [YYYYDDD:HHMMSS]: 2017356:053500
       Which is Equivalent to (UTC): 5:35:00  Friday,  Dec. 22, 2017
       Time-Step Length (HHMMSS): 000500
                 VDIFF completed...       0.8949 seconds
                COUPLE completed...       0.0899 seconds
                  HADV completed...       1.7063 seconds
                  ZADV completed...       0.3107 seconds
                 HDIFF completed...       0.2110 seconds
              DECOUPLE completed...       0.0450 seconds
                  PHOT completed...       0.1787 seconds
               CLDPROC completed...       0.2574 seconds
                  CHEM completed...       0.6277 seconds
                  AERO completed...       0.9741 seconds
            Master Time Step
            Processing completed...       5.3000 seconds

     Processing Day/Time [YYYYDDD:HHMMSS]: 2017356:054000
       Which is Equivalent to (UTC): 5:40:00  Friday,  Dec. 22, 2017
       Time-Step Length (HHMMSS): 000500
                 VDIFF completed...       0.9173 seconds
                COUPLE completed...       0.0914 seconds
                  HADV completed...       1.6685 seconds
                  ZADV completed...       0.3085 seconds
                 HDIFF completed...       0.2145 seconds
              DECOUPLE completed...       0.0463 seconds
                  PHOT completed...       0.1778 seconds
               CLDPROC completed...       0.2571 seconds
                  CHEM completed...       0.6245 seconds
                  AERO completed...       0.9667 seconds
            Master Time Step
            Processing completed...       5.2776 seconds

     Processing Day/Time [YYYYDDD:HHMMSS]: 2017356:054500
       Which is Equivalent to (UTC): 5:45:00  Friday,  Dec. 22, 2017
       Time-Step Length (HHMMSS): 000500
                 VDIFF completed...       0.8066 seconds
                COUPLE completed...       0.1152 seconds
                  HADV completed...       1.7967 seconds
                  ZADV completed...       0.3106 seconds
                 HDIFF completed...       0.2107 seconds
              DECOUPLE completed...       0.0456 seconds
                  PHOT completed...       0.1779 seconds
               CLDPROC completed...       0.2557 seconds
                  CHEM completed...       0.6270 seconds
                  AERO completed...       0.9712 seconds
            Master Time Step
            Processing completed...       5.3218 seconds

     Processing Day/Time [YYYYDDD:HHMMSS]: 2017356:055000
       Which is Equivalent to (UTC): 5:50:00  Friday,  Dec. 22, 2017
       Time-Step Length (HHMMSS): 000500
                 VDIFF completed...       0.9237 seconds
                COUPLE completed...       0.0952 seconds
                  HADV completed...       1.6834 seconds
                  ZADV completed...       0.3088 seconds
                 HDIFF completed...       0.2123 seconds
              DECOUPLE completed...       0.0453 seconds
                  PHOT completed...       0.1785 seconds
               CLDPROC completed...       0.2555 seconds
                  CHEM completed...       0.6272 seconds
                  AERO completed...       0.9671 seconds
            Master Time Step
            Processing completed...       5.3002 seconds

     Processing Day/Time [YYYYDDD:HHMMSS]: 2017356:055500
       Which is Equivalent to (UTC): 5:55:00  Friday,  Dec. 22, 2017
       Time-Step Length (HHMMSS): 000500
                 VDIFF completed...       2.4898 seconds
                COUPLE completed...       0.1705 seconds
                  HADV completed...       1.3186 seconds
                  ZADV completed...       0.3091 seconds
                 HDIFF completed...       0.2128 seconds
              DECOUPLE completed...       0.0472 seconds
                  PHOT completed...       0.1768 seconds
               CLDPROC completed...       1.1860 seconds
                  CHEM completed...       0.5765 seconds
                  AERO completed...       0.9882 seconds
            Master Time Step
            Processing completed...       7.4814 seconds

      =--> Data Output completed...       1.7004 seconds

     Processing Day/Time [YYYYDDD:HHMMSS]: 2017356:060000
       Which is Equivalent to (UTC): 6:00:00  Friday,  Dec. 22, 2017
       Time-Step Length (HHMMSS): 000500
                 VDIFF completed...       4.9207 seconds
                COUPLE completed...       0.1081 seconds
                  HADV completed...       2.9422 seconds
                  ZADV completed...       0.2842 seconds
                 HDIFF completed...       0.2377 seconds
              DECOUPLE completed...       0.0462 seconds
                  PHOT completed...       1.0263 seconds
               CLDPROC completed...       0.2593 seconds
                  CHEM completed...       0.6267 seconds
                  AERO completed...       0.9710 seconds
            Master Time Step
            Processing completed...      11.4254 seconds

     Processing Day/Time [YYYYDDD:HHMMSS]: 2017356:060500
       Which is Equivalent to (UTC): 6:05:00  Friday,  Dec. 22, 2017
       Time-Step Length (HHMMSS): 000500
                 VDIFF completed...       0.8061 seconds
                COUPLE completed...       0.1207 seconds
                  HADV completed...       1.7419 seconds
                  ZADV completed...       0.3092 seconds
                 HDIFF completed...       0.2121 seconds
              DECOUPLE completed...       0.0446 seconds
                  PHOT completed...       0.1784 seconds
               CLDPROC completed...       0.2583 seconds
                  CHEM completed...       0.6289 seconds
                  AERO completed...       0.9608 seconds
            Master Time Step
            Processing completed...       5.2650 seconds

     Processing Day/Time [YYYYDDD:HHMMSS]: 2017356:061000
       Which is Equivalent to (UTC): 6:10:00  Friday,  Dec. 22, 2017
       Time-Step Length (HHMMSS): 000500
                 VDIFF completed...       0.8049 seconds
                COUPLE completed...       0.1133 seconds
                  HADV completed...       1.7672 seconds
                  ZADV completed...       0.3015 seconds
                 HDIFF completed...       0.2194 seconds
              DECOUPLE completed...       0.0449 seconds
                  PHOT completed...       0.1781 seconds
               CLDPROC completed...       0.2606 seconds
                  CHEM completed...       0.6286 seconds
                  AERO completed...       0.9593 seconds
            Master Time Step
            Processing completed...       5.2825 seconds

     Processing Day/Time [YYYYDDD:HHMMSS]: 2017356:061500
       Which is Equivalent to (UTC): 6:15:00  Friday,  Dec. 22, 2017
       Time-Step Length (HHMMSS): 000500
                 VDIFF completed...       0.7832 seconds
                COUPLE completed...       0.1133 seconds
                  HADV completed...       1.8008 seconds
                  ZADV completed...       0.3074 seconds
                 HDIFF completed...       0.2121 seconds
              DECOUPLE completed...       0.0469 seconds
                  PHOT completed...       0.1768 seconds
               CLDPROC completed...       0.2612 seconds
                  CHEM completed...       0.6302 seconds
                  AERO completed...       0.9751 seconds
            Master Time Step
            Processing completed...       5.3115 seconds

     Processing Day/Time [YYYYDDD:HHMMSS]: 2017356:062000
       Which is Equivalent to (UTC): 6:20:00  Friday,  Dec. 22, 2017
       Time-Step Length (HHMMSS): 000500
                 VDIFF completed...       0.7825 seconds
                COUPLE completed...       0.1110 seconds
                  HADV completed...       1.7997 seconds
                  ZADV completed...       0.3093 seconds
                 HDIFF completed...       0.2113 seconds
              DECOUPLE completed...       0.0453 seconds
                  PHOT completed...       0.1774 seconds
               CLDPROC completed...       0.2624 seconds
                  CHEM completed...       0.6291 seconds
                  AERO completed...       0.9734 seconds
            Master Time Step
            Processing completed...       5.3060 seconds

     Processing Day/Time [YYYYDDD:HHMMSS]: 2017356:062500
       Which is Equivalent to (UTC): 6:25:00  Friday,  Dec. 22, 2017
       Time-Step Length (HHMMSS): 000500
                 VDIFF completed...       0.7799 seconds
                COUPLE completed...       0.1090 seconds
                  HADV completed...       1.9625 seconds
                  ZADV completed...       0.3013 seconds
                 HDIFF completed...       0.2507 seconds
              DECOUPLE completed...       0.0450 seconds
                  PHOT completed...       0.1782 seconds
               CLDPROC completed...       0.2646 seconds
                  CHEM completed...       0.6274 seconds
                  AERO completed...       0.9533 seconds
            Master Time Step
            Processing completed...       5.4763 seconds

     Processing Day/Time [YYYYDDD:HHMMSS]: 2017356:063000
       Which is Equivalent to (UTC): 6:30:00  Friday,  Dec. 22, 2017
       Time-Step Length (HHMMSS): 000500
                 VDIFF completed...       0.7836 seconds
                COUPLE completed...       0.1168 seconds
                  HADV completed...       1.8326 seconds
                  ZADV completed...       0.3067 seconds
                 HDIFF completed...       0.2167 seconds
              DECOUPLE completed...       0.0456 seconds
                  PHOT completed...       0.1775 seconds
               CLDPROC completed...       0.2630 seconds
                  CHEM completed...       0.6289 seconds
                  AERO completed...       0.9569 seconds
            Master Time Step
            Processing completed...       5.3325 seconds

     Processing Day/Time [YYYYDDD:HHMMSS]: 2017356:063500
       Which is Equivalent to (UTC): 6:35:00  Friday,  Dec. 22, 2017
       Time-Step Length (HHMMSS): 000500
                 VDIFF completed...       0.7995 seconds
                COUPLE completed...       0.1152 seconds
                  HADV completed...       1.7867 seconds
                  ZADV completed...       0.3084 seconds
                 HDIFF completed...       0.2120 seconds
              DECOUPLE completed...       0.0452 seconds
                  PHOT completed...       0.1776 seconds
               CLDPROC completed...       0.2646 seconds
                  CHEM completed...       0.6299 seconds
                  AERO completed...       0.9558 seconds
            Master Time Step
            Processing completed...       5.2986 seconds

     Processing Day/Time [YYYYDDD:HHMMSS]: 2017356:064000
       Which is Equivalent to (UTC): 6:40:00  Friday,  Dec. 22, 2017
       Time-Step Length (HHMMSS): 000500
                 VDIFF completed...       0.7962 seconds
                COUPLE completed...       0.1132 seconds
                  HADV completed...       1.8069 seconds
                  ZADV completed...       0.3096 seconds
                 HDIFF completed...       0.2106 seconds
              DECOUPLE completed...       0.0456 seconds
                  PHOT completed...       0.1777 seconds
               CLDPROC completed...       0.2658 seconds
                  CHEM completed...       0.6307 seconds
                  AERO completed...       0.9539 seconds
            Master Time Step
            Processing completed...       5.3120 seconds

     Processing Day/Time [YYYYDDD:HHMMSS]: 2017356:064500
       Which is Equivalent to (UTC): 6:45:00  Friday,  Dec. 22, 2017
       Time-Step Length (HHMMSS): 000500
                 VDIFF completed...       0.7913 seconds
                COUPLE completed...       0.1138 seconds
                  HADV completed...       1.8177 seconds
                  ZADV completed...       0.3060 seconds
                 HDIFF completed...       0.2182 seconds
              DECOUPLE completed...       0.0450 seconds
                  PHOT completed...       0.1790 seconds
               CLDPROC completed...       0.2641 seconds
                  CHEM completed...       0.6234 seconds
                  AERO completed...       0.9575 seconds
            Master Time Step
            Processing completed...       5.3170 seconds

     Processing Day/Time [YYYYDDD:HHMMSS]: 2017356:065000
       Which is Equivalent to (UTC): 6:50:00  Friday,  Dec. 22, 2017
       Time-Step Length (HHMMSS): 000500
                 VDIFF completed...       0.7840 seconds
                COUPLE completed...       0.1240 seconds
                  HADV completed...       2.3414 seconds
                  ZADV completed...       0.3063 seconds
                 HDIFF completed...       0.3898 seconds
              DECOUPLE completed...       0.0454 seconds
                  PHOT completed...       0.1778 seconds
               CLDPROC completed...       0.2629 seconds
                  CHEM completed...       0.6302 seconds
                  AERO completed...       0.9561 seconds
            Master Time Step
            Processing completed...       6.0216 seconds

     Processing Day/Time [YYYYDDD:HHMMSS]: 2017356:065500
       Which is Equivalent to (UTC): 6:55:00  Friday,  Dec. 22, 2017
       Time-Step Length (HHMMSS): 000500
                 VDIFF completed...       2.5521 seconds
                COUPLE completed...       0.1708 seconds
                  HADV completed...       1.3105 seconds
                  ZADV completed...       0.3089 seconds
                 HDIFF completed...       0.2118 seconds
              DECOUPLE completed...       0.0451 seconds
                  PHOT completed...       0.1779 seconds
               CLDPROC completed...       1.1769 seconds
                  CHEM completed...       0.5894 seconds
                  AERO completed...       0.9768 seconds
            Master Time Step
            Processing completed...       7.5258 seconds

      =--> Data Output completed...       1.7445 seconds

     Processing Day/Time [YYYYDDD:HHMMSS]: 2017356:070000
       Which is Equivalent to (UTC): 7:00:00  Friday,  Dec. 22, 2017
       Time-Step Length (HHMMSS): 000500
                 VDIFF completed...       4.8355 seconds
                COUPLE completed...       0.1556 seconds
                  HADV completed...       3.0740 seconds
                  ZADV completed...       0.3075 seconds
                 HDIFF completed...       0.2132 seconds
              DECOUPLE completed...       0.0446 seconds
                  PHOT completed...       1.0785 seconds
               CLDPROC completed...       0.2673 seconds
                  CHEM completed...       0.6305 seconds
                  AERO completed...       0.9486 seconds
            Master Time Step
            Processing completed...      11.5581 seconds

     Processing Day/Time [YYYYDDD:HHMMSS]: 2017356:070500
       Which is Equivalent to (UTC): 7:05:00  Friday,  Dec. 22, 2017
       Time-Step Length (HHMMSS): 000500
                 VDIFF completed...       0.8175 seconds
                COUPLE completed...       0.1148 seconds
                  HADV completed...       1.7490 seconds
                  ZADV completed...       0.3092 seconds
                 HDIFF completed...       0.2110 seconds
              DECOUPLE completed...       0.0443 seconds
                  PHOT completed...       0.1780 seconds
               CLDPROC completed...       0.2670 seconds
                  CHEM completed...       0.6297 seconds
                  AERO completed...       0.9426 seconds
            Master Time Step
            Processing completed...       5.2683 seconds

     Processing Day/Time [YYYYDDD:HHMMSS]: 2017356:071000
       Which is Equivalent to (UTC): 7:10:00  Friday,  Dec. 22, 2017
       Time-Step Length (HHMMSS): 000500
                 VDIFF completed...       0.8086 seconds
                COUPLE completed...       0.1010 seconds
                  HADV completed...       1.8503 seconds
                  ZADV completed...       0.3093 seconds
                 HDIFF completed...       0.2118 seconds
              DECOUPLE completed...       0.0452 seconds
                  PHOT completed...       0.1782 seconds
               CLDPROC completed...       0.2675 seconds
                  CHEM completed...       0.6276 seconds
                  AERO completed...       0.9659 seconds
            Master Time Step
            Processing completed...       5.3711 seconds

     Processing Day/Time [YYYYDDD:HHMMSS]: 2017356:071500
       Which is Equivalent to (UTC): 7:15:00  Friday,  Dec. 22, 2017
       Time-Step Length (HHMMSS): 000500
                 VDIFF completed...       0.7958 seconds
                COUPLE completed...       0.1129 seconds
                  HADV completed...       1.8482 seconds
                  ZADV completed...       0.3099 seconds
                 HDIFF completed...       0.2098 seconds
              DECOUPLE completed...       0.0454 seconds
                  PHOT completed...       0.1785 seconds
               CLDPROC completed...       0.2693 seconds
                  CHEM completed...       0.6372 seconds
                  AERO completed...       0.9383 seconds
            Master Time Step
            Processing completed...       5.3470 seconds

     Processing Day/Time [YYYYDDD:HHMMSS]: 2017356:072000
       Which is Equivalent to (UTC): 7:20:00  Friday,  Dec. 22, 2017
       Time-Step Length (HHMMSS): 000500
                 VDIFF completed...       0.8115 seconds
                COUPLE completed...       0.1111 seconds
                  HADV completed...       1.8454 seconds
                  ZADV completed...       0.3103 seconds
                 HDIFF completed...       0.2092 seconds
              DECOUPLE completed...       0.0443 seconds
                  PHOT completed...       0.1787 seconds
               CLDPROC completed...       0.2748 seconds
                  CHEM completed...       0.6266 seconds
                  AERO completed...       0.9396 seconds
            Master Time Step
            Processing completed...       5.3562 seconds

     Processing Day/Time [YYYYDDD:HHMMSS]: 2017356:072500
       Which is Equivalent to (UTC): 7:25:00  Friday,  Dec. 22, 2017
       Time-Step Length (HHMMSS): 000500
                 VDIFF completed...       0.7998 seconds
                COUPLE completed...       0.1090 seconds
                  HADV completed...       1.8407 seconds
                  ZADV completed...       0.3166 seconds
                 HDIFF completed...       0.2034 seconds
              DECOUPLE completed...       0.0450 seconds
                  PHOT completed...       0.1781 seconds
               CLDPROC completed...       0.2696 seconds
                  CHEM completed...       0.6270 seconds
                  AERO completed...       0.9418 seconds
            Master Time Step
            Processing completed...       5.3366 seconds

     Processing Day/Time [YYYYDDD:HHMMSS]: 2017356:073000
       Which is Equivalent to (UTC): 7:30:00  Friday,  Dec. 22, 2017
       Time-Step Length (HHMMSS): 000500
                 VDIFF completed...       0.7953 seconds
                COUPLE completed...       0.1107 seconds
                  HADV completed...       1.8703 seconds
                  ZADV completed...       0.3100 seconds
                 HDIFF completed...       0.2086 seconds
              DECOUPLE completed...       0.0449 seconds
                  PHOT completed...       0.1773 seconds
               CLDPROC completed...       0.2703 seconds
                  CHEM completed...       0.6286 seconds
                  AERO completed...       0.9400 seconds
            Master Time Step
            Processing completed...       5.3619 seconds

     Processing Day/Time [YYYYDDD:HHMMSS]: 2017356:073500
       Which is Equivalent to (UTC): 7:35:00  Friday,  Dec. 22, 2017
       Time-Step Length (HHMMSS): 000500
                 VDIFF completed...       0.7927 seconds
                COUPLE completed...       0.1130 seconds
                  HADV completed...       1.8754 seconds
                  ZADV completed...       0.3108 seconds
                 HDIFF completed...       0.2094 seconds
              DECOUPLE completed...       0.0444 seconds
                  PHOT completed...       0.1784 seconds
               CLDPROC completed...       0.2690 seconds
                  CHEM completed...       0.6278 seconds
                  AERO completed...       0.9399 seconds
            Master Time Step
            Processing completed...       5.3655 seconds

     Processing Day/Time [YYYYDDD:HHMMSS]: 2017356:074000
       Which is Equivalent to (UTC): 7:40:00  Friday,  Dec. 22, 2017
       Time-Step Length (HHMMSS): 000500
                 VDIFF completed...       0.7874 seconds
                COUPLE completed...       0.1093 seconds
                  HADV completed...       1.8916 seconds
                  ZADV completed...       0.3102 seconds
                 HDIFF completed...       0.2096 seconds
              DECOUPLE completed...       0.0447 seconds
                  PHOT completed...       0.1776 seconds
               CLDPROC completed...       0.2702 seconds
                  CHEM completed...       0.6282 seconds
                  AERO completed...       0.9378 seconds
            Master Time Step
            Processing completed...       5.3725 seconds

     Processing Day/Time [YYYYDDD:HHMMSS]: 2017356:074500
       Which is Equivalent to (UTC): 7:45:00  Friday,  Dec. 22, 2017
       Time-Step Length (HHMMSS): 000500
                 VDIFF completed...       0.7958 seconds
                COUPLE completed...       0.1087 seconds
                  HADV completed...       1.8795 seconds
                  ZADV completed...       0.3100 seconds
                 HDIFF completed...       0.2131 seconds
              DECOUPLE completed...       0.0448 seconds
                  PHOT completed...       0.1780 seconds
               CLDPROC completed...       0.2687 seconds
                  CHEM completed...       0.6306 seconds
                  AERO completed...       0.9355 seconds
            Master Time Step
            Processing completed...       5.3704 seconds

     Processing Day/Time [YYYYDDD:HHMMSS]: 2017356:075000
       Which is Equivalent to (UTC): 7:50:00  Friday,  Dec. 22, 2017
       Time-Step Length (HHMMSS): 000500
                 VDIFF completed...       0.7950 seconds
                COUPLE completed...       0.1104 seconds
                  HADV completed...       1.8726 seconds
                  ZADV completed...       0.3106 seconds
                 HDIFF completed...       0.2094 seconds
              DECOUPLE completed...       0.0448 seconds
                  PHOT completed...       0.1784 seconds
               CLDPROC completed...       0.2663 seconds
                  CHEM completed...       0.6302 seconds
                  AERO completed...       0.9352 seconds
            Master Time Step
            Processing completed...       5.3580 seconds

     Processing Day/Time [YYYYDDD:HHMMSS]: 2017356:075500
       Which is Equivalent to (UTC): 7:55:00  Friday,  Dec. 22, 2017
       Time-Step Length (HHMMSS): 000500
                 VDIFF completed...       2.6261 seconds
                COUPLE completed...       0.1679 seconds
                  HADV completed...       1.4066 seconds
                  ZADV completed...       0.2737 seconds
                 HDIFF completed...       0.2458 seconds
              DECOUPLE completed...       0.0440 seconds
                  PHOT completed...       0.1791 seconds
               CLDPROC completed...       1.2532 seconds
                  CHEM completed...       0.5974 seconds
                  AERO completed...       0.9658 seconds
            Master Time Step
            Processing completed...       7.7658 seconds

      =--> Data Output completed...       2.3401 seconds

     Processing Day/Time [YYYYDDD:HHMMSS]: 2017356:080000
       Which is Equivalent to (UTC): 8:00:00  Friday,  Dec. 22, 2017
       Time-Step Length (HHMMSS): 000500
                 VDIFF completed...       4.5709 seconds
                COUPLE completed...       0.1639 seconds
                  HADV completed...       3.1506 seconds
                  ZADV completed...       0.2775 seconds
                 HDIFF completed...       0.2450 seconds
              DECOUPLE completed...       0.0459 seconds
                  PHOT completed...       1.0781 seconds
               CLDPROC completed...       0.2716 seconds
                  CHEM completed...       0.6303 seconds
                  AERO completed...       0.9463 seconds
            Master Time Step
            Processing completed...      11.3847 seconds

     Processing Day/Time [YYYYDDD:HHMMSS]: 2017356:080500
       Which is Equivalent to (UTC): 8:05:00  Friday,  Dec. 22, 2017
       Time-Step Length (HHMMSS): 000500
                 VDIFF completed...       0.7954 seconds
                COUPLE completed...       0.1261 seconds
                  HADV completed...       1.7639 seconds
                  ZADV completed...       0.3080 seconds
                 HDIFF completed...       0.2125 seconds
              DECOUPLE completed...       0.0452 seconds
                  PHOT completed...       0.1786 seconds
               CLDPROC completed...       0.2672 seconds
                  CHEM completed...       0.6289 seconds
                  AERO completed...       0.9453 seconds
            Master Time Step
            Processing completed...       5.2724 seconds

     Processing Day/Time [YYYYDDD:HHMMSS]: 2017356:081000
       Which is Equivalent to (UTC): 8:10:00  Friday,  Dec. 22, 2017
       Time-Step Length (HHMMSS): 000500
                 VDIFF completed...       0.7658 seconds
                COUPLE completed...       0.1214 seconds
                  HADV completed...       1.8793 seconds
                  ZADV completed...       0.3084 seconds
                 HDIFF completed...       0.2120 seconds
              DECOUPLE completed...       0.0446 seconds
                  PHOT completed...       0.1778 seconds
               CLDPROC completed...       0.2687 seconds
                  CHEM completed...       0.6280 seconds
                  AERO completed...       0.9450 seconds
            Master Time Step
            Processing completed...       5.3549 seconds

     Processing Day/Time [YYYYDDD:HHMMSS]: 2017356:081500
       Which is Equivalent to (UTC): 8:15:00  Friday,  Dec. 22, 2017
       Time-Step Length (HHMMSS): 000500
                 VDIFF completed...       0.7616 seconds
                COUPLE completed...       0.1224 seconds
                  HADV completed...       1.9014 seconds
                  ZADV completed...       0.3079 seconds
                 HDIFF completed...       0.2109 seconds
              DECOUPLE completed...       0.0457 seconds
                  PHOT completed...       0.1772 seconds
               CLDPROC completed...       0.2695 seconds
                  CHEM completed...       0.6254 seconds
                  AERO completed...       0.9400 seconds
            Master Time Step
            Processing completed...       5.3671 seconds

     Processing Day/Time [YYYYDDD:HHMMSS]: 2017356:082000
       Which is Equivalent to (UTC): 8:20:00  Friday,  Dec. 22, 2017
       Time-Step Length (HHMMSS): 000500
                 VDIFF completed...       0.7579 seconds
                COUPLE completed...       0.1258 seconds
                  HADV completed...       1.8964 seconds
                  ZADV completed...       0.3095 seconds
                 HDIFF completed...       0.2097 seconds
              DECOUPLE completed...       0.0454 seconds
                  PHOT completed...       0.1776 seconds
               CLDPROC completed...       0.2692 seconds
                  CHEM completed...       0.6258 seconds
                  AERO completed...       0.9405 seconds
            Master Time Step
            Processing completed...       5.3621 seconds

     Processing Day/Time [YYYYDDD:HHMMSS]: 2017356:082500
       Which is Equivalent to (UTC): 8:25:00  Friday,  Dec. 22, 2017
       Time-Step Length (HHMMSS): 000500
                 VDIFF completed...       0.7600 seconds
                COUPLE completed...       0.1259 seconds
                  HADV completed...       1.8863 seconds
                  ZADV completed...       0.3079 seconds
                 HDIFF completed...       0.2114 seconds
              DECOUPLE completed...       0.0448 seconds
                  PHOT completed...       0.1778 seconds
               CLDPROC completed...       0.2690 seconds
                  CHEM completed...       0.6247 seconds
                  AERO completed...       0.9427 seconds
            Master Time Step
            Processing completed...       5.3562 seconds

     Processing Day/Time [YYYYDDD:HHMMSS]: 2017356:083000
       Which is Equivalent to (UTC): 8:30:00  Friday,  Dec. 22, 2017
       Time-Step Length (HHMMSS): 000500
                 VDIFF completed...       0.7604 seconds
                COUPLE completed...       0.1254 seconds
                  HADV completed...       1.9045 seconds
                  ZADV completed...       0.3089 seconds
                 HDIFF completed...       0.2100 seconds
              DECOUPLE completed...       0.0460 seconds
                  PHOT completed...       0.1782 seconds
               CLDPROC completed...       0.2681 seconds
                  CHEM completed...       0.6239 seconds
                  AERO completed...       0.9437 seconds
            Master Time Step
            Processing completed...       5.3738 seconds

     Processing Day/Time [YYYYDDD:HHMMSS]: 2017356:083500
       Which is Equivalent to (UTC): 8:35:00  Friday,  Dec. 22, 2017
       Time-Step Length (HHMMSS): 000500
                 VDIFF completed...       0.7631 seconds
                COUPLE completed...       0.1242 seconds
                  HADV completed...       1.8977 seconds
                  ZADV completed...       0.3083 seconds
                 HDIFF completed...       0.2113 seconds
              DECOUPLE completed...       0.0450 seconds
                  PHOT completed...       0.1781 seconds
               CLDPROC completed...       0.2674 seconds
                  CHEM completed...       0.6241 seconds
                  AERO completed...       0.9432 seconds
            Master Time Step
            Processing completed...       5.3680 seconds

     Processing Day/Time [YYYYDDD:HHMMSS]: 2017356:084000
       Which is Equivalent to (UTC): 8:40:00  Friday,  Dec. 22, 2017
       Time-Step Length (HHMMSS): 000500
                 VDIFF completed...       0.7632 seconds
                COUPLE completed...       0.1262 seconds
                  HADV completed...       1.8942 seconds
                  ZADV completed...       0.3051 seconds
                 HDIFF completed...       0.2161 seconds
              DECOUPLE completed...       0.0446 seconds
                  PHOT completed...       0.1784 seconds
               CLDPROC completed...       0.2664 seconds
                  CHEM completed...       0.6245 seconds
                  AERO completed...       0.9410 seconds
            Master Time Step
            Processing completed...       5.3657 seconds

     Processing Day/Time [YYYYDDD:HHMMSS]: 2017356:084500
       Which is Equivalent to (UTC): 8:45:00  Friday,  Dec. 22, 2017
       Time-Step Length (HHMMSS): 000500
                 VDIFF completed...       0.7641 seconds
                COUPLE completed...       0.1268 seconds
                  HADV completed...       2.0828 seconds
                  ZADV completed...       0.3081 seconds
                 HDIFF completed...       0.2122 seconds
              DECOUPLE completed...       0.0447 seconds
                  PHOT completed...       0.1779 seconds
               CLDPROC completed...       0.2657 seconds
                  CHEM completed...       0.6249 seconds
                  AERO completed...       0.9408 seconds
            Master Time Step
            Processing completed...       5.5536 seconds

     Processing Day/Time [YYYYDDD:HHMMSS]: 2017356:085000
       Which is Equivalent to (UTC): 8:50:00  Friday,  Dec. 22, 2017
       Time-Step Length (HHMMSS): 000500
                 VDIFF completed...       0.7697 seconds
                COUPLE completed...       0.1264 seconds
                  HADV completed...       1.8939 seconds
                  ZADV completed...       0.3087 seconds
                 HDIFF completed...       0.2107 seconds
              DECOUPLE completed...       0.0448 seconds
                  PHOT completed...       0.1780 seconds
               CLDPROC completed...       0.2627 seconds
                  CHEM completed...       0.6245 seconds
                  AERO completed...       0.9438 seconds
            Master Time Step
            Processing completed...       5.3684 seconds

     Processing Day/Time [YYYYDDD:HHMMSS]: 2017356:085500
       Which is Equivalent to (UTC): 8:55:00  Friday,  Dec. 22, 2017
       Time-Step Length (HHMMSS): 000500
                 VDIFF completed...       2.6107 seconds
                COUPLE completed...       0.1678 seconds
                  HADV completed...       1.4264 seconds
                  ZADV completed...       0.3086 seconds
                 HDIFF completed...       0.2116 seconds
              DECOUPLE completed...       0.0447 seconds
                  PHOT completed...       0.1779 seconds
               CLDPROC completed...       1.2970 seconds
                  CHEM completed...       0.5844 seconds
                  AERO completed...       0.9493 seconds
            Master Time Step
            Processing completed...       7.7843 seconds

      =--> Data Output completed...       1.8872 seconds

     Processing Day/Time [YYYYDDD:HHMMSS]: 2017356:090000
       Which is Equivalent to (UTC): 9:00:00  Friday,  Dec. 22, 2017
       Time-Step Length (HHMMSS): 000500
                 VDIFF completed...       4.6163 seconds
                COUPLE completed...       0.1605 seconds
                  HADV completed...       3.0852 seconds
                  ZADV completed...       0.3251 seconds
                 HDIFF completed...       0.1968 seconds
              DECOUPLE completed...       0.0442 seconds
                  PHOT completed...       1.0221 seconds
               CLDPROC completed...       0.2658 seconds
                  CHEM completed...       0.6217 seconds
                  AERO completed...       0.9423 seconds
            Master Time Step
            Processing completed...      11.2825 seconds

     Processing Day/Time [YYYYDDD:HHMMSS]: 2017356:090500
       Which is Equivalent to (UTC): 9:05:00  Friday,  Dec. 22, 2017
       Time-Step Length (HHMMSS): 000500
                 VDIFF completed...       0.7501 seconds
                COUPLE completed...       0.1304 seconds
                  HADV completed...       1.8932 seconds
                  ZADV completed...       0.2759 seconds
                 HDIFF completed...       0.2447 seconds
              DECOUPLE completed...       0.0453 seconds
                  PHOT completed...       0.1780 seconds
               CLDPROC completed...       0.2619 seconds
                  CHEM completed...       0.6236 seconds
                  AERO completed...       0.9322 seconds
            Master Time Step
            Processing completed...       5.3386 seconds

     Processing Day/Time [YYYYDDD:HHMMSS]: 2017356:091000
       Which is Equivalent to (UTC): 9:10:00  Friday,  Dec. 22, 2017
       Time-Step Length (HHMMSS): 000500
                 VDIFF completed...       0.7610 seconds
                COUPLE completed...       0.1274 seconds
                  HADV completed...       1.9363 seconds
                  ZADV completed...       0.2751 seconds
                 HDIFF completed...       0.2466 seconds
              DECOUPLE completed...       0.0446 seconds
                  PHOT completed...       0.1785 seconds
               CLDPROC completed...       0.2629 seconds
                  CHEM completed...       0.6230 seconds
                  AERO completed...       0.9317 seconds
            Master Time Step
            Processing completed...       5.3901 seconds

     Processing Day/Time [YYYYDDD:HHMMSS]: 2017356:091500
       Which is Equivalent to (UTC): 9:15:00  Friday,  Dec. 22, 2017
       Time-Step Length (HHMMSS): 000500
                 VDIFF completed...       0.7503 seconds
                COUPLE completed...       0.1281 seconds
                  HADV completed...       1.9521 seconds
                  ZADV completed...       0.2734 seconds
                 HDIFF completed...       0.2459 seconds
              DECOUPLE completed...       0.0444 seconds
                  PHOT completed...       0.1783 seconds
               CLDPROC completed...       0.2621 seconds
                  CHEM completed...       0.6213 seconds
                  AERO completed...       0.9310 seconds
            Master Time Step
            Processing completed...       5.3917 seconds

     Processing Day/Time [YYYYDDD:HHMMSS]: 2017356:092000
       Which is Equivalent to (UTC): 9:20:00  Friday,  Dec. 22, 2017
       Time-Step Length (HHMMSS): 000500
                 VDIFF completed...       0.7316 seconds
                COUPLE completed...       0.1297 seconds
                  HADV completed...       1.9585 seconds
                  ZADV completed...       0.2749 seconds
                 HDIFF completed...       0.2439 seconds
              DECOUPLE completed...       0.0450 seconds
                  PHOT completed...       0.1782 seconds
               CLDPROC completed...       0.2624 seconds
                  CHEM completed...       0.6215 seconds
                  AERO completed...       0.9330 seconds
            Master Time Step
            Processing completed...       5.3840 seconds

     Processing Day/Time [YYYYDDD:HHMMSS]: 2017356:092500
       Which is Equivalent to (UTC): 9:25:00  Friday,  Dec. 22, 2017
       Time-Step Length (HHMMSS): 000500
                 VDIFF completed...       0.7373 seconds
                COUPLE completed...       0.1273 seconds
                  HADV completed...       1.9338 seconds
                  ZADV completed...       0.2730 seconds
                 HDIFF completed...       0.2493 seconds
              DECOUPLE completed...       0.0444 seconds
                  PHOT completed...       0.1788 seconds
               CLDPROC completed...       0.2626 seconds
                  CHEM completed...       0.6221 seconds
                  AERO completed...       0.9270 seconds
            Master Time Step
            Processing completed...       5.3591 seconds

     Processing Day/Time [YYYYDDD:HHMMSS]: 2017356:093000
       Which is Equivalent to (UTC): 9:30:00  Friday,  Dec. 22, 2017
       Time-Step Length (HHMMSS): 000500
                 VDIFF completed...       0.7032 seconds
                COUPLE completed...       0.1309 seconds
                  HADV completed...       1.9861 seconds
                  ZADV completed...       0.2744 seconds
                 HDIFF completed...       0.2445 seconds
              DECOUPLE completed...       0.0444 seconds
                  PHOT completed...       0.1787 seconds
               CLDPROC completed...       0.2612 seconds
                  CHEM completed...       0.6214 seconds
                  AERO completed...       0.9299 seconds
            Master Time Step
            Processing completed...       5.3801 seconds

     Processing Day/Time [YYYYDDD:HHMMSS]: 2017356:093500
       Which is Equivalent to (UTC): 9:35:00  Friday,  Dec. 22, 2017
       Time-Step Length (HHMMSS): 000500
                 VDIFF completed...       0.7361 seconds
                COUPLE completed...       0.1272 seconds
                  HADV completed...       1.9536 seconds
                  ZADV completed...       0.2741 seconds
                 HDIFF completed...       0.2454 seconds
              DECOUPLE completed...       0.0441 seconds
                  PHOT completed...       0.1780 seconds
               CLDPROC completed...       0.2608 seconds
                  CHEM completed...       0.6210 seconds
                  AERO completed...       0.9455 seconds
            Master Time Step
            Processing completed...       5.3913 seconds

     Processing Day/Time [YYYYDDD:HHMMSS]: 2017356:094000
       Which is Equivalent to (UTC): 9:40:00  Friday,  Dec. 22, 2017
       Time-Step Length (HHMMSS): 000500
                 VDIFF completed...       0.7671 seconds
                COUPLE completed...       0.1219 seconds
                  HADV completed...       1.9010 seconds
                  ZADV completed...       0.2768 seconds
                 HDIFF completed...       0.2452 seconds
              DECOUPLE completed...       0.0442 seconds
                  PHOT completed...       0.1786 seconds
               CLDPROC completed...       0.2611 seconds
                  CHEM completed...       0.6313 seconds
                  AERO completed...       0.9279 seconds
            Master Time Step
            Processing completed...       5.3581 seconds

     Processing Day/Time [YYYYDDD:HHMMSS]: 2017356:094500
       Which is Equivalent to (UTC): 9:45:00  Friday,  Dec. 22, 2017
       Time-Step Length (HHMMSS): 000500
                 VDIFF completed...       0.7457 seconds
                COUPLE completed...       0.1262 seconds
                  HADV completed...       1.9455 seconds
                  ZADV completed...       0.2753 seconds
                 HDIFF completed...       0.2440 seconds
              DECOUPLE completed...       0.0460 seconds
                  PHOT completed...       0.1775 seconds
               CLDPROC completed...       0.2584 seconds
                  CHEM completed...       0.6200 seconds
                  AERO completed...       0.9298 seconds
            Master Time Step
            Processing completed...       5.3725 seconds

     Processing Day/Time [YYYYDDD:HHMMSS]: 2017356:095000
       Which is Equivalent to (UTC): 9:50:00  Friday,  Dec. 22, 2017
       Time-Step Length (HHMMSS): 000500
                 VDIFF completed...       0.7576 seconds
                COUPLE completed...       0.1264 seconds
                  HADV completed...       1.9468 seconds
                  ZADV completed...       0.2761 seconds
                 HDIFF completed...       0.2451 seconds
              DECOUPLE completed...       0.0453 seconds
                  PHOT completed...       0.1793 seconds
               CLDPROC completed...       0.2571 seconds
                  CHEM completed...       0.6209 seconds
                  AERO completed...       0.9293 seconds
            Master Time Step
            Processing completed...       5.3882 seconds

     Processing Day/Time [YYYYDDD:HHMMSS]: 2017356:095500
       Which is Equivalent to (UTC): 9:55:00  Friday,  Dec. 22, 2017
       Time-Step Length (HHMMSS): 000500
                 VDIFF completed...       2.6235 seconds
                COUPLE completed...       0.1695 seconds
                  HADV completed...       1.4961 seconds
                  ZADV completed...       0.2759 seconds
                 HDIFF completed...       0.2451 seconds
              DECOUPLE completed...       0.0446 seconds
                  PHOT completed...       0.1780 seconds
               CLDPROC completed...       1.2987 seconds
                  CHEM completed...       0.5828 seconds
                  AERO completed...       0.9397 seconds
            Master Time Step
            Processing completed...       7.8605 seconds

      =--> Data Output completed...       1.9665 seconds

     Processing Day/Time [YYYYDDD:HHMMSS]: 2017356:100000
       Which is Equivalent to (UTC): 10:00:00 Friday,  Dec. 22, 2017
       Time-Step Length (HHMMSS): 000500
                 VDIFF completed...       4.6743 seconds
                COUPLE completed...       0.1619 seconds
                  HADV completed...       3.3042 seconds
                  ZADV completed...       0.3093 seconds
                 HDIFF completed...       0.2122 seconds
              DECOUPLE completed...       0.0447 seconds
                  PHOT completed...       1.0371 seconds
               CLDPROC completed...       0.2632 seconds
                  CHEM completed...       0.6243 seconds
                  AERO completed...       0.9462 seconds
            Master Time Step
            Processing completed...      11.5806 seconds

     Processing Day/Time [YYYYDDD:HHMMSS]: 2017356:100500
       Which is Equivalent to (UTC): 10:05:00 Friday,  Dec. 22, 2017
       Time-Step Length (HHMMSS): 000500
                 VDIFF completed...       0.7860 seconds
                COUPLE completed...       0.1214 seconds
                  HADV completed...       1.8989 seconds
                  ZADV completed...       0.3134 seconds
                 HDIFF completed...       0.2087 seconds
              DECOUPLE completed...       0.0450 seconds
                  PHOT completed...       0.1785 seconds
               CLDPROC completed...       0.2569 seconds
                  CHEM completed...       0.6237 seconds
                  AERO completed...       0.9434 seconds
            Master Time Step
            Processing completed...       5.3804 seconds

     Processing Day/Time [YYYYDDD:HHMMSS]: 2017356:101000
       Which is Equivalent to (UTC): 10:10:00 Friday,  Dec. 22, 2017
       Time-Step Length (HHMMSS): 000500
                 VDIFF completed...       0.7591 seconds
                COUPLE completed...       0.1234 seconds
                  HADV completed...       2.2438 seconds
                  ZADV completed...       0.3121 seconds
                 HDIFF completed...       0.2106 seconds
              DECOUPLE completed...       0.0457 seconds
                  PHOT completed...       0.1793 seconds
               CLDPROC completed...       0.2571 seconds
                  CHEM completed...       0.6237 seconds
                  AERO completed...       0.9447 seconds
            Master Time Step
            Processing completed...       5.7015 seconds

     Processing Day/Time [YYYYDDD:HHMMSS]: 2017356:101500
       Which is Equivalent to (UTC): 10:15:00 Friday,  Dec. 22, 2017
       Time-Step Length (HHMMSS): 000500
                 VDIFF completed...       0.7533 seconds
                COUPLE completed...       0.1261 seconds
                  HADV completed...       1.9319 seconds
                  ZADV completed...       0.3124 seconds
                 HDIFF completed...       0.2138 seconds
              DECOUPLE completed...       0.0456 seconds
                  PHOT completed...       0.1816 seconds
               CLDPROC completed...       0.2554 seconds
                  CHEM completed...       0.6241 seconds
                  AERO completed...       0.9460 seconds
            Master Time Step
            Processing completed...       5.3946 seconds

     Processing Day/Time [YYYYDDD:HHMMSS]: 2017356:102000
       Which is Equivalent to (UTC): 10:20:00 Friday,  Dec. 22, 2017
       Time-Step Length (HHMMSS): 000500
                 VDIFF completed...       0.7604 seconds
                COUPLE completed...       0.1202 seconds
                  HADV completed...       1.9216 seconds
                  ZADV completed...       0.3235 seconds
                 HDIFF completed...       0.1989 seconds
              DECOUPLE completed...       0.0451 seconds
                  PHOT completed...       0.1785 seconds
               CLDPROC completed...       0.2591 seconds
                  CHEM completed...       0.6236 seconds
                  AERO completed...       0.9459 seconds
            Master Time Step
            Processing completed...       5.3787 seconds

     Processing Day/Time [YYYYDDD:HHMMSS]: 2017356:102500
       Which is Equivalent to (UTC): 10:25:00 Friday,  Dec. 22, 2017
       Time-Step Length (HHMMSS): 000500
                 VDIFF completed...       0.7528 seconds
                COUPLE completed...       0.1260 seconds
                  HADV completed...       2.1600 seconds
                  ZADV completed...       0.3132 seconds
                 HDIFF completed...       0.2086 seconds
              DECOUPLE completed...       0.0453 seconds
                  PHOT completed...       0.1782 seconds
               CLDPROC completed...       0.2581 seconds
                  CHEM completed...       0.6235 seconds
                  AERO completed...       0.9432 seconds
            Master Time Step
            Processing completed...       5.6134 seconds

     Processing Day/Time [YYYYDDD:HHMMSS]: 2017356:103000
       Which is Equivalent to (UTC): 10:30:00 Friday,  Dec. 22, 2017
       Time-Step Length (HHMMSS): 000500
                 VDIFF completed...       0.7450 seconds
                COUPLE completed...       0.1290 seconds
                  HADV completed...       1.9662 seconds
                  ZADV completed...       0.3149 seconds
                 HDIFF completed...       0.2083 seconds
              DECOUPLE completed...       0.0458 seconds
                  PHOT completed...       0.1784 seconds
               CLDPROC completed...       0.2568 seconds
                  CHEM completed...       0.6236 seconds
                  AERO completed...       0.9421 seconds
            Master Time Step
            Processing completed...       5.4146 seconds

     Processing Day/Time [YYYYDDD:HHMMSS]: 2017356:103500
       Which is Equivalent to (UTC): 10:35:00 Friday,  Dec. 22, 2017
       Time-Step Length (HHMMSS): 000500
                 VDIFF completed...       0.7581 seconds
                COUPLE completed...       0.1268 seconds
                  HADV completed...       1.9319 seconds
                  ZADV completed...       0.3123 seconds
                 HDIFF completed...       0.2226 seconds
              DECOUPLE completed...       0.0452 seconds
                  PHOT completed...       0.1779 seconds
               CLDPROC completed...       0.2578 seconds
                  CHEM completed...       0.6229 seconds
                  AERO completed...       0.9434 seconds
            Master Time Step
            Processing completed...       5.4033 seconds

     Processing Day/Time [YYYYDDD:HHMMSS]: 2017356:104000
       Which is Equivalent to (UTC): 10:40:00 Friday,  Dec. 22, 2017
       Time-Step Length (HHMMSS): 000500
                 VDIFF completed...       0.7554 seconds
                COUPLE completed...       0.1285 seconds
                  HADV completed...       1.9342 seconds
                  ZADV completed...       0.3140 seconds
                 HDIFF completed...       0.2068 seconds
              DECOUPLE completed...       0.0455 seconds
                  PHOT completed...       0.1783 seconds
               CLDPROC completed...       0.2563 seconds
                  CHEM completed...       0.6229 seconds
                  AERO completed...       0.9432 seconds
            Master Time Step
            Processing completed...       5.3895 seconds

     Processing Day/Time [YYYYDDD:HHMMSS]: 2017356:104500
       Which is Equivalent to (UTC): 10:45:00 Friday,  Dec. 22, 2017
       Time-Step Length (HHMMSS): 000500
                 VDIFF completed...       0.7622 seconds
                COUPLE completed...       0.1313 seconds
                  HADV completed...       1.9349 seconds
                  ZADV completed...       0.3144 seconds
                 HDIFF completed...       0.2083 seconds
              DECOUPLE completed...       0.0450 seconds
                  PHOT completed...       0.1786 seconds
               CLDPROC completed...       0.2544 seconds
                  CHEM completed...       0.6228 seconds
                  AERO completed...       0.9564 seconds
            Master Time Step
            Processing completed...       5.4136 seconds

     Processing Day/Time [YYYYDDD:HHMMSS]: 2017356:105000
       Which is Equivalent to (UTC): 10:50:00 Friday,  Dec. 22, 2017
       Time-Step Length (HHMMSS): 000500
                 VDIFF completed...       0.7780 seconds
                COUPLE completed...       0.1160 seconds
                  HADV completed...       1.8959 seconds
                  ZADV completed...       0.3134 seconds
                 HDIFF completed...       0.2124 seconds
              DECOUPLE completed...       0.0452 seconds
                  PHOT completed...       0.1786 seconds
               CLDPROC completed...       0.2532 seconds
                  CHEM completed...       0.6222 seconds
                  AERO completed...       0.9548 seconds
            Master Time Step
            Processing completed...       5.3740 seconds

     Processing Day/Time [YYYYDDD:HHMMSS]: 2017356:105500
       Which is Equivalent to (UTC): 10:55:00 Friday,  Dec. 22, 2017
       Time-Step Length (HHMMSS): 000500
                 VDIFF completed...       2.6342 seconds
                COUPLE completed...       0.1680 seconds
                  HADV completed...       1.3827 seconds
                  ZADV completed...       0.3135 seconds
                 HDIFF completed...       0.2084 seconds
              DECOUPLE completed...       0.0458 seconds
                  PHOT completed...       0.1787 seconds
               CLDPROC completed...       1.3083 seconds
                  CHEM completed...       0.5907 seconds
                  AERO completed...       0.9458 seconds
            Master Time Step
            Processing completed...       7.7810 seconds

      =--> Data Output completed...       1.9866 seconds

     Processing Day/Time [YYYYDDD:HHMMSS]: 2017356:110000
       Which is Equivalent to (UTC): 11:00:00 Friday,  Dec. 22, 2017
       Time-Step Length (HHMMSS): 000500
                 VDIFF completed...       4.3708 seconds
                COUPLE completed...       0.1569 seconds
                  HADV completed...       3.3380 seconds
                  ZADV completed...       0.2818 seconds
                 HDIFF completed...       0.2398 seconds
              DECOUPLE completed...       0.0457 seconds
                  PHOT completed...       0.9750 seconds
               CLDPROC completed...       0.2558 seconds
                  CHEM completed...       0.6216 seconds
                  AERO completed...       0.9244 seconds
            Master Time Step
            Processing completed...      11.2112 seconds

     Processing Day/Time [YYYYDDD:HHMMSS]: 2017356:110500
       Which is Equivalent to (UTC): 11:05:00 Friday,  Dec. 22, 2017
       Time-Step Length (HHMMSS): 000500
                 VDIFF completed...       0.7970 seconds
                COUPLE completed...       0.1193 seconds
                  HADV completed...       1.9846 seconds
                  ZADV completed...       0.3076 seconds
                 HDIFF completed...       0.2140 seconds
              DECOUPLE completed...       0.0445 seconds
                  PHOT completed...       0.1781 seconds
               CLDPROC completed...       0.2526 seconds
                  CHEM completed...       0.6207 seconds
                  AERO completed...       0.9221 seconds
            Master Time Step
            Processing completed...       5.4418 seconds

     Processing Day/Time [YYYYDDD:HHMMSS]: 2017356:111000
       Which is Equivalent to (UTC): 11:10:00 Friday,  Dec. 22, 2017
       Time-Step Length (HHMMSS): 000500
                 VDIFF completed...       0.7953 seconds
                COUPLE completed...       0.1214 seconds
                  HADV completed...       1.9346 seconds
                  ZADV completed...       0.3092 seconds
                 HDIFF completed...       0.2115 seconds
              DECOUPLE completed...       0.0445 seconds
                  PHOT completed...       0.1795 seconds
               CLDPROC completed...       0.2527 seconds
                  CHEM completed...       0.6201 seconds
                  AERO completed...       0.9203 seconds
            Master Time Step
            Processing completed...       5.3904 seconds

     Processing Day/Time [YYYYDDD:HHMMSS]: 2017356:111500
       Which is Equivalent to (UTC): 11:15:00 Friday,  Dec. 22, 2017
       Time-Step Length (HHMMSS): 000500
                 VDIFF completed...       0.7841 seconds
                COUPLE completed...       0.1234 seconds
                  HADV completed...       1.9253 seconds
                  ZADV completed...       0.3101 seconds
                 HDIFF completed...       0.2114 seconds
              DECOUPLE completed...       0.0441 seconds
                  PHOT completed...       0.1782 seconds
               CLDPROC completed...       0.2554 seconds
                  CHEM completed...       0.6205 seconds
                  AERO completed...       0.9240 seconds
            Master Time Step
            Processing completed...       5.3780 seconds

     Processing Day/Time [YYYYDDD:HHMMSS]: 2017356:112000
       Which is Equivalent to (UTC): 11:20:00 Friday,  Dec. 22, 2017
       Time-Step Length (HHMMSS): 000500
                 VDIFF completed...       0.7803 seconds
                COUPLE completed...       0.1229 seconds
                  HADV completed...       1.9485 seconds
                  ZADV completed...       0.3100 seconds
                 HDIFF completed...       0.2096 seconds
              DECOUPLE completed...       0.0446 seconds
                  PHOT completed...       0.1774 seconds
               CLDPROC completed...       0.2566 seconds
                  CHEM completed...       0.6221 seconds
                  AERO completed...       0.9319 seconds
            Master Time Step
            Processing completed...       5.4052 seconds

     Processing Day/Time [YYYYDDD:HHMMSS]: 2017356:112500
       Which is Equivalent to (UTC): 11:25:00 Friday,  Dec. 22, 2017
       Time-Step Length (HHMMSS): 000500
                 VDIFF completed...       0.7917 seconds
                COUPLE completed...       0.1229 seconds
                  HADV completed...       1.9258 seconds
                  ZADV completed...       0.3109 seconds
                 HDIFF completed...       0.2100 seconds
              DECOUPLE completed...       0.0442 seconds
                  PHOT completed...       0.1758 seconds
               CLDPROC completed...       0.2493 seconds
                  CHEM completed...       0.6209 seconds
                  AERO completed...       0.9476 seconds
            Master Time Step
            Processing completed...       5.4035 seconds

     Processing Day/Time [YYYYDDD:HHMMSS]: 2017356:113000
       Which is Equivalent to (UTC): 11:30:00 Friday,  Dec. 22, 2017
       Time-Step Length (HHMMSS): 000500
                 VDIFF completed...       0.7266 seconds
                COUPLE completed...       0.1297 seconds
                  HADV completed...       1.9689 seconds
                  ZADV completed...       0.3126 seconds
                 HDIFF completed...       0.1992 seconds
              DECOUPLE completed...       0.0444 seconds
                  PHOT completed...       0.1761 seconds
               CLDPROC completed...       0.2430 seconds
                  CHEM completed...       0.6146 seconds
                  AERO completed...       0.9424 seconds
            Master Time Step
            Processing completed...       5.3625 seconds

     Processing Day/Time [YYYYDDD:HHMMSS]: 2017356:113500
       Which is Equivalent to (UTC): 11:35:00 Friday,  Dec. 22, 2017
       Time-Step Length (HHMMSS): 000500
                 VDIFF completed...       0.7137 seconds
                COUPLE completed...       0.1314 seconds
                  HADV completed...       2.0042 seconds
                  ZADV completed...       0.3102 seconds
                 HDIFF completed...       0.2157 seconds
              DECOUPLE completed...       0.0451 seconds
                  PHOT completed...       0.1760 seconds
               CLDPROC completed...       0.2403 seconds
                  CHEM completed...       0.6191 seconds
                  AERO completed...       0.9136 seconds
            Master Time Step
            Processing completed...       5.3746 seconds

     Processing Day/Time [YYYYDDD:HHMMSS]: 2017356:114000
       Which is Equivalent to (UTC): 11:40:00 Friday,  Dec. 22, 2017
       Time-Step Length (HHMMSS): 000500
                 VDIFF completed...       0.7052 seconds
                COUPLE completed...       0.1356 seconds
                  HADV completed...       2.0346 seconds
                  ZADV completed...       0.3113 seconds
                 HDIFF completed...       0.2095 seconds
              DECOUPLE completed...       0.0448 seconds
                  PHOT completed...       0.1762 seconds
               CLDPROC completed...       0.2455 seconds
                  CHEM completed...       0.6045 seconds
                  AERO completed...       0.9054 seconds
            Master Time Step
            Processing completed...       5.3773 seconds

     Processing Day/Time [YYYYDDD:HHMMSS]: 2017356:114500
       Which is Equivalent to (UTC): 11:45:00 Friday,  Dec. 22, 2017
       Time-Step Length (HHMMSS): 000500
                 VDIFF completed...       0.7396 seconds
                COUPLE completed...       0.1337 seconds
                  HADV completed...       2.1528 seconds
                  ZADV completed...       0.3066 seconds
                 HDIFF completed...       0.3102 seconds
              DECOUPLE completed...       0.0443 seconds
                  PHOT completed...       0.1755 seconds
               CLDPROC completed...       0.2364 seconds
                  CHEM completed...       0.6032 seconds
                  AERO completed...       0.9048 seconds
            Master Time Step
            Processing completed...       5.6111 seconds

     Processing Day/Time [YYYYDDD:HHMMSS]: 2017356:115000
       Which is Equivalent to (UTC): 11:50:00 Friday,  Dec. 22, 2017
       Time-Step Length (HHMMSS): 000500
                 VDIFF completed...       0.6861 seconds
                COUPLE completed...       0.1391 seconds
                  HADV completed...       2.0636 seconds
                  ZADV completed...       0.3106 seconds
                 HDIFF completed...       0.2092 seconds
              DECOUPLE completed...       0.0445 seconds
                  PHOT completed...       0.1748 seconds
               CLDPROC completed...       0.2303 seconds
                  CHEM completed...       0.6061 seconds
                  AERO completed...       0.9037 seconds
            Master Time Step
            Processing completed...       5.3734 seconds

     Processing Day/Time [YYYYDDD:HHMMSS]: 2017356:115500
       Which is Equivalent to (UTC): 11:55:00 Friday,  Dec. 22, 2017
       Time-Step Length (HHMMSS): 000500
                 VDIFF completed...       2.6946 seconds
                COUPLE completed...       0.1696 seconds
                  HADV completed...       1.3105 seconds
                  ZADV completed...       0.3100 seconds
                 HDIFF completed...       0.2110 seconds
              DECOUPLE completed...       0.0454 seconds
                  PHOT completed...       0.1723 seconds
               CLDPROC completed...       1.2776 seconds
                  CHEM completed...       0.5581 seconds
                  AERO completed...       0.9075 seconds
            Master Time Step
            Processing completed...       7.6621 seconds

      =--> Data Output completed...       1.9639 seconds

     Processing Day/Time [YYYYDDD:HHMMSS]: 2017356:120000
       Which is Equivalent to (UTC): 12:00:00 Friday,  Dec. 22, 2017
       Time-Step Length (HHMMSS): 000500
                 VDIFF completed...       4.7591 seconds
                COUPLE completed...       0.1616 seconds
                  HADV completed...       3.2992 seconds
                  ZADV completed...       0.2805 seconds
                 HDIFF completed...       0.2392 seconds
              DECOUPLE completed...       0.0449 seconds
                  PHOT completed...       0.9859 seconds
               CLDPROC completed...       0.2196 seconds
                  CHEM completed...       0.5961 seconds
                  AERO completed...       0.9029 seconds
            Master Time Step
            Processing completed...      11.4930 seconds

     Processing Day/Time [YYYYDDD:HHMMSS]: 2017356:120500
       Which is Equivalent to (UTC): 12:05:00 Friday,  Dec. 22, 2017
       Time-Step Length (HHMMSS): 000500
                 VDIFF completed...       0.7312 seconds
                COUPLE completed...       0.1117 seconds
                  HADV completed...       2.0576 seconds
                  ZADV completed...       0.3118 seconds
                 HDIFF completed...       0.2305 seconds
              DECOUPLE completed...       0.0449 seconds
                  PHOT completed...       0.1740 seconds
               CLDPROC completed...       0.2164 seconds
                  CHEM completed...       0.5945 seconds
                  AERO completed...       0.8964 seconds
            Master Time Step
            Processing completed...       5.3703 seconds

     Processing Day/Time [YYYYDDD:HHMMSS]: 2017356:121000
       Which is Equivalent to (UTC): 12:10:00 Friday,  Dec. 22, 2017
       Time-Step Length (HHMMSS): 000500
                 VDIFF completed...       0.7058 seconds
                COUPLE completed...       0.1429 seconds
                  HADV completed...       2.1215 seconds
                  ZADV completed...       0.3122 seconds
                 HDIFF completed...       0.2083 seconds
              DECOUPLE completed...       0.0448 seconds
                  PHOT completed...       0.1740 seconds
               CLDPROC completed...       0.2146 seconds
                  CHEM completed...       0.5891 seconds
                  AERO completed...       0.8907 seconds
            Master Time Step
            Processing completed...       5.4059 seconds

     Processing Day/Time [YYYYDDD:HHMMSS]: 2017356:121500
       Which is Equivalent to (UTC): 12:15:00 Friday,  Dec. 22, 2017
       Time-Step Length (HHMMSS): 000500
                 VDIFF completed...       0.6135 seconds
                COUPLE completed...       0.1172 seconds
                  HADV completed...       2.2409 seconds
                  ZADV completed...       0.3111 seconds
                 HDIFF completed...       0.2096 seconds
              DECOUPLE completed...       0.0447 seconds
                  PHOT completed...       0.1736 seconds
               CLDPROC completed...       0.2156 seconds
                  CHEM completed...       0.5865 seconds
                  AERO completed...       0.8836 seconds
            Master Time Step
            Processing completed...       5.3999 seconds

     Processing Day/Time [YYYYDDD:HHMMSS]: 2017356:122000
       Which is Equivalent to (UTC): 12:20:00 Friday,  Dec. 22, 2017
       Time-Step Length (HHMMSS): 000500
                 VDIFF completed...       0.6210 seconds
                COUPLE completed...       0.1107 seconds
                  HADV completed...       2.2301 seconds
                  ZADV completed...       0.3112 seconds
                 HDIFF completed...       0.2120 seconds
              DECOUPLE completed...       0.0450 seconds
                  PHOT completed...       0.1725 seconds
               CLDPROC completed...       0.2126 seconds
                  CHEM completed...       0.5841 seconds
                  AERO completed...       0.8806 seconds
            Master Time Step
            Processing completed...       5.3814 seconds

     Processing Day/Time [YYYYDDD:HHMMSS]: 2017356:122500
       Which is Equivalent to (UTC): 12:25:00 Friday,  Dec. 22, 2017
       Time-Step Length (HHMMSS): 000500
                 VDIFF completed...       0.6425 seconds
                COUPLE completed...       0.1382 seconds
                  HADV completed...       2.1987 seconds
                  ZADV completed...       0.3104 seconds
                 HDIFF completed...       0.2098 seconds
              DECOUPLE completed...       0.0448 seconds
                  PHOT completed...       0.1729 seconds
               CLDPROC completed...       0.2125 seconds
                  CHEM completed...       0.5841 seconds
                  AERO completed...       0.8781 seconds
            Master Time Step
            Processing completed...       5.3929 seconds

     Processing Day/Time [YYYYDDD:HHMMSS]: 2017356:123000
       Which is Equivalent to (UTC): 12:30:00 Friday,  Dec. 22, 2017
       Time-Step Length (HHMMSS): 000500
                 VDIFF completed...       0.6395 seconds
                COUPLE completed...       0.1350 seconds
                  HADV completed...       2.3001 seconds
                  ZADV completed...       0.3108 seconds
                 HDIFF completed...       0.2112 seconds
              DECOUPLE completed...       0.0447 seconds
                  PHOT completed...       0.1719 seconds
               CLDPROC completed...       0.2116 seconds
                  CHEM completed...       0.5820 seconds
                  AERO completed...       0.8768 seconds
            Master Time Step
            Processing completed...       5.4858 seconds

     Processing Day/Time [YYYYDDD:HHMMSS]: 2017356:123500
       Which is Equivalent to (UTC): 12:35:00 Friday,  Dec. 22, 2017
       Time-Step Length (HHMMSS): 000500
                 VDIFF completed...       0.6238 seconds
                COUPLE completed...       0.0930 seconds
                  HADV completed...       2.3033 seconds
                  ZADV completed...       0.3109 seconds
                 HDIFF completed...       0.2098 seconds
              DECOUPLE completed...       0.0452 seconds
                  PHOT completed...       0.1710 seconds
               CLDPROC completed...       0.2115 seconds
                  CHEM completed...       0.5833 seconds
                  AERO completed...       0.8788 seconds
            Master Time Step
            Processing completed...       5.4348 seconds

     Processing Day/Time [YYYYDDD:HHMMSS]: 2017356:124000
       Which is Equivalent to (UTC): 12:40:00 Friday,  Dec. 22, 2017
       Time-Step Length (HHMMSS): 000500
                 VDIFF completed...       0.6194 seconds
                COUPLE completed...       0.0647 seconds
                  HADV completed...       2.3339 seconds
                  ZADV completed...       0.3095 seconds
                 HDIFF completed...       0.2137 seconds
              DECOUPLE completed...       0.0446 seconds
                  PHOT completed...       0.1716 seconds
               CLDPROC completed...       0.2078 seconds
                  CHEM completed...       0.5839 seconds
                  AERO completed...       0.8805 seconds
            Master Time Step
            Processing completed...       5.4331 seconds

     Processing Day/Time [YYYYDDD:HHMMSS]: 2017356:124500
       Which is Equivalent to (UTC): 12:45:00 Friday,  Dec. 22, 2017
       Time-Step Length (HHMMSS): 000500
                 VDIFF completed...       0.6161 seconds
                COUPLE completed...       0.0621 seconds
                  HADV completed...       2.3786 seconds
                  ZADV completed...       0.3102 seconds
                 HDIFF completed...       0.2107 seconds
              DECOUPLE completed...       0.0462 seconds
                  PHOT completed...       0.1692 seconds
               CLDPROC completed...       0.2040 seconds
                  CHEM completed...       0.5807 seconds
                  AERO completed...       0.8785 seconds
            Master Time Step
            Processing completed...       5.4613 seconds

     Processing Day/Time [YYYYDDD:HHMMSS]: 2017356:125000
       Which is Equivalent to (UTC): 12:50:00 Friday,  Dec. 22, 2017
       Time-Step Length (HHMMSS): 000500
                 VDIFF completed...       0.6220 seconds
                COUPLE completed...       0.0627 seconds
                  HADV completed...       2.3829 seconds
                  ZADV completed...       0.3121 seconds
                 HDIFF completed...       0.2087 seconds
              DECOUPLE completed...       0.0453 seconds
                  PHOT completed...       0.1709 seconds
               CLDPROC completed...       0.1967 seconds
                  CHEM completed...       0.5804 seconds
                  AERO completed...       0.8776 seconds
            Master Time Step
            Processing completed...       5.4603 seconds

     Processing Day/Time [YYYYDDD:HHMMSS]: 2017356:125500
       Which is Equivalent to (UTC): 12:55:00 Friday,  Dec. 22, 2017
       Time-Step Length (HHMMSS): 000500
                 VDIFF completed...       2.9275 seconds
                COUPLE completed...       0.1689 seconds
                  HADV completed...       1.3086 seconds
                  ZADV completed...       0.3093 seconds
                 HDIFF completed...       0.2147 seconds
              DECOUPLE completed...       0.0451 seconds
                  PHOT completed...       0.1711 seconds
               CLDPROC completed...       1.4518 seconds
                  CHEM completed...       0.5527 seconds
                  AERO completed...       0.8855 seconds
            Master Time Step
            Processing completed...       8.0364 seconds

      =--> Data Output completed...       2.0646 seconds

     Processing Day/Time [YYYYDDD:HHMMSS]: 2017356:130000
       Which is Equivalent to (UTC): 13:00:00 Friday,  Dec. 22, 2017
       Time-Step Length (HHMMSS): 000500
                 VDIFF completed...       4.5392 seconds
                COUPLE completed...       0.1543 seconds
                  HADV completed...       3.3610 seconds
                  ZADV completed...       0.2865 seconds
                 HDIFF completed...       0.2343 seconds
              DECOUPLE completed...       0.0454 seconds
                  PHOT completed...       0.9399 seconds
               CLDPROC completed...       0.1938 seconds
                  CHEM completed...       0.5806 seconds
                  AERO completed...       0.8783 seconds
            Master Time Step
            Processing completed...      11.2189 seconds

     Processing Day/Time [YYYYDDD:HHMMSS]: 2017356:130500
       Which is Equivalent to (UTC): 13:05:00 Friday,  Dec. 22, 2017
       Time-Step Length (HHMMSS): 000500
                 VDIFF completed...       0.6432 seconds
                COUPLE completed...       0.0692 seconds
                  HADV completed...       2.3860 seconds
                  ZADV completed...       0.2840 seconds
                 HDIFF completed...       0.2350 seconds
              DECOUPLE completed...       0.0448 seconds
                  PHOT completed...       0.1701 seconds
               CLDPROC completed...       0.1887 seconds
                  CHEM completed...       0.5831 seconds
                  AERO completed...       0.8721 seconds
            Master Time Step
            Processing completed...       5.4785 seconds

     Processing Day/Time [YYYYDDD:HHMMSS]: 2017356:131000
       Which is Equivalent to (UTC): 13:10:00 Friday,  Dec. 22, 2017
       Time-Step Length (HHMMSS): 000500
                 VDIFF completed...       0.6523 seconds
                COUPLE completed...       0.0736 seconds
                  HADV completed...       2.5878 seconds
                  ZADV completed...       0.2818 seconds
                 HDIFF completed...       0.3194 seconds
              DECOUPLE completed...       0.0514 seconds
                  PHOT completed...       0.1655 seconds
               CLDPROC completed...       0.1888 seconds
                  CHEM completed...       0.5807 seconds
                  AERO completed...       0.8744 seconds
            Master Time Step
            Processing completed...       5.7808 seconds

     Processing Day/Time [YYYYDDD:HHMMSS]: 2017356:131500
       Which is Equivalent to (UTC): 13:15:00 Friday,  Dec. 22, 2017
       Time-Step Length (HHMMSS): 000500
                 VDIFF completed...       0.6409 seconds
                COUPLE completed...       0.0802 seconds
                  HADV completed...       2.4284 seconds
                  ZADV completed...       0.2841 seconds
                 HDIFF completed...       0.2354 seconds
              DECOUPLE completed...       0.0453 seconds
                  PHOT completed...       0.1681 seconds
               CLDPROC completed...       0.1916 seconds
                  CHEM completed...       0.5818 seconds
                  AERO completed...       0.8724 seconds
            Master Time Step
            Processing completed...       5.5332 seconds

     Processing Day/Time [YYYYDDD:HHMMSS]: 2017356:132000
       Which is Equivalent to (UTC): 13:20:00 Friday,  Dec. 22, 2017
       Time-Step Length (HHMMSS): 000500
                 VDIFF completed...       0.6420 seconds
                COUPLE completed...       0.1095 seconds
                  HADV completed...       2.4138 seconds
                  ZADV completed...       0.2848 seconds
                 HDIFF completed...       0.2339 seconds
              DECOUPLE completed...       0.0451 seconds
                  PHOT completed...       0.1682 seconds
               CLDPROC completed...       0.1923 seconds
                  CHEM completed...       0.5832 seconds
                  AERO completed...       0.8853 seconds
            Master Time Step
            Processing completed...       5.5634 seconds

     Processing Day/Time [YYYYDDD:HHMMSS]: 2017356:132500
       Which is Equivalent to (UTC): 13:25:00 Friday,  Dec. 22, 2017
       Time-Step Length (HHMMSS): 000500
                 VDIFF completed...       0.6158 seconds
                COUPLE completed...       0.0715 seconds
                  HADV completed...       2.7481 seconds
                  ZADV completed...       0.2842 seconds
                 HDIFF completed...       0.2349 seconds
              DECOUPLE completed...       0.0452 seconds
                  PHOT completed...       0.1682 seconds
               CLDPROC completed...       0.1921 seconds
                  CHEM completed...       0.5902 seconds
                  AERO completed...       0.8692 seconds
            Master Time Step
            Processing completed...       5.8243 seconds

     Processing Day/Time [YYYYDDD:HHMMSS]: 2017356:133000
       Which is Equivalent to (UTC): 13:30:00 Friday,  Dec. 22, 2017
       Time-Step Length (HHMMSS): 000500
                 VDIFF completed...       0.6239 seconds
                COUPLE completed...       0.0743 seconds
                  HADV completed...       2.5577 seconds
                  ZADV completed...       0.2840 seconds
                 HDIFF completed...       0.2348 seconds
              DECOUPLE completed...       0.0450 seconds
                  PHOT completed...       0.1795 seconds
               CLDPROC completed...       0.1892 seconds
                  CHEM completed...       0.5801 seconds
                  AERO completed...       0.8645 seconds
            Master Time Step
            Processing completed...       5.6377 seconds

     Processing Day/Time [YYYYDDD:HHMMSS]: 2017356:133500
       Which is Equivalent to (UTC): 13:35:00 Friday,  Dec. 22, 2017
       Time-Step Length (HHMMSS): 000500
                 VDIFF completed...       0.6386 seconds
                COUPLE completed...       0.0887 seconds
                  HADV completed...       2.5816 seconds
                  ZADV completed...       0.3069 seconds
                 HDIFF completed...       0.2055 seconds
              DECOUPLE completed...       0.0451 seconds
                  PHOT completed...       0.1684 seconds
               CLDPROC completed...       0.1899 seconds
                  CHEM completed...       0.5814 seconds
                  AERO completed...       0.8673 seconds
            Master Time Step
            Processing completed...       5.6780 seconds

     Processing Day/Time [YYYYDDD:HHMMSS]: 2017356:134000
       Which is Equivalent to (UTC): 13:40:00 Friday,  Dec. 22, 2017
       Time-Step Length (HHMMSS): 000500
                 VDIFF completed...       0.6461 seconds
                COUPLE completed...       0.0944 seconds
                  HADV completed...       2.6055 seconds
                  ZADV completed...       0.2862 seconds
                 HDIFF completed...       0.2326 seconds
              DECOUPLE completed...       0.0452 seconds
                  PHOT completed...       0.1673 seconds
               CLDPROC completed...       0.1875 seconds
                  CHEM completed...       0.5794 seconds
                  AERO completed...       0.8635 seconds
            Master Time Step
            Processing completed...       5.7127 seconds

     Processing Day/Time [YYYYDDD:HHMMSS]: 2017356:134500
       Which is Equivalent to (UTC): 13:45:00 Friday,  Dec. 22, 2017
       Time-Step Length (HHMMSS): 000500
                 VDIFF completed...       0.6383 seconds
                COUPLE completed...       0.0920 seconds
                  HADV completed...       2.6464 seconds
                  ZADV completed...       0.2868 seconds
                 HDIFF completed...       0.2324 seconds
              DECOUPLE completed...       0.0449 seconds
                  PHOT completed...       0.1676 seconds
               CLDPROC completed...       0.1824 seconds
                  CHEM completed...       0.5729 seconds
                  AERO completed...       0.8656 seconds
            Master Time Step
            Processing completed...       5.7347 seconds

     Processing Day/Time [YYYYDDD:HHMMSS]: 2017356:135000
       Which is Equivalent to (UTC): 13:50:00 Friday,  Dec. 22, 2017
       Time-Step Length (HHMMSS): 000500
                 VDIFF completed...       0.6514 seconds
                COUPLE completed...       0.0738 seconds
                  HADV completed...       2.6943 seconds
                  ZADV completed...       0.2870 seconds
                 HDIFF completed...       0.2314 seconds
              DECOUPLE completed...       0.0447 seconds
                  PHOT completed...       0.1677 seconds
               CLDPROC completed...       0.1789 seconds
                  CHEM completed...       0.5727 seconds
                  AERO completed...       0.8626 seconds
            Master Time Step
            Processing completed...       5.7689 seconds

     Processing Day/Time [YYYYDDD:HHMMSS]: 2017356:135500
       Which is Equivalent to (UTC): 13:55:00 Friday,  Dec. 22, 2017
       Time-Step Length (HHMMSS): 000500
                 VDIFF completed...       3.1711 seconds
                COUPLE completed...       0.1698 seconds
                  HADV completed...       1.3090 seconds
                  ZADV completed...       0.2860 seconds
                 HDIFF completed...       0.2336 seconds
              DECOUPLE completed...       0.0450 seconds
                  PHOT completed...       0.1672 seconds
               CLDPROC completed...       1.7103 seconds
                  CHEM completed...       0.5529 seconds
                  AERO completed...       0.8725 seconds
            Master Time Step
            Processing completed...       8.5232 seconds

      =--> Data Output completed...       2.3633 seconds

     Processing Day/Time [YYYYDDD:HHMMSS]: 2017356:140000
       Which is Equivalent to (UTC): 14:00:00 Friday,  Dec. 22, 2017
       Time-Step Length (HHMMSS): 000500
                 VDIFF completed...       4.2677 seconds
                COUPLE completed...       0.1383 seconds
                  HADV completed...       3.3591 seconds
                  ZADV completed...       0.3097 seconds
                 HDIFF completed...       0.2100 seconds
              DECOUPLE completed...       0.0446 seconds
                  PHOT completed...       0.9756 seconds
               CLDPROC completed...       0.1785 seconds
                  CHEM completed...       0.5719 seconds
                  AERO completed...       0.8561 seconds
            Master Time Step
            Processing completed...      10.9149 seconds

     Processing Day/Time [YYYYDDD:HHMMSS]: 2017356:140500
       Which is Equivalent to (UTC): 14:05:00 Friday,  Dec. 22, 2017
       Time-Step Length (HHMMSS): 000500
                 VDIFF completed...       0.7008 seconds
                COUPLE completed...       0.0902 seconds
                  HADV completed...       2.6850 seconds
                  ZADV completed...       0.3090 seconds
                 HDIFF completed...       0.2100 seconds
              DECOUPLE completed...       0.0449 seconds
                  PHOT completed...       0.1678 seconds
               CLDPROC completed...       0.1787 seconds
                  CHEM completed...       0.5647 seconds
                  AERO completed...       0.8579 seconds
            Master Time Step
            Processing completed...       5.8136 seconds

     Processing Day/Time [YYYYDDD:HHMMSS]: 2017356:141000
       Which is Equivalent to (UTC): 14:10:00 Friday,  Dec. 22, 2017
       Time-Step Length (HHMMSS): 000500
                 VDIFF completed...       0.7894 seconds
                COUPLE completed...       0.0787 seconds
                  HADV completed...       2.5902 seconds
                  ZADV completed...       0.3097 seconds
                 HDIFF completed...       0.2107 seconds
              DECOUPLE completed...       0.0448 seconds
                  PHOT completed...       0.1669 seconds
               CLDPROC completed...       0.1836 seconds
                  CHEM completed...       0.5617 seconds
                  AERO completed...       0.8578 seconds
            Master Time Step
            Processing completed...       5.7979 seconds

     Processing Day/Time [YYYYDDD:HHMMSS]: 2017356:141500
       Which is Equivalent to (UTC): 14:15:00 Friday,  Dec. 22, 2017
       Time-Step Length (HHMMSS): 000500
                 VDIFF completed...       0.8142 seconds
                COUPLE completed...       0.0830 seconds
                  HADV completed...       2.5706 seconds
                  ZADV completed...       0.3035 seconds
                 HDIFF completed...       0.2161 seconds
              DECOUPLE completed...       0.0437 seconds
                  PHOT completed...       0.1690 seconds
               CLDPROC completed...       0.1871 seconds
                  CHEM completed...       0.5590 seconds
                  AERO completed...       0.8659 seconds
            Master Time Step
            Processing completed...       5.8133 seconds

     Processing Day/Time [YYYYDDD:HHMMSS]: 2017356:142000
       Which is Equivalent to (UTC): 14:20:00 Friday,  Dec. 22, 2017
       Time-Step Length (HHMMSS): 000500
                 VDIFF completed...       0.8239 seconds
                COUPLE completed...       0.0963 seconds
                  HADV completed...       3.0278 seconds
                  ZADV completed...       0.3083 seconds
                 HDIFF completed...       0.2107 seconds
              DECOUPLE completed...       0.0445 seconds
                  PHOT completed...       0.1873 seconds
               CLDPROC completed...       0.1897 seconds
                  CHEM completed...       0.5589 seconds
                  AERO completed...       0.8506 seconds
            Master Time Step
            Processing completed...       6.3024 seconds

     Processing Day/Time [YYYYDDD:HHMMSS]: 2017356:142500
       Which is Equivalent to (UTC): 14:25:00 Friday,  Dec. 22, 2017
       Time-Step Length (HHMMSS): 000500
                 VDIFF completed...       0.8389 seconds
                COUPLE completed...       0.0978 seconds
                  HADV completed...       2.8329 seconds
                  ZADV completed...       0.3090 seconds
                 HDIFF completed...       0.2103 seconds
              DECOUPLE completed...       0.0445 seconds
                  PHOT completed...       0.2223 seconds
               CLDPROC completed...       0.1913 seconds
                  CHEM completed...       0.5585 seconds
                  AERO completed...       0.8494 seconds
            Master Time Step
            Processing completed...       6.1585 seconds

     Processing Day/Time [YYYYDDD:HHMMSS]: 2017356:143000
       Which is Equivalent to (UTC): 14:30:00 Friday,  Dec. 22, 2017
       Time-Step Length (HHMMSS): 000500
                 VDIFF completed...       0.9430 seconds
                COUPLE completed...       0.0745 seconds
                  HADV completed...       2.4478 seconds
                  ZADV completed...       0.3056 seconds
                 HDIFF completed...       0.2131 seconds
              DECOUPLE completed...       0.0442 seconds
                  PHOT completed...       0.2657 seconds
               CLDPROC completed...       0.1942 seconds
                  CHEM completed...       0.5591 seconds
                  AERO completed...       0.8543 seconds
            Master Time Step
            Processing completed...       5.9054 seconds

     Processing Day/Time [YYYYDDD:HHMMSS]: 2017356:143500
       Which is Equivalent to (UTC): 14:35:00 Friday,  Dec. 22, 2017
       Time-Step Length (HHMMSS): 000500
                 VDIFF completed...       0.9738 seconds
                COUPLE completed...       0.0680 seconds
                  HADV completed...       2.3803 seconds
                  ZADV completed...       0.3086 seconds
                 HDIFF completed...       0.2093 seconds
              DECOUPLE completed...       0.0440 seconds
                  PHOT completed...       0.3086 seconds
               CLDPROC completed...       0.2013 seconds
                  CHEM completed...       0.5604 seconds
                  AERO completed...       0.8524 seconds
            Master Time Step
            Processing completed...       5.9117 seconds

     Processing Day/Time [YYYYDDD:HHMMSS]: 2017356:144000
       Which is Equivalent to (UTC): 14:40:00 Friday,  Dec. 22, 2017
       Time-Step Length (HHMMSS): 000500
                 VDIFF completed...       1.0452 seconds
                COUPLE completed...       0.0757 seconds
                  HADV completed...       2.3636 seconds
                  ZADV completed...       0.3038 seconds
                 HDIFF completed...       0.2836 seconds
              DECOUPLE completed...       0.0457 seconds
                  PHOT completed...       0.3505 seconds
               CLDPROC completed...       0.1959 seconds
                  CHEM completed...       0.5628 seconds
                  AERO completed...       0.8499 seconds
            Master Time Step
            Processing completed...       6.0816 seconds

     Processing Day/Time [YYYYDDD:HHMMSS]: 2017356:144500
       Which is Equivalent to (UTC): 14:45:00 Friday,  Dec. 22, 2017
       Time-Step Length (HHMMSS): 000500
                 VDIFF completed...       1.1604 seconds
                COUPLE completed...       0.0792 seconds
                  HADV completed...       2.1019 seconds
                  ZADV completed...       0.3097 seconds
                 HDIFF completed...       0.2084 seconds
              DECOUPLE completed...       0.0441 seconds
                  PHOT completed...       0.3798 seconds
               CLDPROC completed...       0.1974 seconds
                  CHEM completed...       0.5791 seconds
                  AERO completed...       0.8520 seconds
            Master Time Step
            Processing completed...       5.9171 seconds

     Processing Day/Time [YYYYDDD:HHMMSS]: 2017356:145000
       Which is Equivalent to (UTC): 14:50:00 Friday,  Dec. 22, 2017
       Time-Step Length (HHMMSS): 000500
                 VDIFF completed...       1.1755 seconds
                COUPLE completed...       0.0665 seconds
                  HADV completed...       2.0478 seconds
                  ZADV completed...       0.3072 seconds
                 HDIFF completed...       0.2115 seconds
              DECOUPLE completed...       0.0443 seconds
                  PHOT completed...       0.3960 seconds
               CLDPROC completed...       0.2165 seconds
                  CHEM completed...       0.6578 seconds
                  AERO completed...       0.8544 seconds
            Master Time Step
            Processing completed...       5.9820 seconds

     Processing Day/Time [YYYYDDD:HHMMSS]: 2017356:145500
       Which is Equivalent to (UTC): 14:55:00 Friday,  Dec. 22, 2017
       Time-Step Length (HHMMSS): 000500
                 VDIFF completed...       3.0042 seconds
                COUPLE completed...       0.1698 seconds
                  HADV completed...       1.2299 seconds
                  ZADV completed...       0.3104 seconds
                 HDIFF completed...       0.2078 seconds
              DECOUPLE completed...       0.0444 seconds
                  PHOT completed...       0.4133 seconds
               CLDPROC completed...       1.5693 seconds
                  CHEM completed...       0.7379 seconds
                  AERO completed...       0.8646 seconds
            Master Time Step
            Processing completed...       8.5577 seconds

      =--> Data Output completed...       1.7456 seconds

     Processing Day/Time [YYYYDDD:HHMMSS]: 2017356:150000
       Which is Equivalent to (UTC): 15:00:00 Friday,  Dec. 22, 2017
       Time-Step Length (HHMMSS): 000500
                 VDIFF completed...       4.4177 seconds
                COUPLE completed...       0.1511 seconds
                  HADV completed...       3.0805 seconds
                  ZADV completed...       0.2857 seconds
                 HDIFF completed...       0.2326 seconds
              DECOUPLE completed...       0.0447 seconds
                  PHOT completed...       1.3185 seconds
               CLDPROC completed...       0.2245 seconds
                  CHEM completed...       0.8269 seconds
                  AERO completed...       0.8731 seconds
            Master Time Step
            Processing completed...      11.4604 seconds

     Processing Day/Time [YYYYDDD:HHMMSS]: 2017356:150500
       Which is Equivalent to (UTC): 15:05:00 Friday,  Dec. 22, 2017
       Time-Step Length (HHMMSS): 000500
                 VDIFF completed...       0.8264 seconds
                COUPLE completed...       0.0719 seconds
                  HADV completed...       2.1075 seconds
                  ZADV completed...       0.3008 seconds
                 HDIFF completed...       0.2186 seconds
              DECOUPLE completed...       0.0444 seconds
                  PHOT completed...       0.4488 seconds
               CLDPROC completed...       0.2235 seconds
                  CHEM completed...       0.8869 seconds
                  AERO completed...       0.8789 seconds
            Master Time Step
            Processing completed...       6.0127 seconds

     Processing Day/Time [YYYYDDD:HHMMSS]: 2017356:151000
       Which is Equivalent to (UTC): 15:10:00 Friday,  Dec. 22, 2017
       Time-Step Length (HHMMSS): 000500
                 VDIFF completed...       0.6775 seconds
                COUPLE completed...       0.0713 seconds
                  HADV completed...       2.1253 seconds
                  ZADV completed...       0.2874 seconds
                 HDIFF completed...       0.2317 seconds
              DECOUPLE completed...       0.0443 seconds
                  PHOT completed...       0.4631 seconds
               CLDPROC completed...       0.2266 seconds
                  CHEM completed...       0.9002 seconds
                  AERO completed...       0.8667 seconds
            Master Time Step
            Processing completed...       5.8984 seconds

     Processing Day/Time [YYYYDDD:HHMMSS]: 2017356:151500
       Which is Equivalent to (UTC): 15:15:00 Friday,  Dec. 22, 2017
       Time-Step Length (HHMMSS): 000500
                 VDIFF completed...       0.6614 seconds
                COUPLE completed...       0.0671 seconds
                  HADV completed...       2.1358 seconds
                  ZADV completed...       0.2873 seconds
                 HDIFF completed...       0.2314 seconds
              DECOUPLE completed...       0.0442 seconds
                  PHOT completed...       0.4614 seconds
               CLDPROC completed...       0.2283 seconds
                  CHEM completed...       0.8764 seconds
                  AERO completed...       0.8813 seconds
            Master Time Step
            Processing completed...       5.8783 seconds

     Processing Day/Time [YYYYDDD:HHMMSS]: 2017356:152000
       Which is Equivalent to (UTC): 15:20:00 Friday,  Dec. 22, 2017
       Time-Step Length (HHMMSS): 000500
                 VDIFF completed...       0.6696 seconds
                COUPLE completed...       0.0724 seconds
                  HADV completed...       2.2125 seconds
                  ZADV completed...       0.2844 seconds
                 HDIFF completed...       0.3477 seconds
              DECOUPLE completed...       0.0475 seconds
                  PHOT completed...       0.4567 seconds
               CLDPROC completed...       0.2309 seconds
                  CHEM completed...       0.8699 seconds
                  AERO completed...       0.8834 seconds
            Master Time Step
            Processing completed...       6.0798 seconds

     Processing Day/Time [YYYYDDD:HHMMSS]: 2017356:152500
       Which is Equivalent to (UTC): 15:25:00 Friday,  Dec. 22, 2017
       Time-Step Length (HHMMSS): 000500
                 VDIFF completed...       0.6818 seconds
                COUPLE completed...       0.0767 seconds
                  HADV completed...       2.1325 seconds
                  ZADV completed...       0.2865 seconds
                 HDIFF completed...       0.2321 seconds
              DECOUPLE completed...       0.0446 seconds
                  PHOT completed...       0.4620 seconds
               CLDPROC completed...       0.2354 seconds
                  CHEM completed...       0.8707 seconds
                  AERO completed...       0.8842 seconds
            Master Time Step
            Processing completed...       5.9115 seconds

     Processing Day/Time [YYYYDDD:HHMMSS]: 2017356:153000
       Which is Equivalent to (UTC): 15:30:00 Friday,  Dec. 22, 2017
       Time-Step Length (HHMMSS): 000500
                 VDIFF completed...       0.6951 seconds
                COUPLE completed...       0.0751 seconds
                  HADV completed...       2.1251 seconds
                  ZADV completed...       0.2899 seconds
                 HDIFF completed...       0.2290 seconds
              DECOUPLE completed...       0.0455 seconds
                  PHOT completed...       0.4620 seconds
               CLDPROC completed...       0.2365 seconds
                  CHEM completed...       0.8748 seconds
                  AERO completed...       0.8834 seconds
            Master Time Step
            Processing completed...       5.9214 seconds

     Processing Day/Time [YYYYDDD:HHMMSS]: 2017356:153500
       Which is Equivalent to (UTC): 15:35:00 Friday,  Dec. 22, 2017
       Time-Step Length (HHMMSS): 000500
                 VDIFF completed...       0.6897 seconds
                COUPLE completed...       0.0788 seconds
                  HADV completed...       2.1216 seconds
                  ZADV completed...       0.2882 seconds
                 HDIFF completed...       0.2302 seconds
              DECOUPLE completed...       0.0444 seconds
                  PHOT completed...       0.4613 seconds
               CLDPROC completed...       0.2394 seconds
                  CHEM completed...       0.8814 seconds
                  AERO completed...       0.8815 seconds
            Master Time Step
            Processing completed...       5.9222 seconds

     Processing Day/Time [YYYYDDD:HHMMSS]: 2017356:154000
       Which is Equivalent to (UTC): 15:40:00 Friday,  Dec. 22, 2017
       Time-Step Length (HHMMSS): 000500
                 VDIFF completed...       0.6905 seconds
                COUPLE completed...       0.0771 seconds
                  HADV completed...       2.1386 seconds
                  ZADV completed...       0.2893 seconds
                 HDIFF completed...       0.2293 seconds
              DECOUPLE completed...       0.0446 seconds
                  PHOT completed...       0.4615 seconds
               CLDPROC completed...       0.2390 seconds
                  CHEM completed...       0.8859 seconds
                  AERO completed...       0.8817 seconds
            Master Time Step
            Processing completed...       5.9423 seconds

     Processing Day/Time [YYYYDDD:HHMMSS]: 2017356:154500
       Which is Equivalent to (UTC): 15:45:00 Friday,  Dec. 22, 2017
       Time-Step Length (HHMMSS): 000500
                 VDIFF completed...       0.6906 seconds
                COUPLE completed...       0.0791 seconds
                  HADV completed...       2.1327 seconds
                  ZADV completed...       0.2989 seconds
                 HDIFF completed...       0.2174 seconds
              DECOUPLE completed...       0.0446 seconds
                  PHOT completed...       0.4621 seconds
               CLDPROC completed...       0.2388 seconds
                  CHEM completed...       0.8886 seconds
                  AERO completed...       0.8814 seconds
            Master Time Step
            Processing completed...       5.9390 seconds

     Processing Day/Time [YYYYDDD:HHMMSS]: 2017356:155000
       Which is Equivalent to (UTC): 15:50:00 Friday,  Dec. 22, 2017
       Time-Step Length (HHMMSS): 000500
                 VDIFF completed...       0.6846 seconds
                COUPLE completed...       0.0779 seconds
                  HADV completed...       2.1461 seconds
                  ZADV completed...       0.2883 seconds
                 HDIFF completed...       0.2299 seconds
              DECOUPLE completed...       0.0444 seconds
                  PHOT completed...       0.4628 seconds
               CLDPROC completed...       0.2386 seconds
                  CHEM completed...       0.8916 seconds
                  AERO completed...       0.8788 seconds
            Master Time Step
            Processing completed...       5.9482 seconds

     Processing Day/Time [YYYYDDD:HHMMSS]: 2017356:155500
       Which is Equivalent to (UTC): 15:55:00 Friday,  Dec. 22, 2017
       Time-Step Length (HHMMSS): 000500
                 VDIFF completed...       2.7427 seconds
                COUPLE completed...       0.1702 seconds
                  HADV completed...       1.2325 seconds
                  ZADV completed...       0.2879 seconds
                 HDIFF completed...       0.2313 seconds
              DECOUPLE completed...       0.0434 seconds
                  PHOT completed...       0.4619 seconds
               CLDPROC completed...       1.5315 seconds
                  CHEM completed...       0.9042 seconds
                  AERO completed...       0.8917 seconds
            Master Time Step
            Processing completed...       8.5044 seconds

      =--> Data Output completed...       2.0335 seconds

     Processing Day/Time [YYYYDDD:HHMMSS]: 2017356:160000
       Which is Equivalent to (UTC): 16:00:00 Friday,  Dec. 22, 2017
       Time-Step Length (HHMMSS): 000500
                 VDIFF completed...       4.0354 seconds
                COUPLE completed...       0.1572 seconds
                  HADV completed...       3.5108 seconds
                  ZADV completed...       0.3161 seconds
                 HDIFF completed...       0.3416 seconds
              DECOUPLE completed...       0.0472 seconds
                  PHOT completed...       1.0126 seconds
               CLDPROC completed...       0.2315 seconds
                  CHEM completed...       0.8941 seconds
                  AERO completed...       0.8796 seconds
            Master Time Step
            Processing completed...      11.4288 seconds

     Processing Day/Time [YYYYDDD:HHMMSS]: 2017356:160500
       Which is Equivalent to (UTC): 16:05:00 Friday,  Dec. 22, 2017
       Time-Step Length (HHMMSS): 000500
                 VDIFF completed...       0.6875 seconds
                COUPLE completed...       0.0748 seconds
                  HADV completed...       2.3166 seconds
                  ZADV completed...       0.2924 seconds
                 HDIFF completed...       0.2282 seconds
              DECOUPLE completed...       0.0448 seconds
                  PHOT completed...       0.4634 seconds
               CLDPROC completed...       0.2421 seconds
                  CHEM completed...       0.8864 seconds
                  AERO completed...       0.8712 seconds
            Master Time Step
            Processing completed...       6.1090 seconds

     Processing Day/Time [YYYYDDD:HHMMSS]: 2017356:161000
       Which is Equivalent to (UTC): 16:10:00 Friday,  Dec. 22, 2017
       Time-Step Length (HHMMSS): 000500
                 VDIFF completed...       0.6975 seconds
                COUPLE completed...       0.0790 seconds
                  HADV completed...       2.2156 seconds
                  ZADV completed...       0.2938 seconds
                 HDIFF completed...       0.2261 seconds
              DECOUPLE completed...       0.0458 seconds
                  PHOT completed...       0.4637 seconds
               CLDPROC completed...       0.2447 seconds
                  CHEM completed...       0.8845 seconds
                  AERO completed...       0.8684 seconds
            Master Time Step
            Processing completed...       6.0204 seconds

     Processing Day/Time [YYYYDDD:HHMMSS]: 2017356:161500
       Which is Equivalent to (UTC): 16:15:00 Friday,  Dec. 22, 2017
       Time-Step Length (HHMMSS): 000500
                 VDIFF completed...       0.6886 seconds
                COUPLE completed...       0.0827 seconds
                  HADV completed...       2.2271 seconds
                  ZADV completed...       0.2888 seconds
                 HDIFF completed...       0.2301 seconds
              DECOUPLE completed...       0.0441 seconds
                  PHOT completed...       0.4633 seconds
               CLDPROC completed...       0.2486 seconds
                  CHEM completed...       0.8813 seconds
                  AERO completed...       0.8713 seconds
            Master Time Step
            Processing completed...       6.0275 seconds

     Processing Day/Time [YYYYDDD:HHMMSS]: 2017356:162000
       Which is Equivalent to (UTC): 16:20:00 Friday,  Dec. 22, 2017
       Time-Step Length (HHMMSS): 000500
                 VDIFF completed...       0.7069 seconds
                COUPLE completed...       0.0786 seconds
                  HADV completed...       2.2215 seconds
                  ZADV completed...       0.2887 seconds
                 HDIFF completed...       0.2289 seconds
              DECOUPLE completed...       0.0443 seconds
                  PHOT completed...       0.4633 seconds
               CLDPROC completed...       0.2497 seconds
                  CHEM completed...       0.8794 seconds
                  AERO completed...       0.8699 seconds
            Master Time Step
            Processing completed...       6.0336 seconds

     Processing Day/Time [YYYYDDD:HHMMSS]: 2017356:162500
       Which is Equivalent to (UTC): 16:25:00 Friday,  Dec. 22, 2017
       Time-Step Length (HHMMSS): 000500
                 VDIFF completed...       0.7059 seconds
                COUPLE completed...       0.0806 seconds
                  HADV completed...       2.2332 seconds
                  ZADV completed...       0.2882 seconds
                 HDIFF completed...       0.2310 seconds
              DECOUPLE completed...       0.0441 seconds
                  PHOT completed...       0.4634 seconds
               CLDPROC completed...       0.2494 seconds
                  CHEM completed...       0.8760 seconds
                  AERO completed...       0.8667 seconds
            Master Time Step
            Processing completed...       6.0393 seconds

     Processing Day/Time [YYYYDDD:HHMMSS]: 2017356:163000
       Which is Equivalent to (UTC): 16:30:00 Friday,  Dec. 22, 2017
       Time-Step Length (HHMMSS): 000500
                 VDIFF completed...       0.7010 seconds
                COUPLE completed...       0.0797 seconds
                  HADV completed...       2.2501 seconds
                  ZADV completed...       0.2920 seconds
                 HDIFF completed...       0.2269 seconds
              DECOUPLE completed...       0.0447 seconds
                  PHOT completed...       0.4639 seconds
               CLDPROC completed...       0.2484 seconds
                  CHEM completed...       0.8740 seconds
                  AERO completed...       0.8675 seconds
            Master Time Step
            Processing completed...       6.0491 seconds

     Processing Day/Time [YYYYDDD:HHMMSS]: 2017356:163500
       Which is Equivalent to (UTC): 16:35:00 Friday,  Dec. 22, 2017
       Time-Step Length (HHMMSS): 000500
                 VDIFF completed...       0.7127 seconds
                COUPLE completed...       0.0774 seconds
                  HADV completed...       2.2600 seconds
                  ZADV completed...       0.2873 seconds
                 HDIFF completed...       0.2312 seconds
              DECOUPLE completed...       0.0447 seconds
                  PHOT completed...       0.4636 seconds
               CLDPROC completed...       0.2492 seconds
                  CHEM completed...       0.8719 seconds
                  AERO completed...       0.8663 seconds
            Master Time Step
            Processing completed...       6.0652 seconds

     Processing Day/Time [YYYYDDD:HHMMSS]: 2017356:164000
       Which is Equivalent to (UTC): 16:40:00 Friday,  Dec. 22, 2017
       Time-Step Length (HHMMSS): 000500
                 VDIFF completed...       0.7156 seconds
                COUPLE completed...       0.0788 seconds
                  HADV completed...       2.2637 seconds
                  ZADV completed...       0.2886 seconds
                 HDIFF completed...       0.2305 seconds
              DECOUPLE completed...       0.0445 seconds
                  PHOT completed...       0.4635 seconds
               CLDPROC completed...       0.2478 seconds
                  CHEM completed...       0.8691 seconds
                  AERO completed...       0.8645 seconds
            Master Time Step
            Processing completed...       6.0676 seconds

     Processing Day/Time [YYYYDDD:HHMMSS]: 2017356:164500
       Which is Equivalent to (UTC): 16:45:00 Friday,  Dec. 22, 2017
       Time-Step Length (HHMMSS): 000500
                 VDIFF completed...       0.7287 seconds
                COUPLE completed...       0.0734 seconds
                  HADV completed...       2.2711 seconds
                  ZADV completed...       0.2890 seconds
                 HDIFF completed...       0.2295 seconds
              DECOUPLE completed...       0.0439 seconds
                  PHOT completed...       0.4635 seconds
               CLDPROC completed...       0.2465 seconds
                  CHEM completed...       0.8695 seconds
                  AERO completed...       0.8645 seconds
            Master Time Step
            Processing completed...       6.0806 seconds

     Processing Day/Time [YYYYDDD:HHMMSS]: 2017356:165000
       Which is Equivalent to (UTC): 16:50:00 Friday,  Dec. 22, 2017
       Time-Step Length (HHMMSS): 000500
                 VDIFF completed...       0.6928 seconds
                COUPLE completed...       0.0807 seconds
                  HADV completed...       2.3015 seconds
                  ZADV completed...       0.2882 seconds
                 HDIFF completed...       0.2311 seconds
              DECOUPLE completed...       0.0446 seconds
                  PHOT completed...       0.4633 seconds
               CLDPROC completed...       0.2443 seconds
                  CHEM completed...       0.8695 seconds
                  AERO completed...       0.8663 seconds
            Master Time Step
            Processing completed...       6.0837 seconds

     Processing Day/Time [YYYYDDD:HHMMSS]: 2017356:165500
       Which is Equivalent to (UTC): 16:55:00 Friday,  Dec. 22, 2017
       Time-Step Length (HHMMSS): 000500
                 VDIFF completed...       2.8949 seconds
                COUPLE completed...       0.1703 seconds
                  HADV completed...       1.2338 seconds
                  ZADV completed...       0.2927 seconds
                 HDIFF completed...       0.2249 seconds
              DECOUPLE completed...       0.0443 seconds
                  PHOT completed...       0.4626 seconds
               CLDPROC completed...       1.6359 seconds
                  CHEM completed...       0.8754 seconds
                  AERO completed...       0.8873 seconds
            Master Time Step
            Processing completed...       8.7291 seconds

      =--> Data Output completed...       1.9471 seconds

     Processing Day/Time [YYYYDDD:HHMMSS]: 2017356:170000
       Which is Equivalent to (UTC): 17:00:00 Friday,  Dec. 22, 2017
       Time-Step Length (HHMMSS): 000500
                 VDIFF completed...       4.9483 seconds
                COUPLE completed...       0.1503 seconds
                  HADV completed...       3.3746 seconds
                  ZADV completed...       0.3141 seconds
                 HDIFF completed...       0.2036 seconds
              DECOUPLE completed...       0.0445 seconds
                  PHOT completed...       1.2858 seconds
               CLDPROC completed...       0.2448 seconds
                  CHEM completed...       0.8680 seconds
                  AERO completed...       0.8739 seconds
            Master Time Step
            Processing completed...      12.3130 seconds

     Processing Day/Time [YYYYDDD:HHMMSS]: 2017356:170500
       Which is Equivalent to (UTC): 17:05:00 Friday,  Dec. 22, 2017
       Time-Step Length (HHMMSS): 000500
                 VDIFF completed...       0.7190 seconds
                COUPLE completed...       0.0761 seconds
                  HADV completed...       2.2998 seconds
                  ZADV completed...       0.3141 seconds
                 HDIFF completed...       0.2046 seconds
              DECOUPLE completed...       0.0442 seconds
                  PHOT completed...       0.4656 seconds
               CLDPROC completed...       0.2434 seconds
                  CHEM completed...       0.8650 seconds
                  AERO completed...       0.8634 seconds
            Master Time Step
            Processing completed...       6.0993 seconds

     Processing Day/Time [YYYYDDD:HHMMSS]: 2017356:171000
       Which is Equivalent to (UTC): 17:10:00 Friday,  Dec. 22, 2017
       Time-Step Length (HHMMSS): 000500
                 VDIFF completed...       0.7395 seconds
                COUPLE completed...       0.0760 seconds
                  HADV completed...       2.2652 seconds
                  ZADV completed...       0.3139 seconds
                 HDIFF completed...       0.2040 seconds
              DECOUPLE completed...       0.0437 seconds
                  PHOT completed...       0.4663 seconds
               CLDPROC completed...       0.2446 seconds
                  CHEM completed...       0.8644 seconds
                  AERO completed...       0.8611 seconds
            Master Time Step
            Processing completed...       6.0828 seconds

     Processing Day/Time [YYYYDDD:HHMMSS]: 2017356:171500
       Which is Equivalent to (UTC): 17:15:00 Friday,  Dec. 22, 2017
       Time-Step Length (HHMMSS): 000500
                 VDIFF completed...       0.7579 seconds
                COUPLE completed...       0.0707 seconds
                  HADV completed...       2.2685 seconds
                  ZADV completed...       0.3115 seconds
                 HDIFF completed...       0.2065 seconds
              DECOUPLE completed...       0.0445 seconds
                  PHOT completed...       0.4662 seconds
               CLDPROC completed...       0.2453 seconds
                  CHEM completed...       0.8633 seconds
                  AERO completed...       0.8612 seconds
            Master Time Step
            Processing completed...       6.1002 seconds

     Processing Day/Time [YYYYDDD:HHMMSS]: 2017356:172000
       Which is Equivalent to (UTC): 17:20:00 Friday,  Dec. 22, 2017
       Time-Step Length (HHMMSS): 000500
                 VDIFF completed...       0.7511 seconds
                COUPLE completed...       0.0758 seconds
                  HADV completed...       2.2750 seconds
                  ZADV completed...       0.3091 seconds
                 HDIFF completed...       0.2094 seconds
              DECOUPLE completed...       0.0444 seconds
                  PHOT completed...       0.4669 seconds
               CLDPROC completed...       0.2461 seconds
                  CHEM completed...       0.8632 seconds
                  AERO completed...       0.8609 seconds
            Master Time Step
            Processing completed...       6.1055 seconds

     Processing Day/Time [YYYYDDD:HHMMSS]: 2017356:172500
       Which is Equivalent to (UTC): 17:25:00 Friday,  Dec. 22, 2017
       Time-Step Length (HHMMSS): 000500
                 VDIFF completed...       0.7559 seconds
                COUPLE completed...       0.0727 seconds
                  HADV completed...       2.6037 seconds
                  ZADV completed...       0.3114 seconds
                 HDIFF completed...       0.2109 seconds
              DECOUPLE completed...       0.0441 seconds
                  PHOT completed...       0.4659 seconds
               CLDPROC completed...       0.2467 seconds
                  CHEM completed...       0.8617 seconds
                  AERO completed...       0.8623 seconds
            Master Time Step
            Processing completed...       6.4397 seconds

     Processing Day/Time [YYYYDDD:HHMMSS]: 2017356:173000
       Which is Equivalent to (UTC): 17:30:00 Friday,  Dec. 22, 2017
       Time-Step Length (HHMMSS): 000500
                 VDIFF completed...       0.7500 seconds
                COUPLE completed...       0.0718 seconds
                  HADV completed...       2.2956 seconds
                  ZADV completed...       0.3140 seconds
                 HDIFF completed...       0.2040 seconds
              DECOUPLE completed...       0.0443 seconds
                  PHOT completed...       0.4682 seconds
               CLDPROC completed...       0.2453 seconds
                  CHEM completed...       0.8617 seconds
                  AERO completed...       0.8600 seconds
            Master Time Step
            Processing completed...       6.1193 seconds

     Processing Day/Time [YYYYDDD:HHMMSS]: 2017356:173500
       Which is Equivalent to (UTC): 17:35:00 Friday,  Dec. 22, 2017
       Time-Step Length (HHMMSS): 000500
                 VDIFF completed...       0.7550 seconds
                COUPLE completed...       0.0721 seconds
                  HADV completed...       2.2989 seconds
                  ZADV completed...       0.3123 seconds
                 HDIFF completed...       0.2055 seconds
              DECOUPLE completed...       0.0443 seconds
                  PHOT completed...       0.4665 seconds
               CLDPROC completed...       0.2465 seconds
                  CHEM completed...       0.8617 seconds
                  AERO completed...       0.8590 seconds
            Master Time Step
            Processing completed...       6.1265 seconds

     Processing Day/Time [YYYYDDD:HHMMSS]: 2017356:174000
       Which is Equivalent to (UTC): 17:40:00 Friday,  Dec. 22, 2017
       Time-Step Length (HHMMSS): 000500
                 VDIFF completed...       0.7582 seconds
                COUPLE completed...       0.0701 seconds
                  HADV completed...       2.3022 seconds
                  ZADV completed...       0.3096 seconds
                 HDIFF completed...       0.2077 seconds
              DECOUPLE completed...       0.0445 seconds
                  PHOT completed...       0.4827 seconds
               CLDPROC completed...       0.2333 seconds
                  CHEM completed...       0.8607 seconds
                  AERO completed...       0.8578 seconds
            Master Time Step
            Processing completed...       6.1315 seconds

     Processing Day/Time [YYYYDDD:HHMMSS]: 2017356:174500
       Which is Equivalent to (UTC): 17:45:00 Friday,  Dec. 22, 2017
       Time-Step Length (HHMMSS): 000500
                 VDIFF completed...       0.7547 seconds
                COUPLE completed...       0.0697 seconds
                  HADV completed...       2.3115 seconds
                  ZADV completed...       0.3135 seconds
                 HDIFF completed...       0.2036 seconds
              DECOUPLE completed...       0.0442 seconds
                  PHOT completed...       0.4653 seconds
               CLDPROC completed...       0.2471 seconds
                  CHEM completed...       0.8643 seconds
                  AERO completed...       0.8608 seconds
            Master Time Step
            Processing completed...       6.1394 seconds

     Processing Day/Time [YYYYDDD:HHMMSS]: 2017356:175000
       Which is Equivalent to (UTC): 17:50:00 Friday,  Dec. 22, 2017
       Time-Step Length (HHMMSS): 000500
                 VDIFF completed...       0.7546 seconds
                COUPLE completed...       0.0701 seconds
                  HADV completed...       2.2955 seconds
                  ZADV completed...       0.3120 seconds
                 HDIFF completed...       0.2054 seconds
              DECOUPLE completed...       0.0445 seconds
                  PHOT completed...       0.4663 seconds
               CLDPROC completed...       0.2459 seconds
                  CHEM completed...       0.8649 seconds
                  AERO completed...       0.8562 seconds
            Master Time Step
            Processing completed...       6.1201 seconds

     Processing Day/Time [YYYYDDD:HHMMSS]: 2017356:175500
       Which is Equivalent to (UTC): 17:55:00 Friday,  Dec. 22, 2017
       Time-Step Length (HHMMSS): 000500
                 VDIFF completed...       2.9756 seconds
                COUPLE completed...       0.1703 seconds
                  HADV completed...       1.2704 seconds
                  ZADV completed...       0.3058 seconds
                 HDIFF completed...       0.2109 seconds
              DECOUPLE completed...       0.0444 seconds
                  PHOT completed...       0.4663 seconds
               CLDPROC completed...       1.6696 seconds
                  CHEM completed...       0.8891 seconds
                  AERO completed...       0.8786 seconds
            Master Time Step
            Processing completed...       8.8870 seconds

      =--> Data Output completed...       1.6481 seconds

     Processing Day/Time [YYYYDDD:HHMMSS]: 2017356:180000
       Which is Equivalent to (UTC): 18:00:00 Friday,  Dec. 22, 2017
       Time-Step Length (HHMMSS): 000500
                 VDIFF completed...       5.0362 seconds
                COUPLE completed...       0.1502 seconds
                  HADV completed...       3.2622 seconds
                  ZADV completed...       0.2905 seconds
                 HDIFF completed...       0.2346 seconds
              DECOUPLE completed...       0.0452 seconds
                  PHOT completed...       1.3008 seconds
               CLDPROC completed...       0.2476 seconds
                  CHEM completed...       0.8699 seconds
                  AERO completed...       0.8644 seconds
            Master Time Step
            Processing completed...      12.3072 seconds

     Processing Day/Time [YYYYDDD:HHMMSS]: 2017356:180500
       Which is Equivalent to (UTC): 18:05:00 Friday,  Dec. 22, 2017
       Time-Step Length (HHMMSS): 000500
                 VDIFF completed...       0.7823 seconds
                COUPLE completed...       0.0692 seconds
                  HADV completed...       2.3193 seconds
                  ZADV completed...       0.2909 seconds
                 HDIFF completed...       0.2278 seconds
              DECOUPLE completed...       0.0450 seconds
                  PHOT completed...       0.4659 seconds
               CLDPROC completed...       0.2426 seconds
                  CHEM completed...       0.8677 seconds
                  AERO completed...       0.8589 seconds
            Master Time Step
            Processing completed...       6.1740 seconds

     Processing Day/Time [YYYYDDD:HHMMSS]: 2017356:181000
       Which is Equivalent to (UTC): 18:10:00 Friday,  Dec. 22, 2017
       Time-Step Length (HHMMSS): 000500
                 VDIFF completed...       0.8021 seconds
                COUPLE completed...       0.0681 seconds
                  HADV completed...       2.2585 seconds
                  ZADV completed...       0.2913 seconds
                 HDIFF completed...       0.2267 seconds
              DECOUPLE completed...       0.0450 seconds
                  PHOT completed...       0.4652 seconds
               CLDPROC completed...       0.2459 seconds
                  CHEM completed...       0.8678 seconds
                  AERO completed...       0.8587 seconds
            Master Time Step
            Processing completed...       6.1329 seconds

     Processing Day/Time [YYYYDDD:HHMMSS]: 2017356:181500
       Which is Equivalent to (UTC): 18:15:00 Friday,  Dec. 22, 2017
       Time-Step Length (HHMMSS): 000500
                 VDIFF completed...       0.8018 seconds
                COUPLE completed...       0.0668 seconds
                  HADV completed...       2.2661 seconds
                  ZADV completed...       0.2898 seconds
                 HDIFF completed...       0.2287 seconds
              DECOUPLE completed...       0.0454 seconds
                  PHOT completed...       0.4715 seconds
               CLDPROC completed...       0.2402 seconds
                  CHEM completed...       0.8658 seconds
                  AERO completed...       0.8621 seconds
            Master Time Step
            Processing completed...       6.1439 seconds

     Processing Day/Time [YYYYDDD:HHMMSS]: 2017356:182000
       Which is Equivalent to (UTC): 18:20:00 Friday,  Dec. 22, 2017
       Time-Step Length (HHMMSS): 000500
                 VDIFF completed...       0.7950 seconds
                COUPLE completed...       0.0658 seconds
                  HADV completed...       2.2717 seconds
                  ZADV completed...       0.2877 seconds
                 HDIFF completed...       0.2304 seconds
              DECOUPLE completed...       0.0455 seconds
                  PHOT completed...       0.4646 seconds
               CLDPROC completed...       0.2472 seconds
                  CHEM completed...       0.8658 seconds
                  AERO completed...       0.8586 seconds
            Master Time Step
            Processing completed...       6.1379 seconds

     Processing Day/Time [YYYYDDD:HHMMSS]: 2017356:182500
       Which is Equivalent to (UTC): 18:25:00 Friday,  Dec. 22, 2017
       Time-Step Length (HHMMSS): 000500
                 VDIFF completed...       0.7984 seconds
                COUPLE completed...       0.0668 seconds
                  HADV completed...       2.2687 seconds
                  ZADV completed...       0.2928 seconds
                 HDIFF completed...       0.2248 seconds
              DECOUPLE completed...       0.0456 seconds
                  PHOT completed...       0.4640 seconds
               CLDPROC completed...       0.2481 seconds
                  CHEM completed...       0.8652 seconds
                  AERO completed...       0.8603 seconds
            Master Time Step
            Processing completed...       6.1398 seconds

     Processing Day/Time [YYYYDDD:HHMMSS]: 2017356:183000
       Which is Equivalent to (UTC): 18:30:00 Friday,  Dec. 22, 2017
       Time-Step Length (HHMMSS): 000500
                 VDIFF completed...       0.7992 seconds
                COUPLE completed...       0.0662 seconds
                  HADV completed...       2.2771 seconds
                  ZADV completed...       0.2910 seconds
                 HDIFF completed...       0.2265 seconds
              DECOUPLE completed...       0.0450 seconds
                  PHOT completed...       0.4640 seconds
               CLDPROC completed...       0.2484 seconds
                  CHEM completed...       0.8723 seconds
                  AERO completed...       0.8615 seconds
            Master Time Step
            Processing completed...       6.1568 seconds

     Processing Day/Time [YYYYDDD:HHMMSS]: 2017356:183500
       Which is Equivalent to (UTC): 18:35:00 Friday,  Dec. 22, 2017
       Time-Step Length (HHMMSS): 000500
                 VDIFF completed...       0.7985 seconds
                COUPLE completed...       0.0653 seconds
                  HADV completed...       2.2701 seconds
                  ZADV completed...       0.2923 seconds
                 HDIFF completed...       0.2252 seconds
              DECOUPLE completed...       0.0463 seconds
                  PHOT completed...       0.4741 seconds
               CLDPROC completed...       0.2367 seconds
                  CHEM completed...       0.8652 seconds
                  AERO completed...       0.8627 seconds
            Master Time Step
            Processing completed...       6.1420 seconds

     Processing Day/Time [YYYYDDD:HHMMSS]: 2017356:184000
       Which is Equivalent to (UTC): 18:40:00 Friday,  Dec. 22, 2017
       Time-Step Length (HHMMSS): 000500
                 VDIFF completed...       0.8024 seconds
                COUPLE completed...       0.0654 seconds
                  HADV completed...       2.2816 seconds
                  ZADV completed...       0.2885 seconds
                 HDIFF completed...       0.2281 seconds
              DECOUPLE completed...       0.0447 seconds
                  PHOT completed...       0.4628 seconds
               CLDPROC completed...       0.2503 seconds
                  CHEM completed...       0.8667 seconds
                  AERO completed...       0.8630 seconds
            Master Time Step
            Processing completed...       6.1587 seconds

     Processing Day/Time [YYYYDDD:HHMMSS]: 2017356:184500
       Which is Equivalent to (UTC): 18:45:00 Friday,  Dec. 22, 2017
       Time-Step Length (HHMMSS): 000500
                 VDIFF completed...       0.8076 seconds
                COUPLE completed...       0.0649 seconds
                  HADV completed...       2.2734 seconds
                  ZADV completed...       0.2867 seconds
                 HDIFF completed...       0.2309 seconds
              DECOUPLE completed...       0.0438 seconds
                  PHOT completed...       0.4638 seconds
               CLDPROC completed...       0.2507 seconds
                  CHEM completed...       0.8664 seconds
                  AERO completed...       0.8641 seconds
            Master Time Step
            Processing completed...       6.1553 seconds

     Processing Day/Time [YYYYDDD:HHMMSS]: 2017356:185000
       Which is Equivalent to (UTC): 18:50:00 Friday,  Dec. 22, 2017
       Time-Step Length (HHMMSS): 000500
                 VDIFF completed...       0.8006 seconds
                COUPLE completed...       0.0684 seconds
                  HADV completed...       2.4226 seconds
                  ZADV completed...       0.2890 seconds
                 HDIFF completed...       0.2274 seconds
              DECOUPLE completed...       0.0441 seconds
                  PHOT completed...       0.4622 seconds
               CLDPROC completed...       0.2508 seconds
                  CHEM completed...       0.8697 seconds
                  AERO completed...       0.8586 seconds
            Master Time Step
            Processing completed...       6.2983 seconds

     Processing Day/Time [YYYYDDD:HHMMSS]: 2017356:185500
       Which is Equivalent to (UTC): 18:55:00 Friday,  Dec. 22, 2017
       Time-Step Length (HHMMSS): 000500
                 VDIFF completed...       3.0867 seconds
                COUPLE completed...       0.1706 seconds
                  HADV completed...       1.2710 seconds
                  ZADV completed...       0.2855 seconds
                 HDIFF completed...       0.2311 seconds
              DECOUPLE completed...       0.0443 seconds
                  PHOT completed...       0.4627 seconds
               CLDPROC completed...       1.6855 seconds
                  CHEM completed...       0.9053 seconds
                  AERO completed...       0.8859 seconds
            Master Time Step
            Processing completed...       9.0356 seconds

      =--> Data Output completed...       1.6152 seconds

     Processing Day/Time [YYYYDDD:HHMMSS]: 2017356:190000
       Which is Equivalent to (UTC): 19:00:00 Friday,  Dec. 22, 2017
       Time-Step Length (HHMMSS): 000500
                 VDIFF completed...       3.9405 seconds
                COUPLE completed...       0.1586 seconds
                  HADV completed...       3.7645 seconds
                  ZADV completed...       0.2934 seconds
                 HDIFF completed...       0.2229 seconds
              DECOUPLE completed...       0.0447 seconds
                  PHOT completed...       1.1500 seconds
               CLDPROC completed...       0.2501 seconds
                  CHEM completed...       0.8690 seconds
                  AERO completed...       0.8675 seconds
            Master Time Step
            Processing completed...      11.5667 seconds

     Processing Day/Time [YYYYDDD:HHMMSS]: 2017356:190500
       Which is Equivalent to (UTC): 19:05:00 Friday,  Dec. 22, 2017
       Time-Step Length (HHMMSS): 000500
                 VDIFF completed...       0.7713 seconds
                COUPLE completed...       0.0719 seconds
                  HADV completed...       2.3199 seconds
                  ZADV completed...       0.3115 seconds
                 HDIFF completed...       0.2055 seconds
              DECOUPLE completed...       0.0449 seconds
                  PHOT completed...       0.4674 seconds
               CLDPROC completed...       0.2474 seconds
                  CHEM completed...       0.8689 seconds
                  AERO completed...       0.8635 seconds
            Master Time Step
            Processing completed...       6.1739 seconds

     Processing Day/Time [YYYYDDD:HHMMSS]: 2017356:191000
       Which is Equivalent to (UTC): 19:10:00 Friday,  Dec. 22, 2017
       Time-Step Length (HHMMSS): 000500
                 VDIFF completed...       0.7979 seconds
                COUPLE completed...       0.0684 seconds
                  HADV completed...       2.2896 seconds
                  ZADV completed...       0.3105 seconds
                 HDIFF completed...       0.2055 seconds
              DECOUPLE completed...       0.0817 seconds
                  PHOT completed...       0.4372 seconds
               CLDPROC completed...       0.2411 seconds
                  CHEM completed...       0.8663 seconds
                  AERO completed...       0.8631 seconds
            Master Time Step
            Processing completed...       6.1668 seconds

     Processing Day/Time [YYYYDDD:HHMMSS]: 2017356:191500
       Which is Equivalent to (UTC): 19:15:00 Friday,  Dec. 22, 2017
       Time-Step Length (HHMMSS): 000500
                 VDIFF completed...       0.7968 seconds
                COUPLE completed...       0.0714 seconds
                  HADV completed...       2.2940 seconds
                  ZADV completed...       0.3103 seconds
                 HDIFF completed...       0.2055 seconds
              DECOUPLE completed...       0.0449 seconds
                  PHOT completed...       0.4680 seconds
               CLDPROC completed...       0.2477 seconds
                  CHEM completed...       0.8660 seconds
                  AERO completed...       0.8654 seconds
            Master Time Step
            Processing completed...       6.1752 seconds

     Processing Day/Time [YYYYDDD:HHMMSS]: 2017356:192000
       Which is Equivalent to (UTC): 19:20:00 Friday,  Dec. 22, 2017
       Time-Step Length (HHMMSS): 000500
                 VDIFF completed...       0.7921 seconds
                COUPLE completed...       0.0688 seconds
                  HADV completed...       2.2896 seconds
                  ZADV completed...       0.3113 seconds
                 HDIFF completed...       0.2039 seconds
              DECOUPLE completed...       0.0441 seconds
                  PHOT completed...       0.4678 seconds
               CLDPROC completed...       0.2504 seconds
                  CHEM completed...       0.8646 seconds
                  AERO completed...       0.8786 seconds
            Master Time Step
            Processing completed...       6.1762 seconds

     Processing Day/Time [YYYYDDD:HHMMSS]: 2017356:192500
       Which is Equivalent to (UTC): 19:25:00 Friday,  Dec. 22, 2017
       Time-Step Length (HHMMSS): 000500
                 VDIFF completed...       0.7849 seconds
                COUPLE completed...       0.0682 seconds
                  HADV completed...       2.2965 seconds
                  ZADV completed...       0.3110 seconds
                 HDIFF completed...       0.2044 seconds
              DECOUPLE completed...       0.0451 seconds
                  PHOT completed...       0.4672 seconds
               CLDPROC completed...       0.2506 seconds
                  CHEM completed...       0.8691 seconds
                  AERO completed...       0.8631 seconds
            Master Time Step
            Processing completed...       6.1655 seconds

     Processing Day/Time [YYYYDDD:HHMMSS]: 2017356:193000
       Which is Equivalent to (UTC): 19:30:00 Friday,  Dec. 22, 2017
       Time-Step Length (HHMMSS): 000500
                 VDIFF completed...       0.7933 seconds
                COUPLE completed...       0.0679 seconds
                  HADV completed...       2.2950 seconds
                  ZADV completed...       0.3098 seconds
                 HDIFF completed...       0.2070 seconds
              DECOUPLE completed...       0.0448 seconds
                  PHOT completed...       0.4820 seconds
               CLDPROC completed...       0.2394 seconds
                  CHEM completed...       0.8581 seconds
                  AERO completed...       0.8658 seconds
            Master Time Step
            Processing completed...       6.1683 seconds

     Processing Day/Time [YYYYDDD:HHMMSS]: 2017356:193500
       Which is Equivalent to (UTC): 19:35:00 Friday,  Dec. 22, 2017
       Time-Step Length (HHMMSS): 000500
                 VDIFF completed...       0.7936 seconds
                COUPLE completed...       0.0697 seconds
                  HADV completed...       2.3038 seconds
                  ZADV completed...       0.3105 seconds
                 HDIFF completed...       0.2053 seconds
              DECOUPLE completed...       0.0447 seconds
                  PHOT completed...       0.4669 seconds
               CLDPROC completed...       0.2508 seconds
                  CHEM completed...       0.8615 seconds
                  AERO completed...       0.8623 seconds
            Master Time Step
            Processing completed...       6.1744 seconds

     Processing Day/Time [YYYYDDD:HHMMSS]: 2017356:194000
       Which is Equivalent to (UTC): 19:40:00 Friday,  Dec. 22, 2017
       Time-Step Length (HHMMSS): 000500
                 VDIFF completed...       0.7964 seconds
                COUPLE completed...       0.0700 seconds
                  HADV completed...       2.2936 seconds
                  ZADV completed...       0.3101 seconds
                 HDIFF completed...       0.2054 seconds
              DECOUPLE completed...       0.0451 seconds
                  PHOT completed...       0.4667 seconds
               CLDPROC completed...       0.2501 seconds
                  CHEM completed...       0.8616 seconds
                  AERO completed...       0.8632 seconds
            Master Time Step
            Processing completed...       6.1666 seconds

     Processing Day/Time [YYYYDDD:HHMMSS]: 2017356:194500
       Which is Equivalent to (UTC): 19:45:00 Friday,  Dec. 22, 2017
       Time-Step Length (HHMMSS): 000500
                 VDIFF completed...       0.8003 seconds
                COUPLE completed...       0.0722 seconds
                  HADV completed...       2.2933 seconds
                  ZADV completed...       0.3106 seconds
                 HDIFF completed...       0.2061 seconds
              DECOUPLE completed...       0.0456 seconds
                  PHOT completed...       0.4655 seconds
               CLDPROC completed...       0.2483 seconds
                  CHEM completed...       0.8667 seconds
                  AERO completed...       0.8645 seconds
            Master Time Step
            Processing completed...       6.1785 seconds

     Processing Day/Time [YYYYDDD:HHMMSS]: 2017356:195000
       Which is Equivalent to (UTC): 19:50:00 Friday,  Dec. 22, 2017
       Time-Step Length (HHMMSS): 000500
                 VDIFF completed...       0.7952 seconds
                COUPLE completed...       0.0724 seconds
                  HADV completed...       2.2973 seconds
                  ZADV completed...       0.3106 seconds
                 HDIFF completed...       0.2142 seconds
              DECOUPLE completed...       0.0485 seconds
                  PHOT completed...       0.4591 seconds
               CLDPROC completed...       0.2432 seconds
                  CHEM completed...       0.8627 seconds
                  AERO completed...       0.8612 seconds
            Master Time Step
            Processing completed...       6.1698 seconds

     Processing Day/Time [YYYYDDD:HHMMSS]: 2017356:195500
       Which is Equivalent to (UTC): 19:55:00 Friday,  Dec. 22, 2017
       Time-Step Length (HHMMSS): 000500
                 VDIFF completed...       3.0425 seconds
                COUPLE completed...       0.1710 seconds
                  HADV completed...       1.2724 seconds
                  ZADV completed...       0.3100 seconds
                 HDIFF completed...       0.2056 seconds
              DECOUPLE completed...       0.0448 seconds
                  PHOT completed...       0.4667 seconds
               CLDPROC completed...       1.6663 seconds
                  CHEM completed...       0.8883 seconds
                  AERO completed...       0.8790 seconds
            Master Time Step
            Processing completed...       8.9521 seconds

      =--> Data Output completed...       1.5518 seconds

     Processing Day/Time [YYYYDDD:HHMMSS]: 2017356:200000
       Which is Equivalent to (UTC): 20:00:00 Friday,  Dec. 22, 2017
       Time-Step Length (HHMMSS): 000500
                 VDIFF completed...       4.8073 seconds
                COUPLE completed...       0.1531 seconds
                  HADV completed...       3.4872 seconds
                  ZADV completed...       0.3124 seconds
                 HDIFF completed...       0.2106 seconds
              DECOUPLE completed...       0.0449 seconds
                  PHOT completed...       1.3655 seconds
               CLDPROC completed...       0.2546 seconds
                  CHEM completed...       0.8599 seconds
                  AERO completed...       0.8628 seconds
            Master Time Step
            Processing completed...      12.3612 seconds

     Processing Day/Time [YYYYDDD:HHMMSS]: 2017356:200500
       Which is Equivalent to (UTC): 20:05:00 Friday,  Dec. 22, 2017
       Time-Step Length (HHMMSS): 000500
                 VDIFF completed...       0.8106 seconds
                COUPLE completed...       0.0634 seconds
                  HADV completed...       2.5991 seconds
                  ZADV completed...       0.2883 seconds
                 HDIFF completed...       0.3509 seconds
              DECOUPLE completed...       0.0444 seconds
                  PHOT completed...       0.4654 seconds
               CLDPROC completed...       0.2503 seconds
                  CHEM completed...       0.8581 seconds
                  AERO completed...       0.8663 seconds
            Master Time Step
            Processing completed...       6.6010 seconds

     Processing Day/Time [YYYYDDD:HHMMSS]: 2017356:201000
       Which is Equivalent to (UTC): 20:10:00 Friday,  Dec. 22, 2017
       Time-Step Length (HHMMSS): 000500
                 VDIFF completed...       0.8083 seconds
                COUPLE completed...       0.0615 seconds
                  HADV completed...       2.3756 seconds
                  ZADV completed...       0.2860 seconds
                 HDIFF completed...       0.2311 seconds
              DECOUPLE completed...       0.0444 seconds
                  PHOT completed...       0.4640 seconds
               CLDPROC completed...       0.2530 seconds
                  CHEM completed...       0.8590 seconds
                  AERO completed...       0.8644 seconds
            Master Time Step
            Processing completed...       6.2489 seconds

     Processing Day/Time [YYYYDDD:HHMMSS]: 2017356:201500
       Which is Equivalent to (UTC): 20:15:00 Friday,  Dec. 22, 2017
       Time-Step Length (HHMMSS): 000500
                 VDIFF completed...       0.8098 seconds
                COUPLE completed...       0.0645 seconds
                  HADV completed...       2.3803 seconds
                  ZADV completed...       0.2905 seconds
                 HDIFF completed...       0.2263 seconds
              DECOUPLE completed...       0.0447 seconds
                  PHOT completed...       0.4635 seconds
               CLDPROC completed...       0.2536 seconds
                  CHEM completed...       0.8574 seconds
                  AERO completed...       0.8643 seconds
            Master Time Step
            Processing completed...       6.2561 seconds

     Processing Day/Time [YYYYDDD:HHMMSS]: 2017356:202000
       Which is Equivalent to (UTC): 20:20:00 Friday,  Dec. 22, 2017
       Time-Step Length (HHMMSS): 000500
                 VDIFF completed...       0.8164 seconds
                COUPLE completed...       0.0646 seconds
                  HADV completed...       2.3736 seconds
                  ZADV completed...       0.2880 seconds
                 HDIFF completed...       0.2288 seconds
              DECOUPLE completed...       0.0447 seconds
                  PHOT completed...       0.4636 seconds
               CLDPROC completed...       0.2544 seconds
                  CHEM completed...       0.8566 seconds
                  AERO completed...       0.8629 seconds
            Master Time Step
            Processing completed...       6.2547 seconds

     Processing Day/Time [YYYYDDD:HHMMSS]: 2017356:202500
       Which is Equivalent to (UTC): 20:25:00 Friday,  Dec. 22, 2017
       Time-Step Length (HHMMSS): 000500
                 VDIFF completed...       0.8230 seconds
                COUPLE completed...       0.0641 seconds
                  HADV completed...       2.3643 seconds
                  ZADV completed...       0.2886 seconds
                 HDIFF completed...       0.2290 seconds
              DECOUPLE completed...       0.0444 seconds
                  PHOT completed...       0.4642 seconds
               CLDPROC completed...       0.2542 seconds
                  CHEM completed...       0.8560 seconds
                  AERO completed...       0.8588 seconds
            Master Time Step
            Processing completed...       6.2475 seconds

     Processing Day/Time [YYYYDDD:HHMMSS]: 2017356:203000
       Which is Equivalent to (UTC): 20:30:00 Friday,  Dec. 22, 2017
       Time-Step Length (HHMMSS): 000500
                 VDIFF completed...       0.8327 seconds
                COUPLE completed...       0.0641 seconds
                  HADV completed...       2.3557 seconds
                  ZADV completed...       0.2872 seconds
                 HDIFF completed...       0.2298 seconds
              DECOUPLE completed...       0.0448 seconds
                  PHOT completed...       0.4637 seconds
               CLDPROC completed...       0.2542 seconds
                  CHEM completed...       0.8565 seconds
                  AERO completed...       0.8630 seconds
            Master Time Step
            Processing completed...       6.2528 seconds

     Processing Day/Time [YYYYDDD:HHMMSS]: 2017356:203500
       Which is Equivalent to (UTC): 20:35:00 Friday,  Dec. 22, 2017
       Time-Step Length (HHMMSS): 000500
                 VDIFF completed...       0.8314 seconds
                COUPLE completed...       0.0674 seconds
                  HADV completed...       2.3525 seconds
                  ZADV completed...       0.2853 seconds
                 HDIFF completed...       0.2316 seconds
              DECOUPLE completed...       0.0445 seconds
                  PHOT completed...       0.4647 seconds
               CLDPROC completed...       0.2539 seconds
                  CHEM completed...       0.8562 seconds
                  AERO completed...       0.8627 seconds
            Master Time Step
            Processing completed...       6.2513 seconds

     Processing Day/Time [YYYYDDD:HHMMSS]: 2017356:204000
       Which is Equivalent to (UTC): 20:40:00 Friday,  Dec. 22, 2017
       Time-Step Length (HHMMSS): 000500
                 VDIFF completed...       0.8365 seconds
                COUPLE completed...       0.0709 seconds
                  HADV completed...       2.3417 seconds
                  ZADV completed...       0.2889 seconds
                 HDIFF completed...       0.2286 seconds
              DECOUPLE completed...       0.0440 seconds
                  PHOT completed...       0.4645 seconds
               CLDPROC completed...       0.2543 seconds
                  CHEM completed...       0.8549 seconds
                  AERO completed...       0.8626 seconds
            Master Time Step
            Processing completed...       6.2477 seconds

     Processing Day/Time [YYYYDDD:HHMMSS]: 2017356:204500
       Which is Equivalent to (UTC): 20:45:00 Friday,  Dec. 22, 2017
       Time-Step Length (HHMMSS): 000500
                 VDIFF completed...       0.8402 seconds
                COUPLE completed...       0.0767 seconds
                  HADV completed...       2.3476 seconds
                  ZADV completed...       0.2874 seconds
                 HDIFF completed...       0.2294 seconds
              DECOUPLE completed...       0.0448 seconds
                  PHOT completed...       0.4634 seconds
               CLDPROC completed...       0.2527 seconds
                  CHEM completed...       0.8566 seconds
                  AERO completed...       0.8639 seconds
            Master Time Step
            Processing completed...       6.2638 seconds

     Processing Day/Time [YYYYDDD:HHMMSS]: 2017356:205000
       Which is Equivalent to (UTC): 20:50:00 Friday,  Dec. 22, 2017
       Time-Step Length (HHMMSS): 000500
                 VDIFF completed...       0.8471 seconds
                COUPLE completed...       0.0897 seconds
                  HADV completed...       2.4820 seconds
                  ZADV completed...       0.2903 seconds
                 HDIFF completed...       0.2265 seconds
              DECOUPLE completed...       0.0448 seconds
                  PHOT completed...       0.4634 seconds
               CLDPROC completed...       0.2511 seconds
                  CHEM completed...       0.8533 seconds
                  AERO completed...       0.8599 seconds
            Master Time Step
            Processing completed...       6.4091 seconds

     Processing Day/Time [YYYYDDD:HHMMSS]: 2017356:205500
       Which is Equivalent to (UTC): 20:55:00 Friday,  Dec. 22, 2017
       Time-Step Length (HHMMSS): 000500
                 VDIFF completed...       3.1625 seconds
                COUPLE completed...       0.1703 seconds
                  HADV completed...       1.3505 seconds
                  ZADV completed...       0.3112 seconds
                 HDIFF completed...       0.2051 seconds
              DECOUPLE completed...       0.0448 seconds
                  PHOT completed...       0.4655 seconds
               CLDPROC completed...       1.6764 seconds
                  CHEM completed...       0.8512 seconds
                  AERO completed...       0.8759 seconds
            Master Time Step
            Processing completed...       9.1184 seconds

      =--> Data Output completed...       1.6838 seconds

     Processing Day/Time [YYYYDDD:HHMMSS]: 2017356:210000
       Which is Equivalent to (UTC): 21:00:00 Friday,  Dec. 22, 2017
       Time-Step Length (HHMMSS): 000500
                 VDIFF completed...       4.5345 seconds
                COUPLE completed...       0.1668 seconds
                  HADV completed...       3.8116 seconds
                  ZADV completed...       0.2895 seconds
                 HDIFF completed...       0.2274 seconds
              DECOUPLE completed...       0.0447 seconds
                  PHOT completed...       1.2918 seconds
               CLDPROC completed...       0.2489 seconds
                  CHEM completed...       0.8546 seconds
                  AERO completed...       0.8651 seconds
            Master Time Step
            Processing completed...      12.3393 seconds

     Processing Day/Time [YYYYDDD:HHMMSS]: 2017356:210500
       Which is Equivalent to (UTC): 21:05:00 Friday,  Dec. 22, 2017
       Time-Step Length (HHMMSS): 000500
                 VDIFF completed...       0.8246 seconds
                COUPLE completed...       0.0786 seconds
                  HADV completed...       2.3436 seconds
                  ZADV completed...       0.2929 seconds
                 HDIFF completed...       0.2242 seconds
              DECOUPLE completed...       0.0470 seconds
                  PHOT completed...       0.4653 seconds
               CLDPROC completed...       0.2426 seconds
                  CHEM completed...       0.8559 seconds
                  AERO completed...       0.8694 seconds
            Master Time Step
            Processing completed...       6.2476 seconds

     Processing Day/Time [YYYYDDD:HHMMSS]: 2017356:211000
       Which is Equivalent to (UTC): 21:10:00 Friday,  Dec. 22, 2017
       Time-Step Length (HHMMSS): 000500
                 VDIFF completed...       0.8407 seconds
                COUPLE completed...       0.0972 seconds
                  HADV completed...       2.3027 seconds
                  ZADV completed...       0.2900 seconds
                 HDIFF completed...       0.2286 seconds
              DECOUPLE completed...       0.0460 seconds
                  PHOT completed...       0.4663 seconds
               CLDPROC completed...       0.2396 seconds
                  CHEM completed...       0.8609 seconds
                  AERO completed...       0.8649 seconds
            Master Time Step
            Processing completed...       6.2389 seconds

     Processing Day/Time [YYYYDDD:HHMMSS]: 2017356:211500
       Which is Equivalent to (UTC): 21:15:00 Friday,  Dec. 22, 2017
       Time-Step Length (HHMMSS): 000500
                 VDIFF completed...       0.8309 seconds
                COUPLE completed...       0.0839 seconds
                  HADV completed...       2.3189 seconds
                  ZADV completed...       0.2909 seconds
                 HDIFF completed...       0.2273 seconds
              DECOUPLE completed...       0.0467 seconds
                  PHOT completed...       0.4660 seconds
               CLDPROC completed...       0.2415 seconds
                  CHEM completed...       0.8473 seconds
                  AERO completed...       0.8646 seconds
            Master Time Step
            Processing completed...       6.2201 seconds

     Processing Day/Time [YYYYDDD:HHMMSS]: 2017356:212000
       Which is Equivalent to (UTC): 21:20:00 Friday,  Dec. 22, 2017
       Time-Step Length (HHMMSS): 000500
                 VDIFF completed...       0.8289 seconds
                COUPLE completed...       0.0625 seconds
                  HADV completed...       2.3464 seconds
                  ZADV completed...       0.2884 seconds
                 HDIFF completed...       0.2284 seconds
              DECOUPLE completed...       0.0457 seconds
                  PHOT completed...       0.4639 seconds
               CLDPROC completed...       0.2381 seconds
                  CHEM completed...       0.8468 seconds
                  AERO completed...       0.8602 seconds
            Master Time Step
            Processing completed...       6.2141 seconds

     Processing Day/Time [YYYYDDD:HHMMSS]: 2017356:212500
       Which is Equivalent to (UTC): 21:25:00 Friday,  Dec. 22, 2017
       Time-Step Length (HHMMSS): 000500
                 VDIFF completed...       0.8465 seconds
                COUPLE completed...       0.0676 seconds
                  HADV completed...       2.3254 seconds
                  ZADV completed...       0.2881 seconds
                 HDIFF completed...       0.2285 seconds
              DECOUPLE completed...       0.0446 seconds
                  PHOT completed...       0.4647 seconds
               CLDPROC completed...       0.2383 seconds
                  CHEM completed...       0.8370 seconds
                  AERO completed...       0.8630 seconds
            Master Time Step
            Processing completed...       6.2078 seconds

     Processing Day/Time [YYYYDDD:HHMMSS]: 2017356:213000
       Which is Equivalent to (UTC): 21:30:00 Friday,  Dec. 22, 2017
       Time-Step Length (HHMMSS): 000500
                 VDIFF completed...       0.8512 seconds
                COUPLE completed...       0.0668 seconds
                  HADV completed...       2.3108 seconds
                  ZADV completed...       0.2900 seconds
                 HDIFF completed...       0.2268 seconds
              DECOUPLE completed...       0.0447 seconds
                  PHOT completed...       0.4651 seconds
               CLDPROC completed...       0.2369 seconds
                  CHEM completed...       0.8299 seconds
                  AERO completed...       0.8600 seconds
            Master Time Step
            Processing completed...       6.1866 seconds

     Processing Day/Time [YYYYDDD:HHMMSS]: 2017356:213500
       Which is Equivalent to (UTC): 21:35:00 Friday,  Dec. 22, 2017
       Time-Step Length (HHMMSS): 000500
                 VDIFF completed...       0.8705 seconds
                COUPLE completed...       0.0729 seconds
                  HADV completed...       2.2975 seconds
                  ZADV completed...       0.2886 seconds
                 HDIFF completed...       0.2307 seconds
              DECOUPLE completed...       0.0454 seconds
                  PHOT completed...       0.4636 seconds
               CLDPROC completed...       0.2326 seconds
                  CHEM completed...       0.8391 seconds
                  AERO completed...       0.8605 seconds
            Master Time Step
            Processing completed...       6.2039 seconds

     Processing Day/Time [YYYYDDD:HHMMSS]: 2017356:214000
       Which is Equivalent to (UTC): 21:40:00 Friday,  Dec. 22, 2017
       Time-Step Length (HHMMSS): 000500
                 VDIFF completed...       0.8611 seconds
                COUPLE completed...       0.0761 seconds
                  HADV completed...       2.3552 seconds
                  ZADV completed...       0.2884 seconds
                 HDIFF completed...       0.2283 seconds
              DECOUPLE completed...       0.0454 seconds
                  PHOT completed...       0.4643 seconds
               CLDPROC completed...       0.2294 seconds
                  CHEM completed...       0.8349 seconds
                  AERO completed...       0.8584 seconds
            Master Time Step
            Processing completed...       6.2466 seconds

     Processing Day/Time [YYYYDDD:HHMMSS]: 2017356:214500
       Which is Equivalent to (UTC): 21:45:00 Friday,  Dec. 22, 2017
       Time-Step Length (HHMMSS): 000500
                 VDIFF completed...       0.8137 seconds
                COUPLE completed...       0.0640 seconds
                  HADV completed...       2.3365 seconds
                  ZADV completed...       0.2897 seconds
                 HDIFF completed...       0.2268 seconds
              DECOUPLE completed...       0.0455 seconds
                  PHOT completed...       0.4631 seconds
               CLDPROC completed...       0.2237 seconds
                  CHEM completed...       0.8322 seconds
                  AERO completed...       0.8576 seconds
            Master Time Step
            Processing completed...       6.1583 seconds

     Processing Day/Time [YYYYDDD:HHMMSS]: 2017356:215000
       Which is Equivalent to (UTC): 21:50:00 Friday,  Dec. 22, 2017
       Time-Step Length (HHMMSS): 000500
                 VDIFF completed...       0.8235 seconds
                COUPLE completed...       0.0615 seconds
                  HADV completed...       2.3108 seconds
                  ZADV completed...       0.2901 seconds
                 HDIFF completed...       0.2277 seconds
              DECOUPLE completed...       0.0450 seconds
                  PHOT completed...       0.4660 seconds
               CLDPROC completed...       0.2187 seconds
                  CHEM completed...       0.8319 seconds
                  AERO completed...       0.8606 seconds
            Master Time Step
            Processing completed...       6.1391 seconds

     Processing Day/Time [YYYYDDD:HHMMSS]: 2017356:215500
       Which is Equivalent to (UTC): 21:55:00 Friday,  Dec. 22, 2017
       Time-Step Length (HHMMSS): 000500
                 VDIFF completed...       2.9635 seconds
                COUPLE completed...       0.1701 seconds
                  HADV completed...       1.3498 seconds
                  ZADV completed...       0.2901 seconds
                 HDIFF completed...       0.2266 seconds
              DECOUPLE completed...       0.0448 seconds
                  PHOT completed...       0.4615 seconds
               CLDPROC completed...       1.6964 seconds
                  CHEM completed...       0.8208 seconds
                  AERO completed...       0.8667 seconds
            Master Time Step
            Processing completed...       8.8963 seconds

      =--> Data Output completed...       1.6570 seconds

     Processing Day/Time [YYYYDDD:HHMMSS]: 2017356:220000
       Which is Equivalent to (UTC): 22:00:00 Friday,  Dec. 22, 2017
       Time-Step Length (HHMMSS): 000500
                 VDIFF completed...       4.6840 seconds
                COUPLE completed...       0.1553 seconds
                  HADV completed...       3.5433 seconds
                  ZADV completed...       0.2864 seconds
                 HDIFF completed...       0.2317 seconds
              DECOUPLE completed...       0.0443 seconds
                  PHOT completed...       1.3681 seconds
               CLDPROC completed...       0.2170 seconds
                  CHEM completed...       0.8276 seconds
                  AERO completed...       0.8627 seconds
            Master Time Step
            Processing completed...      12.2238 seconds

     Processing Day/Time [YYYYDDD:HHMMSS]: 2017356:220500
       Which is Equivalent to (UTC): 22:05:00 Friday,  Dec. 22, 2017
       Time-Step Length (HHMMSS): 000500
                 VDIFF completed...       0.8233 seconds
                COUPLE completed...       0.0533 seconds
                  HADV completed...       2.4480 seconds
                  ZADV completed...       0.2871 seconds
                 HDIFF completed...       0.2297 seconds
              DECOUPLE completed...       0.0441 seconds
                  PHOT completed...       0.4633 seconds
               CLDPROC completed...       0.2160 seconds
                  CHEM completed...       0.8278 seconds
                  AERO completed...       0.8679 seconds
            Master Time Step
            Processing completed...       6.2627 seconds

     Processing Day/Time [YYYYDDD:HHMMSS]: 2017356:221000
       Which is Equivalent to (UTC): 22:10:00 Friday,  Dec. 22, 2017
       Time-Step Length (HHMMSS): 000500
                 VDIFF completed...       0.8328 seconds
                COUPLE completed...       0.0617 seconds
                  HADV completed...       2.2715 seconds
                  ZADV completed...       0.2875 seconds
                 HDIFF completed...       0.2274 seconds
              DECOUPLE completed...       0.0442 seconds
                  PHOT completed...       0.4626 seconds
               CLDPROC completed...       0.2159 seconds
                  CHEM completed...       0.8327 seconds
                  AERO completed...       0.8639 seconds
            Master Time Step
            Processing completed...       6.1045 seconds

     Processing Day/Time [YYYYDDD:HHMMSS]: 2017356:221500
       Which is Equivalent to (UTC): 22:15:00 Friday,  Dec. 22, 2017
       Time-Step Length (HHMMSS): 000500
                 VDIFF completed...       0.8015 seconds
                COUPLE completed...       0.0646 seconds
                  HADV completed...       2.2740 seconds
                  ZADV completed...       0.2860 seconds
                 HDIFF completed...       0.2300 seconds
              DECOUPLE completed...       0.0445 seconds
                  PHOT completed...       0.4631 seconds
               CLDPROC completed...       0.2140 seconds
                  CHEM completed...       0.8351 seconds
                  AERO completed...       0.8592 seconds
            Master Time Step
            Processing completed...       6.0771 seconds

     Processing Day/Time [YYYYDDD:HHMMSS]: 2017356:222000
       Which is Equivalent to (UTC): 22:20:00 Friday,  Dec. 22, 2017
       Time-Step Length (HHMMSS): 000500
                 VDIFF completed...       0.8197 seconds
                COUPLE completed...       0.0672 seconds
                  HADV completed...       2.2096 seconds
                  ZADV completed...       0.2899 seconds
                 HDIFF completed...       0.2253 seconds
              DECOUPLE completed...       0.0447 seconds
                  PHOT completed...       0.4622 seconds
               CLDPROC completed...       0.2128 seconds
                  CHEM completed...       0.8304 seconds
                  AERO completed...       0.8593 seconds
            Master Time Step
            Processing completed...       6.0257 seconds

     Processing Day/Time [YYYYDDD:HHMMSS]: 2017356:222500
       Which is Equivalent to (UTC): 22:25:00 Friday,  Dec. 22, 2017
       Time-Step Length (HHMMSS): 000500
                 VDIFF completed...       0.8458 seconds
                COUPLE completed...       0.0624 seconds
                  HADV completed...       2.1638 seconds
                  ZADV completed...       0.2840 seconds
                 HDIFF completed...       0.2321 seconds
              DECOUPLE completed...       0.0442 seconds
                  PHOT completed...       0.4636 seconds
               CLDPROC completed...       0.2086 seconds
                  CHEM completed...       0.8333 seconds
                  AERO completed...       0.8805 seconds
            Master Time Step
            Processing completed...       6.0233 seconds

     Processing Day/Time [YYYYDDD:HHMMSS]: 2017356:223000
       Which is Equivalent to (UTC): 22:30:00 Friday,  Dec. 22, 2017
       Time-Step Length (HHMMSS): 000500
                 VDIFF completed...       0.8287 seconds
                COUPLE completed...       0.0616 seconds
                  HADV completed...       2.1344 seconds
                  ZADV completed...       0.2837 seconds
                 HDIFF completed...       0.2325 seconds
              DECOUPLE completed...       0.0444 seconds
                  PHOT completed...       0.4641 seconds
               CLDPROC completed...       0.2076 seconds
                  CHEM completed...       0.8308 seconds
                  AERO completed...       0.8718 seconds
            Master Time Step
            Processing completed...       5.9641 seconds

     Processing Day/Time [YYYYDDD:HHMMSS]: 2017356:223500
       Which is Equivalent to (UTC): 22:35:00 Friday,  Dec. 22, 2017
       Time-Step Length (HHMMSS): 000500
                 VDIFF completed...       0.8222 seconds
                COUPLE completed...       0.0631 seconds
                  HADV completed...       2.1329 seconds
                  ZADV completed...       0.2821 seconds
                 HDIFF completed...       0.2343 seconds
              DECOUPLE completed...       0.0446 seconds
                  PHOT completed...       0.4646 seconds
               CLDPROC completed...       0.2051 seconds
                  CHEM completed...       0.8356 seconds
                  AERO completed...       0.8711 seconds
            Master Time Step
            Processing completed...       5.9591 seconds

     Processing Day/Time [YYYYDDD:HHMMSS]: 2017356:224000
       Which is Equivalent to (UTC): 22:40:00 Friday,  Dec. 22, 2017
       Time-Step Length (HHMMSS): 000500
                 VDIFF completed...       0.8077 seconds
                COUPLE completed...       0.0575 seconds
                  HADV completed...       2.0803 seconds
                  ZADV completed...       0.2847 seconds
                 HDIFF completed...       0.2317 seconds
              DECOUPLE completed...       0.0445 seconds
                  PHOT completed...       0.4636 seconds
               CLDPROC completed...       0.2017 seconds
                  CHEM completed...       0.8359 seconds
                  AERO completed...       0.8689 seconds
            Master Time Step
            Processing completed...       5.8814 seconds

     Processing Day/Time [YYYYDDD:HHMMSS]: 2017356:224500
       Which is Equivalent to (UTC): 22:45:00 Friday,  Dec. 22, 2017
       Time-Step Length (HHMMSS): 000500
                 VDIFF completed...       0.8280 seconds
                COUPLE completed...       0.0630 seconds
                  HADV completed...       1.9829 seconds
                  ZADV completed...       0.2808 seconds
                 HDIFF completed...       0.2356 seconds
              DECOUPLE completed...       0.0451 seconds
                  PHOT completed...       0.4639 seconds
               CLDPROC completed...       0.1995 seconds
                  CHEM completed...       0.8390 seconds
                  AERO completed...       0.8732 seconds
            Master Time Step
            Processing completed...       5.8159 seconds

     Processing Day/Time [YYYYDDD:HHMMSS]: 2017356:225000
       Which is Equivalent to (UTC): 22:50:00 Friday,  Dec. 22, 2017
       Time-Step Length (HHMMSS): 000500
                 VDIFF completed...       0.8338 seconds
                COUPLE completed...       0.0681 seconds
                  HADV completed...       1.8980 seconds
                  ZADV completed...       0.2857 seconds
                 HDIFF completed...       0.2308 seconds
              DECOUPLE completed...       0.0446 seconds
                  PHOT completed...       0.4654 seconds
               CLDPROC completed...       0.1951 seconds
                  CHEM completed...       0.8405 seconds
                  AERO completed...       0.8853 seconds
            Master Time Step
            Processing completed...       5.7519 seconds

     Processing Day/Time [YYYYDDD:HHMMSS]: 2017356:225500
       Which is Equivalent to (UTC): 22:55:00 Friday,  Dec. 22, 2017
       Time-Step Length (HHMMSS): 000500
                 VDIFF completed...       2.6584 seconds
                COUPLE completed...       0.1704 seconds
                  HADV completed...       1.2892 seconds
                  ZADV completed...       0.2818 seconds
                 HDIFF completed...       0.2358 seconds
              DECOUPLE completed...       0.0445 seconds
                  PHOT completed...       0.4605 seconds
               CLDPROC completed...       1.4963 seconds
                  CHEM completed...       0.8341 seconds
                  AERO completed...       0.8641 seconds
            Master Time Step
            Processing completed...       8.3406 seconds

      =--> Data Output completed...       1.5774 seconds

     Processing Day/Time [YYYYDDD:HHMMSS]: 2017356:230000
       Which is Equivalent to (UTC): 23:00:00 Friday,  Dec. 22, 2017
       Time-Step Length (HHMMSS): 000500
                 VDIFF completed...       4.4682 seconds
                COUPLE completed...       0.1511 seconds
                  HADV completed...       3.6051 seconds
                  ZADV completed...       0.3115 seconds
                 HDIFF completed...       0.2057 seconds
              DECOUPLE completed...       0.0441 seconds
                  PHOT completed...       1.1974 seconds
               CLDPROC completed...       0.1924 seconds
                  CHEM completed...       0.8488 seconds
                  AERO completed...       0.8633 seconds
            Master Time Step
            Processing completed...      11.8904 seconds

     Processing Day/Time [YYYYDDD:HHMMSS]: 2017356:230500
       Which is Equivalent to (UTC): 23:05:00 Friday,  Dec. 22, 2017
       Time-Step Length (HHMMSS): 000500
                 VDIFF completed...       0.8606 seconds
                COUPLE completed...       0.0785 seconds
                  HADV completed...       1.7593 seconds
                  ZADV completed...       0.3103 seconds
                 HDIFF completed...       0.2073 seconds
              DECOUPLE completed...       0.0450 seconds
                  PHOT completed...       0.4689 seconds
               CLDPROC completed...       0.1941 seconds
                  CHEM completed...       0.8518 seconds
                  AERO completed...       0.8650 seconds
            Master Time Step
            Processing completed...       5.6421 seconds

     Processing Day/Time [YYYYDDD:HHMMSS]: 2017356:231000
       Which is Equivalent to (UTC): 23:10:00 Friday,  Dec. 22, 2017
       Time-Step Length (HHMMSS): 000500
                 VDIFF completed...       0.8683 seconds
                COUPLE completed...       0.0813 seconds
                  HADV completed...       1.7101 seconds
                  ZADV completed...       0.3116 seconds
                 HDIFF completed...       0.2060 seconds
              DECOUPLE completed...       0.0455 seconds
                  PHOT completed...       0.4679 seconds
               CLDPROC completed...       0.1934 seconds
                  CHEM completed...       0.8554 seconds
                  AERO completed...       0.8865 seconds
            Master Time Step
            Processing completed...       5.6304 seconds

     Processing Day/Time [YYYYDDD:HHMMSS]: 2017356:231500
       Which is Equivalent to (UTC): 23:15:00 Friday,  Dec. 22, 2017
       Time-Step Length (HHMMSS): 000500
                 VDIFF completed...       0.8230 seconds
                COUPLE completed...       0.0659 seconds
                  HADV completed...       1.7646 seconds
                  ZADV completed...       0.3114 seconds
                 HDIFF completed...       0.2062 seconds
              DECOUPLE completed...       0.0443 seconds
                  PHOT completed...       0.4694 seconds
               CLDPROC completed...       0.1951 seconds
                  CHEM completed...       0.8623 seconds
                  AERO completed...       0.8701 seconds
            Master Time Step
            Processing completed...       5.6168 seconds

     Processing Day/Time [YYYYDDD:HHMMSS]: 2017356:232000
       Which is Equivalent to (UTC): 23:20:00 Friday,  Dec. 22, 2017
       Time-Step Length (HHMMSS): 000500
                 VDIFF completed...       0.8354 seconds
                COUPLE completed...       0.0608 seconds
                  HADV completed...       1.7890 seconds
                  ZADV completed...       0.3116 seconds
                 HDIFF completed...       0.2058 seconds
              DECOUPLE completed...       0.0446 seconds
                  PHOT completed...       0.4696 seconds
               CLDPROC completed...       0.2071 seconds
                  CHEM completed...       0.8477 seconds
                  AERO completed...       0.8753 seconds
            Master Time Step
            Processing completed...       5.6514 seconds

     Processing Day/Time [YYYYDDD:HHMMSS]: 2017356:232500
       Which is Equivalent to (UTC): 23:25:00 Friday,  Dec. 22, 2017
       Time-Step Length (HHMMSS): 000500
                 VDIFF completed...       0.8271 seconds
                COUPLE completed...       0.0577 seconds
                  HADV completed...       1.7749 seconds
                  ZADV completed...       0.3175 seconds
                 HDIFF completed...       0.2003 seconds
              DECOUPLE completed...       0.0449 seconds
                  PHOT completed...       0.4694 seconds
               CLDPROC completed...       0.1968 seconds
                  CHEM completed...       0.8514 seconds
                  AERO completed...       0.8675 seconds
            Master Time Step
            Processing completed...       5.6120 seconds

     Processing Day/Time [YYYYDDD:HHMMSS]: 2017356:233000
       Which is Equivalent to (UTC): 23:30:00 Friday,  Dec. 22, 2017
       Time-Step Length (HHMMSS): 000500
                 VDIFF completed...       0.8674 seconds
                COUPLE completed...       0.0709 seconds
                  HADV completed...       1.7415 seconds
                  ZADV completed...       0.3116 seconds
                 HDIFF completed...       0.2063 seconds
              DECOUPLE completed...       0.0448 seconds
                  PHOT completed...       0.4700 seconds
               CLDPROC completed...       0.1959 seconds
                  CHEM completed...       0.8520 seconds
                  AERO completed...       0.8704 seconds
            Master Time Step
            Processing completed...       5.6354 seconds

     Processing Day/Time [YYYYDDD:HHMMSS]: 2017356:233500
       Which is Equivalent to (UTC): 23:35:00 Friday,  Dec. 22, 2017
       Time-Step Length (HHMMSS): 000500
                 VDIFF completed...       0.8700 seconds
                COUPLE completed...       0.0757 seconds
                  HADV completed...       1.8277 seconds
                  ZADV completed...       0.3106 seconds
                 HDIFF completed...       0.2073 seconds
              DECOUPLE completed...       0.0443 seconds
                  PHOT completed...       0.4714 seconds
               CLDPROC completed...       0.1934 seconds
                  CHEM completed...       0.8540 seconds
                  AERO completed...       0.8668 seconds
            Master Time Step
            Processing completed...       5.7226 seconds

     Processing Day/Time [YYYYDDD:HHMMSS]: 2017356:234000
       Which is Equivalent to (UTC): 23:40:00 Friday,  Dec. 22, 2017
       Time-Step Length (HHMMSS): 000500
                 VDIFF completed...       0.9034 seconds
                COUPLE completed...       0.0656 seconds
                  HADV completed...       1.6770 seconds
                  ZADV completed...       0.3105 seconds
                 HDIFF completed...       0.2075 seconds
              DECOUPLE completed...       0.0444 seconds
                  PHOT completed...       0.4706 seconds
               CLDPROC completed...       0.1912 seconds
                  CHEM completed...       0.8548 seconds
                  AERO completed...       0.8765 seconds
            Master Time Step
            Processing completed...       5.6023 seconds

     Processing Day/Time [YYYYDDD:HHMMSS]: 2017356:234500
       Which is Equivalent to (UTC): 23:45:00 Friday,  Dec. 22, 2017
       Time-Step Length (HHMMSS): 000500
                 VDIFF completed...       0.8660 seconds
                COUPLE completed...       0.0563 seconds
                  HADV completed...       1.7101 seconds
                  ZADV completed...       0.3106 seconds
                 HDIFF completed...       0.2082 seconds
              DECOUPLE completed...       0.0452 seconds
                  PHOT completed...       0.4714 seconds
               CLDPROC completed...       0.1855 seconds
                  CHEM completed...       0.8524 seconds
                  AERO completed...       0.8863 seconds
            Master Time Step
            Processing completed...       5.5930 seconds

     Processing Day/Time [YYYYDDD:HHMMSS]: 2017356:235000
       Which is Equivalent to (UTC): 23:50:00 Friday,  Dec. 22, 2017
       Time-Step Length (HHMMSS): 000500
                 VDIFF completed...       0.8461 seconds
                COUPLE completed...       0.0456 seconds
                  HADV completed...       1.7193 seconds
                  ZADV completed...       0.3101 seconds
                 HDIFF completed...       0.2082 seconds
              DECOUPLE completed...       0.0442 seconds
                  PHOT completed...       0.4721 seconds
               CLDPROC completed...       0.1801 seconds
                  CHEM completed...       0.8568 seconds
                  AERO completed...       0.9104 seconds
            Master Time Step
            Processing completed...       5.5936 seconds

     Processing Day/Time [YYYYDDD:HHMMSS]: 2017356:235500
       Which is Equivalent to (UTC): 23:55:00 Friday,  Dec. 22, 2017
       Time-Step Length (HHMMSS): 000500
                 VDIFF completed...       2.6850 seconds
                COUPLE completed...       0.1703 seconds
                  HADV completed...       1.2885 seconds
                  ZADV completed...       0.3129 seconds
                 HDIFF completed...       0.2042 seconds
              DECOUPLE completed...       0.0445 seconds
                  PHOT completed...       0.4635 seconds
               CLDPROC completed...       1.5130 seconds
                  CHEM completed...       0.8661 seconds
                  AERO completed...       0.8520 seconds
            Master Time Step
            Processing completed...       8.4053 seconds

      =--> Data Output completed...       1.6314 seconds


     ==============================================
     |>---   PROGRAM COMPLETED SUCCESSFULLY   ---<|
     ==============================================
     Date and time 0:00:00   Dec. 23, 2017  (2017357:000000)

     The elapsed time for this simulation was    2103.3 seconds.

120594.573u 3455.787s 35:07.70 5885.5%	0+0k 45248976+52937240io 136465pf+0w

CMAQ Processing of Day 20171222 Finished at Mon Mar 10 23:44:58 UTC 2025

\\\\\=====\\\\\=====\\\\\=====\\\\\=====/////=====/////=====/////=====/////


Set up input and output files for Day 2017-12-23.

Existing Logs and Output Files for Day 2017-12-23 Will Be Deleted
rm: No match.

CMAQ Processing of Day 20171223 Began at Mon Mar 10 23:44:58 UTC 2025

        CTM_APPL  |  v54+_cb6r5_ae7_aq_WR413_MYR_gcc_2018_12US1_2x64_classic_fsx_20171223
#================================================================================#        
#|                                                                              |#        
#|               The Community Multiscale Air Quality (CMAQ) Model              |#        
#|                                   Version 5.4                                |#        
#|                                                                              |#        
#|                          Built and Maintained by the                         |#        
#|                        Office of Research and Development                    |#        
#|                   United States Environmental Protection Agency              |#        
#|                                                                              |#        
#|                            https://www.epa.gov/cmaq                          |#        
#|                                                                              |#        
#|       Source Code:   https://www.github.com/USEPA/cmaq/tree/master           |#        
#|       Documentation: https://www.github.com/USEPA/cmaq/tree/master/DOCS      |#        
#|                                                                              |#        
#|         The CMAQ Model is tested and released with cooperation from          |#        
#|         the Community Modeling and Analysis System (CMAS) Center via         |#        
#|         contract support. CMAS is managed by the Institute for the           |#        
#|         Environment, University of North Carolina at Chapel Hill.            |#        
#|         CMAS URL: (https://www.cmascenter.org)                               |#        
#|                                                                              |#        
#================================================================================#        
                                                                     
     This program uses the EPA-AREAL/MCNC-EnvPgms/BAMS/ UNC IE       
     Models-3 I/O Applications Programming Interface, [I/O API]      
     which is built on top of the netCDF I/O library (Copyright      
     993, 1996 University Corporation for Atmospheric Research       
     Unidata Program) and the PVM parallel-programming library       
     (from Oak Ridge National Laboratory).                           
     Copyright (C) 1992-2002 MCNC,                                   
     (C) 1992-2018 Carlie J. Coats, Jr.,                             
     (C) 2003-2012 Baron Advanced Meteorological Systems, LLC, and   
     (C) 2014-2023 UNC Institute for the Environment.                
     Released under the GNU LGPL  License, version 2.1.  See URL     
                                                                     
         https://www.gnu.org/licenses/old-licenses/lgpl-2.1.html     
                                                                     
     for conditions of use.                                          
                                                                     
     ioapi-3.2: $Id: init3.F90 247 2023-03-22 15:59:19Z coats $
     netCDF version 4.8.1 of Jun 30 2023 14:38:29 $
      

     ===========================================
     |>---   ENVIRONMENT VARIABLE REPORT   ---<|
     ===========================================

     |> Grid and High-Level Model Parameters:
     +=========================================
      --Env Variable-- | --Value--
      --------------------------------------------------------------------------------
             BLD  |             (default)
          OUTDIR  |  /fsx/data/output/output_v54+_cb6r5_ae7_aq_WR413_MYR_gcc_2018_12US1_2x64_classic_fsx
       NEW_START  |          F
  IGNORE_SOILINP  |          F (default)
    EXECUTION_ID  |  CMAQ_CCTMv54+_sha=0fcfdaa092_ubuntu_20250310_230950_432283153
       GRID_NAME  |  12US1
       CTM_TSTEP  |       10000
      CTM_RUNLEN  |      240000
    CTM_PROGNAME  |  DRIVER (default)
      CTM_STDATE  |     2017357
      CTM_STTIME  |           0
     NPCOL_NPROW  |  8 16
     CTM_MAXSYNC  |         300
     CTM_MINSYNC  |          60

     |> Multiprocess control, output and error checking:
     +====================================================
      --Env Variable-- | --Value--
      --------------------------------------------------------------------------------
 PRINT_PROC_TIME  |          T
     FL_ERR_STOP  |          F
       CTM_CKSUM  |          T
AVG_FILE_ENDTIME  |          F
   AVG_CONC_SPCS  |  ALL
       CONC_SPCS  |  O3 NO ANO3I ANO3J NO2 FORM ISOP NH3 ANH4I ANH4J ASO4I ASO4J
 ACONC_BLEV_ELEV  |   1 1
  CONC_BLEV_ELEV  |   1 1
 IOAPI_LOG_WRITE  |          F
         VERTEXT  |          F
VERTEXT_COORD_PA  |  /shared/build/openmpi_gcc/CMAQ_v54+/CCTM/scripts/lonlat.csv
   gc_matrix_nml  |  /shared/build/openmpi_gcc/CMAQ_v54+/CCTM/scripts/BLD_CCTM_v54+_gcc/GC_cb6r5_ae7_aq.nml
   ae_matrix_nml  |  /shared/build/openmpi_gcc/CMAQ_v54+/CCTM/scripts/BLD_CCTM_v54+_gcc/AE_cb6r5_ae7_aq.nml
   nr_matrix_nml  |  /shared/build/openmpi_gcc/CMAQ_v54+/CCTM/scripts/BLD_CCTM_v54+_gcc/NR_cb6r5_ae7_aq.nml
   tr_matrix_nml  |  /shared/build/openmpi_gcc/CMAQ_v54+/CCTM/scripts/BLD_CCTM_v54+_gcc/Species_Table_TR_0.nml

     |> Chemistry and Photolysis:
     +=============================
      --Env Variable-- | --Value--
      --------------------------------------------------------------------------------
    CTM_PHOTDIAG  |          F
CORE_SHELL_OPTIC  |          F (default)
 OPTICS_MIE_CALC  |          F (default)
       GEAR_ATOL  |   0.100E-08 (default)
       GEAR_RTOL  |   0.100E-02 (default)
         RB_RTOL  |   0.100E-02 (default)
         RB_ATOL  |   0.100E-06 (default)

     |> Aerosols:
     +=============
      --Env Variable-- | --Value--
      --------------------------------------------------------------------------------
   IC_AERO_M2WET  |          F
   BC_AERO_M2WET  |          F
   IC_AERO_M2USE  |          F
   BC_AERO_M2USE  |          F
    STM_SO4TRACK  |          F

     |> Cloud Processes:
     +====================
      --Env Variable-- | --Value--
      --------------------------------------------------------------------------------
        CLD_DIAG  |          F

     |> Air-Surface Exchange Processes:
     +===================================
      --Env Variable-- | --Value--
      --------------------------------------------------------------------------------
      PX_VERSION  |          T
      CTM_ABFLUX  |          T
      CTM_MOSAIC  |          F
    CTM_SFC_HONO  |          T
     CLM_VERSION  |          F
    NOAH_VERSION  |          F
   CTM_DEPV_FILE  |          F
      CTM_HGBIDI  |          F
CTM_BIDI_FERT_NH  |          T
 CTM_WBDUST_BELD  |  UNKNOWN (default)
   STAGECTRL_NML  |  /shared/build/openmpi_gcc/CMAQ_v54+/CCTM/scripts/BLD_CCTM_v54+_gcc/CMAQ_Control_STAGE.nml
   CTM_STAGE_P22  |          F
   CTM_STAGE_E20  |          T
   CTM_STAGE_S22  |          F

     |> Transport Processes:
     +========================
      --Env Variable-- | --Value--
      --------------------------------------------------------------------------------
CTM_VDIFF_DIAG_F  |          F (default)
  SIGMA_SYNC_TOP  |   0.700E+00
    ADV_HDIV_LIM  |   0.900E+00 (default)
     CTM_ADV_CFL  |   0.950E+00
           KZMIN  |          T
        CTM_WVEL  |          T
   CTM_GRAV_SETL  |          T

     |> Emissions Parameters:
     +=========================
      --Env Variable-- | --Value--
      --------------------------------------------------------------------------------
      CTM_EMLAYS  |           0 (default)
   MISC_CTRL_NML  |  /shared/build/openmpi_gcc/CMAQ_v54+/CCTM/scripts/BLD_CCTM_v54+_gcc/CMAQ_Control_Misc.nml
  DESID_CTRL_NML  |  /shared/build/openmpi_gcc/CMAQ_v54+/CCTM/scripts/BLD_CCTM_v54+_gcc/CMAQ_Control_DESID.nml
DESID_CHEM_CTRL_  |  /shared/build/openmpi_gcc/CMAQ_v54+/CCTM/scripts/BLD_CCTM_v54+_gcc/CMAQ_Control_DESID_cb6r5_ae7_aq.nml
       N_EMIS_GR  |           2
       N_EMIS_TR  |           0 (default)
     CTM_EMISCHK  |          F
 CTM_BIOGEMIS_BE  |          T
 CTM_BIOGEMIS_MG  |          F
   USE_MEGAN_LAI  |          F (default)
    MGN_ONLN_DEP  |          F (default)
     BDSNP_MEGAN  |          F
       BIOG_SPRO  |  DEFAULT (default)
      B3GTS_DIAG  |          F
    CTM_MGEMDIAG  |          F (default)
  CTM_OCEAN_CHEM  |          T
     CTM_WB_DUST  |          F
 CTM_DUSTEM_DIAG  |          F
    CTM_SSEMDIAG  |          F
     CTM_LTNG_NO  |          F
   LTNG_ASSIM_DT  |           0 (default)
          LTNGNO  |  InLine (default)
        USE_NLDN  |          F (default)
        LTNGDIAG  |          F
         MOLSNCG  |   0.350E+03 (default)
         MOLSNIC  |   0.350E+03 (default)
       N_EMIS_PT  |          10
          IPVERT  |           0 (default)
   EMIS_SYM_DATE  |          F (default)

     |> Process Analysis Parameters:
     +================================
      --Env Variable-- | --Value--
      --------------------------------------------------------------------------------
      CTM_PROCAN  |          F
    PA_BCOL_ECOL  |             (default)
    PA_BROW_EROW  |             (default)
    PA_BLEV_ELEV  |             (default)
       MET_TSTEP  |       10000 (default)

     MET data determined based on WRF ARW version 4.3.3


          -=-  MPP Processor-to-Subdomain Map  -=-
                 Number of Processors = 128
    ____________________________________________________
    |                                                  |
    |  PE    #Cols    Col_Range     #Rows    Row_Range |
    |__________________________________________________|
    |                                                  |
    |  0       58      1:  58         19      1:  19   |
    |  1       58     59: 116         19      1:  19   |
    |  2       58    117: 174         19      1:  19   |
    |  3       57    175: 231         19      1:  19   |
    |  4       57    232: 288         19      1:  19   |
    |  5       57    289: 345         19      1:  19   |
    |  6       57    346: 402         19      1:  19   |
    |  7       57    403: 459         19      1:  19   |
    |  8       58      1:  58         19     20:  38   |
    |  9       58     59: 116         19     20:  38   |
    | 10       58    117: 174         19     20:  38   |
    | 11       57    175: 231         19     20:  38   |
    | 12       57    232: 288         19     20:  38   |
    | 13       57    289: 345         19     20:  38   |
    | 14       57    346: 402         19     20:  38   |
    | 15       57    403: 459         19     20:  38   |
    | 16       58      1:  58         19     39:  57   |
    | 17       58     59: 116         19     39:  57   |
    | 18       58    117: 174         19     39:  57   |
    | 19       57    175: 231         19     39:  57   |
    | 20       57    232: 288         19     39:  57   |
    | 21       57    289: 345         19     39:  57   |
    | 22       57    346: 402         19     39:  57   |
    | 23       57    403: 459         19     39:  57   |
    | 24       58      1:  58         19     58:  76   |
    | 25       58     59: 116         19     58:  76   |
    | 26       58    117: 174         19     58:  76   |
    | 27       57    175: 231         19     58:  76   |
    | 28       57    232: 288         19     58:  76   |
    | 29       57    289: 345         19     58:  76   |
    | 30       57    346: 402         19     58:  76   |
    | 31       57    403: 459         19     58:  76   |
    | 32       58      1:  58         19     77:  95   |
    | 33       58     59: 116         19     77:  95   |
    | 34       58    117: 174         19     77:  95   |
    | 35       57    175: 231         19     77:  95   |
    | 36       57    232: 288         19     77:  95   |
    | 37       57    289: 345         19     77:  95   |
    | 38       57    346: 402         19     77:  95   |
    | 39       57    403: 459         19     77:  95   |
    | 40       58      1:  58         19     96: 114   |
    | 41       58     59: 116         19     96: 114   |
    | 42       58    117: 174         19     96: 114   |
    | 43       57    175: 231         19     96: 114   |
    | 44       57    232: 288         19     96: 114   |
    | 45       57    289: 345         19     96: 114   |
    | 46       57    346: 402         19     96: 114   |
    | 47       57    403: 459         19     96: 114   |
    | 48       58      1:  58         19    115: 133   |
    | 49       58     59: 116         19    115: 133   |
    | 50       58    117: 174         19    115: 133   |
    | 51       57    175: 231         19    115: 133   |
    | 52       57    232: 288         19    115: 133   |
    | 53       57    289: 345         19    115: 133   |
    | 54       57    346: 402         19    115: 133   |
    | 55       57    403: 459         19    115: 133   |
    | 56       58      1:  58         19    134: 152   |
    | 57       58     59: 116         19    134: 152   |
    | 58       58    117: 174         19    134: 152   |
    | 59       57    175: 231         19    134: 152   |
    | 60       57    232: 288         19    134: 152   |
    | 61       57    289: 345         19    134: 152   |
    | 62       57    346: 402         19    134: 152   |
    | 63       57    403: 459         19    134: 152   |
    | 64       58      1:  58         19    153: 171   |
    | 65       58     59: 116         19    153: 171   |
    | 66       58    117: 174         19    153: 171   |
    | 67       57    175: 231         19    153: 171   |
    | 68       57    232: 288         19    153: 171   |
    | 69       57    289: 345         19    153: 171   |
    | 70       57    346: 402         19    153: 171   |
    | 71       57    403: 459         19    153: 171   |
    | 72       58      1:  58         19    172: 190   |
    | 73       58     59: 116         19    172: 190   |
    | 74       58    117: 174         19    172: 190   |
    | 75       57    175: 231         19    172: 190   |
    | 76       57    232: 288         19    172: 190   |
    | 77       57    289: 345         19    172: 190   |
    | 78       57    346: 402         19    172: 190   |
    | 79       57    403: 459         19    172: 190   |
    | 80       58      1:  58         19    191: 209   |
    | 81       58     59: 116         19    191: 209   |
    | 82       58    117: 174         19    191: 209   |
    | 83       57    175: 231         19    191: 209   |
    | 84       57    232: 288         19    191: 209   |
    | 85       57    289: 345         19    191: 209   |
    | 86       57    346: 402         19    191: 209   |
    | 87       57    403: 459         19    191: 209   |
    | 88       58      1:  58         18    210: 227   |
    | 89       58     59: 116         18    210: 227   |
    | 90       58    117: 174         18    210: 227   |
    | 91       57    175: 231         18    210: 227   |
    | 92       57    232: 288         18    210: 227   |
    | 93       57    289: 345         18    210: 227   |
    | 94       57    346: 402         18    210: 227   |
    | 95       57    403: 459         18    210: 227   |
    | 96       58      1:  58         18    228: 245   |
    | 97       58     59: 116         18    228: 245   |
    | 98       58    117: 174         18    228: 245   |
    | 99       57    175: 231         18    228: 245   |
    |100       57    232: 288         18    228: 245   |
    |101       57    289: 345         18    228: 245   |
    |102       57    346: 402         18    228: 245   |
    |103       57    403: 459         18    228: 245   |
    |104       58      1:  58         18    246: 263   |
    |105       58     59: 116         18    246: 263   |
    |106       58    117: 174         18    246: 263   |
    |107       57    175: 231         18    246: 263   |
    |108       57    232: 288         18    246: 263   |
    |109       57    289: 345         18    246: 263   |
    |110       57    346: 402         18    246: 263   |
    |111       57    403: 459         18    246: 263   |
    |112       58      1:  58         18    264: 281   |
    |113       58     59: 116         18    264: 281   |
    |114       58    117: 174         18    264: 281   |
    |115       57    175: 231         18    264: 281   |
    |116       57    232: 288         18    264: 281   |
    |117       57    289: 345         18    264: 281   |
    |118       57    346: 402         18    264: 281   |
    |119       57    403: 459         18    264: 281   |
    |120       58      1:  58         18    282: 299   |
    |121       58     59: 116         18    282: 299   |
    |122       58    117: 174         18    282: 299   |
    |123       57    175: 231         18    282: 299   |
    |124       57    232: 288         18    282: 299   |
    |125       57    289: 345         18    282: 299   |
    |126       57    346: 402         18    282: 299   |
    |127       57    403: 459         18    282: 299   |
    |__________________________________________________|



     ================================
     |>---   TIME INTEGRATION   ---<|
     ================================

     Processing Day/Time [YYYYDDD:HHMMSS]: 2017357:000000
       Which is Equivalent to (UTC): 0:00:00  Saturday,  Dec. 23, 2017
       Time-Step Length (HHMMSS): 000500
                 VDIFF completed...       1.9943 seconds
                COUPLE completed...       0.1247 seconds
                  HADV completed...       2.0778 seconds
                  ZADV completed...       0.3131 seconds
                 HDIFF completed...       0.2102 seconds
              DECOUPLE completed...       0.0443 seconds
                  PHOT completed...       0.6455 seconds
               CLDPROC completed...       0.1772 seconds
                  CHEM completed...       0.8594 seconds
                  AERO completed...       0.8907 seconds
            Master Time Step
            Processing completed...       7.3412 seconds

     Processing Day/Time [YYYYDDD:HHMMSS]: 2017357:000500
       Which is Equivalent to (UTC): 0:05:00  Saturday,  Dec. 23, 2017
       Time-Step Length (HHMMSS): 000500
                 VDIFF completed...       0.8233 seconds
                COUPLE completed...       0.0530 seconds
                  HADV completed...       1.7785 seconds
                  ZADV completed...       0.3093 seconds
                 HDIFF completed...       0.2128 seconds
              DECOUPLE completed...       0.0444 seconds
                  PHOT completed...       0.4729 seconds
               CLDPROC completed...       0.1786 seconds
                  CHEM completed...       0.8682 seconds
                  AERO completed...       0.8734 seconds
            Master Time Step
            Processing completed...       5.6188 seconds

     Processing Day/Time [YYYYDDD:HHMMSS]: 2017357:001000
       Which is Equivalent to (UTC): 0:10:00  Saturday,  Dec. 23, 2017
       Time-Step Length (HHMMSS): 000500
                 VDIFF completed...       0.8155 seconds
                COUPLE completed...       0.0489 seconds
                  HADV completed...       1.7661 seconds
                  ZADV completed...       0.3091 seconds
                 HDIFF completed...       0.2082 seconds
              DECOUPLE completed...       0.0440 seconds
                  PHOT completed...       0.4742 seconds
               CLDPROC completed...       0.1816 seconds
                  CHEM completed...       0.8731 seconds
                  AERO completed...       0.8778 seconds
            Master Time Step
            Processing completed...       5.6029 seconds

     Processing Day/Time [YYYYDDD:HHMMSS]: 2017357:001500
       Which is Equivalent to (UTC): 0:15:00  Saturday,  Dec. 23, 2017
       Time-Step Length (HHMMSS): 000500
                 VDIFF completed...       0.7576 seconds
                COUPLE completed...       0.0509 seconds
                  HADV completed...       1.8056 seconds
                  ZADV completed...       0.3086 seconds
                 HDIFF completed...       0.2077 seconds
              DECOUPLE completed...       0.0436 seconds
                  PHOT completed...       0.4751 seconds
               CLDPROC completed...       0.1828 seconds
                  CHEM completed...       0.8784 seconds
                  AERO completed...       0.8907 seconds
            Master Time Step
            Processing completed...       5.6054 seconds

     Processing Day/Time [YYYYDDD:HHMMSS]: 2017357:002000
       Which is Equivalent to (UTC): 0:20:00  Saturday,  Dec. 23, 2017
       Time-Step Length (HHMMSS): 000500
                 VDIFF completed...       0.7120 seconds
                COUPLE completed...       0.0538 seconds
                  HADV completed...       1.8385 seconds
                  ZADV completed...       0.3088 seconds
                 HDIFF completed...       0.2085 seconds
              DECOUPLE completed...       0.0444 seconds
                  PHOT completed...       0.4753 seconds
               CLDPROC completed...       0.1849 seconds
                  CHEM completed...       0.8946 seconds
                  AERO completed...       0.9035 seconds
            Master Time Step
            Processing completed...       5.6289 seconds

     Processing Day/Time [YYYYDDD:HHMMSS]: 2017357:002500
       Which is Equivalent to (UTC): 0:25:00  Saturday,  Dec. 23, 2017
       Time-Step Length (HHMMSS): 000500
                 VDIFF completed...       0.6843 seconds
                COUPLE completed...       0.0482 seconds
                  HADV completed...       1.8647 seconds
                  ZADV completed...       0.3095 seconds
                 HDIFF completed...       0.2079 seconds
              DECOUPLE completed...       0.0441 seconds
                  PHOT completed...       0.4764 seconds
               CLDPROC completed...       0.1975 seconds
                  CHEM completed...       0.8918 seconds
                  AERO completed...       0.9097 seconds
            Master Time Step
            Processing completed...       5.6387 seconds

     Processing Day/Time [YYYYDDD:HHMMSS]: 2017357:003000
       Which is Equivalent to (UTC): 0:30:00  Saturday,  Dec. 23, 2017
       Time-Step Length (HHMMSS): 000500
                 VDIFF completed...       0.6923 seconds
                COUPLE completed...       0.0475 seconds
                  HADV completed...       1.8514 seconds
                  ZADV completed...       0.3175 seconds
                 HDIFF completed...       0.1997 seconds
              DECOUPLE completed...       0.0459 seconds
                  PHOT completed...       0.4697 seconds
               CLDPROC completed...       0.1841 seconds
                  CHEM completed...       0.9001 seconds
                  AERO completed...       0.9018 seconds
            Master Time Step
            Processing completed...       5.6143 seconds

     Processing Day/Time [YYYYDDD:HHMMSS]: 2017357:003500
       Which is Equivalent to (UTC): 0:35:00  Saturday,  Dec. 23, 2017
       Time-Step Length (HHMMSS): 000500
                 VDIFF completed...       0.6977 seconds
                COUPLE completed...       0.0452 seconds
                  HADV completed...       1.8703 seconds
                  ZADV completed...       0.3086 seconds
                 HDIFF completed...       0.2096 seconds
              DECOUPLE completed...       0.0447 seconds
                  PHOT completed...       0.4557 seconds
               CLDPROC completed...       0.1833 seconds
                  CHEM completed...       0.8934 seconds
                  AERO completed...       0.8872 seconds
            Master Time Step
            Processing completed...       5.6003 seconds

     Processing Day/Time [YYYYDDD:HHMMSS]: 2017357:004000
       Which is Equivalent to (UTC): 0:40:00  Saturday,  Dec. 23, 2017
       Time-Step Length (HHMMSS): 000500
                 VDIFF completed...       0.7014 seconds
                COUPLE completed...       0.0479 seconds
                  HADV completed...       1.8975 seconds
                  ZADV completed...       0.3067 seconds
                 HDIFF completed...       0.2113 seconds
              DECOUPLE completed...       0.0444 seconds
                  PHOT completed...       0.4429 seconds
               CLDPROC completed...       0.1817 seconds
                  CHEM completed...       0.8761 seconds
                  AERO completed...       0.8763 seconds
            Master Time Step
            Processing completed...       5.5912 seconds

     Processing Day/Time [YYYYDDD:HHMMSS]: 2017357:004500
       Which is Equivalent to (UTC): 0:45:00  Saturday,  Dec. 23, 2017
       Time-Step Length (HHMMSS): 000500
                 VDIFF completed...       0.7349 seconds
                COUPLE completed...       0.0473 seconds
                  HADV completed...       1.9130 seconds
                  ZADV completed...       0.3078 seconds
                 HDIFF completed...       0.2102 seconds
              DECOUPLE completed...       0.0445 seconds
                  PHOT completed...       0.4314 seconds
               CLDPROC completed...       0.1779 seconds
                  CHEM completed...       0.8514 seconds
                  AERO completed...       0.8635 seconds
            Master Time Step
            Processing completed...       5.5833 seconds

     Processing Day/Time [YYYYDDD:HHMMSS]: 2017357:005000
       Which is Equivalent to (UTC): 0:50:00  Saturday,  Dec. 23, 2017
       Time-Step Length (HHMMSS): 000500
                 VDIFF completed...       0.7352 seconds
                COUPLE completed...       0.0556 seconds
                  HADV completed...       1.9490 seconds
                  ZADV completed...       0.3080 seconds
                 HDIFF completed...       0.2106 seconds
              DECOUPLE completed...       0.0443 seconds
                  PHOT completed...       0.4183 seconds
               CLDPROC completed...       0.1739 seconds
                  CHEM completed...       0.8183 seconds
                  AERO completed...       0.8666 seconds
            Master Time Step
            Processing completed...       5.5805 seconds

     Processing Day/Time [YYYYDDD:HHMMSS]: 2017357:005500
       Which is Equivalent to (UTC): 0:55:00  Saturday,  Dec. 23, 2017
       Time-Step Length (HHMMSS): 000500
                 VDIFF completed...       2.4427 seconds
                COUPLE completed...       0.1702 seconds
                  HADV completed...       1.3561 seconds
                  ZADV completed...       0.3091 seconds
                 HDIFF completed...       0.2096 seconds
              DECOUPLE completed...       0.0446 seconds
                  PHOT completed...       0.3688 seconds
               CLDPROC completed...       1.5963 seconds
                  CHEM completed...       0.8091 seconds
                  AERO completed...       0.8358 seconds
            Master Time Step
            Processing completed...       8.1464 seconds

      =--> Data Output completed...       1.7063 seconds

     Processing Day/Time [YYYYDDD:HHMMSS]: 2017357:010000
       Which is Equivalent to (UTC): 1:00:00  Saturday,  Dec. 23, 2017
       Time-Step Length (HHMMSS): 000500
                 VDIFF completed...       4.2320 seconds
                COUPLE completed...       0.1507 seconds
                  HADV completed...       3.2618 seconds
                  ZADV completed...       0.3038 seconds
                 HDIFF completed...       0.3465 seconds
              DECOUPLE completed...       0.0445 seconds
                  PHOT completed...       1.1165 seconds
               CLDPROC completed...       0.1834 seconds
                  CHEM completed...       0.7463 seconds
                  AERO completed...       0.8555 seconds
            Master Time Step
            Processing completed...      11.2445 seconds

     Processing Day/Time [YYYYDDD:HHMMSS]: 2017357:010500
       Which is Equivalent to (UTC): 1:05:00  Saturday,  Dec. 23, 2017
       Time-Step Length (HHMMSS): 000500
                 VDIFF completed...       0.7499 seconds
                COUPLE completed...       0.0696 seconds
                  HADV completed...       2.1420 seconds
                  ZADV completed...       0.3091 seconds
                 HDIFF completed...       0.2088 seconds
              DECOUPLE completed...       0.0443 seconds
                  PHOT completed...       0.3185 seconds
               CLDPROC completed...       0.1949 seconds
                  CHEM completed...       0.7180 seconds
                  AERO completed...       0.8337 seconds
            Master Time Step
            Processing completed...       5.5935 seconds

     Processing Day/Time [YYYYDDD:HHMMSS]: 2017357:011000
       Which is Equivalent to (UTC): 1:10:00  Saturday,  Dec. 23, 2017
       Time-Step Length (HHMMSS): 000500
                 VDIFF completed...       0.8362 seconds
                COUPLE completed...       0.0670 seconds
                  HADV completed...       2.1429 seconds
                  ZADV completed...       0.3099 seconds
                 HDIFF completed...       0.2085 seconds
              DECOUPLE completed...       0.0441 seconds
                  PHOT completed...       0.2646 seconds
               CLDPROC completed...       0.1917 seconds
                  CHEM completed...       0.7076 seconds
                  AERO completed...       0.8146 seconds
            Master Time Step
            Processing completed...       5.5907 seconds

     Processing Day/Time [YYYYDDD:HHMMSS]: 2017357:011500
       Which is Equivalent to (UTC): 1:15:00  Saturday,  Dec. 23, 2017
       Time-Step Length (HHMMSS): 000500
                 VDIFF completed...       0.9091 seconds
                COUPLE completed...       0.0626 seconds
                  HADV completed...       2.1408 seconds
                  ZADV completed...       0.3087 seconds
                 HDIFF completed...       0.2100 seconds
              DECOUPLE completed...       0.0443 seconds
                  PHOT completed...       0.2286 seconds
               CLDPROC completed...       0.2084 seconds
                  CHEM completed...       0.7171 seconds
                  AERO completed...       0.8194 seconds
            Master Time Step
            Processing completed...       5.6531 seconds

     Processing Day/Time [YYYYDDD:HHMMSS]: 2017357:012000
       Which is Equivalent to (UTC): 1:20:00  Saturday,  Dec. 23, 2017
       Time-Step Length (HHMMSS): 000500
                 VDIFF completed...       0.9205 seconds
                COUPLE completed...       0.0647 seconds
                  HADV completed...       2.1357 seconds
                  ZADV completed...       0.3098 seconds
                 HDIFF completed...       0.2084 seconds
              DECOUPLE completed...       0.0441 seconds
                  PHOT completed...       0.2017 seconds
               CLDPROC completed...       0.2243 seconds
                  CHEM completed...       0.7230 seconds
                  AERO completed...       0.8186 seconds
            Master Time Step
            Processing completed...       5.6549 seconds

     Processing Day/Time [YYYYDDD:HHMMSS]: 2017357:012500
       Which is Equivalent to (UTC): 1:25:00  Saturday,  Dec. 23, 2017
       Time-Step Length (HHMMSS): 000500
                 VDIFF completed...       0.9279 seconds
                COUPLE completed...       0.0625 seconds
                  HADV completed...       2.1423 seconds
                  ZADV completed...       0.3092 seconds
                 HDIFF completed...       0.2094 seconds
              DECOUPLE completed...       0.0444 seconds
                  PHOT completed...       0.1784 seconds
               CLDPROC completed...       0.2449 seconds
                  CHEM completed...       0.7272 seconds
                  AERO completed...       0.8187 seconds
            Master Time Step
            Processing completed...       5.6677 seconds

     Processing Day/Time [YYYYDDD:HHMMSS]: 2017357:013000
       Which is Equivalent to (UTC): 1:30:00  Saturday,  Dec. 23, 2017
       Time-Step Length (HHMMSS): 000500
                 VDIFF completed...       0.9315 seconds
                COUPLE completed...       0.0658 seconds
                  HADV completed...       2.1931 seconds
                  ZADV completed...       0.3108 seconds
                 HDIFF completed...       0.2080 seconds
              DECOUPLE completed...       0.0445 seconds
                  PHOT completed...       0.1776 seconds
               CLDPROC completed...       0.2438 seconds
                  CHEM completed...       0.7201 seconds
                  AERO completed...       0.8200 seconds
            Master Time Step
            Processing completed...       5.7193 seconds

     Processing Day/Time [YYYYDDD:HHMMSS]: 2017357:013500
       Which is Equivalent to (UTC): 1:35:00  Saturday,  Dec. 23, 2017
       Time-Step Length (HHMMSS): 000500
                 VDIFF completed...       0.9402 seconds
                COUPLE completed...       0.0689 seconds
                  HADV completed...       2.1308 seconds
                  ZADV completed...       0.3099 seconds
                 HDIFF completed...       0.2096 seconds
              DECOUPLE completed...       0.0451 seconds
                  PHOT completed...       0.1773 seconds
               CLDPROC completed...       0.2430 seconds
                  CHEM completed...       0.7158 seconds
                  AERO completed...       0.8180 seconds
            Master Time Step
            Processing completed...       5.6622 seconds

     Processing Day/Time [YYYYDDD:HHMMSS]: 2017357:014000
       Which is Equivalent to (UTC): 1:40:00  Saturday,  Dec. 23, 2017
       Time-Step Length (HHMMSS): 000500
                 VDIFF completed...       0.9448 seconds
                COUPLE completed...       0.0685 seconds
                  HADV completed...       2.1432 seconds
                  ZADV completed...       0.3103 seconds
                 HDIFF completed...       0.2086 seconds
              DECOUPLE completed...       0.0449 seconds
                  PHOT completed...       0.1783 seconds
               CLDPROC completed...       0.2415 seconds
                  CHEM completed...       0.7129 seconds
                  AERO completed...       0.8153 seconds
            Master Time Step
            Processing completed...       5.6726 seconds

     Processing Day/Time [YYYYDDD:HHMMSS]: 2017357:014500
       Which is Equivalent to (UTC): 1:45:00  Saturday,  Dec. 23, 2017
       Time-Step Length (HHMMSS): 000500
                 VDIFF completed...       0.9543 seconds
                COUPLE completed...       0.0676 seconds
                  HADV completed...       2.1297 seconds
                  ZADV completed...       0.3096 seconds
                 HDIFF completed...       0.2093 seconds
              DECOUPLE completed...       0.0444 seconds
                  PHOT completed...       0.1782 seconds
               CLDPROC completed...       0.2413 seconds
                  CHEM completed...       0.7113 seconds
                  AERO completed...       0.8162 seconds
            Master Time Step
            Processing completed...       5.6666 seconds

     Processing Day/Time [YYYYDDD:HHMMSS]: 2017357:015000
       Which is Equivalent to (UTC): 1:50:00  Saturday,  Dec. 23, 2017
       Time-Step Length (HHMMSS): 000500
                 VDIFF completed...       0.9612 seconds
                COUPLE completed...       0.0687 seconds
                  HADV completed...       2.2370 seconds
                  ZADV completed...       0.3124 seconds
                 HDIFF completed...       0.2067 seconds
              DECOUPLE completed...       0.0441 seconds
                  PHOT completed...       0.1781 seconds
               CLDPROC completed...       0.2390 seconds
                  CHEM completed...       0.7080 seconds
                  AERO completed...       0.8196 seconds
            Master Time Step
            Processing completed...       5.7797 seconds

     Processing Day/Time [YYYYDDD:HHMMSS]: 2017357:015500
       Which is Equivalent to (UTC): 1:55:00  Saturday,  Dec. 23, 2017
       Time-Step Length (HHMMSS): 000500
                 VDIFF completed...       2.8433 seconds
                COUPLE completed...       0.1706 seconds
                  HADV completed...       1.3553 seconds
                  ZADV completed...       0.3107 seconds
                 HDIFF completed...       0.2083 seconds
              DECOUPLE completed...       0.0440 seconds
                  PHOT completed...       0.1778 seconds
               CLDPROC completed...       1.8379 seconds
                  CHEM completed...       0.7266 seconds
                  AERO completed...       0.8488 seconds
            Master Time Step
            Processing completed...       8.5306 seconds

      =--> Data Output completed...       1.5864 seconds

     Processing Day/Time [YYYYDDD:HHMMSS]: 2017357:020000
       Which is Equivalent to (UTC): 2:00:00  Saturday,  Dec. 23, 2017
       Time-Step Length (HHMMSS): 000500
                 VDIFF completed...       5.0305 seconds
                COUPLE completed...       0.1462 seconds
                  HADV completed...       3.2572 seconds
                  ZADV completed...       0.3109 seconds
                 HDIFF completed...       0.2084 seconds
              DECOUPLE completed...       0.0439 seconds
                  PHOT completed...       1.0150 seconds
               CLDPROC completed...       0.2395 seconds
                  CHEM completed...       0.7017 seconds
                  AERO completed...       0.8215 seconds
            Master Time Step
            Processing completed...      11.7791 seconds

     Processing Day/Time [YYYYDDD:HHMMSS]: 2017357:020500
       Which is Equivalent to (UTC): 2:05:00  Saturday,  Dec. 23, 2017
       Time-Step Length (HHMMSS): 000500
                 VDIFF completed...       0.9983 seconds
                COUPLE completed...       0.0842 seconds
                  HADV completed...       2.0191 seconds
                  ZADV completed...       0.2807 seconds
                 HDIFF completed...       0.2383 seconds
              DECOUPLE completed...       0.0446 seconds
                  PHOT completed...       0.1781 seconds
               CLDPROC completed...       0.2359 seconds
                  CHEM completed...       0.6964 seconds
                  AERO completed...       0.8230 seconds
            Master Time Step
            Processing completed...       5.6041 seconds

     Processing Day/Time [YYYYDDD:HHMMSS]: 2017357:021000
       Which is Equivalent to (UTC): 2:10:00  Saturday,  Dec. 23, 2017
       Time-Step Length (HHMMSS): 000500
                 VDIFF completed...       0.9859 seconds
                COUPLE completed...       0.0852 seconds
                  HADV completed...       2.0134 seconds
                  ZADV completed...       0.2812 seconds
                 HDIFF completed...       0.2374 seconds
              DECOUPLE completed...       0.0453 seconds
                  PHOT completed...       0.1775 seconds
               CLDPROC completed...       0.2360 seconds
                  CHEM completed...       0.6921 seconds
                  AERO completed...       0.8235 seconds
            Master Time Step
            Processing completed...       5.5841 seconds

     Processing Day/Time [YYYYDDD:HHMMSS]: 2017357:021500
       Which is Equivalent to (UTC): 2:15:00  Saturday,  Dec. 23, 2017
       Time-Step Length (HHMMSS): 000500
                 VDIFF completed...       1.0036 seconds
                COUPLE completed...       0.0888 seconds
                  HADV completed...       1.9986 seconds
                  ZADV completed...       0.3022 seconds
                 HDIFF completed...       0.2168 seconds
              DECOUPLE completed...       0.0448 seconds
                  PHOT completed...       0.1777 seconds
               CLDPROC completed...       0.2403 seconds
                  CHEM completed...       0.6875 seconds
                  AERO completed...       0.8199 seconds
            Master Time Step
            Processing completed...       5.5847 seconds

     Processing Day/Time [YYYYDDD:HHMMSS]: 2017357:022000
       Which is Equivalent to (UTC): 2:20:00  Saturday,  Dec. 23, 2017
       Time-Step Length (HHMMSS): 000500
                 VDIFF completed...       1.0022 seconds
                COUPLE completed...       0.0903 seconds
                  HADV completed...       2.0021 seconds
                  ZADV completed...       0.3069 seconds
                 HDIFF completed...       0.2120 seconds
              DECOUPLE completed...       0.0452 seconds
                  PHOT completed...       0.1776 seconds
               CLDPROC completed...       0.2394 seconds
                  CHEM completed...       0.6839 seconds
                  AERO completed...       0.8203 seconds
            Master Time Step
            Processing completed...       5.5842 seconds

     Processing Day/Time [YYYYDDD:HHMMSS]: 2017357:022500
       Which is Equivalent to (UTC): 2:25:00  Saturday,  Dec. 23, 2017
       Time-Step Length (HHMMSS): 000500
                 VDIFF completed...       1.0082 seconds
                COUPLE completed...       0.0918 seconds
                  HADV completed...       1.9992 seconds
                  ZADV completed...       0.3079 seconds
                 HDIFF completed...       0.2120 seconds
              DECOUPLE completed...       0.0459 seconds
                  PHOT completed...       0.1763 seconds
               CLDPROC completed...       0.2408 seconds
                  CHEM completed...       0.6804 seconds
                  AERO completed...       0.8157 seconds
            Master Time Step
            Processing completed...       5.5827 seconds

     Processing Day/Time [YYYYDDD:HHMMSS]: 2017357:023000
       Which is Equivalent to (UTC): 2:30:00  Saturday,  Dec. 23, 2017
       Time-Step Length (HHMMSS): 000500
                 VDIFF completed...       1.0142 seconds
                COUPLE completed...       0.0920 seconds
                  HADV completed...       2.1790 seconds
                  ZADV completed...       0.3076 seconds
                 HDIFF completed...       0.2114 seconds
              DECOUPLE completed...       0.0448 seconds
                  PHOT completed...       0.1775 seconds
               CLDPROC completed...       0.2378 seconds
                  CHEM completed...       0.6761 seconds
                  AERO completed...       0.8208 seconds
            Master Time Step
            Processing completed...       5.7655 seconds

     Processing Day/Time [YYYYDDD:HHMMSS]: 2017357:023500
       Which is Equivalent to (UTC): 2:35:00  Saturday,  Dec. 23, 2017
       Time-Step Length (HHMMSS): 000500
                 VDIFF completed...       1.0363 seconds
                COUPLE completed...       0.0879 seconds
                  HADV completed...       1.9966 seconds
                  ZADV completed...       0.3056 seconds
                 HDIFF completed...       0.2135 seconds
              DECOUPLE completed...       0.0445 seconds
                  PHOT completed...       0.1779 seconds
               CLDPROC completed...       0.2397 seconds
                  CHEM completed...       0.6789 seconds
                  AERO completed...       0.8179 seconds
            Master Time Step
            Processing completed...       5.6037 seconds

     Processing Day/Time [YYYYDDD:HHMMSS]: 2017357:024000
       Which is Equivalent to (UTC): 2:40:00  Saturday,  Dec. 23, 2017
       Time-Step Length (HHMMSS): 000500
                 VDIFF completed...       1.0215 seconds
                COUPLE completed...       0.0928 seconds
                  HADV completed...       1.9943 seconds
                  ZADV completed...       0.3064 seconds
                 HDIFF completed...       0.2126 seconds
              DECOUPLE completed...       0.0450 seconds
                  PHOT completed...       0.1780 seconds
               CLDPROC completed...       0.2388 seconds
                  CHEM completed...       0.6785 seconds
                  AERO completed...       0.8181 seconds
            Master Time Step
            Processing completed...       5.5909 seconds

     Processing Day/Time [YYYYDDD:HHMMSS]: 2017357:024500
       Which is Equivalent to (UTC): 2:45:00  Saturday,  Dec. 23, 2017
       Time-Step Length (HHMMSS): 000500
                 VDIFF completed...       1.0271 seconds
                COUPLE completed...       0.0907 seconds
                  HADV completed...       1.9887 seconds
                  ZADV completed...       0.3080 seconds
                 HDIFF completed...       0.2118 seconds
              DECOUPLE completed...       0.0450 seconds
                  PHOT completed...       0.1770 seconds
               CLDPROC completed...       0.2391 seconds
                  CHEM completed...       0.6782 seconds
                  AERO completed...       0.8188 seconds
            Master Time Step
            Processing completed...       5.5887 seconds

     Processing Day/Time [YYYYDDD:HHMMSS]: 2017357:025000
       Which is Equivalent to (UTC): 2:50:00  Saturday,  Dec. 23, 2017
       Time-Step Length (HHMMSS): 000500
                 VDIFF completed...       1.0128 seconds
                COUPLE completed...       0.0941 seconds
                  HADV completed...       1.9902 seconds
                  ZADV completed...       0.3101 seconds
                 HDIFF completed...       0.2088 seconds
              DECOUPLE completed...       0.0441 seconds
                  PHOT completed...       0.1792 seconds
               CLDPROC completed...       0.2383 seconds
                  CHEM completed...       0.6789 seconds
                  AERO completed...       0.8169 seconds
            Master Time Step
            Processing completed...       5.5746 seconds

     Processing Day/Time [YYYYDDD:HHMMSS]: 2017357:025500
       Which is Equivalent to (UTC): 2:55:00  Saturday,  Dec. 23, 2017
       Time-Step Length (HHMMSS): 000500
                 VDIFF completed...       2.8188 seconds
                COUPLE completed...       0.1707 seconds
                  HADV completed...       1.2918 seconds
                  ZADV completed...       0.3028 seconds
                 HDIFF completed...       0.2164 seconds
              DECOUPLE completed...       0.0445 seconds
                  PHOT completed...       0.1778 seconds
               CLDPROC completed...       1.8562 seconds
                  CHEM completed...       0.6657 seconds
                  AERO completed...       0.8654 seconds
            Master Time Step
            Processing completed...       8.4165 seconds

      =--> Data Output completed...       1.6188 seconds

     Processing Day/Time [YYYYDDD:HHMMSS]: 2017357:030000
       Which is Equivalent to (UTC): 3:00:00  Saturday,  Dec. 23, 2017
       Time-Step Length (HHMMSS): 000500
                 VDIFF completed...       4.6083 seconds
                COUPLE completed...       0.1469 seconds
                  HADV completed...       3.1361 seconds
                  ZADV completed...       0.2804 seconds
                 HDIFF completed...       0.2393 seconds
              DECOUPLE completed...       0.0445 seconds
                  PHOT completed...       1.0998 seconds
               CLDPROC completed...       0.2374 seconds
                  CHEM completed...       0.6735 seconds
                  AERO completed...       0.8200 seconds
            Master Time Step
            Processing completed...      11.2909 seconds

     Processing Day/Time [YYYYDDD:HHMMSS]: 2017357:030500
       Which is Equivalent to (UTC): 3:05:00  Saturday,  Dec. 23, 2017
       Time-Step Length (HHMMSS): 000500
                 VDIFF completed...       1.0260 seconds
                COUPLE completed...       0.0912 seconds
                  HADV completed...       1.9899 seconds
                  ZADV completed...       0.2763 seconds
                 HDIFF completed...       0.2429 seconds
              DECOUPLE completed...       0.0439 seconds
                  PHOT completed...       0.1782 seconds
               CLDPROC completed...       0.2337 seconds
                  CHEM completed...       0.6717 seconds
                  AERO completed...       0.8207 seconds
            Master Time Step
            Processing completed...       5.5797 seconds

     Processing Day/Time [YYYYDDD:HHMMSS]: 2017357:031000
       Which is Equivalent to (UTC): 3:10:00  Saturday,  Dec. 23, 2017
       Time-Step Length (HHMMSS): 000500
                 VDIFF completed...       1.0082 seconds
                COUPLE completed...       0.0914 seconds
                  HADV completed...       2.0023 seconds
                  ZADV completed...       0.2756 seconds
                 HDIFF completed...       0.2425 seconds
              DECOUPLE completed...       0.0443 seconds
                  PHOT completed...       0.1780 seconds
               CLDPROC completed...       0.2346 seconds
                  CHEM completed...       0.6683 seconds
                  AERO completed...       0.8213 seconds
            Master Time Step
            Processing completed...       5.5718 seconds

     Processing Day/Time [YYYYDDD:HHMMSS]: 2017357:031500
       Which is Equivalent to (UTC): 3:15:00  Saturday,  Dec. 23, 2017
       Time-Step Length (HHMMSS): 000500
                 VDIFF completed...       0.9562 seconds
                COUPLE completed...       0.0715 seconds
                  HADV completed...       2.0834 seconds
                  ZADV completed...       0.2757 seconds
                 HDIFF completed...       0.2429 seconds
              DECOUPLE completed...       0.0448 seconds
                  PHOT completed...       0.1781 seconds
               CLDPROC completed...       0.2351 seconds
                  CHEM completed...       0.6655 seconds
                  AERO completed...       0.8350 seconds
            Master Time Step
            Processing completed...       5.5928 seconds

     Processing Day/Time [YYYYDDD:HHMMSS]: 2017357:032000
       Which is Equivalent to (UTC): 3:20:00  Saturday,  Dec. 23, 2017
       Time-Step Length (HHMMSS): 000500
                 VDIFF completed...       0.9848 seconds
                COUPLE completed...       0.0877 seconds
                  HADV completed...       2.0195 seconds
                  ZADV completed...       0.2751 seconds
                 HDIFF completed...       0.2428 seconds
              DECOUPLE completed...       0.0446 seconds
                  PHOT completed...       0.1774 seconds
               CLDPROC completed...       0.2366 seconds
                  CHEM completed...       0.6776 seconds
                  AERO completed...       0.8163 seconds
            Master Time Step
            Processing completed...       5.5672 seconds

     Processing Day/Time [YYYYDDD:HHMMSS]: 2017357:032500
       Which is Equivalent to (UTC): 3:25:00  Saturday,  Dec. 23, 2017
       Time-Step Length (HHMMSS): 000500
                 VDIFF completed...       0.9972 seconds
                COUPLE completed...       0.0931 seconds
                  HADV completed...       2.0120 seconds
                  ZADV completed...       0.2708 seconds
                 HDIFF completed...       0.2476 seconds
              DECOUPLE completed...       0.0443 seconds
                  PHOT completed...       0.1776 seconds
               CLDPROC completed...       0.2365 seconds
                  CHEM completed...       0.6627 seconds
                  AERO completed...       0.8219 seconds
            Master Time Step
            Processing completed...       5.5687 seconds

     Processing Day/Time [YYYYDDD:HHMMSS]: 2017357:033000
       Which is Equivalent to (UTC): 3:30:00  Saturday,  Dec. 23, 2017
       Time-Step Length (HHMMSS): 000500
                 VDIFF completed...       0.9953 seconds
                COUPLE completed...       0.0881 seconds
                  HADV completed...       2.0250 seconds
                  ZADV completed...       0.2774 seconds
                 HDIFF completed...       0.2412 seconds
              DECOUPLE completed...       0.0445 seconds
                  PHOT completed...       0.1777 seconds
               CLDPROC completed...       0.2355 seconds
                  CHEM completed...       0.6619 seconds
                  AERO completed...       0.8207 seconds
            Master Time Step
            Processing completed...       5.5732 seconds

     Processing Day/Time [YYYYDDD:HHMMSS]: 2017357:033500
       Which is Equivalent to (UTC): 3:35:00  Saturday,  Dec. 23, 2017
       Time-Step Length (HHMMSS): 000500
                 VDIFF completed...       1.0056 seconds
                COUPLE completed...       0.0921 seconds
                  HADV completed...       2.0154 seconds
                  ZADV completed...       0.2780 seconds
                 HDIFF completed...       0.2406 seconds
              DECOUPLE completed...       0.0441 seconds
                  PHOT completed...       0.1775 seconds
               CLDPROC completed...       0.2357 seconds
                  CHEM completed...       0.6608 seconds
                  AERO completed...       0.8222 seconds
            Master Time Step
            Processing completed...       5.5784 seconds

     Processing Day/Time [YYYYDDD:HHMMSS]: 2017357:034000
       Which is Equivalent to (UTC): 3:40:00  Saturday,  Dec. 23, 2017
       Time-Step Length (HHMMSS): 000500
                 VDIFF completed...       0.9917 seconds
                COUPLE completed...       0.0844 seconds
                  HADV completed...       2.0387 seconds
                  ZADV completed...       0.2773 seconds
                 HDIFF completed...       0.2410 seconds
              DECOUPLE completed...       0.0445 seconds
                  PHOT completed...       0.1778 seconds
               CLDPROC completed...       0.2352 seconds
                  CHEM completed...       0.6601 seconds
                  AERO completed...       0.8234 seconds
            Master Time Step
            Processing completed...       5.5798 seconds

     Processing Day/Time [YYYYDDD:HHMMSS]: 2017357:034500
       Which is Equivalent to (UTC): 3:45:00  Saturday,  Dec. 23, 2017
       Time-Step Length (HHMMSS): 000500
                 VDIFF completed...       0.9957 seconds
                COUPLE completed...       0.0884 seconds
                  HADV completed...       2.0257 seconds
                  ZADV completed...       0.2734 seconds
                 HDIFF completed...       0.2453 seconds
              DECOUPLE completed...       0.0441 seconds
                  PHOT completed...       0.1782 seconds
               CLDPROC completed...       0.2348 seconds
                  CHEM completed...       0.6591 seconds
                  AERO completed...       0.8237 seconds
            Master Time Step
            Processing completed...       5.5740 seconds

     Processing Day/Time [YYYYDDD:HHMMSS]: 2017357:035000
       Which is Equivalent to (UTC): 3:50:00  Saturday,  Dec. 23, 2017
       Time-Step Length (HHMMSS): 000500
                 VDIFF completed...       1.0001 seconds
                COUPLE completed...       0.0880 seconds
                  HADV completed...       2.0281 seconds
                  ZADV completed...       0.2766 seconds
                 HDIFF completed...       0.2420 seconds
              DECOUPLE completed...       0.0443 seconds
                  PHOT completed...       0.1782 seconds
               CLDPROC completed...       0.2335 seconds
                  CHEM completed...       0.6593 seconds
                  AERO completed...       0.8229 seconds
            Master Time Step
            Processing completed...       5.5789 seconds

     Processing Day/Time [YYYYDDD:HHMMSS]: 2017357:035500
       Which is Equivalent to (UTC): 3:55:00  Saturday,  Dec. 23, 2017
       Time-Step Length (HHMMSS): 000500
                 VDIFF completed...       2.8023 seconds
                COUPLE completed...       0.1698 seconds
                  HADV completed...       1.2911 seconds
                  ZADV completed...       0.2798 seconds
                 HDIFF completed...       0.2392 seconds
              DECOUPLE completed...       0.0445 seconds
                  PHOT completed...       0.1773 seconds
               CLDPROC completed...       1.7399 seconds
                  CHEM completed...       0.6279 seconds
                  AERO completed...       0.8565 seconds
            Master Time Step
            Processing completed...       8.2359 seconds

      =--> Data Output completed...       1.6541 seconds

     Processing Day/Time [YYYYDDD:HHMMSS]: 2017357:040000
       Which is Equivalent to (UTC): 4:00:00  Saturday,  Dec. 23, 2017
       Time-Step Length (HHMMSS): 000400
                 VDIFF completed...       4.2078 seconds
                COUPLE completed...       0.1574 seconds
                  HADV completed...       3.3610 seconds
                  ZADV completed...       0.3082 seconds
                 HDIFF completed...       0.2107 seconds
              DECOUPLE completed...       0.0441 seconds
                  PHOT completed...       1.0110 seconds
               CLDPROC completed...       0.2310 seconds
                  CHEM completed...       0.6577 seconds
                  AERO completed...       0.8027 seconds
            Master Time Step
            Processing completed...      10.9946 seconds

     Processing Day/Time [YYYYDDD:HHMMSS]: 2017357:040400
       Which is Equivalent to (UTC): 4:04:00  Saturday,  Dec. 23, 2017
       Time-Step Length (HHMMSS): 000400
                 VDIFF completed...       1.0183 seconds
                COUPLE completed...       0.0948 seconds
                  HADV completed...       1.7315 seconds
                  ZADV completed...       0.3055 seconds
                 HDIFF completed...       0.2153 seconds
              DECOUPLE completed...       0.0448 seconds
                  PHOT completed...       0.1786 seconds
               CLDPROC completed...       0.2385 seconds
                  CHEM completed...       0.6554 seconds
                  AERO completed...       0.7974 seconds
            Master Time Step
            Processing completed...       5.2809 seconds

     Processing Day/Time [YYYYDDD:HHMMSS]: 2017357:040800
       Which is Equivalent to (UTC): 4:08:00  Saturday,  Dec. 23, 2017
       Time-Step Length (HHMMSS): 000400
                 VDIFF completed...       1.0222 seconds
                COUPLE completed...       0.0902 seconds
                  HADV completed...       1.7454 seconds
                  ZADV completed...       0.3095 seconds
                 HDIFF completed...       0.2105 seconds
              DECOUPLE completed...       0.0449 seconds
                  PHOT completed...       0.1789 seconds
               CLDPROC completed...       0.2385 seconds
                  CHEM completed...       0.6549 seconds
                  AERO completed...       0.7978 seconds
            Master Time Step
            Processing completed...       5.2938 seconds

     Processing Day/Time [YYYYDDD:HHMMSS]: 2017357:041200
       Which is Equivalent to (UTC): 4:12:00  Saturday,  Dec. 23, 2017
       Time-Step Length (HHMMSS): 000400
                 VDIFF completed...       1.0059 seconds
                COUPLE completed...       0.0859 seconds
                  HADV completed...       1.7567 seconds
                  ZADV completed...       0.3116 seconds
                 HDIFF completed...       0.2093 seconds
              DECOUPLE completed...       0.0450 seconds
                  PHOT completed...       0.1780 seconds
               CLDPROC completed...       0.2392 seconds
                  CHEM completed...       0.6542 seconds
                  AERO completed...       0.7980 seconds
            Master Time Step
            Processing completed...       5.2851 seconds

     Processing Day/Time [YYYYDDD:HHMMSS]: 2017357:041600
       Which is Equivalent to (UTC): 4:16:00  Saturday,  Dec. 23, 2017
       Time-Step Length (HHMMSS): 000400
                 VDIFF completed...       0.9994 seconds
                COUPLE completed...       0.0870 seconds
                  HADV completed...       1.7582 seconds
                  ZADV completed...       0.3075 seconds
                 HDIFF completed...       0.2129 seconds
              DECOUPLE completed...       0.0445 seconds
                  PHOT completed...       0.1787 seconds
               CLDPROC completed...       0.2395 seconds
                  CHEM completed...       0.6546 seconds
                  AERO completed...       0.7976 seconds
            Master Time Step
            Processing completed...       5.2808 seconds

     Processing Day/Time [YYYYDDD:HHMMSS]: 2017357:042000
       Which is Equivalent to (UTC): 4:20:00  Saturday,  Dec. 23, 2017
       Time-Step Length (HHMMSS): 000400
                 VDIFF completed...       0.9938 seconds
                COUPLE completed...       0.0877 seconds
                  HADV completed...       1.7631 seconds
                  ZADV completed...       0.3118 seconds
                 HDIFF completed...       0.2088 seconds
              DECOUPLE completed...       0.0450 seconds
                  PHOT completed...       0.1789 seconds
               CLDPROC completed...       0.2417 seconds
                  CHEM completed...       0.6530 seconds
                  AERO completed...       0.7989 seconds
            Master Time Step
            Processing completed...       5.2835 seconds

     Processing Day/Time [YYYYDDD:HHMMSS]: 2017357:042400
       Which is Equivalent to (UTC): 4:24:00  Saturday,  Dec. 23, 2017
       Time-Step Length (HHMMSS): 000400
                 VDIFF completed...       0.9892 seconds
                COUPLE completed...       0.0887 seconds
                  HADV completed...       1.7723 seconds
                  ZADV completed...       0.3100 seconds
                 HDIFF completed...       0.2105 seconds
              DECOUPLE completed...       0.0453 seconds
                  PHOT completed...       0.1787 seconds
               CLDPROC completed...       0.2412 seconds
                  CHEM completed...       0.6532 seconds
                  AERO completed...       0.7984 seconds
            Master Time Step
            Processing completed...       5.2884 seconds

     Processing Day/Time [YYYYDDD:HHMMSS]: 2017357:042800
       Which is Equivalent to (UTC): 4:28:00  Saturday,  Dec. 23, 2017
       Time-Step Length (HHMMSS): 000400
                 VDIFF completed...       0.9886 seconds
                COUPLE completed...       0.0907 seconds
                  HADV completed...       1.7627 seconds
                  ZADV completed...       0.3109 seconds
                 HDIFF completed...       0.2097 seconds
              DECOUPLE completed...       0.0455 seconds
                  PHOT completed...       0.1783 seconds
               CLDPROC completed...       0.2419 seconds
                  CHEM completed...       0.6529 seconds
                  AERO completed...       0.7975 seconds
            Master Time Step
            Processing completed...       5.2800 seconds

     Processing Day/Time [YYYYDDD:HHMMSS]: 2017357:043200
       Which is Equivalent to (UTC): 4:32:00  Saturday,  Dec. 23, 2017
       Time-Step Length (HHMMSS): 000400
                 VDIFF completed...       0.9995 seconds
                COUPLE completed...       0.0897 seconds
                  HADV completed...       1.7522 seconds
                  ZADV completed...       0.3098 seconds
                 HDIFF completed...       0.2100 seconds
              DECOUPLE completed...       0.0456 seconds
                  PHOT completed...       0.1774 seconds
               CLDPROC completed...       0.2406 seconds
                  CHEM completed...       0.6516 seconds
                  AERO completed...       0.7987 seconds
            Master Time Step
            Processing completed...       5.2798 seconds

     Processing Day/Time [YYYYDDD:HHMMSS]: 2017357:043600
       Which is Equivalent to (UTC): 4:36:00  Saturday,  Dec. 23, 2017
       Time-Step Length (HHMMSS): 000400
                 VDIFF completed...       0.9933 seconds
                COUPLE completed...       0.0908 seconds
                  HADV completed...       1.7544 seconds
                  ZADV completed...       0.3111 seconds
                 HDIFF completed...       0.2088 seconds
              DECOUPLE completed...       0.0456 seconds
                  PHOT completed...       0.1778 seconds
               CLDPROC completed...       0.2409 seconds
                  CHEM completed...       0.6522 seconds
                  AERO completed...       0.7989 seconds
            Master Time Step
            Processing completed...       5.2780 seconds

     Processing Day/Time [YYYYDDD:HHMMSS]: 2017357:044000
       Which is Equivalent to (UTC): 4:40:00  Saturday,  Dec. 23, 2017
       Time-Step Length (HHMMSS): 000400
                 VDIFF completed...       0.9979 seconds
                COUPLE completed...       0.0887 seconds
                  HADV completed...       1.7462 seconds
                  ZADV completed...       0.3121 seconds
                 HDIFF completed...       0.2076 seconds
              DECOUPLE completed...       0.0454 seconds
                  PHOT completed...       0.1779 seconds
               CLDPROC completed...       0.2424 seconds
                  CHEM completed...       0.6592 seconds
                  AERO completed...       0.8003 seconds
            Master Time Step
            Processing completed...       5.2825 seconds

     Processing Day/Time [YYYYDDD:HHMMSS]: 2017357:044400
       Which is Equivalent to (UTC): 4:44:00  Saturday,  Dec. 23, 2017
       Time-Step Length (HHMMSS): 000400
                 VDIFF completed...       0.9740 seconds
                COUPLE completed...       0.0935 seconds
                  HADV completed...       1.7466 seconds
                  ZADV completed...       0.3129 seconds
                 HDIFF completed...       0.2069 seconds
              DECOUPLE completed...       0.0452 seconds
                  PHOT completed...       0.1779 seconds
               CLDPROC completed...       0.2405 seconds
                  CHEM completed...       0.6599 seconds
                  AERO completed...       0.8019 seconds
            Master Time Step
            Processing completed...       5.2640 seconds

     Processing Day/Time [YYYYDDD:HHMMSS]: 2017357:044800
       Which is Equivalent to (UTC): 4:48:00  Saturday,  Dec. 23, 2017
       Time-Step Length (HHMMSS): 000400
                 VDIFF completed...       0.9656 seconds
                COUPLE completed...       0.0884 seconds
                  HADV completed...       1.7479 seconds
                  ZADV completed...       0.3095 seconds
                 HDIFF completed...       0.2102 seconds
              DECOUPLE completed...       0.0449 seconds
                  PHOT completed...       0.1781 seconds
               CLDPROC completed...       0.2407 seconds
                  CHEM completed...       0.6605 seconds
                  AERO completed...       0.8018 seconds
            Master Time Step
            Processing completed...       5.2519 seconds

     Processing Day/Time [YYYYDDD:HHMMSS]: 2017357:045200
       Which is Equivalent to (UTC): 4:52:00  Saturday,  Dec. 23, 2017
       Time-Step Length (HHMMSS): 000400
                 VDIFF completed...       0.9694 seconds
                COUPLE completed...       0.0937 seconds
                  HADV completed...       1.7359 seconds
                  ZADV completed...       0.3114 seconds
                 HDIFF completed...       0.2084 seconds
              DECOUPLE completed...       0.0451 seconds
                  PHOT completed...       0.1777 seconds
               CLDPROC completed...       0.2405 seconds
                  CHEM completed...       0.6615 seconds
                  AERO completed...       0.8017 seconds
            Master Time Step
            Processing completed...       5.2508 seconds

     Processing Day/Time [YYYYDDD:HHMMSS]: 2017357:045600
       Which is Equivalent to (UTC): 4:56:00  Saturday,  Dec. 23, 2017
       Time-Step Length (HHMMSS): 000400
                 VDIFF completed...       2.7584 seconds
                COUPLE completed...       0.1705 seconds
                  HADV completed...       1.0310 seconds
                  ZADV completed...       0.3123 seconds
                 HDIFF completed...       0.2075 seconds
              DECOUPLE completed...       0.0451 seconds
                  PHOT completed...       0.1776 seconds
               CLDPROC completed...       1.7715 seconds
                  CHEM completed...       0.6268 seconds
                  AERO completed...       0.8392 seconds
            Master Time Step
            Processing completed...       7.9461 seconds

      =--> Data Output completed...       1.6221 seconds

     Processing Day/Time [YYYYDDD:HHMMSS]: 2017357:050000
       Which is Equivalent to (UTC): 5:00:00  Saturday,  Dec. 23, 2017
       Time-Step Length (HHMMSS): 000400
                 VDIFF completed...       4.9153 seconds
                COUPLE completed...       0.1442 seconds
                  HADV completed...       2.8671 seconds
                  ZADV completed...       0.2823 seconds
                 HDIFF completed...       0.2365 seconds
              DECOUPLE completed...       0.0441 seconds
                  PHOT completed...       0.9299 seconds
               CLDPROC completed...       0.2446 seconds
                  CHEM completed...       0.6520 seconds
                  AERO completed...       0.8016 seconds
            Master Time Step
            Processing completed...      11.1215 seconds

     Processing Day/Time [YYYYDDD:HHMMSS]: 2017357:050400
       Which is Equivalent to (UTC): 5:04:00  Saturday,  Dec. 23, 2017
       Time-Step Length (HHMMSS): 000400
                 VDIFF completed...       0.9760 seconds
                COUPLE completed...       0.0858 seconds
                  HADV completed...       1.7617 seconds
                  ZADV completed...       0.3119 seconds
                 HDIFF completed...       0.2078 seconds
              DECOUPLE completed...       0.0450 seconds
                  PHOT completed...       0.1776 seconds
               CLDPROC completed...       0.2408 seconds
                  CHEM completed...       0.6502 seconds
                  AERO completed...       0.8013 seconds
            Master Time Step
            Processing completed...       5.2631 seconds

     Processing Day/Time [YYYYDDD:HHMMSS]: 2017357:050800
       Which is Equivalent to (UTC): 5:08:00  Saturday,  Dec. 23, 2017
       Time-Step Length (HHMMSS): 000400
                 VDIFF completed...       0.9576 seconds
                COUPLE completed...       0.0875 seconds
                  HADV completed...       1.7667 seconds
                  ZADV completed...       0.3113 seconds
                 HDIFF completed...       0.2093 seconds
              DECOUPLE completed...       0.0455 seconds
                  PHOT completed...       0.1773 seconds
               CLDPROC completed...       0.2416 seconds
                  CHEM completed...       0.6481 seconds
                  AERO completed...       0.8019 seconds
            Master Time Step
            Processing completed...       5.2511 seconds

     Processing Day/Time [YYYYDDD:HHMMSS]: 2017357:051200
       Which is Equivalent to (UTC): 5:12:00  Saturday,  Dec. 23, 2017
       Time-Step Length (HHMMSS): 000400
                 VDIFF completed...       0.9675 seconds
                COUPLE completed...       0.0876 seconds
                  HADV completed...       1.9167 seconds
                  ZADV completed...       0.3123 seconds
                 HDIFF completed...       0.2082 seconds
              DECOUPLE completed...       0.0455 seconds
                  PHOT completed...       0.1778 seconds
               CLDPROC completed...       0.2429 seconds
                  CHEM completed...       0.6434 seconds
                  AERO completed...       0.8007 seconds
            Master Time Step
            Processing completed...       5.4042 seconds

     Processing Day/Time [YYYYDDD:HHMMSS]: 2017357:051600
       Which is Equivalent to (UTC): 5:16:00  Saturday,  Dec. 23, 2017
       Time-Step Length (HHMMSS): 000400
                 VDIFF completed...       0.9304 seconds
                COUPLE completed...       0.0879 seconds
                  HADV completed...       1.7889 seconds
                  ZADV completed...       0.3112 seconds
                 HDIFF completed...       0.2091 seconds
              DECOUPLE completed...       0.0449 seconds
                  PHOT completed...       0.1781 seconds
               CLDPROC completed...       0.2434 seconds
                  CHEM completed...       0.6447 seconds
                  AERO completed...       0.8187 seconds
            Master Time Step
            Processing completed...       5.2604 seconds

     Processing Day/Time [YYYYDDD:HHMMSS]: 2017357:052000
       Which is Equivalent to (UTC): 5:20:00  Saturday,  Dec. 23, 2017
       Time-Step Length (HHMMSS): 000400
                 VDIFF completed...       0.9382 seconds
                COUPLE completed...       0.0905 seconds
                  HADV completed...       1.7732 seconds
                  ZADV completed...       0.3116 seconds
                 HDIFF completed...       0.2081 seconds
              DECOUPLE completed...       0.0456 seconds
                  PHOT completed...       0.1779 seconds
               CLDPROC completed...       0.2429 seconds
                  CHEM completed...       0.6536 seconds
                  AERO completed...       0.7967 seconds
            Master Time Step
            Processing completed...       5.2428 seconds

     Processing Day/Time [YYYYDDD:HHMMSS]: 2017357:052400
       Which is Equivalent to (UTC): 5:24:00  Saturday,  Dec. 23, 2017
       Time-Step Length (HHMMSS): 000400
                 VDIFF completed...       0.9477 seconds
                COUPLE completed...       0.0946 seconds
                  HADV completed...       1.7674 seconds
                  ZADV completed...       0.3114 seconds
                 HDIFF completed...       0.2084 seconds
              DECOUPLE completed...       0.0452 seconds
                  PHOT completed...       0.1777 seconds
               CLDPROC completed...       0.2427 seconds
                  CHEM completed...       0.6501 seconds
                  AERO completed...       0.8004 seconds
            Master Time Step
            Processing completed...       5.2506 seconds

     Processing Day/Time [YYYYDDD:HHMMSS]: 2017357:052800
       Which is Equivalent to (UTC): 5:28:00  Saturday,  Dec. 23, 2017
       Time-Step Length (HHMMSS): 000400
                 VDIFF completed...       0.9397 seconds
                COUPLE completed...       0.0959 seconds
                  HADV completed...       1.7765 seconds
                  ZADV completed...       0.3118 seconds
                 HDIFF completed...       0.2088 seconds
              DECOUPLE completed...       0.0443 seconds
                  PHOT completed...       0.1921 seconds
               CLDPROC completed...       0.2320 seconds
                  CHEM completed...       0.6416 seconds
                  AERO completed...       0.7997 seconds
            Master Time Step
            Processing completed...       5.2440 seconds

     Processing Day/Time [YYYYDDD:HHMMSS]: 2017357:053200
       Which is Equivalent to (UTC): 5:32:00  Saturday,  Dec. 23, 2017
       Time-Step Length (HHMMSS): 000400
                 VDIFF completed...       0.9402 seconds
                COUPLE completed...       0.0956 seconds
                  HADV completed...       1.7805 seconds
                  ZADV completed...       0.3174 seconds
                 HDIFF completed...       0.2036 seconds
              DECOUPLE completed...       0.0458 seconds
                  PHOT completed...       0.1782 seconds
               CLDPROC completed...       0.2437 seconds
                  CHEM completed...       0.6420 seconds
                  AERO completed...       0.7998 seconds
            Master Time Step
            Processing completed...       5.2489 seconds

     Processing Day/Time [YYYYDDD:HHMMSS]: 2017357:053600
       Which is Equivalent to (UTC): 5:36:00  Saturday,  Dec. 23, 2017
       Time-Step Length (HHMMSS): 000400
                 VDIFF completed...       0.9408 seconds
                COUPLE completed...       0.0938 seconds
                  HADV completed...       1.7875 seconds
                  ZADV completed...       0.3101 seconds
                 HDIFF completed...       0.2102 seconds
              DECOUPLE completed...       0.0459 seconds
                  PHOT completed...       0.1767 seconds
               CLDPROC completed...       0.2428 seconds
                  CHEM completed...       0.6414 seconds
                  AERO completed...       0.7985 seconds
            Master Time Step
            Processing completed...       5.2520 seconds

     Processing Day/Time [YYYYDDD:HHMMSS]: 2017357:054000
       Which is Equivalent to (UTC): 5:40:00  Saturday,  Dec. 23, 2017
       Time-Step Length (HHMMSS): 000400
                 VDIFF completed...       0.9495 seconds
                COUPLE completed...       0.0946 seconds
                  HADV completed...       1.7725 seconds
                  ZADV completed...       0.3118 seconds
                 HDIFF completed...       0.2084 seconds
              DECOUPLE completed...       0.0459 seconds
                  PHOT completed...       0.1772 seconds
               CLDPROC completed...       0.2427 seconds
                  CHEM completed...       0.6416 seconds
                  AERO completed...       0.8028 seconds
            Master Time Step
            Processing completed...       5.2518 seconds

     Processing Day/Time [YYYYDDD:HHMMSS]: 2017357:054400
       Which is Equivalent to (UTC): 5:44:00  Saturday,  Dec. 23, 2017
       Time-Step Length (HHMMSS): 000400
                 VDIFF completed...       0.9429 seconds
                COUPLE completed...       0.0900 seconds
                  HADV completed...       1.7766 seconds
                  ZADV completed...       0.3111 seconds
                 HDIFF completed...       0.2092 seconds
              DECOUPLE completed...       0.0454 seconds
                  PHOT completed...       0.1771 seconds
               CLDPROC completed...       0.2429 seconds
                  CHEM completed...       0.6402 seconds
                  AERO completed...       0.7993 seconds
            Master Time Step
            Processing completed...       5.2400 seconds

     Processing Day/Time [YYYYDDD:HHMMSS]: 2017357:054800
       Which is Equivalent to (UTC): 5:48:00  Saturday,  Dec. 23, 2017
       Time-Step Length (HHMMSS): 000400
                 VDIFF completed...       0.9604 seconds
                COUPLE completed...       0.0951 seconds
                  HADV completed...       1.8124 seconds
                  ZADV completed...       0.3125 seconds
                 HDIFF completed...       0.2078 seconds
              DECOUPLE completed...       0.0452 seconds
                  PHOT completed...       0.1776 seconds
               CLDPROC completed...       0.2426 seconds
                  CHEM completed...       0.6397 seconds
                  AERO completed...       0.8035 seconds
            Master Time Step
            Processing completed...       5.3019 seconds

     Processing Day/Time [YYYYDDD:HHMMSS]: 2017357:055200
       Which is Equivalent to (UTC): 5:52:00  Saturday,  Dec. 23, 2017
       Time-Step Length (HHMMSS): 000400
                 VDIFF completed...       0.9413 seconds
                COUPLE completed...       0.0925 seconds
                  HADV completed...       1.7631 seconds
                  ZADV completed...       0.3136 seconds
                 HDIFF completed...       0.2063 seconds
              DECOUPLE completed...       0.0449 seconds
                  PHOT completed...       0.1783 seconds
               CLDPROC completed...       0.2435 seconds
                  CHEM completed...       0.6408 seconds
                  AERO completed...       0.8035 seconds
            Master Time Step
            Processing completed...       5.2319 seconds

     Processing Day/Time [YYYYDDD:HHMMSS]: 2017357:055600
       Which is Equivalent to (UTC): 5:56:00  Saturday,  Dec. 23, 2017
       Time-Step Length (HHMMSS): 000400
                 VDIFF completed...       2.7450 seconds
                COUPLE completed...       0.1689 seconds
                  HADV completed...       1.1349 seconds
                  ZADV completed...       0.3129 seconds
                 HDIFF completed...       0.2082 seconds
              DECOUPLE completed...       0.0450 seconds
                  PHOT completed...       0.1773 seconds
               CLDPROC completed...       1.6892 seconds
                  CHEM completed...       0.6370 seconds
                  AERO completed...       0.8477 seconds
            Master Time Step
            Processing completed...       7.9721 seconds

      =--> Data Output completed...       1.5663 seconds

     Processing Day/Time [YYYYDDD:HHMMSS]: 2017357:060000
       Which is Equivalent to (UTC): 6:00:00  Saturday,  Dec. 23, 2017
       Time-Step Length (HHMMSS): 000400
                 VDIFF completed...       4.5727 seconds
                COUPLE completed...       0.1553 seconds
                  HADV completed...       3.1999 seconds
                  ZADV completed...       0.2837 seconds
                 HDIFF completed...       0.2360 seconds
              DECOUPLE completed...       0.0455 seconds
                  PHOT completed...       1.0584 seconds
               CLDPROC completed...       0.2451 seconds
                  CHEM completed...       0.6460 seconds
                  AERO completed...       0.7992 seconds
            Master Time Step
            Processing completed...      11.2450 seconds

     Processing Day/Time [YYYYDDD:HHMMSS]: 2017357:060400
       Which is Equivalent to (UTC): 6:04:00  Saturday,  Dec. 23, 2017
       Time-Step Length (HHMMSS): 000400
                 VDIFF completed...       0.9745 seconds
                COUPLE completed...       0.0949 seconds
                  HADV completed...       2.3038 seconds
                  ZADV completed...       0.2833 seconds
                 HDIFF completed...       0.2363 seconds
              DECOUPLE completed...       0.0440 seconds
                  PHOT completed...       0.1785 seconds
               CLDPROC completed...       0.2429 seconds
                  CHEM completed...       0.6424 seconds
                  AERO completed...       0.7995 seconds
            Master Time Step
            Processing completed...       5.8026 seconds

     Processing Day/Time [YYYYDDD:HHMMSS]: 2017357:060800
       Which is Equivalent to (UTC): 6:08:00  Saturday,  Dec. 23, 2017
       Time-Step Length (HHMMSS): 000400
                 VDIFF completed...       0.9828 seconds
                COUPLE completed...       0.0966 seconds
                  HADV completed...       1.7355 seconds
                  ZADV completed...       0.2841 seconds
                 HDIFF completed...       0.2341 seconds
              DECOUPLE completed...       0.0443 seconds
                  PHOT completed...       0.1770 seconds
               CLDPROC completed...       0.2438 seconds
                  CHEM completed...       0.6423 seconds
                  AERO completed...       0.8008 seconds
            Master Time Step
            Processing completed...       5.2461 seconds

     Processing Day/Time [YYYYDDD:HHMMSS]: 2017357:061200
       Which is Equivalent to (UTC): 6:12:00  Saturday,  Dec. 23, 2017
       Time-Step Length (HHMMSS): 000400
                 VDIFF completed...       0.8537 seconds
                COUPLE completed...       0.0580 seconds
                  HADV completed...       2.4932 seconds
                  ZADV completed...       0.2800 seconds
                 HDIFF completed...       0.3965 seconds
              DECOUPLE completed...       0.0445 seconds
                  PHOT completed...       0.1785 seconds
               CLDPROC completed...       0.2440 seconds
                  CHEM completed...       0.6401 seconds
                  AERO completed...       0.7986 seconds
            Master Time Step
            Processing completed...       5.9895 seconds

     Processing Day/Time [YYYYDDD:HHMMSS]: 2017357:061600
       Which is Equivalent to (UTC): 6:16:00  Saturday,  Dec. 23, 2017
       Time-Step Length (HHMMSS): 000400
                 VDIFF completed...       0.9670 seconds
                COUPLE completed...       0.0950 seconds
                  HADV completed...       1.7373 seconds
                  ZADV completed...       0.2826 seconds
                 HDIFF completed...       0.2363 seconds
              DECOUPLE completed...       0.0448 seconds
                  PHOT completed...       0.1774 seconds
               CLDPROC completed...       0.2431 seconds
                  CHEM completed...       0.6404 seconds
                  AERO completed...       0.7997 seconds
            Master Time Step
            Processing completed...       5.2286 seconds

     Processing Day/Time [YYYYDDD:HHMMSS]: 2017357:062000
       Which is Equivalent to (UTC): 6:20:00  Saturday,  Dec. 23, 2017
       Time-Step Length (HHMMSS): 000400
                 VDIFF completed...       0.9709 seconds
                COUPLE completed...       0.0953 seconds
                  HADV completed...       1.7316 seconds
                  ZADV completed...       0.2834 seconds
                 HDIFF completed...       0.2349 seconds
              DECOUPLE completed...       0.0446 seconds
                  PHOT completed...       0.1777 seconds
               CLDPROC completed...       0.2434 seconds
                  CHEM completed...       0.6402 seconds
                  AERO completed...       0.7990 seconds
            Master Time Step
            Processing completed...       5.2263 seconds

     Processing Day/Time [YYYYDDD:HHMMSS]: 2017357:062400
       Which is Equivalent to (UTC): 6:24:00  Saturday,  Dec. 23, 2017
       Time-Step Length (HHMMSS): 000400
                 VDIFF completed...       0.9672 seconds
                COUPLE completed...       0.0957 seconds
                  HADV completed...       1.7322 seconds
                  ZADV completed...       0.2835 seconds
                 HDIFF completed...       0.2350 seconds
              DECOUPLE completed...       0.0442 seconds
                  PHOT completed...       0.1774 seconds
               CLDPROC completed...       0.2436 seconds
                  CHEM completed...       0.6390 seconds
                  AERO completed...       0.8013 seconds
            Master Time Step
            Processing completed...       5.2244 seconds

     Processing Day/Time [YYYYDDD:HHMMSS]: 2017357:062800
       Which is Equivalent to (UTC): 6:28:00  Saturday,  Dec. 23, 2017
       Time-Step Length (HHMMSS): 000400
                 VDIFF completed...       0.9698 seconds
                COUPLE completed...       0.0951 seconds
                  HADV completed...       1.7328 seconds
                  ZADV completed...       0.2846 seconds
                 HDIFF completed...       0.2340 seconds
              DECOUPLE completed...       0.0436 seconds
                  PHOT completed...       0.1781 seconds
               CLDPROC completed...       0.2439 seconds
                  CHEM completed...       0.6383 seconds
                  AERO completed...       0.7988 seconds
            Master Time Step
            Processing completed...       5.2242 seconds

     Processing Day/Time [YYYYDDD:HHMMSS]: 2017357:063200
       Which is Equivalent to (UTC): 6:32:00  Saturday,  Dec. 23, 2017
       Time-Step Length (HHMMSS): 000400
                 VDIFF completed...       0.9769 seconds
                COUPLE completed...       0.0970 seconds
                  HADV completed...       1.7307 seconds
                  ZADV completed...       0.2841 seconds
                 HDIFF completed...       0.2337 seconds
              DECOUPLE completed...       0.0440 seconds
                  PHOT completed...       0.1776 seconds
               CLDPROC completed...       0.2435 seconds
                  CHEM completed...       0.6388 seconds
                  AERO completed...       0.7968 seconds
            Master Time Step
            Processing completed...       5.2290 seconds

     Processing Day/Time [YYYYDDD:HHMMSS]: 2017357:063600
       Which is Equivalent to (UTC): 6:36:00  Saturday,  Dec. 23, 2017
       Time-Step Length (HHMMSS): 000400
                 VDIFF completed...       0.9854 seconds
                COUPLE completed...       0.0967 seconds
                  HADV completed...       1.7260 seconds
                  ZADV completed...       0.2846 seconds
                 HDIFF completed...       0.2343 seconds
              DECOUPLE completed...       0.0445 seconds
                  PHOT completed...       0.1773 seconds
               CLDPROC completed...       0.2426 seconds
                  CHEM completed...       0.6379 seconds
                  AERO completed...       0.7992 seconds
            Master Time Step
            Processing completed...       5.2339 seconds

     Processing Day/Time [YYYYDDD:HHMMSS]: 2017357:064000
       Which is Equivalent to (UTC): 6:40:00  Saturday,  Dec. 23, 2017
       Time-Step Length (HHMMSS): 000400
                 VDIFF completed...       0.9854 seconds
                COUPLE completed...       0.0972 seconds
                  HADV completed...       1.7133 seconds
                  ZADV completed...       0.2843 seconds
                 HDIFF completed...       0.2334 seconds
              DECOUPLE completed...       0.0443 seconds
                  PHOT completed...       0.1778 seconds
               CLDPROC completed...       0.2425 seconds
                  CHEM completed...       0.6382 seconds
                  AERO completed...       0.7995 seconds
            Master Time Step
            Processing completed...       5.2209 seconds

     Processing Day/Time [YYYYDDD:HHMMSS]: 2017357:064400
       Which is Equivalent to (UTC): 6:44:00  Saturday,  Dec. 23, 2017
       Time-Step Length (HHMMSS): 000400
                 VDIFF completed...       0.9822 seconds
                COUPLE completed...       0.0986 seconds
                  HADV completed...       1.7139 seconds
                  ZADV completed...       0.2839 seconds
                 HDIFF completed...       0.2338 seconds
              DECOUPLE completed...       0.0433 seconds
                  PHOT completed...       0.1794 seconds
               CLDPROC completed...       0.2429 seconds
                  CHEM completed...       0.6388 seconds
                  AERO completed...       0.7997 seconds
            Master Time Step
            Processing completed...       5.2209 seconds

     Processing Day/Time [YYYYDDD:HHMMSS]: 2017357:064800
       Which is Equivalent to (UTC): 6:48:00  Saturday,  Dec. 23, 2017
       Time-Step Length (HHMMSS): 000400
                 VDIFF completed...       0.9777 seconds
                COUPLE completed...       0.0965 seconds
                  HADV completed...       1.7145 seconds
                  ZADV completed...       0.2856 seconds
                 HDIFF completed...       0.2345 seconds
              DECOUPLE completed...       0.0438 seconds
                  PHOT completed...       0.1782 seconds
               CLDPROC completed...       0.2427 seconds
                  CHEM completed...       0.6397 seconds
                  AERO completed...       0.8016 seconds
            Master Time Step
            Processing completed...       5.2198 seconds

     Processing Day/Time [YYYYDDD:HHMMSS]: 2017357:065200
       Which is Equivalent to (UTC): 6:52:00  Saturday,  Dec. 23, 2017
       Time-Step Length (HHMMSS): 000400
                 VDIFF completed...       0.9804 seconds
                COUPLE completed...       0.0997 seconds
                  HADV completed...       1.6978 seconds
                  ZADV completed...       0.2834 seconds
                 HDIFF completed...       0.2363 seconds
              DECOUPLE completed...       0.0445 seconds
                  PHOT completed...       0.1779 seconds
               CLDPROC completed...       0.2424 seconds
                  CHEM completed...       0.6394 seconds
                  AERO completed...       0.8008 seconds
            Master Time Step
            Processing completed...       5.2070 seconds

     Processing Day/Time [YYYYDDD:HHMMSS]: 2017357:065600
       Which is Equivalent to (UTC): 6:56:00  Saturday,  Dec. 23, 2017
       Time-Step Length (HHMMSS): 000400
                 VDIFF completed...       2.7315 seconds
                COUPLE completed...       0.1701 seconds
                  HADV completed...       1.0313 seconds
                  ZADV completed...       0.2836 seconds
                 HDIFF completed...       0.2346 seconds
              DECOUPLE completed...       0.0441 seconds
                  PHOT completed...       0.1779 seconds
               CLDPROC completed...       1.6013 seconds
                  CHEM completed...       0.6273 seconds
                  AERO completed...       0.8463 seconds
            Master Time Step
            Processing completed...       7.7568 seconds

      =--> Data Output completed...       1.5706 seconds

     Processing Day/Time [YYYYDDD:HHMMSS]: 2017357:070000
       Which is Equivalent to (UTC): 7:00:00  Saturday,  Dec. 23, 2017
       Time-Step Length (HHMMSS): 000500
                 VDIFF completed...       4.8188 seconds
                COUPLE completed...       0.1480 seconds
                  HADV completed...       3.2178 seconds
                  ZADV completed...       0.3101 seconds
                 HDIFF completed...       0.2109 seconds
              DECOUPLE completed...       0.0446 seconds
                  PHOT completed...       1.0417 seconds
               CLDPROC completed...       0.2495 seconds
                  CHEM completed...       0.6538 seconds
                  AERO completed...       0.8365 seconds
            Master Time Step
            Processing completed...      11.5351 seconds

     Processing Day/Time [YYYYDDD:HHMMSS]: 2017357:070500
       Which is Equivalent to (UTC): 7:05:00  Saturday,  Dec. 23, 2017
       Time-Step Length (HHMMSS): 000500
                 VDIFF completed...       0.9103 seconds
                COUPLE completed...       0.0924 seconds
                  HADV completed...       2.1599 seconds
                  ZADV completed...       0.3149 seconds
                 HDIFF completed...       0.2160 seconds
              DECOUPLE completed...       0.0448 seconds
                  PHOT completed...       0.1786 seconds
               CLDPROC completed...       0.2458 seconds
                  CHEM completed...       0.6520 seconds
                  AERO completed...       0.8285 seconds
            Master Time Step
            Processing completed...       5.6441 seconds

     Processing Day/Time [YYYYDDD:HHMMSS]: 2017357:071000
       Which is Equivalent to (UTC): 7:10:00  Saturday,  Dec. 23, 2017
       Time-Step Length (HHMMSS): 000500
                 VDIFF completed...       0.9334 seconds
                COUPLE completed...       0.0901 seconds
                  HADV completed...       2.1599 seconds
                  ZADV completed...       0.3155 seconds
                 HDIFF completed...       0.2076 seconds
              DECOUPLE completed...       0.0448 seconds
                  PHOT completed...       0.1779 seconds
               CLDPROC completed...       0.2469 seconds
                  CHEM completed...       0.6517 seconds
                  AERO completed...       0.8283 seconds
            Master Time Step
            Processing completed...       5.6571 seconds

     Processing Day/Time [YYYYDDD:HHMMSS]: 2017357:071500
       Which is Equivalent to (UTC): 7:15:00  Saturday,  Dec. 23, 2017
       Time-Step Length (HHMMSS): 000500
                 VDIFF completed...       0.9665 seconds
                COUPLE completed...       0.1011 seconds
                  HADV completed...       2.1343 seconds
                  ZADV completed...       0.3141 seconds
                 HDIFF completed...       0.2072 seconds
              DECOUPLE completed...       0.0461 seconds
                  PHOT completed...       0.1784 seconds
               CLDPROC completed...       0.2472 seconds
                  CHEM completed...       0.6501 seconds
                  AERO completed...       0.8286 seconds
            Master Time Step
            Processing completed...       5.6761 seconds

     Processing Day/Time [YYYYDDD:HHMMSS]: 2017357:072000
       Which is Equivalent to (UTC): 7:20:00  Saturday,  Dec. 23, 2017
       Time-Step Length (HHMMSS): 000500
                 VDIFF completed...       0.9578 seconds
                COUPLE completed...       0.0968 seconds
                  HADV completed...       2.1643 seconds
                  ZADV completed...       0.3139 seconds
                 HDIFF completed...       0.2079 seconds
              DECOUPLE completed...       0.0456 seconds
                  PHOT completed...       0.1776 seconds
               CLDPROC completed...       0.2473 seconds
                  CHEM completed...       0.6489 seconds
                  AERO completed...       0.8297 seconds
            Master Time Step
            Processing completed...       5.6947 seconds

     Processing Day/Time [YYYYDDD:HHMMSS]: 2017357:072500
       Which is Equivalent to (UTC): 7:25:00  Saturday,  Dec. 23, 2017
       Time-Step Length (HHMMSS): 000500
                 VDIFF completed...       0.9406 seconds
                COUPLE completed...       0.0896 seconds
                  HADV completed...       2.2014 seconds
                  ZADV completed...       0.3139 seconds
                 HDIFF completed...       0.2074 seconds
              DECOUPLE completed...       0.0447 seconds
                  PHOT completed...       0.1777 seconds
               CLDPROC completed...       0.2482 seconds
                  CHEM completed...       0.6484 seconds
                  AERO completed...       0.8260 seconds
            Master Time Step
            Processing completed...       5.7021 seconds

     Processing Day/Time [YYYYDDD:HHMMSS]: 2017357:073000
       Which is Equivalent to (UTC): 7:30:00  Saturday,  Dec. 23, 2017
       Time-Step Length (HHMMSS): 000500
                 VDIFF completed...       0.9494 seconds
                COUPLE completed...       0.0930 seconds
                  HADV completed...       2.2001 seconds
                  ZADV completed...       0.3139 seconds
                 HDIFF completed...       0.2071 seconds
              DECOUPLE completed...       0.0449 seconds
                  PHOT completed...       0.1777 seconds
               CLDPROC completed...       0.2478 seconds
                  CHEM completed...       0.6479 seconds
                  AERO completed...       0.8295 seconds
            Master Time Step
            Processing completed...       5.7155 seconds

     Processing Day/Time [YYYYDDD:HHMMSS]: 2017357:073500
       Which is Equivalent to (UTC): 7:35:00  Saturday,  Dec. 23, 2017
       Time-Step Length (HHMMSS): 000500
                 VDIFF completed...       0.9600 seconds
                COUPLE completed...       0.0981 seconds
                  HADV completed...       2.1926 seconds
                  ZADV completed...       0.3133 seconds
                 HDIFF completed...       0.2082 seconds
              DECOUPLE completed...       0.0452 seconds
                  PHOT completed...       0.1778 seconds
               CLDPROC completed...       0.2467 seconds
                  CHEM completed...       0.6473 seconds
                  AERO completed...       0.8306 seconds
            Master Time Step
            Processing completed...       5.7245 seconds

     Processing Day/Time [YYYYDDD:HHMMSS]: 2017357:074000
       Which is Equivalent to (UTC): 7:40:00  Saturday,  Dec. 23, 2017
       Time-Step Length (HHMMSS): 000500
                 VDIFF completed...       0.9610 seconds
                COUPLE completed...       0.0992 seconds
                  HADV completed...       2.2000 seconds
                  ZADV completed...       0.3135 seconds
                 HDIFF completed...       0.2076 seconds
              DECOUPLE completed...       0.0453 seconds
                  PHOT completed...       0.1773 seconds
               CLDPROC completed...       0.2472 seconds
                  CHEM completed...       0.6476 seconds
                  AERO completed...       0.8307 seconds
            Master Time Step
            Processing completed...       5.7340 seconds

     Processing Day/Time [YYYYDDD:HHMMSS]: 2017357:074500
       Which is Equivalent to (UTC): 7:45:00  Saturday,  Dec. 23, 2017
       Time-Step Length (HHMMSS): 000500
                 VDIFF completed...       0.9602 seconds
                COUPLE completed...       0.1008 seconds
                  HADV completed...       2.2112 seconds
                  ZADV completed...       0.3142 seconds
                 HDIFF completed...       0.2084 seconds
              DECOUPLE completed...       0.0452 seconds
                  PHOT completed...       0.1778 seconds
               CLDPROC completed...       0.2457 seconds
                  CHEM completed...       0.6494 seconds
                  AERO completed...       0.8401 seconds
            Master Time Step
            Processing completed...       5.7575 seconds

     Processing Day/Time [YYYYDDD:HHMMSS]: 2017357:075000
       Which is Equivalent to (UTC): 7:50:00  Saturday,  Dec. 23, 2017
       Time-Step Length (HHMMSS): 000500
                 VDIFF completed...       0.9522 seconds
                COUPLE completed...       0.1001 seconds
                  HADV completed...       2.2195 seconds
                  ZADV completed...       0.3144 seconds
                 HDIFF completed...       0.2073 seconds
              DECOUPLE completed...       0.0452 seconds
                  PHOT completed...       0.1775 seconds
               CLDPROC completed...       0.2462 seconds
                  CHEM completed...       0.6474 seconds
                  AERO completed...       0.8302 seconds
            Master Time Step
            Processing completed...       5.7442 seconds

     Processing Day/Time [YYYYDDD:HHMMSS]: 2017357:075500
       Which is Equivalent to (UTC): 7:55:00  Saturday,  Dec. 23, 2017
       Time-Step Length (HHMMSS): 000500
                 VDIFF completed...       2.7687 seconds
                COUPLE completed...       0.1707 seconds
                  HADV completed...       1.6365 seconds
                  ZADV completed...       0.3139 seconds
                 HDIFF completed...       0.2073 seconds
              DECOUPLE completed...       0.0461 seconds
                  PHOT completed...       0.1750 seconds
               CLDPROC completed...       1.6917 seconds
                  CHEM completed...       0.6318 seconds
                  AERO completed...       0.8762 seconds
            Master Time Step
            Processing completed...       8.5235 seconds

      =--> Data Output completed...       1.5239 seconds

     Processing Day/Time [YYYYDDD:HHMMSS]: 2017357:080000
       Which is Equivalent to (UTC): 8:00:00  Saturday,  Dec. 23, 2017
       Time-Step Length (HHMMSS): 000500
                 VDIFF completed...       4.8313 seconds
                COUPLE completed...       0.1601 seconds
                  HADV completed...       3.3155 seconds
                  ZADV completed...       0.2823 seconds
                 HDIFF completed...       0.2389 seconds
              DECOUPLE completed...       0.0447 seconds
                  PHOT completed...       0.8706 seconds
               CLDPROC completed...       0.2487 seconds
                  CHEM completed...       0.6449 seconds
                  AERO completed...       0.8258 seconds
            Master Time Step
            Processing completed...      11.4684 seconds

     Processing Day/Time [YYYYDDD:HHMMSS]: 2017357:080500
       Which is Equivalent to (UTC): 8:05:00  Saturday,  Dec. 23, 2017
       Time-Step Length (HHMMSS): 000500
                 VDIFF completed...       0.9827 seconds
                COUPLE completed...       0.0985 seconds
                  HADV completed...       2.2097 seconds
                  ZADV completed...       0.2829 seconds
                 HDIFF completed...       0.2360 seconds
              DECOUPLE completed...       0.0444 seconds
                  PHOT completed...       0.1777 seconds
               CLDPROC completed...       0.2461 seconds
                  CHEM completed...       0.6425 seconds
                  AERO completed...       0.8296 seconds
            Master Time Step
            Processing completed...       5.7554 seconds

     Processing Day/Time [YYYYDDD:HHMMSS]: 2017357:081000
       Which is Equivalent to (UTC): 8:10:00  Saturday,  Dec. 23, 2017
       Time-Step Length (HHMMSS): 000500
                 VDIFF completed...       0.9781 seconds
                COUPLE completed...       0.0973 seconds
                  HADV completed...       2.2114 seconds
                  ZADV completed...       0.2765 seconds
                 HDIFF completed...       0.2418 seconds
              DECOUPLE completed...       0.0446 seconds
                  PHOT completed...       0.1782 seconds
               CLDPROC completed...       0.2453 seconds
                  CHEM completed...       0.6411 seconds
                  AERO completed...       0.8276 seconds
            Master Time Step
            Processing completed...       5.7466 seconds

     Processing Day/Time [YYYYDDD:HHMMSS]: 2017357:081500
       Which is Equivalent to (UTC): 8:15:00  Saturday,  Dec. 23, 2017
       Time-Step Length (HHMMSS): 000500
                 VDIFF completed...       0.9797 seconds
                COUPLE completed...       0.0985 seconds
                  HADV completed...       2.2124 seconds
                  ZADV completed...       0.2798 seconds
                 HDIFF completed...       0.2398 seconds
              DECOUPLE completed...       0.0442 seconds
                  PHOT completed...       0.1791 seconds
               CLDPROC completed...       0.2469 seconds
                  CHEM completed...       0.6394 seconds
                  AERO completed...       0.8273 seconds
            Master Time Step
            Processing completed...       5.7485 seconds

     Processing Day/Time [YYYYDDD:HHMMSS]: 2017357:082000
       Which is Equivalent to (UTC): 8:20:00  Saturday,  Dec. 23, 2017
       Time-Step Length (HHMMSS): 000500
                 VDIFF completed...       0.9875 seconds
                COUPLE completed...       0.0962 seconds
                  HADV completed...       2.2069 seconds
                  ZADV completed...       0.2819 seconds
                 HDIFF completed...       0.2366 seconds
              DECOUPLE completed...       0.0451 seconds
                  PHOT completed...       0.1775 seconds
               CLDPROC completed...       0.2461 seconds
                  CHEM completed...       0.6406 seconds
                  AERO completed...       0.8278 seconds
            Master Time Step
            Processing completed...       5.7515 seconds

     Processing Day/Time [YYYYDDD:HHMMSS]: 2017357:082500
       Which is Equivalent to (UTC): 8:25:00  Saturday,  Dec. 23, 2017
       Time-Step Length (HHMMSS): 000500
                 VDIFF completed...       0.9663 seconds
                COUPLE completed...       0.0977 seconds
                  HADV completed...       2.2191 seconds
                  ZADV completed...       0.2763 seconds
                 HDIFF completed...       0.2428 seconds
              DECOUPLE completed...       0.0443 seconds
                  PHOT completed...       0.1779 seconds
               CLDPROC completed...       0.2466 seconds
                  CHEM completed...       0.6469 seconds
                  AERO completed...       0.8235 seconds
            Master Time Step
            Processing completed...       5.7468 seconds

     Processing Day/Time [YYYYDDD:HHMMSS]: 2017357:083000
       Which is Equivalent to (UTC): 8:30:00  Saturday,  Dec. 23, 2017
       Time-Step Length (HHMMSS): 000500
                 VDIFF completed...       0.9806 seconds
                COUPLE completed...       0.0969 seconds
                  HADV completed...       2.2120 seconds
                  ZADV completed...       0.2797 seconds
                 HDIFF completed...       0.2390 seconds
              DECOUPLE completed...       0.0440 seconds
                  PHOT completed...       0.1875 seconds
               CLDPROC completed...       0.2386 seconds
                  CHEM completed...       0.6418 seconds
                  AERO completed...       0.8290 seconds
            Master Time Step
            Processing completed...       5.7539 seconds

     Processing Day/Time [YYYYDDD:HHMMSS]: 2017357:083500
       Which is Equivalent to (UTC): 8:35:00  Saturday,  Dec. 23, 2017
       Time-Step Length (HHMMSS): 000500
                 VDIFF completed...       0.9860 seconds
                COUPLE completed...       0.0959 seconds
                  HADV completed...       2.2185 seconds
                  ZADV completed...       0.2788 seconds
                 HDIFF completed...       0.3641 seconds
              DECOUPLE completed...       0.0439 seconds
                  PHOT completed...       0.1784 seconds
               CLDPROC completed...       0.2458 seconds
                  CHEM completed...       0.6409 seconds
                  AERO completed...       0.8322 seconds
            Master Time Step
            Processing completed...       5.8899 seconds

     Processing Day/Time [YYYYDDD:HHMMSS]: 2017357:084000
       Which is Equivalent to (UTC): 8:40:00  Saturday,  Dec. 23, 2017
       Time-Step Length (HHMMSS): 000500
                 VDIFF completed...       0.9542 seconds
                COUPLE completed...       0.0845 seconds
                  HADV completed...       2.2614 seconds
                  ZADV completed...       0.2789 seconds
                 HDIFF completed...       0.2401 seconds
              DECOUPLE completed...       0.0442 seconds
                  PHOT completed...       0.1780 seconds
               CLDPROC completed...       0.2458 seconds
                  CHEM completed...       0.6413 seconds
                  AERO completed...       0.8279 seconds
            Master Time Step
            Processing completed...       5.7619 seconds

     Processing Day/Time [YYYYDDD:HHMMSS]: 2017357:084500
       Which is Equivalent to (UTC): 8:45:00  Saturday,  Dec. 23, 2017
       Time-Step Length (HHMMSS): 000500
                 VDIFF completed...       0.9946 seconds
                COUPLE completed...       0.0918 seconds
                  HADV completed...       2.2173 seconds
                  ZADV completed...       0.2810 seconds
                 HDIFF completed...       0.2425 seconds
              DECOUPLE completed...       0.0465 seconds
                  PHOT completed...       0.1736 seconds
               CLDPROC completed...       0.2437 seconds
                  CHEM completed...       0.6421 seconds
                  AERO completed...       0.8293 seconds
            Master Time Step
            Processing completed...       5.7677 seconds

     Processing Day/Time [YYYYDDD:HHMMSS]: 2017357:085000
       Which is Equivalent to (UTC): 8:50:00  Saturday,  Dec. 23, 2017
       Time-Step Length (HHMMSS): 000500
                 VDIFF completed...       0.9919 seconds
                COUPLE completed...       0.0921 seconds
                  HADV completed...       2.2219 seconds
                  ZADV completed...       0.2828 seconds
                 HDIFF completed...       0.2361 seconds
              DECOUPLE completed...       0.0439 seconds
                  PHOT completed...       0.1784 seconds
               CLDPROC completed...       0.2464 seconds
                  CHEM completed...       0.6435 seconds
                  AERO completed...       0.8493 seconds
            Master Time Step
            Processing completed...       5.7922 seconds

     Processing Day/Time [YYYYDDD:HHMMSS]: 2017357:085500
       Which is Equivalent to (UTC): 8:55:00  Saturday,  Dec. 23, 2017
       Time-Step Length (HHMMSS): 000500
                 VDIFF completed...       2.8052 seconds
                COUPLE completed...       0.1700 seconds
                  HADV completed...       1.4972 seconds
                  ZADV completed...       0.2778 seconds
                 HDIFF completed...       0.2405 seconds
              DECOUPLE completed...       0.0439 seconds
                  PHOT completed...       0.1783 seconds
               CLDPROC completed...       1.8022 seconds
                  CHEM completed...       0.6240 seconds
                  AERO completed...       0.8792 seconds
            Master Time Step
            Processing completed...       8.5263 seconds

      =--> Data Output completed...       1.5347 seconds

     Processing Day/Time [YYYYDDD:HHMMSS]: 2017357:090000
       Which is Equivalent to (UTC): 9:00:00  Saturday,  Dec. 23, 2017
       Time-Step Length (HHMMSS): 000400
                 VDIFF completed...       4.7481 seconds
                COUPLE completed...       0.1612 seconds
                  HADV completed...       2.8070 seconds
                  ZADV completed...       0.2806 seconds
                 HDIFF completed...       0.2386 seconds
              DECOUPLE completed...       0.0446 seconds
                  PHOT completed...       0.9781 seconds
               CLDPROC completed...       0.2515 seconds
                  CHEM completed...       0.6335 seconds
                  AERO completed...       0.8163 seconds
            Master Time Step
            Processing completed...      10.9646 seconds

     Processing Day/Time [YYYYDDD:HHMMSS]: 2017357:090400
       Which is Equivalent to (UTC): 9:04:00  Saturday,  Dec. 23, 2017
       Time-Step Length (HHMMSS): 000400
                 VDIFF completed...       0.9790 seconds
                COUPLE completed...       0.1004 seconds
                  HADV completed...       1.8618 seconds
                  ZADV completed...       0.2813 seconds
                 HDIFF completed...       0.2373 seconds
              DECOUPLE completed...       0.0441 seconds
                  PHOT completed...       0.1780 seconds
               CLDPROC completed...       0.2472 seconds
                  CHEM completed...       0.6306 seconds
                  AERO completed...       0.8167 seconds
            Master Time Step
            Processing completed...       5.3813 seconds

     Processing Day/Time [YYYYDDD:HHMMSS]: 2017357:090800
       Which is Equivalent to (UTC): 9:08:00  Saturday,  Dec. 23, 2017
       Time-Step Length (HHMMSS): 000400
                 VDIFF completed...       1.0000 seconds
                COUPLE completed...       0.0986 seconds
                  HADV completed...       1.8402 seconds
                  ZADV completed...       0.2819 seconds
                 HDIFF completed...       0.2358 seconds
              DECOUPLE completed...       0.0441 seconds
                  PHOT completed...       0.1787 seconds
               CLDPROC completed...       0.2465 seconds
                  CHEM completed...       0.6314 seconds
                  AERO completed...       0.8132 seconds
            Master Time Step
            Processing completed...       5.3754 seconds

     Processing Day/Time [YYYYDDD:HHMMSS]: 2017357:091200
       Which is Equivalent to (UTC): 9:12:00  Saturday,  Dec. 23, 2017
       Time-Step Length (HHMMSS): 000400
                 VDIFF completed...       0.9928 seconds
                COUPLE completed...       0.0985 seconds
                  HADV completed...       1.8484 seconds
                  ZADV completed...       0.2823 seconds
                 HDIFF completed...       0.2367 seconds
              DECOUPLE completed...       0.0442 seconds
                  PHOT completed...       0.1779 seconds
               CLDPROC completed...       0.2468 seconds
                  CHEM completed...       0.6318 seconds
                  AERO completed...       0.8168 seconds
            Master Time Step
            Processing completed...       5.3810 seconds

     Processing Day/Time [YYYYDDD:HHMMSS]: 2017357:091600
       Which is Equivalent to (UTC): 9:16:00  Saturday,  Dec. 23, 2017
       Time-Step Length (HHMMSS): 000400
                 VDIFF completed...       0.9966 seconds
                COUPLE completed...       0.0980 seconds
                  HADV completed...       1.9601 seconds
                  ZADV completed...       0.2827 seconds
                 HDIFF completed...       0.2353 seconds
              DECOUPLE completed...       0.0434 seconds
                  PHOT completed...       0.1788 seconds
               CLDPROC completed...       0.2470 seconds
                  CHEM completed...       0.6310 seconds
                  AERO completed...       0.8183 seconds
            Master Time Step
            Processing completed...       5.4962 seconds

     Processing Day/Time [YYYYDDD:HHMMSS]: 2017357:092000
       Which is Equivalent to (UTC): 9:20:00  Saturday,  Dec. 23, 2017
       Time-Step Length (HHMMSS): 000400
                 VDIFF completed...       0.9824 seconds
                COUPLE completed...       0.1006 seconds
                  HADV completed...       1.8492 seconds
                  ZADV completed...       0.2821 seconds
                 HDIFF completed...       0.2366 seconds
              DECOUPLE completed...       0.0444 seconds
                  PHOT completed...       0.1775 seconds
               CLDPROC completed...       0.2467 seconds
                  CHEM completed...       0.6309 seconds
                  AERO completed...       0.8159 seconds
            Master Time Step
            Processing completed...       5.3717 seconds

     Processing Day/Time [YYYYDDD:HHMMSS]: 2017357:092400
       Which is Equivalent to (UTC): 9:24:00  Saturday,  Dec. 23, 2017
       Time-Step Length (HHMMSS): 000400
                 VDIFF completed...       1.0032 seconds
                COUPLE completed...       0.0951 seconds
                  HADV completed...       1.8318 seconds
                  ZADV completed...       0.2803 seconds
                 HDIFF completed...       0.2378 seconds
              DECOUPLE completed...       0.0436 seconds
                  PHOT completed...       0.1786 seconds
               CLDPROC completed...       0.2473 seconds
                  CHEM completed...       0.6304 seconds
                  AERO completed...       0.8195 seconds
            Master Time Step
            Processing completed...       5.3727 seconds

     Processing Day/Time [YYYYDDD:HHMMSS]: 2017357:092800
       Which is Equivalent to (UTC): 9:28:00  Saturday,  Dec. 23, 2017
       Time-Step Length (HHMMSS): 000400
                 VDIFF completed...       0.9989 seconds
                COUPLE completed...       0.0925 seconds
                  HADV completed...       1.8275 seconds
                  ZADV completed...       0.2825 seconds
                 HDIFF completed...       0.2355 seconds
              DECOUPLE completed...       0.0440 seconds
                  PHOT completed...       0.1785 seconds
               CLDPROC completed...       0.2517 seconds
                  CHEM completed...       0.6293 seconds
                  AERO completed...       0.8167 seconds
            Master Time Step
            Processing completed...       5.3625 seconds

     Processing Day/Time [YYYYDDD:HHMMSS]: 2017357:093200
       Which is Equivalent to (UTC): 9:32:00  Saturday,  Dec. 23, 2017
       Time-Step Length (HHMMSS): 000400
                 VDIFF completed...       0.9806 seconds
                COUPLE completed...       0.1012 seconds
                  HADV completed...       1.8343 seconds
                  ZADV completed...       0.2826 seconds
                 HDIFF completed...       0.2349 seconds
              DECOUPLE completed...       0.0442 seconds
                  PHOT completed...       0.1779 seconds
               CLDPROC completed...       0.2463 seconds
                  CHEM completed...       0.6319 seconds
                  AERO completed...       0.8130 seconds
            Master Time Step
            Processing completed...       5.3530 seconds

     Processing Day/Time [YYYYDDD:HHMMSS]: 2017357:093600
       Which is Equivalent to (UTC): 9:36:00  Saturday,  Dec. 23, 2017
       Time-Step Length (HHMMSS): 000400
                 VDIFF completed...       0.9880 seconds
                COUPLE completed...       0.0997 seconds
                  HADV completed...       1.8389 seconds
                  ZADV completed...       0.2873 seconds
                 HDIFF completed...       0.2302 seconds
              DECOUPLE completed...       0.0440 seconds
                  PHOT completed...       0.1784 seconds
               CLDPROC completed...       0.2464 seconds
                  CHEM completed...       0.6303 seconds
                  AERO completed...       0.8129 seconds
            Master Time Step
            Processing completed...       5.3618 seconds

     Processing Day/Time [YYYYDDD:HHMMSS]: 2017357:094000
       Which is Equivalent to (UTC): 9:40:00  Saturday,  Dec. 23, 2017
       Time-Step Length (HHMMSS): 000400
                 VDIFF completed...       0.9951 seconds
                COUPLE completed...       0.0992 seconds
                  HADV completed...       1.8375 seconds
                  ZADV completed...       0.2826 seconds
                 HDIFF completed...       0.2343 seconds
              DECOUPLE completed...       0.0436 seconds
                  PHOT completed...       0.1787 seconds
               CLDPROC completed...       0.2472 seconds
                  CHEM completed...       0.6288 seconds
                  AERO completed...       0.8193 seconds
            Master Time Step
            Processing completed...       5.3723 seconds

     Processing Day/Time [YYYYDDD:HHMMSS]: 2017357:094400
       Which is Equivalent to (UTC): 9:44:00  Saturday,  Dec. 23, 2017
       Time-Step Length (HHMMSS): 000400
                 VDIFF completed...       1.0317 seconds
                COUPLE completed...       0.1056 seconds
                  HADV completed...       1.8114 seconds
                  ZADV completed...       0.2793 seconds
                 HDIFF completed...       0.2399 seconds
              DECOUPLE completed...       0.0443 seconds
                  PHOT completed...       0.1782 seconds
               CLDPROC completed...       0.2485 seconds
                  CHEM completed...       0.6294 seconds
                  AERO completed...       0.8161 seconds
            Master Time Step
            Processing completed...       5.3853 seconds

     Processing Day/Time [YYYYDDD:HHMMSS]: 2017357:094800
       Which is Equivalent to (UTC): 9:48:00  Saturday,  Dec. 23, 2017
       Time-Step Length (HHMMSS): 000400
                 VDIFF completed...       0.9907 seconds
                COUPLE completed...       0.0930 seconds
                  HADV completed...       1.8610 seconds
                  ZADV completed...       0.2800 seconds
                 HDIFF completed...       0.2394 seconds
              DECOUPLE completed...       0.0442 seconds
                  PHOT completed...       0.1785 seconds
               CLDPROC completed...       0.2479 seconds
                  CHEM completed...       0.6284 seconds
                  AERO completed...       0.8169 seconds
            Master Time Step
            Processing completed...       5.3809 seconds

     Processing Day/Time [YYYYDDD:HHMMSS]: 2017357:095200
       Which is Equivalent to (UTC): 9:52:00  Saturday,  Dec. 23, 2017
       Time-Step Length (HHMMSS): 000400
                 VDIFF completed...       1.0014 seconds
                COUPLE completed...       0.1012 seconds
                  HADV completed...       1.8297 seconds
                  ZADV completed...       0.2804 seconds
                 HDIFF completed...       0.2394 seconds
              DECOUPLE completed...       0.0438 seconds
                  PHOT completed...       0.1780 seconds
               CLDPROC completed...       0.2499 seconds
                  CHEM completed...       0.6277 seconds
                  AERO completed...       0.8178 seconds
            Master Time Step
            Processing completed...       5.3702 seconds

     Processing Day/Time [YYYYDDD:HHMMSS]: 2017357:095600
       Which is Equivalent to (UTC): 9:56:00  Saturday,  Dec. 23, 2017
       Time-Step Length (HHMMSS): 000400
                 VDIFF completed...       2.7966 seconds
                COUPLE completed...       0.1697 seconds
                  HADV completed...       1.2473 seconds
                  ZADV completed...       0.2831 seconds
                 HDIFF completed...       0.2350 seconds
              DECOUPLE completed...       0.0450 seconds
                  PHOT completed...       0.1765 seconds
               CLDPROC completed...       1.7661 seconds
                  CHEM completed...       0.5988 seconds
                  AERO completed...       0.8642 seconds
            Master Time Step
            Processing completed...       8.1884 seconds

      =--> Data Output completed...       1.5400 seconds

     Processing Day/Time [YYYYDDD:HHMMSS]: 2017357:100000
       Which is Equivalent to (UTC): 10:00:00 Saturday,  Dec. 23, 2017
       Time-Step Length (HHMMSS): 000400
                 VDIFF completed...       3.9838 seconds
                COUPLE completed...       0.1556 seconds
                  HADV completed...       3.3431 seconds
                  ZADV completed...       0.3106 seconds
                 HDIFF completed...       0.2091 seconds
              DECOUPLE completed...       0.0447 seconds
                  PHOT completed...       0.8899 seconds
               CLDPROC completed...       0.2549 seconds
                  CHEM completed...       0.6310 seconds
                  AERO completed...       0.8217 seconds
            Master Time Step
            Processing completed...      10.6495 seconds

     Processing Day/Time [YYYYDDD:HHMMSS]: 2017357:100400
       Which is Equivalent to (UTC): 10:04:00 Saturday,  Dec. 23, 2017
       Time-Step Length (HHMMSS): 000400
                 VDIFF completed...       0.9869 seconds
                COUPLE completed...       0.1116 seconds
                  HADV completed...       1.8593 seconds
                  ZADV completed...       0.3100 seconds
                 HDIFF completed...       0.2101 seconds
              DECOUPLE completed...       0.0452 seconds
                  PHOT completed...       0.1785 seconds
               CLDPROC completed...       0.2492 seconds
                  CHEM completed...       0.6308 seconds
                  AERO completed...       0.8202 seconds
            Master Time Step
            Processing completed...       5.4034 seconds

     Processing Day/Time [YYYYDDD:HHMMSS]: 2017357:100800
       Which is Equivalent to (UTC): 10:08:00 Saturday,  Dec. 23, 2017
       Time-Step Length (HHMMSS): 000400
                 VDIFF completed...       1.0013 seconds
                COUPLE completed...       0.1100 seconds
                  HADV completed...       1.8353 seconds
                  ZADV completed...       0.3095 seconds
                 HDIFF completed...       0.2105 seconds
              DECOUPLE completed...       0.0449 seconds
                  PHOT completed...       0.1784 seconds
               CLDPROC completed...       0.2492 seconds
                  CHEM completed...       0.6307 seconds
                  AERO completed...       0.8211 seconds
            Master Time Step
            Processing completed...       5.3918 seconds

     Processing Day/Time [YYYYDDD:HHMMSS]: 2017357:101200
       Which is Equivalent to (UTC): 10:12:00 Saturday,  Dec. 23, 2017
       Time-Step Length (HHMMSS): 000400
                 VDIFF completed...       0.9955 seconds
                COUPLE completed...       0.1074 seconds
                  HADV completed...       1.8396 seconds
                  ZADV completed...       0.3094 seconds
                 HDIFF completed...       0.2175 seconds
              DECOUPLE completed...       0.0451 seconds
                  PHOT completed...       0.1787 seconds
               CLDPROC completed...       0.2491 seconds
                  CHEM completed...       0.6317 seconds
                  AERO completed...       0.8175 seconds
            Master Time Step
            Processing completed...       5.3926 seconds

     Processing Day/Time [YYYYDDD:HHMMSS]: 2017357:101600
       Which is Equivalent to (UTC): 10:16:00 Saturday,  Dec. 23, 2017
       Time-Step Length (HHMMSS): 000400
                 VDIFF completed...       1.0013 seconds
                COUPLE completed...       0.1057 seconds
                  HADV completed...       1.8412 seconds
                  ZADV completed...       0.3104 seconds
                 HDIFF completed...       0.2091 seconds
              DECOUPLE completed...       0.0444 seconds
                  PHOT completed...       0.1792 seconds
               CLDPROC completed...       0.2496 seconds
                  CHEM completed...       0.6314 seconds
                  AERO completed...       0.8176 seconds
            Master Time Step
            Processing completed...       5.3908 seconds

     Processing Day/Time [YYYYDDD:HHMMSS]: 2017357:102000
       Which is Equivalent to (UTC): 10:20:00 Saturday,  Dec. 23, 2017
       Time-Step Length (HHMMSS): 000400
                 VDIFF completed...       0.9904 seconds
                COUPLE completed...       0.1051 seconds
                  HADV completed...       1.8525 seconds
                  ZADV completed...       0.3134 seconds
                 HDIFF completed...       0.2076 seconds
              DECOUPLE completed...       0.0447 seconds
                  PHOT completed...       0.1784 seconds
               CLDPROC completed...       0.2492 seconds
                  CHEM completed...       0.6322 seconds
                  AERO completed...       0.8171 seconds
            Master Time Step
            Processing completed...       5.3915 seconds

     Processing Day/Time [YYYYDDD:HHMMSS]: 2017357:102400
       Which is Equivalent to (UTC): 10:24:00 Saturday,  Dec. 23, 2017
       Time-Step Length (HHMMSS): 000400
                 VDIFF completed...       0.9965 seconds
                COUPLE completed...       0.1060 seconds
                  HADV completed...       1.8308 seconds
                  ZADV completed...       0.3108 seconds
                 HDIFF completed...       0.2093 seconds
              DECOUPLE completed...       0.0448 seconds
                  PHOT completed...       0.1789 seconds
               CLDPROC completed...       0.2494 seconds
                  CHEM completed...       0.6327 seconds
                  AERO completed...       0.8199 seconds
            Master Time Step
            Processing completed...       5.3801 seconds

     Processing Day/Time [YYYYDDD:HHMMSS]: 2017357:102800
       Which is Equivalent to (UTC): 10:28:00 Saturday,  Dec. 23, 2017
       Time-Step Length (HHMMSS): 000400
                 VDIFF completed...       0.9951 seconds
                COUPLE completed...       0.1069 seconds
                  HADV completed...       1.8281 seconds
                  ZADV completed...       0.3103 seconds
                 HDIFF completed...       0.2099 seconds
              DECOUPLE completed...       0.0449 seconds
                  PHOT completed...       0.1785 seconds
               CLDPROC completed...       0.2498 seconds
                  CHEM completed...       0.6312 seconds
                  AERO completed...       0.8234 seconds
            Master Time Step
            Processing completed...       5.3789 seconds

     Processing Day/Time [YYYYDDD:HHMMSS]: 2017357:103200
       Which is Equivalent to (UTC): 10:32:00 Saturday,  Dec. 23, 2017
       Time-Step Length (HHMMSS): 000400
                 VDIFF completed...       0.9965 seconds
                COUPLE completed...       0.1090 seconds
                  HADV completed...       1.8252 seconds
                  ZADV completed...       0.3109 seconds
                 HDIFF completed...       0.4611 seconds
              DECOUPLE completed...       0.0792 seconds
                  PHOT completed...       0.0656 seconds
               CLDPROC completed...       0.2198 seconds
                  CHEM completed...       0.6214 seconds
                  AERO completed...       0.8203 seconds
            Master Time Step
            Processing completed...       5.5108 seconds

     Processing Day/Time [YYYYDDD:HHMMSS]: 2017357:103600
       Which is Equivalent to (UTC): 10:36:00 Saturday,  Dec. 23, 2017
       Time-Step Length (HHMMSS): 000400
                 VDIFF completed...       0.9894 seconds
                COUPLE completed...       0.1091 seconds
                  HADV completed...       1.8252 seconds
                  ZADV completed...       0.3086 seconds
                 HDIFF completed...       0.2113 seconds
              DECOUPLE completed...       0.0456 seconds
                  PHOT completed...       0.1776 seconds
               CLDPROC completed...       0.2500 seconds
                  CHEM completed...       0.6312 seconds
                  AERO completed...       0.8226 seconds
            Master Time Step
            Processing completed...       5.3715 seconds

     Processing Day/Time [YYYYDDD:HHMMSS]: 2017357:104000
       Which is Equivalent to (UTC): 10:40:00 Saturday,  Dec. 23, 2017
       Time-Step Length (HHMMSS): 000400
                 VDIFF completed...       1.0021 seconds
                COUPLE completed...       0.1090 seconds
                  HADV completed...       1.8169 seconds
                  ZADV completed...       0.3110 seconds
                 HDIFF completed...       0.2085 seconds
              DECOUPLE completed...       0.0446 seconds
                  PHOT completed...       0.1788 seconds
               CLDPROC completed...       0.2500 seconds
                  CHEM completed...       0.6323 seconds
                  AERO completed...       0.8215 seconds
            Master Time Step
            Processing completed...       5.3758 seconds

     Processing Day/Time [YYYYDDD:HHMMSS]: 2017357:104400
       Which is Equivalent to (UTC): 10:44:00 Saturday,  Dec. 23, 2017
       Time-Step Length (HHMMSS): 000400
                 VDIFF completed...       0.9988 seconds
                COUPLE completed...       0.1097 seconds
                  HADV completed...       1.8187 seconds
                  ZADV completed...       0.3089 seconds
                 HDIFF completed...       0.2101 seconds
              DECOUPLE completed...       0.0440 seconds
                  PHOT completed...       0.1793 seconds
               CLDPROC completed...       0.2494 seconds
                  CHEM completed...       0.6326 seconds
                  AERO completed...       0.8242 seconds
            Master Time Step
            Processing completed...       5.3775 seconds

     Processing Day/Time [YYYYDDD:HHMMSS]: 2017357:104800
       Which is Equivalent to (UTC): 10:48:00 Saturday,  Dec. 23, 2017
       Time-Step Length (HHMMSS): 000400
                 VDIFF completed...       0.9998 seconds
                COUPLE completed...       0.1100 seconds
                  HADV completed...       1.8182 seconds
                  ZADV completed...       0.3097 seconds
                 HDIFF completed...       0.2453 seconds
              DECOUPLE completed...       0.0445 seconds
                  PHOT completed...       0.1790 seconds
               CLDPROC completed...       0.2492 seconds
                  CHEM completed...       0.6320 seconds
                  AERO completed...       0.8243 seconds
            Master Time Step
            Processing completed...       5.4130 seconds

     Processing Day/Time [YYYYDDD:HHMMSS]: 2017357:105200
       Which is Equivalent to (UTC): 10:52:00 Saturday,  Dec. 23, 2017
       Time-Step Length (HHMMSS): 000400
                 VDIFF completed...       0.9984 seconds
                COUPLE completed...       0.1104 seconds
                  HADV completed...       1.8186 seconds
                  ZADV completed...       0.3121 seconds
                 HDIFF completed...       0.2081 seconds
              DECOUPLE completed...       0.0451 seconds
                  PHOT completed...       0.1785 seconds
               CLDPROC completed...       0.2484 seconds
                  CHEM completed...       0.6320 seconds
                  AERO completed...       0.8276 seconds
            Master Time Step
            Processing completed...       5.3800 seconds

     Processing Day/Time [YYYYDDD:HHMMSS]: 2017357:105600
       Which is Equivalent to (UTC): 10:56:00 Saturday,  Dec. 23, 2017
       Time-Step Length (HHMMSS): 000400
                 VDIFF completed...       2.7620 seconds
                COUPLE completed...       0.1706 seconds
                  HADV completed...       1.1052 seconds
                  ZADV completed...       0.3127 seconds
                 HDIFF completed...       0.2062 seconds
              DECOUPLE completed...       0.0444 seconds
                  PHOT completed...       0.1783 seconds
               CLDPROC completed...       1.7994 seconds
                  CHEM completed...       0.6039 seconds
                  AERO completed...       0.8721 seconds
            Master Time Step
            Processing completed...       8.0610 seconds

      =--> Data Output completed...       1.4810 seconds

     Processing Day/Time [YYYYDDD:HHMMSS]: 2017357:110000
       Which is Equivalent to (UTC): 11:00:00 Saturday,  Dec. 23, 2017
       Time-Step Length (HHMMSS): 000400
                 VDIFF completed...       4.6223 seconds
                COUPLE completed...       0.1457 seconds
                  HADV completed...       3.2584 seconds
                  ZADV completed...       0.3140 seconds
                 HDIFF completed...       0.2048 seconds
              DECOUPLE completed...       0.0442 seconds
                  PHOT completed...       1.1069 seconds
               CLDPROC completed...       0.2549 seconds
                  CHEM completed...       0.6323 seconds
                  AERO completed...       0.8312 seconds
            Master Time Step
            Processing completed...      11.4189 seconds

     Processing Day/Time [YYYYDDD:HHMMSS]: 2017357:110400
       Which is Equivalent to (UTC): 11:04:00 Saturday,  Dec. 23, 2017
       Time-Step Length (HHMMSS): 000400
                 VDIFF completed...       0.9642 seconds
                COUPLE completed...       0.1176 seconds
                  HADV completed...       1.8376 seconds
                  ZADV completed...       0.3134 seconds
                 HDIFF completed...       0.2060 seconds
              DECOUPLE completed...       0.0446 seconds
                  PHOT completed...       0.1781 seconds
               CLDPROC completed...       0.2488 seconds
                  CHEM completed...       0.6322 seconds
                  AERO completed...       0.8358 seconds
            Master Time Step
            Processing completed...       5.3828 seconds

     Processing Day/Time [YYYYDDD:HHMMSS]: 2017357:110800
       Which is Equivalent to (UTC): 11:08:00 Saturday,  Dec. 23, 2017
       Time-Step Length (HHMMSS): 000400
                 VDIFF completed...       0.9937 seconds
                COUPLE completed...       0.1104 seconds
                  HADV completed...       1.7910 seconds
                  ZADV completed...       0.3120 seconds
                 HDIFF completed...       0.2069 seconds
              DECOUPLE completed...       0.0452 seconds
                  PHOT completed...       0.1776 seconds
               CLDPROC completed...       0.2483 seconds
                  CHEM completed...       0.6332 seconds
                  AERO completed...       0.8334 seconds
            Master Time Step
            Processing completed...       5.3562 seconds

     Processing Day/Time [YYYYDDD:HHMMSS]: 2017357:111200
       Which is Equivalent to (UTC): 11:12:00 Saturday,  Dec. 23, 2017
       Time-Step Length (HHMMSS): 000400
                 VDIFF completed...       0.9843 seconds
                COUPLE completed...       0.1153 seconds
                  HADV completed...       1.7965 seconds
                  ZADV completed...       0.3133 seconds
                 HDIFF completed...       0.2053 seconds
              DECOUPLE completed...       0.0446 seconds
                  PHOT completed...       0.1774 seconds
               CLDPROC completed...       0.2487 seconds
                  CHEM completed...       0.6332 seconds
                  AERO completed...       0.8343 seconds
            Master Time Step
            Processing completed...       5.3585 seconds

     Processing Day/Time [YYYYDDD:HHMMSS]: 2017357:111600
       Which is Equivalent to (UTC): 11:16:00 Saturday,  Dec. 23, 2017
       Time-Step Length (HHMMSS): 000400
                 VDIFF completed...       0.9876 seconds
                COUPLE completed...       0.1121 seconds
                  HADV completed...       1.7921 seconds
                  ZADV completed...       0.3116 seconds
                 HDIFF completed...       0.2057 seconds
              DECOUPLE completed...       0.0446 seconds
                  PHOT completed...       0.1771 seconds
               CLDPROC completed...       0.2497 seconds
                  CHEM completed...       0.6319 seconds
                  AERO completed...       0.8337 seconds
            Master Time Step
            Processing completed...       5.3516 seconds

     Processing Day/Time [YYYYDDD:HHMMSS]: 2017357:112000
       Which is Equivalent to (UTC): 11:20:00 Saturday,  Dec. 23, 2017
       Time-Step Length (HHMMSS): 000400
                 VDIFF completed...       0.9833 seconds
                COUPLE completed...       0.1131 seconds
                  HADV completed...       1.7976 seconds
                  ZADV completed...       0.3089 seconds
                 HDIFF completed...       0.2106 seconds
              DECOUPLE completed...       0.0453 seconds
                  PHOT completed...       0.1763 seconds
               CLDPROC completed...       0.2490 seconds
                  CHEM completed...       0.6324 seconds
                  AERO completed...       0.8307 seconds
            Master Time Step
            Processing completed...       5.3528 seconds

     Processing Day/Time [YYYYDDD:HHMMSS]: 2017357:112400
       Which is Equivalent to (UTC): 11:24:00 Saturday,  Dec. 23, 2017
       Time-Step Length (HHMMSS): 000400
                 VDIFF completed...       0.9935 seconds
                COUPLE completed...       0.1105 seconds
                  HADV completed...       1.7910 seconds
                  ZADV completed...       0.3115 seconds
                 HDIFF completed...       0.2066 seconds
              DECOUPLE completed...       0.0441 seconds
                  PHOT completed...       0.1767 seconds
               CLDPROC completed...       0.2461 seconds
                  CHEM completed...       0.6329 seconds
                  AERO completed...       0.8298 seconds
            Master Time Step
            Processing completed...       5.3484 seconds

     Processing Day/Time [YYYYDDD:HHMMSS]: 2017357:112800
       Which is Equivalent to (UTC): 11:28:00 Saturday,  Dec. 23, 2017
       Time-Step Length (HHMMSS): 000400
                 VDIFF completed...       0.9914 seconds
                COUPLE completed...       0.1109 seconds
                  HADV completed...       1.7918 seconds
                  ZADV completed...       0.3105 seconds
                 HDIFF completed...       0.2081 seconds
              DECOUPLE completed...       0.0450 seconds
                  PHOT completed...       0.1758 seconds
               CLDPROC completed...       0.2385 seconds
                  CHEM completed...       0.6317 seconds
                  AERO completed...       0.8300 seconds
            Master Time Step
            Processing completed...       5.3393 seconds

     Processing Day/Time [YYYYDDD:HHMMSS]: 2017357:113200
       Which is Equivalent to (UTC): 11:32:00 Saturday,  Dec. 23, 2017
       Time-Step Length (HHMMSS): 000400
                 VDIFF completed...       0.9844 seconds
                COUPLE completed...       0.1130 seconds
                  HADV completed...       1.8018 seconds
                  ZADV completed...       0.3125 seconds
                 HDIFF completed...       0.2055 seconds
              DECOUPLE completed...       0.0444 seconds
                  PHOT completed...       0.1760 seconds
               CLDPROC completed...       0.2358 seconds
                  CHEM completed...       0.6251 seconds
                  AERO completed...       0.8306 seconds
            Master Time Step
            Processing completed...       5.3348 seconds

     Processing Day/Time [YYYYDDD:HHMMSS]: 2017357:113600
       Which is Equivalent to (UTC): 11:36:00 Saturday,  Dec. 23, 2017
       Time-Step Length (HHMMSS): 000400
                 VDIFF completed...       0.9996 seconds
                COUPLE completed...       0.1145 seconds
                  HADV completed...       1.7900 seconds
                  ZADV completed...       0.3114 seconds
                 HDIFF completed...       0.2074 seconds
              DECOUPLE completed...       0.0451 seconds
                  PHOT completed...       0.1753 seconds
               CLDPROC completed...       0.2334 seconds
                  CHEM completed...       0.6217 seconds
                  AERO completed...       0.8427 seconds
            Master Time Step
            Processing completed...       5.3470 seconds

     Processing Day/Time [YYYYDDD:HHMMSS]: 2017357:114000
       Which is Equivalent to (UTC): 11:40:00 Saturday,  Dec. 23, 2017
       Time-Step Length (HHMMSS): 000400
                 VDIFF completed...       0.9939 seconds
                COUPLE completed...       0.1196 seconds
                  HADV completed...       1.7926 seconds
                  ZADV completed...       0.3126 seconds
                 HDIFF completed...       0.2055 seconds
              DECOUPLE completed...       0.0449 seconds
                  PHOT completed...       0.1759 seconds
               CLDPROC completed...       0.2334 seconds
                  CHEM completed...       0.6194 seconds
                  AERO completed...       0.8400 seconds
            Master Time Step
            Processing completed...       5.3433 seconds

     Processing Day/Time [YYYYDDD:HHMMSS]: 2017357:114400
       Which is Equivalent to (UTC): 11:44:00 Saturday,  Dec. 23, 2017
       Time-Step Length (HHMMSS): 000400
                 VDIFF completed...       1.0134 seconds
                COUPLE completed...       0.1163 seconds
                  HADV completed...       1.7752 seconds
                  ZADV completed...       0.3118 seconds
                 HDIFF completed...       0.2065 seconds
              DECOUPLE completed...       0.0447 seconds
                  PHOT completed...       0.1752 seconds
               CLDPROC completed...       0.2323 seconds
                  CHEM completed...       0.6165 seconds
                  AERO completed...       0.8376 seconds
            Master Time Step
            Processing completed...       5.3347 seconds

     Processing Day/Time [YYYYDDD:HHMMSS]: 2017357:114800
       Which is Equivalent to (UTC): 11:48:00 Saturday,  Dec. 23, 2017
       Time-Step Length (HHMMSS): 000400
                 VDIFF completed...       1.0399 seconds
                COUPLE completed...       0.1239 seconds
                  HADV completed...       1.9122 seconds
                  ZADV completed...       0.3120 seconds
                 HDIFF completed...       0.2073 seconds
              DECOUPLE completed...       0.0450 seconds
                  PHOT completed...       0.1746 seconds
               CLDPROC completed...       0.2302 seconds
                  CHEM completed...       0.6167 seconds
                  AERO completed...       0.8150 seconds
            Master Time Step
            Processing completed...       5.4820 seconds

     Processing Day/Time [YYYYDDD:HHMMSS]: 2017357:115200
       Which is Equivalent to (UTC): 11:52:00 Saturday,  Dec. 23, 2017
       Time-Step Length (HHMMSS): 000400
                 VDIFF completed...       1.0629 seconds
                COUPLE completed...       0.1301 seconds
                  HADV completed...       1.7563 seconds
                  ZADV completed...       0.3122 seconds
                 HDIFF completed...       0.2070 seconds
              DECOUPLE completed...       0.0445 seconds
                  PHOT completed...       0.1819 seconds
               CLDPROC completed...       0.2215 seconds
                  CHEM completed...       0.6088 seconds
                  AERO completed...       0.8142 seconds
            Master Time Step
            Processing completed...       5.3449 seconds

     Processing Day/Time [YYYYDDD:HHMMSS]: 2017357:115600
       Which is Equivalent to (UTC): 11:56:00 Saturday,  Dec. 23, 2017
       Time-Step Length (HHMMSS): 000400
                 VDIFF completed...       2.8539 seconds
                COUPLE completed...       0.1707 seconds
                  HADV completed...       1.1011 seconds
                  ZADV completed...       0.3132 seconds
                 HDIFF completed...       0.2046 seconds
              DECOUPLE completed...       0.0443 seconds
                  PHOT completed...       0.1742 seconds
               CLDPROC completed...       1.6315 seconds
                  CHEM completed...       0.5799 seconds
                  AERO completed...       0.8586 seconds
            Master Time Step
            Processing completed...       7.9387 seconds

      =--> Data Output completed...       1.5330 seconds

     Processing Day/Time [YYYYDDD:HHMMSS]: 2017357:120000
       Which is Equivalent to (UTC): 12:00:00 Saturday,  Dec. 23, 2017
       Time-Step Length (HHMMSS): 000400
                 VDIFF completed...       4.7586 seconds
                COUPLE completed...       0.1544 seconds
                  HADV completed...       3.1165 seconds
                  ZADV completed...       0.2852 seconds
                 HDIFF completed...       0.2319 seconds
              DECOUPLE completed...       0.0455 seconds
                  PHOT completed...       1.0672 seconds
               CLDPROC completed...       0.2209 seconds
                  CHEM completed...       0.6030 seconds
                  AERO completed...       0.8174 seconds
            Master Time Step
            Processing completed...      11.3062 seconds

     Processing Day/Time [YYYYDDD:HHMMSS]: 2017357:120400
       Which is Equivalent to (UTC): 12:04:00 Saturday,  Dec. 23, 2017
       Time-Step Length (HHMMSS): 000400
                 VDIFF completed...       1.0084 seconds
                COUPLE completed...       0.1303 seconds
                  HADV completed...       1.8823 seconds
                  ZADV completed...       0.2837 seconds
                 HDIFF completed...       0.2349 seconds
              DECOUPLE completed...       0.0437 seconds
                  PHOT completed...       0.1742 seconds
               CLDPROC completed...       0.2162 seconds
                  CHEM completed...       0.5952 seconds
                  AERO completed...       0.8200 seconds
            Master Time Step
            Processing completed...       5.3902 seconds

     Processing Day/Time [YYYYDDD:HHMMSS]: 2017357:120800
       Which is Equivalent to (UTC): 12:08:00 Saturday,  Dec. 23, 2017
       Time-Step Length (HHMMSS): 000400
                 VDIFF completed...       1.0367 seconds
                COUPLE completed...       0.1305 seconds
                  HADV completed...       1.8483 seconds
                  ZADV completed...       0.2843 seconds
                 HDIFF completed...       0.2333 seconds
              DECOUPLE completed...       0.0444 seconds
                  PHOT completed...       0.1736 seconds
               CLDPROC completed...       0.2134 seconds
                  CHEM completed...       0.5909 seconds
                  AERO completed...       0.8167 seconds
            Master Time Step
            Processing completed...       5.3776 seconds

     Processing Day/Time [YYYYDDD:HHMMSS]: 2017357:121200
       Which is Equivalent to (UTC): 12:12:00 Saturday,  Dec. 23, 2017
       Time-Step Length (HHMMSS): 000400
                 VDIFF completed...       0.9772 seconds
                COUPLE completed...       0.1272 seconds
                  HADV completed...       1.9154 seconds
                  ZADV completed...       0.2840 seconds
                 HDIFF completed...       0.2328 seconds
              DECOUPLE completed...       0.0440 seconds
                  PHOT completed...       0.1739 seconds
               CLDPROC completed...       0.2126 seconds
                  CHEM completed...       0.5893 seconds
                  AERO completed...       0.8150 seconds
            Master Time Step
            Processing completed...       5.3762 seconds

     Processing Day/Time [YYYYDDD:HHMMSS]: 2017357:121600
       Which is Equivalent to (UTC): 12:16:00 Saturday,  Dec. 23, 2017
       Time-Step Length (HHMMSS): 000400
                 VDIFF completed...       0.9651 seconds
                COUPLE completed...       0.1326 seconds
                  HADV completed...       1.9207 seconds
                  ZADV completed...       0.2831 seconds
                 HDIFF completed...       0.2347 seconds
              DECOUPLE completed...       0.0443 seconds
                  PHOT completed...       0.1735 seconds
               CLDPROC completed...       0.2113 seconds
                  CHEM completed...       0.5878 seconds
                  AERO completed...       0.8118 seconds
            Master Time Step
            Processing completed...       5.3696 seconds

     Processing Day/Time [YYYYDDD:HHMMSS]: 2017357:122000
       Which is Equivalent to (UTC): 12:20:00 Saturday,  Dec. 23, 2017
       Time-Step Length (HHMMSS): 000400
                 VDIFF completed...       0.9647 seconds
                COUPLE completed...       0.1275 seconds
                  HADV completed...       1.9253 seconds
                  ZADV completed...       0.2844 seconds
                 HDIFF completed...       0.2346 seconds
              DECOUPLE completed...       0.0451 seconds
                  PHOT completed...       0.1716 seconds
               CLDPROC completed...       0.2096 seconds
                  CHEM completed...       0.5871 seconds
                  AERO completed...       0.8121 seconds
            Master Time Step
            Processing completed...       5.3655 seconds

     Processing Day/Time [YYYYDDD:HHMMSS]: 2017357:122400
       Which is Equivalent to (UTC): 12:24:00 Saturday,  Dec. 23, 2017
       Time-Step Length (HHMMSS): 000400
                 VDIFF completed...       0.9546 seconds
                COUPLE completed...       0.1322 seconds
                  HADV completed...       1.9876 seconds
                  ZADV completed...       0.3188 seconds
                 HDIFF completed...       0.1988 seconds
              DECOUPLE completed...       0.0438 seconds
                  PHOT completed...       0.1724 seconds
               CLDPROC completed...       0.2091 seconds
                  CHEM completed...       0.5859 seconds
                  AERO completed...       0.8104 seconds
            Master Time Step
            Processing completed...       5.4183 seconds

     Processing Day/Time [YYYYDDD:HHMMSS]: 2017357:122800
       Which is Equivalent to (UTC): 12:28:00 Saturday,  Dec. 23, 2017
       Time-Step Length (HHMMSS): 000400
                 VDIFF completed...       0.9550 seconds
                COUPLE completed...       0.1303 seconds
                  HADV completed...       1.9110 seconds
                  ZADV completed...       0.2828 seconds
                 HDIFF completed...       0.2342 seconds
              DECOUPLE completed...       0.0444 seconds
                  PHOT completed...       0.1724 seconds
               CLDPROC completed...       0.2084 seconds
                  CHEM completed...       0.5880 seconds
                  AERO completed...       0.8107 seconds
            Master Time Step
            Processing completed...       5.3425 seconds

     Processing Day/Time [YYYYDDD:HHMMSS]: 2017357:123200
       Which is Equivalent to (UTC): 12:32:00 Saturday,  Dec. 23, 2017
       Time-Step Length (HHMMSS): 000400
                 VDIFF completed...       0.9349 seconds
                COUPLE completed...       0.1330 seconds
                  HADV completed...       1.9290 seconds
                  ZADV completed...       0.2842 seconds
                 HDIFF completed...       0.2334 seconds
              DECOUPLE completed...       0.0446 seconds
                  PHOT completed...       0.1721 seconds
               CLDPROC completed...       0.2074 seconds
                  CHEM completed...       0.5865 seconds
                  AERO completed...       0.8102 seconds
            Master Time Step
            Processing completed...       5.3396 seconds

     Processing Day/Time [YYYYDDD:HHMMSS]: 2017357:123600
       Which is Equivalent to (UTC): 12:36:00 Saturday,  Dec. 23, 2017
       Time-Step Length (HHMMSS): 000400
                 VDIFF completed...       0.9590 seconds
                COUPLE completed...       0.1342 seconds
                  HADV completed...       1.8913 seconds
                  ZADV completed...       0.2842 seconds
                 HDIFF completed...       0.2320 seconds
              DECOUPLE completed...       0.0437 seconds
                  PHOT completed...       0.1729 seconds
               CLDPROC completed...       0.2067 seconds
                  CHEM completed...       0.5859 seconds
                  AERO completed...       0.8104 seconds
            Master Time Step
            Processing completed...       5.3264 seconds

     Processing Day/Time [YYYYDDD:HHMMSS]: 2017357:124000
       Which is Equivalent to (UTC): 12:40:00 Saturday,  Dec. 23, 2017
       Time-Step Length (HHMMSS): 000400
                 VDIFF completed...       0.9716 seconds
                COUPLE completed...       0.1470 seconds
                  HADV completed...       1.8413 seconds
                  ZADV completed...       0.3090 seconds
                 HDIFF completed...       0.2090 seconds
              DECOUPLE completed...       0.0448 seconds
                  PHOT completed...       0.1718 seconds
               CLDPROC completed...       0.2093 seconds
                  CHEM completed...       0.5846 seconds
                  AERO completed...       0.8108 seconds
            Master Time Step
            Processing completed...       5.3031 seconds

     Processing Day/Time [YYYYDDD:HHMMSS]: 2017357:124400
       Which is Equivalent to (UTC): 12:44:00 Saturday,  Dec. 23, 2017
       Time-Step Length (HHMMSS): 000400
                 VDIFF completed...       0.9761 seconds
                COUPLE completed...       0.1381 seconds
                  HADV completed...       1.8832 seconds
                  ZADV completed...       0.3117 seconds
                 HDIFF completed...       0.2067 seconds
              DECOUPLE completed...       0.0449 seconds
                  PHOT completed...       0.1711 seconds
               CLDPROC completed...       0.2071 seconds
                  CHEM completed...       0.5840 seconds
                  AERO completed...       0.8112 seconds
            Master Time Step
            Processing completed...       5.3382 seconds

     Processing Day/Time [YYYYDDD:HHMMSS]: 2017357:124800
       Which is Equivalent to (UTC): 12:48:00 Saturday,  Dec. 23, 2017
       Time-Step Length (HHMMSS): 000400
                 VDIFF completed...       0.9566 seconds
                COUPLE completed...       0.1402 seconds
                  HADV completed...       1.9345 seconds
                  ZADV completed...       0.3117 seconds
                 HDIFF completed...       0.2066 seconds
              DECOUPLE completed...       0.0442 seconds
                  PHOT completed...       0.1712 seconds
               CLDPROC completed...       0.2056 seconds
                  CHEM completed...       0.5855 seconds
                  AERO completed...       0.8129 seconds
            Master Time Step
            Processing completed...       5.3735 seconds

     Processing Day/Time [YYYYDDD:HHMMSS]: 2017357:125200
       Which is Equivalent to (UTC): 12:52:00 Saturday,  Dec. 23, 2017
       Time-Step Length (HHMMSS): 000400
                 VDIFF completed...       0.9486 seconds
                COUPLE completed...       0.1437 seconds
                  HADV completed...       1.9509 seconds
                  ZADV completed...       0.3103 seconds
                 HDIFF completed...       0.2306 seconds
              DECOUPLE completed...       0.0449 seconds
                  PHOT completed...       0.1716 seconds
               CLDPROC completed...       0.2049 seconds
                  CHEM completed...       0.5855 seconds
                  AERO completed...       0.8126 seconds
            Master Time Step
            Processing completed...       5.4049 seconds

     Processing Day/Time [YYYYDDD:HHMMSS]: 2017357:125600
       Which is Equivalent to (UTC): 12:56:00 Saturday,  Dec. 23, 2017
       Time-Step Length (HHMMSS): 000400
                 VDIFF completed...       2.9798 seconds
                COUPLE completed...       0.1706 seconds
                  HADV completed...       1.1065 seconds
                  ZADV completed...       0.3118 seconds
                 HDIFF completed...       0.2072 seconds
              DECOUPLE completed...       0.0449 seconds
                  PHOT completed...       0.1697 seconds
               CLDPROC completed...       1.8344 seconds
                  CHEM completed...       0.5579 seconds
                  AERO completed...       0.8425 seconds
            Master Time Step
            Processing completed...       8.2306 seconds

      =--> Data Output completed...       1.5729 seconds

     Processing Day/Time [YYYYDDD:HHMMSS]: 2017357:130000
       Which is Equivalent to (UTC): 13:00:00 Saturday,  Dec. 23, 2017
       Time-Step Length (HHMMSS): 000400
                 VDIFF completed...       4.2271 seconds
                COUPLE completed...       0.1596 seconds
                  HADV completed...       3.3941 seconds
                  ZADV completed...       0.2837 seconds
                 HDIFF completed...       0.2356 seconds
              DECOUPLE completed...       0.0448 seconds
                  PHOT completed...       1.0636 seconds
               CLDPROC completed...       0.2043 seconds
                  CHEM completed...       0.5912 seconds
                  AERO completed...       0.8132 seconds
            Master Time Step
            Processing completed...      11.0211 seconds

     Processing Day/Time [YYYYDDD:HHMMSS]: 2017357:130400
       Which is Equivalent to (UTC): 13:04:00 Saturday,  Dec. 23, 2017
       Time-Step Length (HHMMSS): 000400
                 VDIFF completed...       0.8470 seconds
                COUPLE completed...       0.1316 seconds
                  HADV completed...       2.1161 seconds
                  ZADV completed...       0.2844 seconds
                 HDIFF completed...       0.2354 seconds
              DECOUPLE completed...       0.0442 seconds
                  PHOT completed...       0.1716 seconds
               CLDPROC completed...       0.2009 seconds
                  CHEM completed...       0.5937 seconds
                  AERO completed...       0.8134 seconds
            Master Time Step
            Processing completed...       5.4402 seconds

     Processing Day/Time [YYYYDDD:HHMMSS]: 2017357:130800
       Which is Equivalent to (UTC): 13:08:00 Saturday,  Dec. 23, 2017
       Time-Step Length (HHMMSS): 000400
                 VDIFF completed...       0.8655 seconds
                COUPLE completed...       0.1227 seconds
                  HADV completed...       2.2777 seconds
                  ZADV completed...       0.2864 seconds
                 HDIFF completed...       0.2319 seconds
              DECOUPLE completed...       0.0444 seconds
                  PHOT completed...       0.1702 seconds
               CLDPROC completed...       0.1987 seconds
                  CHEM completed...       0.5897 seconds
                  AERO completed...       0.8158 seconds
            Master Time Step
            Processing completed...       5.6076 seconds

     Processing Day/Time [YYYYDDD:HHMMSS]: 2017357:131200
       Which is Equivalent to (UTC): 13:12:00 Saturday,  Dec. 23, 2017
       Time-Step Length (HHMMSS): 000400
                 VDIFF completed...       0.8777 seconds
                COUPLE completed...       0.1214 seconds
                  HADV completed...       2.3064 seconds
                  ZADV completed...       0.2847 seconds
                 HDIFF completed...       0.2343 seconds
              DECOUPLE completed...       0.0454 seconds
                  PHOT completed...       0.1688 seconds
               CLDPROC completed...       0.1979 seconds
                  CHEM completed...       0.5920 seconds
                  AERO completed...       0.8107 seconds
            Master Time Step
            Processing completed...       5.6438 seconds

     Processing Day/Time [YYYYDDD:HHMMSS]: 2017357:131600
       Which is Equivalent to (UTC): 13:16:00 Saturday,  Dec. 23, 2017
       Time-Step Length (HHMMSS): 000400
                 VDIFF completed...       0.8703 seconds
                COUPLE completed...       0.1174 seconds
                  HADV completed...       2.3623 seconds
                  ZADV completed...       0.2855 seconds
                 HDIFF completed...       0.2335 seconds
              DECOUPLE completed...       0.0442 seconds
                  PHOT completed...       0.1693 seconds
               CLDPROC completed...       0.1985 seconds
                  CHEM completed...       0.5909 seconds
                  AERO completed...       0.8246 seconds
            Master Time Step
            Processing completed...       5.7017 seconds

     Processing Day/Time [YYYYDDD:HHMMSS]: 2017357:132000
       Which is Equivalent to (UTC): 13:20:00 Saturday,  Dec. 23, 2017
       Time-Step Length (HHMMSS): 000400
                 VDIFF completed...       0.8372 seconds
                COUPLE completed...       0.1101 seconds
                  HADV completed...       2.4301 seconds
                  ZADV completed...       0.2843 seconds
                 HDIFF completed...       0.2344 seconds
              DECOUPLE completed...       0.0441 seconds
                  PHOT completed...       0.1700 seconds
               CLDPROC completed...       0.1973 seconds
                  CHEM completed...       0.5890 seconds
                  AERO completed...       0.8120 seconds
            Master Time Step
            Processing completed...       5.7133 seconds

     Processing Day/Time [YYYYDDD:HHMMSS]: 2017357:132400
       Which is Equivalent to (UTC): 13:24:00 Saturday,  Dec. 23, 2017
       Time-Step Length (HHMMSS): 000400
                 VDIFF completed...       0.8435 seconds
                COUPLE completed...       0.1062 seconds
                  HADV completed...       2.4446 seconds
                  ZADV completed...       0.2857 seconds
                 HDIFF completed...       0.2322 seconds
              DECOUPLE completed...       0.0453 seconds
                  PHOT completed...       0.1697 seconds
               CLDPROC completed...       0.1964 seconds
                  CHEM completed...       0.5860 seconds
                  AERO completed...       0.8123 seconds
            Master Time Step
            Processing completed...       5.7253 seconds

     Processing Day/Time [YYYYDDD:HHMMSS]: 2017357:132800
       Which is Equivalent to (UTC): 13:28:00 Saturday,  Dec. 23, 2017
       Time-Step Length (HHMMSS): 000400
                 VDIFF completed...       0.8131 seconds
                COUPLE completed...       0.1073 seconds
                  HADV completed...       2.4889 seconds
                  ZADV completed...       0.2863 seconds
                 HDIFF completed...       0.2319 seconds
              DECOUPLE completed...       0.0442 seconds
                  PHOT completed...       0.1697 seconds
               CLDPROC completed...       0.1935 seconds
                  CHEM completed...       0.5818 seconds
                  AERO completed...       0.8136 seconds
            Master Time Step
            Processing completed...       5.7352 seconds

     Processing Day/Time [YYYYDDD:HHMMSS]: 2017357:133200
       Which is Equivalent to (UTC): 13:32:00 Saturday,  Dec. 23, 2017
       Time-Step Length (HHMMSS): 000400
                 VDIFF completed...       0.8355 seconds
                COUPLE completed...       0.1113 seconds
                  HADV completed...       2.4637 seconds
                  ZADV completed...       0.2875 seconds
                 HDIFF completed...       0.2314 seconds
              DECOUPLE completed...       0.0443 seconds
                  PHOT completed...       0.1691 seconds
               CLDPROC completed...       0.1916 seconds
                  CHEM completed...       0.5793 seconds
                  AERO completed...       0.8142 seconds
            Master Time Step
            Processing completed...       5.7328 seconds

     Processing Day/Time [YYYYDDD:HHMMSS]: 2017357:133600
       Which is Equivalent to (UTC): 13:36:00 Saturday,  Dec. 23, 2017
       Time-Step Length (HHMMSS): 000400
                 VDIFF completed...       0.8076 seconds
                COUPLE completed...       0.1152 seconds
                  HADV completed...       2.4970 seconds
                  ZADV completed...       0.2889 seconds
                 HDIFF completed...       0.2296 seconds
              DECOUPLE completed...       0.0450 seconds
                  PHOT completed...       0.1685 seconds
               CLDPROC completed...       0.1885 seconds
                  CHEM completed...       0.5793 seconds
                  AERO completed...       0.8108 seconds
            Master Time Step
            Processing completed...       5.7354 seconds

     Processing Day/Time [YYYYDDD:HHMMSS]: 2017357:134000
       Which is Equivalent to (UTC): 13:40:00 Saturday,  Dec. 23, 2017
       Time-Step Length (HHMMSS): 000400
                 VDIFF completed...       0.7668 seconds
                COUPLE completed...       0.1129 seconds
                  HADV completed...       2.5579 seconds
                  ZADV completed...       0.2838 seconds
                 HDIFF completed...       0.2349 seconds
              DECOUPLE completed...       0.0449 seconds
                  PHOT completed...       0.1684 seconds
               CLDPROC completed...       0.1842 seconds
                  CHEM completed...       0.5788 seconds
                  AERO completed...       0.8116 seconds
            Master Time Step
            Processing completed...       5.7491 seconds

     Processing Day/Time [YYYYDDD:HHMMSS]: 2017357:134400
       Which is Equivalent to (UTC): 13:44:00 Saturday,  Dec. 23, 2017
       Time-Step Length (HHMMSS): 000400
                 VDIFF completed...       0.7668 seconds
                COUPLE completed...       0.0762 seconds
                  HADV completed...       2.6031 seconds
                  ZADV completed...       0.2876 seconds
                 HDIFF completed...       0.2316 seconds
              DECOUPLE completed...       0.0444 seconds
                  PHOT completed...       0.1683 seconds
               CLDPROC completed...       0.1822 seconds
                  CHEM completed...       0.5753 seconds
                  AERO completed...       0.8129 seconds
            Master Time Step
            Processing completed...       5.7532 seconds

     Processing Day/Time [YYYYDDD:HHMMSS]: 2017357:134800
       Which is Equivalent to (UTC): 13:48:00 Saturday,  Dec. 23, 2017
       Time-Step Length (HHMMSS): 000400
                 VDIFF completed...       0.7594 seconds
                COUPLE completed...       0.0743 seconds
                  HADV completed...       2.6079 seconds
                  ZADV completed...       0.2866 seconds
                 HDIFF completed...       0.2338 seconds
              DECOUPLE completed...       0.0449 seconds
                  PHOT completed...       0.1683 seconds
               CLDPROC completed...       0.1792 seconds
                  CHEM completed...       0.5721 seconds
                  AERO completed...       0.8130 seconds
            Master Time Step
            Processing completed...       5.7433 seconds

     Processing Day/Time [YYYYDDD:HHMMSS]: 2017357:135200
       Which is Equivalent to (UTC): 13:52:00 Saturday,  Dec. 23, 2017
       Time-Step Length (HHMMSS): 000400
                 VDIFF completed...       0.7707 seconds
                COUPLE completed...       0.0751 seconds
                  HADV completed...       2.6086 seconds
                  ZADV completed...       0.2875 seconds
                 HDIFF completed...       0.2320 seconds
              DECOUPLE completed...       0.0447 seconds
                  PHOT completed...       0.1675 seconds
               CLDPROC completed...       0.1762 seconds
                  CHEM completed...       0.5708 seconds
                  AERO completed...       0.8120 seconds
            Master Time Step
            Processing completed...       5.7504 seconds

     Processing Day/Time [YYYYDDD:HHMMSS]: 2017357:135600
       Which is Equivalent to (UTC): 13:56:00 Saturday,  Dec. 23, 2017
       Time-Step Length (HHMMSS): 000400
                 VDIFF completed...       3.3789 seconds
                COUPLE completed...       0.1702 seconds
                  HADV completed...       1.1163 seconds
                  ZADV completed...       0.2889 seconds
                 HDIFF completed...       0.2301 seconds
              DECOUPLE completed...       0.0448 seconds
                  PHOT completed...       0.1680 seconds
               CLDPROC completed...       2.0268 seconds
                  CHEM completed...       0.5500 seconds
                  AERO completed...       0.8366 seconds
            Master Time Step
            Processing completed...       8.8170 seconds

      =--> Data Output completed...       1.7220 seconds

     Processing Day/Time [YYYYDDD:HHMMSS]: 2017357:140000
       Which is Equivalent to (UTC): 14:00:00 Saturday,  Dec. 23, 2017
       Time-Step Length (HHMMSS): 000400
                 VDIFF completed...       4.1781 seconds
                COUPLE completed...       0.1589 seconds
                  HADV completed...       3.2057 seconds
                  ZADV completed...       0.3131 seconds
                 HDIFF completed...       0.2048 seconds
              DECOUPLE completed...       0.0445 seconds
                  PHOT completed...       0.9840 seconds
               CLDPROC completed...       0.1784 seconds
                  CHEM completed...       0.5584 seconds
                  AERO completed...       0.8103 seconds
            Master Time Step
            Processing completed...      10.6405 seconds

     Processing Day/Time [YYYYDDD:HHMMSS]: 2017357:140400
       Which is Equivalent to (UTC): 14:04:00 Saturday,  Dec. 23, 2017
       Time-Step Length (HHMMSS): 000400
                 VDIFF completed...       0.7889 seconds
                COUPLE completed...       0.0751 seconds
                  HADV completed...       2.5072 seconds
                  ZADV completed...       0.3144 seconds
                 HDIFF completed...       0.2038 seconds
              DECOUPLE completed...       0.0446 seconds
                  PHOT completed...       0.1680 seconds
               CLDPROC completed...       0.1774 seconds
                  CHEM completed...       0.5549 seconds
                  AERO completed...       0.8131 seconds
            Master Time Step
            Processing completed...       5.6512 seconds

     Processing Day/Time [YYYYDDD:HHMMSS]: 2017357:140800
       Which is Equivalent to (UTC): 14:08:00 Saturday,  Dec. 23, 2017
       Time-Step Length (HHMMSS): 000400
                 VDIFF completed...       0.8069 seconds
                COUPLE completed...       0.1000 seconds
                  HADV completed...       2.5899 seconds
                  ZADV completed...       0.3137 seconds
                 HDIFF completed...       0.2038 seconds
              DECOUPLE completed...       0.0447 seconds
                  PHOT completed...       0.1683 seconds
               CLDPROC completed...       0.1794 seconds
                  CHEM completed...       0.5516 seconds
                  AERO completed...       0.8120 seconds
            Master Time Step
            Processing completed...       5.7746 seconds

     Processing Day/Time [YYYYDDD:HHMMSS]: 2017357:141200
       Which is Equivalent to (UTC): 14:12:00 Saturday,  Dec. 23, 2017
       Time-Step Length (HHMMSS): 000400
                 VDIFF completed...       0.8116 seconds
                COUPLE completed...       0.0975 seconds
                  HADV completed...       2.8076 seconds
                  ZADV completed...       0.3142 seconds
                 HDIFF completed...       0.2043 seconds
              DECOUPLE completed...       0.0456 seconds
                  PHOT completed...       0.1670 seconds
               CLDPROC completed...       0.1782 seconds
                  CHEM completed...       0.5494 seconds
                  AERO completed...       0.8104 seconds
            Master Time Step
            Processing completed...       5.9900 seconds

     Processing Day/Time [YYYYDDD:HHMMSS]: 2017357:141600
       Which is Equivalent to (UTC): 14:16:00 Saturday,  Dec. 23, 2017
       Time-Step Length (HHMMSS): 000400
                 VDIFF completed...       0.8364 seconds
                COUPLE completed...       0.0960 seconds
                  HADV completed...       2.6319 seconds
                  ZADV completed...       0.3140 seconds
                 HDIFF completed...       0.2041 seconds
              DECOUPLE completed...       0.0438 seconds
                  PHOT completed...       0.1687 seconds
               CLDPROC completed...       0.1783 seconds
                  CHEM completed...       0.5473 seconds
                  AERO completed...       0.8110 seconds
            Master Time Step
            Processing completed...       5.8358 seconds

     Processing Day/Time [YYYYDDD:HHMMSS]: 2017357:142000
       Which is Equivalent to (UTC): 14:20:00 Saturday,  Dec. 23, 2017
       Time-Step Length (HHMMSS): 000400
                 VDIFF completed...       0.8780 seconds
                COUPLE completed...       0.0917 seconds
                  HADV completed...       2.6096 seconds
                  ZADV completed...       0.3143 seconds
                 HDIFF completed...       0.2042 seconds
              DECOUPLE completed...       0.0442 seconds
                  PHOT completed...       0.1850 seconds
               CLDPROC completed...       0.1780 seconds
                  CHEM completed...       0.5475 seconds
                  AERO completed...       0.8126 seconds
            Master Time Step
            Processing completed...       5.8694 seconds

     Processing Day/Time [YYYYDDD:HHMMSS]: 2017357:142400
       Which is Equivalent to (UTC): 14:24:00 Saturday,  Dec. 23, 2017
       Time-Step Length (HHMMSS): 000400
                 VDIFF completed...       0.9286 seconds
                COUPLE completed...       0.0742 seconds
                  HADV completed...       2.5706 seconds
                  ZADV completed...       0.3140 seconds
                 HDIFF completed...       0.2043 seconds
              DECOUPLE completed...       0.0447 seconds
                  PHOT completed...       0.2060 seconds
               CLDPROC completed...       0.1763 seconds
                  CHEM completed...       0.5473 seconds
                  AERO completed...       0.8140 seconds
            Master Time Step
            Processing completed...       5.8838 seconds

     Processing Day/Time [YYYYDDD:HHMMSS]: 2017357:142800
       Which is Equivalent to (UTC): 14:28:00 Saturday,  Dec. 23, 2017
       Time-Step Length (HHMMSS): 000400
                 VDIFF completed...       0.9734 seconds
                COUPLE completed...       0.0811 seconds
                  HADV completed...       2.4957 seconds
                  ZADV completed...       0.3137 seconds
                 HDIFF completed...       0.2055 seconds
              DECOUPLE completed...       0.0447 seconds
                  PHOT completed...       0.2398 seconds
               CLDPROC completed...       0.1766 seconds
                  CHEM completed...       0.5472 seconds
                  AERO completed...       0.8120 seconds
            Master Time Step
            Processing completed...       5.8938 seconds

     Processing Day/Time [YYYYDDD:HHMMSS]: 2017357:143200
       Which is Equivalent to (UTC): 14:32:00 Saturday,  Dec. 23, 2017
       Time-Step Length (HHMMSS): 000400
                 VDIFF completed...       1.0426 seconds
                COUPLE completed...       0.1008 seconds
                  HADV completed...       2.3896 seconds
                  ZADV completed...       0.3137 seconds
                 HDIFF completed...       0.2046 seconds
              DECOUPLE completed...       0.0440 seconds
                  PHOT completed...       0.2756 seconds
               CLDPROC completed...       0.1786 seconds
                  CHEM completed...       0.5479 seconds
                  AERO completed...       0.8146 seconds
            Master Time Step
            Processing completed...       5.9162 seconds

     Processing Day/Time [YYYYDDD:HHMMSS]: 2017357:143600
       Which is Equivalent to (UTC): 14:36:00 Saturday,  Dec. 23, 2017
       Time-Step Length (HHMMSS): 000400
                 VDIFF completed...       1.1390 seconds
                COUPLE completed...       0.1124 seconds
                  HADV completed...       2.2368 seconds
                  ZADV completed...       0.3140 seconds
                 HDIFF completed...       0.2045 seconds
              DECOUPLE completed...       0.0449 seconds
                  PHOT completed...       0.3092 seconds
               CLDPROC completed...       0.1872 seconds
                  CHEM completed...       0.5489 seconds
                  AERO completed...       0.8163 seconds
            Master Time Step
            Processing completed...       5.9173 seconds

     Processing Day/Time [YYYYDDD:HHMMSS]: 2017357:144000
       Which is Equivalent to (UTC): 14:40:00 Saturday,  Dec. 23, 2017
       Time-Step Length (HHMMSS): 000400
                 VDIFF completed...       1.2083 seconds
                COUPLE completed...       0.1102 seconds
                  HADV completed...       2.1167 seconds
                  ZADV completed...       0.3133 seconds
                 HDIFF completed...       0.2063 seconds
              DECOUPLE completed...       0.0450 seconds
                  PHOT completed...       0.3444 seconds
               CLDPROC completed...       0.1823 seconds
                  CHEM completed...       0.5499 seconds
                  AERO completed...       0.8147 seconds
            Master Time Step
            Processing completed...       5.8953 seconds

     Processing Day/Time [YYYYDDD:HHMMSS]: 2017357:144400
       Which is Equivalent to (UTC): 14:44:00 Saturday,  Dec. 23, 2017
       Time-Step Length (HHMMSS): 000400
                 VDIFF completed...       1.2311 seconds
                COUPLE completed...       0.1105 seconds
                  HADV completed...       2.0786 seconds
                  ZADV completed...       0.3148 seconds
                 HDIFF completed...       0.2034 seconds
              DECOUPLE completed...       0.0448 seconds
                  PHOT completed...       0.3721 seconds
               CLDPROC completed...       0.1777 seconds
                  CHEM completed...       0.5539 seconds
                  AERO completed...       0.8293 seconds
            Master Time Step
            Processing completed...       5.9202 seconds

     Processing Day/Time [YYYYDDD:HHMMSS]: 2017357:144800
       Which is Equivalent to (UTC): 14:48:00 Saturday,  Dec. 23, 2017
       Time-Step Length (HHMMSS): 000400
                 VDIFF completed...       1.3231 seconds
                COUPLE completed...       0.0975 seconds
                  HADV completed...       1.9389 seconds
                  ZADV completed...       0.3141 seconds
                 HDIFF completed...       0.2036 seconds
              DECOUPLE completed...       0.0441 seconds
                  PHOT completed...       0.3873 seconds
               CLDPROC completed...       0.1772 seconds
                  CHEM completed...       0.6041 seconds
                  AERO completed...       0.8190 seconds
            Master Time Step
            Processing completed...       5.9134 seconds

     Processing Day/Time [YYYYDDD:HHMMSS]: 2017357:145200
       Which is Equivalent to (UTC): 14:52:00 Saturday,  Dec. 23, 2017
       Time-Step Length (HHMMSS): 000400
                 VDIFF completed...       1.3004 seconds
                COUPLE completed...       0.0977 seconds
                  HADV completed...       1.9057 seconds
                  ZADV completed...       0.3148 seconds
                 HDIFF completed...       0.2032 seconds
              DECOUPLE completed...       0.0444 seconds
                  PHOT completed...       0.4012 seconds
               CLDPROC completed...       0.1976 seconds
                  CHEM completed...       0.6554 seconds
                  AERO completed...       0.8219 seconds
            Master Time Step
            Processing completed...       5.9461 seconds

     Processing Day/Time [YYYYDDD:HHMMSS]: 2017357:145600
       Which is Equivalent to (UTC): 14:56:00 Saturday,  Dec. 23, 2017
       Time-Step Length (HHMMSS): 000400
                 VDIFF completed...       3.0673 seconds
                COUPLE completed...       0.1703 seconds
                  HADV completed...       1.1327 seconds
                  ZADV completed...       0.3138 seconds
                 HDIFF completed...       0.2036 seconds
              DECOUPLE completed...       0.0442 seconds
                  PHOT completed...       0.4158 seconds
               CLDPROC completed...       1.9854 seconds
                  CHEM completed...       0.7086 seconds
                  AERO completed...       0.8419 seconds
            Master Time Step
            Processing completed...       8.8877 seconds

      =--> Data Output completed...       1.5752 seconds

     Processing Day/Time [YYYYDDD:HHMMSS]: 2017357:150000
       Which is Equivalent to (UTC): 15:00:00 Saturday,  Dec. 23, 2017
       Time-Step Length (HHMMSS): 000500
                 VDIFF completed...       4.7320 seconds
                COUPLE completed...       0.1471 seconds
                  HADV completed...       3.6091 seconds
                  ZADV completed...       0.3099 seconds
                 HDIFF completed...       0.2102 seconds
              DECOUPLE completed...       0.0446 seconds
                  PHOT completed...       1.2774 seconds
               CLDPROC completed...       0.2162 seconds
                  CHEM completed...       0.8229 seconds
                  AERO completed...       0.8765 seconds
            Master Time Step
            Processing completed...      12.2504 seconds

     Processing Day/Time [YYYYDDD:HHMMSS]: 2017357:150500
       Which is Equivalent to (UTC): 15:05:00 Saturday,  Dec. 23, 2017
       Time-Step Length (HHMMSS): 000500
                 VDIFF completed...       1.0384 seconds
                COUPLE completed...       0.0875 seconds
                  HADV completed...       2.0803 seconds
                  ZADV completed...       0.2852 seconds
                 HDIFF completed...       0.2346 seconds
              DECOUPLE completed...       0.0442 seconds
                  PHOT completed...       0.4513 seconds
               CLDPROC completed...       0.2236 seconds
                  CHEM completed...       0.9179 seconds
                  AERO completed...       0.8634 seconds
            Master Time Step
            Processing completed...       6.2306 seconds

     Processing Day/Time [YYYYDDD:HHMMSS]: 2017357:151000
       Which is Equivalent to (UTC): 15:10:00 Saturday,  Dec. 23, 2017
       Time-Step Length (HHMMSS): 000500
                 VDIFF completed...       0.9722 seconds
                COUPLE completed...       0.0875 seconds
                  HADV completed...       2.1964 seconds
                  ZADV completed...       0.2887 seconds
                 HDIFF completed...       0.2309 seconds
              DECOUPLE completed...       0.0444 seconds
                  PHOT completed...       0.4651 seconds
               CLDPROC completed...       0.2192 seconds
                  CHEM completed...       0.9284 seconds
                  AERO completed...       0.8629 seconds
            Master Time Step
            Processing completed...       6.3008 seconds

     Processing Day/Time [YYYYDDD:HHMMSS]: 2017357:151500
       Which is Equivalent to (UTC): 15:15:00 Saturday,  Dec. 23, 2017
       Time-Step Length (HHMMSS): 000500
                 VDIFF completed...       0.9509 seconds
                COUPLE completed...       0.0836 seconds
                  HADV completed...       2.2239 seconds
                  ZADV completed...       0.2851 seconds
                 HDIFF completed...       0.2344 seconds
              DECOUPLE completed...       0.0444 seconds
                  PHOT completed...       0.4651 seconds
               CLDPROC completed...       0.2204 seconds
                  CHEM completed...       0.9106 seconds
                  AERO completed...       0.8713 seconds
            Master Time Step
            Processing completed...       6.2948 seconds

     Processing Day/Time [YYYYDDD:HHMMSS]: 2017357:152000
       Which is Equivalent to (UTC): 15:20:00 Saturday,  Dec. 23, 2017
       Time-Step Length (HHMMSS): 000500
                 VDIFF completed...       0.9391 seconds
                COUPLE completed...       0.0827 seconds
                  HADV completed...       2.2558 seconds
                  ZADV completed...       0.2863 seconds
                 HDIFF completed...       0.2330 seconds
              DECOUPLE completed...       0.0451 seconds
                  PHOT completed...       0.4644 seconds
               CLDPROC completed...       0.2237 seconds
                  CHEM completed...       0.9098 seconds
                  AERO completed...       0.8724 seconds
            Master Time Step
            Processing completed...       6.3173 seconds

     Processing Day/Time [YYYYDDD:HHMMSS]: 2017357:152500
       Which is Equivalent to (UTC): 15:25:00 Saturday,  Dec. 23, 2017
       Time-Step Length (HHMMSS): 000500
                 VDIFF completed...       0.9565 seconds
                COUPLE completed...       0.0834 seconds
                  HADV completed...       2.2988 seconds
                  ZADV completed...       0.2866 seconds
                 HDIFF completed...       0.2332 seconds
              DECOUPLE completed...       0.0447 seconds
                  PHOT completed...       0.4656 seconds
               CLDPROC completed...       0.2275 seconds
                  CHEM completed...       0.9093 seconds
                  AERO completed...       0.8725 seconds
            Master Time Step
            Processing completed...       6.3818 seconds

     Processing Day/Time [YYYYDDD:HHMMSS]: 2017357:153000
       Which is Equivalent to (UTC): 15:30:00 Saturday,  Dec. 23, 2017
       Time-Step Length (HHMMSS): 000500
                 VDIFF completed...       0.9564 seconds
                COUPLE completed...       0.0819 seconds
                  HADV completed...       2.2382 seconds
                  ZADV completed...       0.2879 seconds
                 HDIFF completed...       0.2314 seconds
              DECOUPLE completed...       0.0449 seconds
                  PHOT completed...       0.4647 seconds
               CLDPROC completed...       0.2313 seconds
                  CHEM completed...       0.9129 seconds
                  AERO completed...       0.8705 seconds
            Master Time Step
            Processing completed...       6.3251 seconds

     Processing Day/Time [YYYYDDD:HHMMSS]: 2017357:153500
       Which is Equivalent to (UTC): 15:35:00 Saturday,  Dec. 23, 2017
       Time-Step Length (HHMMSS): 000500
                 VDIFF completed...       0.9649 seconds
                COUPLE completed...       0.0792 seconds
                  HADV completed...       2.2141 seconds
                  ZADV completed...       0.2851 seconds
                 HDIFF completed...       0.2347 seconds
              DECOUPLE completed...       0.0445 seconds
                  PHOT completed...       0.4662 seconds
               CLDPROC completed...       0.2307 seconds
                  CHEM completed...       0.9161 seconds
                  AERO completed...       0.8715 seconds
            Master Time Step
            Processing completed...       6.3120 seconds

     Processing Day/Time [YYYYDDD:HHMMSS]: 2017357:154000
       Which is Equivalent to (UTC): 15:40:00 Saturday,  Dec. 23, 2017
       Time-Step Length (HHMMSS): 000500
                 VDIFF completed...       0.9593 seconds
                COUPLE completed...       0.0785 seconds
                  HADV completed...       2.2105 seconds
                  ZADV completed...       0.2853 seconds
                 HDIFF completed...       0.2416 seconds
              DECOUPLE completed...       0.0448 seconds
                  PHOT completed...       0.4643 seconds
               CLDPROC completed...       0.2331 seconds
                  CHEM completed...       0.9159 seconds
                  AERO completed...       0.8695 seconds
            Master Time Step
            Processing completed...       6.3076 seconds

     Processing Day/Time [YYYYDDD:HHMMSS]: 2017357:154500
       Which is Equivalent to (UTC): 15:45:00 Saturday,  Dec. 23, 2017
       Time-Step Length (HHMMSS): 000500
                 VDIFF completed...       0.9615 seconds
                COUPLE completed...       0.0787 seconds
                  HADV completed...       2.2227 seconds
                  ZADV completed...       0.2865 seconds
                 HDIFF completed...       0.2331 seconds
              DECOUPLE completed...       0.0443 seconds
                  PHOT completed...       0.4648 seconds
               CLDPROC completed...       0.2336 seconds
                  CHEM completed...       0.9159 seconds
                  AERO completed...       0.8734 seconds
            Master Time Step
            Processing completed...       6.3193 seconds

     Processing Day/Time [YYYYDDD:HHMMSS]: 2017357:155000
       Which is Equivalent to (UTC): 15:50:00 Saturday,  Dec. 23, 2017
       Time-Step Length (HHMMSS): 000500
                 VDIFF completed...       0.9689 seconds
                COUPLE completed...       0.0766 seconds
                  HADV completed...       2.1882 seconds
                  ZADV completed...       0.2843 seconds
                 HDIFF completed...       0.2346 seconds
              DECOUPLE completed...       0.0443 seconds
                  PHOT completed...       0.4643 seconds
               CLDPROC completed...       0.2358 seconds
                  CHEM completed...       0.9157 seconds
                  AERO completed...       0.8738 seconds
            Master Time Step
            Processing completed...       6.2915 seconds

     Processing Day/Time [YYYYDDD:HHMMSS]: 2017357:155500
       Which is Equivalent to (UTC): 15:55:00 Saturday,  Dec. 23, 2017
       Time-Step Length (HHMMSS): 000500
                 VDIFF completed...       2.7203 seconds
                COUPLE completed...       0.1705 seconds
                  HADV completed...       1.4885 seconds
                  ZADV completed...       0.2860 seconds
                 HDIFF completed...       0.2339 seconds
              DECOUPLE completed...       0.0445 seconds
                  PHOT completed...       0.4647 seconds
               CLDPROC completed...       1.9015 seconds
                  CHEM completed...       0.9312 seconds
                  AERO completed...       0.8981 seconds
            Master Time Step
            Processing completed...       9.1453 seconds

      =--> Data Output completed...       1.4587 seconds

     Processing Day/Time [YYYYDDD:HHMMSS]: 2017357:160000
       Which is Equivalent to (UTC): 16:00:00 Saturday,  Dec. 23, 2017
       Time-Step Length (HHMMSS): 000500
                 VDIFF completed...       4.1288 seconds
                COUPLE completed...       0.1618 seconds
                  HADV completed...       3.6863 seconds
                  ZADV completed...       0.2861 seconds
                 HDIFF completed...       0.2351 seconds
              DECOUPLE completed...       0.0442 seconds
                  PHOT completed...       1.3988 seconds
               CLDPROC completed...       0.2402 seconds
                  CHEM completed...       0.9094 seconds
                  AERO completed...       0.8767 seconds
            Master Time Step
            Processing completed...      11.9710 seconds

     Processing Day/Time [YYYYDDD:HHMMSS]: 2017357:160500
       Which is Equivalent to (UTC): 16:05:00 Saturday,  Dec. 23, 2017
       Time-Step Length (HHMMSS): 000500
                 VDIFF completed...       1.0052 seconds
                COUPLE completed...       0.0854 seconds
                  HADV completed...       1.9297 seconds
                  ZADV completed...       0.3140 seconds
                 HDIFF completed...       0.2060 seconds
              DECOUPLE completed...       0.0443 seconds
                  PHOT completed...       0.4675 seconds
               CLDPROC completed...       0.2364 seconds
                  CHEM completed...       0.9052 seconds
                  AERO completed...       0.8780 seconds
            Master Time Step
            Processing completed...       6.0780 seconds

     Processing Day/Time [YYYYDDD:HHMMSS]: 2017357:161000
       Which is Equivalent to (UTC): 16:10:00 Saturday,  Dec. 23, 2017
       Time-Step Length (HHMMSS): 000500
                 VDIFF completed...       0.9970 seconds
                COUPLE completed...       0.0757 seconds
                  HADV completed...       2.0587 seconds
                  ZADV completed...       0.3140 seconds
                 HDIFF completed...       0.2065 seconds
              DECOUPLE completed...       0.0445 seconds
                  PHOT completed...       0.4684 seconds
               CLDPROC completed...       0.2355 seconds
                  CHEM completed...       0.9026 seconds
                  AERO completed...       0.8764 seconds
            Master Time Step
            Processing completed...       6.1847 seconds

     Processing Day/Time [YYYYDDD:HHMMSS]: 2017357:161500
       Which is Equivalent to (UTC): 16:15:00 Saturday,  Dec. 23, 2017
       Time-Step Length (HHMMSS): 000500
                 VDIFF completed...       0.9989 seconds
                COUPLE completed...       0.0731 seconds
                  HADV completed...       2.0580 seconds
                  ZADV completed...       0.3142 seconds
                 HDIFF completed...       0.2060 seconds
              DECOUPLE completed...       0.0455 seconds
                  PHOT completed...       0.4678 seconds
               CLDPROC completed...       0.2371 seconds
                  CHEM completed...       0.8998 seconds
                  AERO completed...       0.8744 seconds
            Master Time Step
            Processing completed...       6.1779 seconds

     Processing Day/Time [YYYYDDD:HHMMSS]: 2017357:162000
       Which is Equivalent to (UTC): 16:20:00 Saturday,  Dec. 23, 2017
       Time-Step Length (HHMMSS): 000500
                 VDIFF completed...       1.0040 seconds
                COUPLE completed...       0.0723 seconds
                  HADV completed...       2.0610 seconds
                  ZADV completed...       0.3141 seconds
                 HDIFF completed...       0.2068 seconds
              DECOUPLE completed...       0.0445 seconds
                  PHOT completed...       0.4674 seconds
               CLDPROC completed...       0.2368 seconds
                  CHEM completed...       0.8979 seconds
                  AERO completed...       0.8808 seconds
            Master Time Step
            Processing completed...       6.1900 seconds

     Processing Day/Time [YYYYDDD:HHMMSS]: 2017357:162500
       Which is Equivalent to (UTC): 16:25:00 Saturday,  Dec. 23, 2017
       Time-Step Length (HHMMSS): 000500
                 VDIFF completed...       0.9994 seconds
                COUPLE completed...       0.0715 seconds
                  HADV completed...       2.0468 seconds
                  ZADV completed...       0.3135 seconds
                 HDIFF completed...       0.2069 seconds
              DECOUPLE completed...       0.0446 seconds
                  PHOT completed...       0.4676 seconds
               CLDPROC completed...       0.2367 seconds
                  CHEM completed...       0.8949 seconds
                  AERO completed...       0.8834 seconds
            Master Time Step
            Processing completed...       6.1698 seconds

     Processing Day/Time [YYYYDDD:HHMMSS]: 2017357:163000
       Which is Equivalent to (UTC): 16:30:00 Saturday,  Dec. 23, 2017
       Time-Step Length (HHMMSS): 000500
                 VDIFF completed...       0.9979 seconds
                COUPLE completed...       0.0709 seconds
                  HADV completed...       2.0580 seconds
                  ZADV completed...       0.3140 seconds
                 HDIFF completed...       0.2060 seconds
              DECOUPLE completed...       0.0442 seconds
                  PHOT completed...       0.4684 seconds
               CLDPROC completed...       0.2368 seconds
                  CHEM completed...       0.9005 seconds
                  AERO completed...       0.8833 seconds
            Master Time Step
            Processing completed...       6.1853 seconds

     Processing Day/Time [YYYYDDD:HHMMSS]: 2017357:163500
       Which is Equivalent to (UTC): 16:35:00 Saturday,  Dec. 23, 2017
       Time-Step Length (HHMMSS): 000500
                 VDIFF completed...       0.9965 seconds
                COUPLE completed...       0.0715 seconds
                  HADV completed...       2.0592 seconds
                  ZADV completed...       0.3133 seconds
                 HDIFF completed...       0.2240 seconds
              DECOUPLE completed...       0.0554 seconds
                  PHOT completed...       0.4456 seconds
               CLDPROC completed...       0.2311 seconds
                  CHEM completed...       0.8879 seconds
                  AERO completed...       0.8840 seconds
            Master Time Step
            Processing completed...       6.1741 seconds

     Processing Day/Time [YYYYDDD:HHMMSS]: 2017357:164000
       Which is Equivalent to (UTC): 16:40:00 Saturday,  Dec. 23, 2017
       Time-Step Length (HHMMSS): 000500
                 VDIFF completed...       1.0007 seconds
                COUPLE completed...       0.0700 seconds
                  HADV completed...       2.0715 seconds
                  ZADV completed...       0.3142 seconds
                 HDIFF completed...       0.2053 seconds
              DECOUPLE completed...       0.0445 seconds
                  PHOT completed...       0.4677 seconds
               CLDPROC completed...       0.2367 seconds
                  CHEM completed...       0.8870 seconds
                  AERO completed...       0.8857 seconds
            Master Time Step
            Processing completed...       6.1886 seconds

     Processing Day/Time [YYYYDDD:HHMMSS]: 2017357:164500
       Which is Equivalent to (UTC): 16:45:00 Saturday,  Dec. 23, 2017
       Time-Step Length (HHMMSS): 000500
                 VDIFF completed...       1.0029 seconds
                COUPLE completed...       0.0689 seconds
                  HADV completed...       2.0598 seconds
                  ZADV completed...       0.3144 seconds
                 HDIFF completed...       0.2067 seconds
              DECOUPLE completed...       0.0444 seconds
                  PHOT completed...       0.4670 seconds
               CLDPROC completed...       0.2369 seconds
                  CHEM completed...       0.8832 seconds
                  AERO completed...       0.8885 seconds
            Master Time Step
            Processing completed...       6.1771 seconds

     Processing Day/Time [YYYYDDD:HHMMSS]: 2017357:165000
       Which is Equivalent to (UTC): 16:50:00 Saturday,  Dec. 23, 2017
       Time-Step Length (HHMMSS): 000500
                 VDIFF completed...       0.9991 seconds
                COUPLE completed...       0.0691 seconds
                  HADV completed...       2.1809 seconds
                  ZADV completed...       0.3098 seconds
                 HDIFF completed...       0.2104 seconds
              DECOUPLE completed...       0.0452 seconds
                  PHOT completed...       0.4670 seconds
               CLDPROC completed...       0.2413 seconds
                  CHEM completed...       0.8792 seconds
                  AERO completed...       0.8832 seconds
            Master Time Step
            Processing completed...       6.2894 seconds

     Processing Day/Time [YYYYDDD:HHMMSS]: 2017357:165500
       Which is Equivalent to (UTC): 16:55:00 Saturday,  Dec. 23, 2017
       Time-Step Length (HHMMSS): 000500
                 VDIFF completed...       2.8517 seconds
                COUPLE completed...       0.1699 seconds
                  HADV completed...       1.4146 seconds
                  ZADV completed...       0.3146 seconds
                 HDIFF completed...       0.2051 seconds
              DECOUPLE completed...       0.0444 seconds
                  PHOT completed...       0.4674 seconds
               CLDPROC completed...       1.7903 seconds
                  CHEM completed...       0.8886 seconds
                  AERO completed...       0.9068 seconds
            Master Time Step
            Processing completed...       9.0606 seconds

      =--> Data Output completed...       1.5007 seconds

     Processing Day/Time [YYYYDDD:HHMMSS]: 2017357:170000
       Which is Equivalent to (UTC): 17:00:00 Saturday,  Dec. 23, 2017
       Time-Step Length (HHMMSS): 000500
                 VDIFF completed...       4.8807 seconds
                COUPLE completed...       0.1640 seconds
                  HADV completed...       3.4465 seconds
                  ZADV completed...       0.3096 seconds
                 HDIFF completed...       0.2093 seconds
              DECOUPLE completed...       0.0434 seconds
                  PHOT completed...       1.3806 seconds
               CLDPROC completed...       0.2413 seconds
                  CHEM completed...       0.8763 seconds
                  AERO completed...       0.9000 seconds
            Master Time Step
            Processing completed...      12.4567 seconds

     Processing Day/Time [YYYYDDD:HHMMSS]: 2017357:170500
       Which is Equivalent to (UTC): 17:05:00 Saturday,  Dec. 23, 2017
       Time-Step Length (HHMMSS): 000500
                 VDIFF completed...       0.9672 seconds
                COUPLE completed...       0.0658 seconds
                  HADV completed...       2.0132 seconds
                  ZADV completed...       0.2872 seconds
                 HDIFF completed...       0.2320 seconds
              DECOUPLE completed...       0.0448 seconds
                  PHOT completed...       0.4661 seconds
               CLDPROC completed...       0.2368 seconds
                  CHEM completed...       0.8746 seconds
                  AERO completed...       0.8969 seconds
            Master Time Step
            Processing completed...       6.0878 seconds

     Processing Day/Time [YYYYDDD:HHMMSS]: 2017357:171000
       Which is Equivalent to (UTC): 17:10:00 Saturday,  Dec. 23, 2017
       Time-Step Length (HHMMSS): 000500
                 VDIFF completed...       0.9499 seconds
                COUPLE completed...       0.0669 seconds
                  HADV completed...       2.0596 seconds
                  ZADV completed...       0.2864 seconds
                 HDIFF completed...       0.2322 seconds
              DECOUPLE completed...       0.0449 seconds
                  PHOT completed...       0.4649 seconds
               CLDPROC completed...       0.2360 seconds
                  CHEM completed...       0.8765 seconds
                  AERO completed...       0.8970 seconds
            Master Time Step
            Processing completed...       6.1192 seconds

     Processing Day/Time [YYYYDDD:HHMMSS]: 2017357:171500
       Which is Equivalent to (UTC): 17:15:00 Saturday,  Dec. 23, 2017
       Time-Step Length (HHMMSS): 000500
                 VDIFF completed...       0.9559 seconds
                COUPLE completed...       0.0644 seconds
                  HADV completed...       2.0687 seconds
                  ZADV completed...       0.2842 seconds
                 HDIFF completed...       0.2339 seconds
              DECOUPLE completed...       0.0452 seconds
                  PHOT completed...       0.4650 seconds
               CLDPROC completed...       0.2363 seconds
                  CHEM completed...       0.8772 seconds
                  AERO completed...       0.8948 seconds
            Master Time Step
            Processing completed...       6.1306 seconds

     Processing Day/Time [YYYYDDD:HHMMSS]: 2017357:172000
       Which is Equivalent to (UTC): 17:20:00 Saturday,  Dec. 23, 2017
       Time-Step Length (HHMMSS): 000500
                 VDIFF completed...       0.9572 seconds
                COUPLE completed...       0.0678 seconds
                  HADV completed...       2.2648 seconds
                  ZADV completed...       0.2839 seconds
                 HDIFF completed...       0.2339 seconds
              DECOUPLE completed...       0.0448 seconds
                  PHOT completed...       0.4652 seconds
               CLDPROC completed...       0.2366 seconds
                  CHEM completed...       0.8761 seconds
                  AERO completed...       0.9008 seconds
            Master Time Step
            Processing completed...       6.3365 seconds

     Processing Day/Time [YYYYDDD:HHMMSS]: 2017357:172500
       Which is Equivalent to (UTC): 17:25:00 Saturday,  Dec. 23, 2017
       Time-Step Length (HHMMSS): 000500
                 VDIFF completed...       0.9492 seconds
                COUPLE completed...       0.0660 seconds
                  HADV completed...       2.1037 seconds
                  ZADV completed...       0.2842 seconds
                 HDIFF completed...       0.2340 seconds
              DECOUPLE completed...       0.0455 seconds
                  PHOT completed...       0.4652 seconds
               CLDPROC completed...       0.2352 seconds
                  CHEM completed...       0.8742 seconds
                  AERO completed...       0.8982 seconds
            Master Time Step
            Processing completed...       6.1604 seconds

     Processing Day/Time [YYYYDDD:HHMMSS]: 2017357:173000
       Which is Equivalent to (UTC): 17:30:00 Saturday,  Dec. 23, 2017
       Time-Step Length (HHMMSS): 000500
                 VDIFF completed...       0.9891 seconds
                COUPLE completed...       0.0747 seconds
                  HADV completed...       2.0779 seconds
                  ZADV completed...       0.2890 seconds
                 HDIFF completed...       0.2279 seconds
              DECOUPLE completed...       0.0448 seconds
                  PHOT completed...       0.4648 seconds
               CLDPROC completed...       0.2375 seconds
                  CHEM completed...       0.8732 seconds
                  AERO completed...       0.9001 seconds
            Master Time Step
            Processing completed...       6.1843 seconds

     Processing Day/Time [YYYYDDD:HHMMSS]: 2017357:173500
       Which is Equivalent to (UTC): 17:35:00 Saturday,  Dec. 23, 2017
       Time-Step Length (HHMMSS): 000500
                 VDIFF completed...       0.9612 seconds
                COUPLE completed...       0.0647 seconds
                  HADV completed...       2.0987 seconds
                  ZADV completed...       0.2908 seconds
                 HDIFF completed...       0.2266 seconds
              DECOUPLE completed...       0.0449 seconds
                  PHOT completed...       0.4658 seconds
               CLDPROC completed...       0.2364 seconds
                  CHEM completed...       0.8720 seconds
                  AERO completed...       0.8996 seconds
            Master Time Step
            Processing completed...       6.1661 seconds

     Processing Day/Time [YYYYDDD:HHMMSS]: 2017357:174000
       Which is Equivalent to (UTC): 17:40:00 Saturday,  Dec. 23, 2017
       Time-Step Length (HHMMSS): 000500
                 VDIFF completed...       0.9644 seconds
                COUPLE completed...       0.0616 seconds
                  HADV completed...       2.0944 seconds
                  ZADV completed...       0.2916 seconds
                 HDIFF completed...       0.2259 seconds
              DECOUPLE completed...       0.0448 seconds
                  PHOT completed...       0.4648 seconds
               CLDPROC completed...       0.2372 seconds
                  CHEM completed...       0.8711 seconds
                  AERO completed...       0.8988 seconds
            Master Time Step
            Processing completed...       6.1606 seconds

     Processing Day/Time [YYYYDDD:HHMMSS]: 2017357:174500
       Which is Equivalent to (UTC): 17:45:00 Saturday,  Dec. 23, 2017
       Time-Step Length (HHMMSS): 000500
                 VDIFF completed...       0.9694 seconds
                COUPLE completed...       0.0592 seconds
                  HADV completed...       2.0878 seconds
                  ZADV completed...       0.2906 seconds
                 HDIFF completed...       0.2265 seconds
              DECOUPLE completed...       0.0442 seconds
                  PHOT completed...       0.4820 seconds
               CLDPROC completed...       0.2243 seconds
                  CHEM completed...       0.8700 seconds
                  AERO completed...       0.8997 seconds
            Master Time Step
            Processing completed...       6.1590 seconds

     Processing Day/Time [YYYYDDD:HHMMSS]: 2017357:175000
       Which is Equivalent to (UTC): 17:50:00 Saturday,  Dec. 23, 2017
       Time-Step Length (HHMMSS): 000500
                 VDIFF completed...       0.9734 seconds
                COUPLE completed...       0.0587 seconds
                  HADV completed...       2.0729 seconds
                  ZADV completed...       0.2909 seconds
                 HDIFF completed...       0.2257 seconds
              DECOUPLE completed...       0.0450 seconds
                  PHOT completed...       0.4656 seconds
               CLDPROC completed...       0.2382 seconds
                  CHEM completed...       0.8705 seconds
                  AERO completed...       0.9034 seconds
            Master Time Step
            Processing completed...       6.1499 seconds

     Processing Day/Time [YYYYDDD:HHMMSS]: 2017357:175500
       Which is Equivalent to (UTC): 17:55:00 Saturday,  Dec. 23, 2017
       Time-Step Length (HHMMSS): 000500
                 VDIFF completed...       2.8716 seconds
                COUPLE completed...       0.1703 seconds
                  HADV completed...       1.3796 seconds
                  ZADV completed...       0.2890 seconds
                 HDIFF completed...       0.2290 seconds
              DECOUPLE completed...       0.0453 seconds
                  PHOT completed...       0.4643 seconds
               CLDPROC completed...       1.6919 seconds
                  CHEM completed...       0.8888 seconds
                  AERO completed...       0.9255 seconds
            Master Time Step
            Processing completed...       8.9622 seconds

      =--> Data Output completed...       1.4299 seconds

     Processing Day/Time [YYYYDDD:HHMMSS]: 2017357:180000
       Which is Equivalent to (UTC): 18:00:00 Saturday,  Dec. 23, 2017
       Time-Step Length (HHMMSS): 000500
                 VDIFF completed...       5.0324 seconds
                COUPLE completed...       0.1475 seconds
                  HADV completed...       3.4001 seconds
                  ZADV completed...       0.3129 seconds
                 HDIFF completed...       0.2043 seconds
              DECOUPLE completed...       0.0445 seconds
                  PHOT completed...       1.3667 seconds
               CLDPROC completed...       0.2408 seconds
                  CHEM completed...       0.8666 seconds
                  AERO completed...       0.9187 seconds
            Master Time Step
            Processing completed...      12.5387 seconds

     Processing Day/Time [YYYYDDD:HHMMSS]: 2017357:180500
       Which is Equivalent to (UTC): 18:05:00 Saturday,  Dec. 23, 2017
       Time-Step Length (HHMMSS): 000500
                 VDIFF completed...       0.9823 seconds
                COUPLE completed...       0.0644 seconds
                  HADV completed...       2.2354 seconds
                  ZADV completed...       0.3133 seconds
                 HDIFF completed...       0.2040 seconds
              DECOUPLE completed...       0.0438 seconds
                  PHOT completed...       0.4694 seconds
               CLDPROC completed...       0.2374 seconds
                  CHEM completed...       0.8666 seconds
                  AERO completed...       0.9135 seconds
            Master Time Step
            Processing completed...       6.3343 seconds

     Processing Day/Time [YYYYDDD:HHMMSS]: 2017357:181000
       Which is Equivalent to (UTC): 18:10:00 Saturday,  Dec. 23, 2017
       Time-Step Length (HHMMSS): 000500
                 VDIFF completed...       0.9904 seconds
                COUPLE completed...       0.0611 seconds
                  HADV completed...       2.0821 seconds
                  ZADV completed...       0.3113 seconds
                 HDIFF completed...       0.2057 seconds
              DECOUPLE completed...       0.0447 seconds
                  PHOT completed...       0.4694 seconds
               CLDPROC completed...       0.2371 seconds
                  CHEM completed...       0.8640 seconds
                  AERO completed...       0.9216 seconds
            Master Time Step
            Processing completed...       6.1915 seconds

     Processing Day/Time [YYYYDDD:HHMMSS]: 2017357:181500
       Which is Equivalent to (UTC): 18:15:00 Saturday,  Dec. 23, 2017
       Time-Step Length (HHMMSS): 000500
                 VDIFF completed...       0.9700 seconds
                COUPLE completed...       0.0610 seconds
                  HADV completed...       2.1217 seconds
                  ZADV completed...       0.3125 seconds
                 HDIFF completed...       0.2054 seconds
              DECOUPLE completed...       0.0451 seconds
                  PHOT completed...       0.4694 seconds
               CLDPROC completed...       0.2360 seconds
                  CHEM completed...       0.8628 seconds
                  AERO completed...       0.9230 seconds
            Master Time Step
            Processing completed...       6.2106 seconds

     Processing Day/Time [YYYYDDD:HHMMSS]: 2017357:182000
       Which is Equivalent to (UTC): 18:20:00 Saturday,  Dec. 23, 2017
       Time-Step Length (HHMMSS): 000500
                 VDIFF completed...       0.9810 seconds
                COUPLE completed...       0.0574 seconds
                  HADV completed...       2.1406 seconds
                  ZADV completed...       0.3119 seconds
                 HDIFF completed...       0.2043 seconds
              DECOUPLE completed...       0.0455 seconds
                  PHOT completed...       0.4698 seconds
               CLDPROC completed...       0.2375 seconds
                  CHEM completed...       0.8618 seconds
                  AERO completed...       0.9290 seconds
            Master Time Step
            Processing completed...       6.2424 seconds

     Processing Day/Time [YYYYDDD:HHMMSS]: 2017357:182500
       Which is Equivalent to (UTC): 18:25:00 Saturday,  Dec. 23, 2017
       Time-Step Length (HHMMSS): 000500
                 VDIFF completed...       0.9755 seconds
                COUPLE completed...       0.0592 seconds
                  HADV completed...       2.1266 seconds
                  ZADV completed...       0.3137 seconds
                 HDIFF completed...       0.2031 seconds
              DECOUPLE completed...       0.0445 seconds
                  PHOT completed...       0.4717 seconds
               CLDPROC completed...       0.2360 seconds
                  CHEM completed...       0.8593 seconds
                  AERO completed...       0.9307 seconds
            Master Time Step
            Processing completed...       6.2250 seconds

     Processing Day/Time [YYYYDDD:HHMMSS]: 2017357:183000
       Which is Equivalent to (UTC): 18:30:00 Saturday,  Dec. 23, 2017
       Time-Step Length (HHMMSS): 000500
                 VDIFF completed...       0.9724 seconds
                COUPLE completed...       0.0619 seconds
                  HADV completed...       2.1245 seconds
                  ZADV completed...       0.3123 seconds
                 HDIFF completed...       0.2042 seconds
              DECOUPLE completed...       0.0442 seconds
                  PHOT completed...       0.4693 seconds
               CLDPROC completed...       0.2378 seconds
                  CHEM completed...       0.8576 seconds
                  AERO completed...       0.9385 seconds
            Master Time Step
            Processing completed...       6.2275 seconds

     Processing Day/Time [YYYYDDD:HHMMSS]: 2017357:183500
       Which is Equivalent to (UTC): 18:35:00 Saturday,  Dec. 23, 2017
       Time-Step Length (HHMMSS): 000500
                 VDIFF completed...       0.9647 seconds
                COUPLE completed...       0.0639 seconds
                  HADV completed...       2.1184 seconds
                  ZADV completed...       0.3126 seconds
                 HDIFF completed...       0.2044 seconds
              DECOUPLE completed...       0.0448 seconds
                  PHOT completed...       0.4692 seconds
               CLDPROC completed...       0.2371 seconds
                  CHEM completed...       0.8561 seconds
                  AERO completed...       0.9409 seconds
            Master Time Step
            Processing completed...       6.2167 seconds

     Processing Day/Time [YYYYDDD:HHMMSS]: 2017357:184000
       Which is Equivalent to (UTC): 18:40:00 Saturday,  Dec. 23, 2017
       Time-Step Length (HHMMSS): 000500
                 VDIFF completed...       0.9617 seconds
                COUPLE completed...       0.0642 seconds
                  HADV completed...       2.0948 seconds
                  ZADV completed...       0.3112 seconds
                 HDIFF completed...       0.2055 seconds
              DECOUPLE completed...       0.0446 seconds
                  PHOT completed...       0.4701 seconds
               CLDPROC completed...       0.2369 seconds
                  CHEM completed...       0.8543 seconds
                  AERO completed...       0.9466 seconds
            Master Time Step
            Processing completed...       6.1941 seconds

     Processing Day/Time [YYYYDDD:HHMMSS]: 2017357:184500
       Which is Equivalent to (UTC): 18:45:00 Saturday,  Dec. 23, 2017
       Time-Step Length (HHMMSS): 000500
                 VDIFF completed...       0.9634 seconds
                COUPLE completed...       0.0678 seconds
                  HADV completed...       2.0879 seconds
                  ZADV completed...       0.3090 seconds
                 HDIFF completed...       0.2086 seconds
              DECOUPLE completed...       0.0455 seconds
                  PHOT completed...       0.4696 seconds
               CLDPROC completed...       0.2353 seconds
                  CHEM completed...       0.8491 seconds
                  AERO completed...       0.9498 seconds
            Master Time Step
            Processing completed...       6.1912 seconds

     Processing Day/Time [YYYYDDD:HHMMSS]: 2017357:185000
       Which is Equivalent to (UTC): 18:50:00 Saturday,  Dec. 23, 2017
       Time-Step Length (HHMMSS): 000500
                 VDIFF completed...       0.9647 seconds
                COUPLE completed...       0.0744 seconds
                  HADV completed...       2.2372 seconds
                  ZADV completed...       0.3129 seconds
                 HDIFF completed...       0.2042 seconds
              DECOUPLE completed...       0.0447 seconds
                  PHOT completed...       0.4685 seconds
               CLDPROC completed...       0.2339 seconds
                  CHEM completed...       0.8487 seconds
                  AERO completed...       0.9410 seconds
            Master Time Step
            Processing completed...       6.3357 seconds

     Processing Day/Time [YYYYDDD:HHMMSS]: 2017357:185500
       Which is Equivalent to (UTC): 18:55:00 Saturday,  Dec. 23, 2017
       Time-Step Length (HHMMSS): 000500
                 VDIFF completed...       2.9494 seconds
                COUPLE completed...       0.1704 seconds
                  HADV completed...       1.4453 seconds
                  ZADV completed...       0.3127 seconds
                 HDIFF completed...       0.2041 seconds
              DECOUPLE completed...       0.0450 seconds
                  PHOT completed...       0.4687 seconds
               CLDPROC completed...       1.7937 seconds
                  CHEM completed...       0.8763 seconds
                  AERO completed...       0.9740 seconds
            Master Time Step
            Processing completed...       9.2459 seconds

      =--> Data Output completed...       1.4555 seconds

     Processing Day/Time [YYYYDDD:HHMMSS]: 2017357:190000
       Which is Equivalent to (UTC): 19:00:00 Saturday,  Dec. 23, 2017
       Time-Step Length (HHMMSS): 000500
                 VDIFF completed...       3.9311 seconds
                COUPLE completed...       0.1577 seconds
                  HADV completed...       3.7051 seconds
                  ZADV completed...       0.3142 seconds
                 HDIFF completed...       0.2012 seconds
              DECOUPLE completed...       0.0439 seconds
                  PHOT completed...       1.0825 seconds
               CLDPROC completed...       0.2415 seconds
                  CHEM completed...       0.8489 seconds
                  AERO completed...       0.9522 seconds
            Master Time Step
            Processing completed...      11.4833 seconds

     Processing Day/Time [YYYYDDD:HHMMSS]: 2017357:190500
       Which is Equivalent to (UTC): 19:05:00 Saturday,  Dec. 23, 2017
       Time-Step Length (HHMMSS): 000500
                 VDIFF completed...       0.9803 seconds
                COUPLE completed...       0.0900 seconds
                  HADV completed...       2.2567 seconds
                  ZADV completed...       0.2910 seconds
                 HDIFF completed...       0.2244 seconds
              DECOUPLE completed...       0.0435 seconds
                  PHOT completed...       0.4662 seconds
               CLDPROC completed...       0.2375 seconds
                  CHEM completed...       0.8488 seconds
                  AERO completed...       0.9585 seconds
            Master Time Step
            Processing completed...       6.4019 seconds

     Processing Day/Time [YYYYDDD:HHMMSS]: 2017357:191000
       Which is Equivalent to (UTC): 19:10:00 Saturday,  Dec. 23, 2017
       Time-Step Length (HHMMSS): 000500
                 VDIFF completed...       0.9802 seconds
                COUPLE completed...       0.0829 seconds
                  HADV completed...       2.0337 seconds
                  ZADV completed...       0.2904 seconds
                 HDIFF completed...       0.2254 seconds
              DECOUPLE completed...       0.0439 seconds
                  PHOT completed...       0.4645 seconds
               CLDPROC completed...       0.2371 seconds
                  CHEM completed...       0.8460 seconds
                  AERO completed...       0.9603 seconds
            Master Time Step
            Processing completed...       6.1700 seconds

     Processing Day/Time [YYYYDDD:HHMMSS]: 2017357:191500
       Which is Equivalent to (UTC): 19:15:00 Saturday,  Dec. 23, 2017
       Time-Step Length (HHMMSS): 000500
                 VDIFF completed...       0.9635 seconds
                COUPLE completed...       0.0879 seconds
                  HADV completed...       2.0565 seconds
                  ZADV completed...       0.2870 seconds
                 HDIFF completed...       0.2287 seconds
              DECOUPLE completed...       0.0439 seconds
                  PHOT completed...       0.4644 seconds
               CLDPROC completed...       0.2373 seconds
                  CHEM completed...       0.8447 seconds
                  AERO completed...       0.9635 seconds
            Master Time Step
            Processing completed...       6.1826 seconds

     Processing Day/Time [YYYYDDD:HHMMSS]: 2017357:192000
       Which is Equivalent to (UTC): 19:20:00 Saturday,  Dec. 23, 2017
       Time-Step Length (HHMMSS): 000500
                 VDIFF completed...       0.9425 seconds
                COUPLE completed...       0.0967 seconds
                  HADV completed...       2.0625 seconds
                  ZADV completed...       0.2832 seconds
                 HDIFF completed...       0.2327 seconds
              DECOUPLE completed...       0.0442 seconds
                  PHOT completed...       0.4638 seconds
               CLDPROC completed...       0.2377 seconds
                  CHEM completed...       0.8408 seconds
                  AERO completed...       0.9666 seconds
            Master Time Step
            Processing completed...       6.1761 seconds

     Processing Day/Time [YYYYDDD:HHMMSS]: 2017357:192500
       Which is Equivalent to (UTC): 19:25:00 Saturday,  Dec. 23, 2017
       Time-Step Length (HHMMSS): 000500
                 VDIFF completed...       0.9318 seconds
                COUPLE completed...       0.0975 seconds
                  HADV completed...       2.0661 seconds
                  ZADV completed...       0.2872 seconds
                 HDIFF completed...       0.2281 seconds
              DECOUPLE completed...       0.0444 seconds
                  PHOT completed...       0.4632 seconds
               CLDPROC completed...       0.2376 seconds
                  CHEM completed...       0.8371 seconds
                  AERO completed...       0.9855 seconds
            Master Time Step
            Processing completed...       6.1837 seconds

     Processing Day/Time [YYYYDDD:HHMMSS]: 2017357:193000
       Which is Equivalent to (UTC): 19:30:00 Saturday,  Dec. 23, 2017
       Time-Step Length (HHMMSS): 000500
                 VDIFF completed...       0.9036 seconds
                COUPLE completed...       0.0904 seconds
                  HADV completed...       2.1832 seconds
                  ZADV completed...       0.2900 seconds
                 HDIFF completed...       0.2256 seconds
              DECOUPLE completed...       0.0441 seconds
                  PHOT completed...       0.4645 seconds
               CLDPROC completed...       0.2371 seconds
                  CHEM completed...       0.8481 seconds
                  AERO completed...       0.9755 seconds
            Master Time Step
            Processing completed...       6.2674 seconds

     Processing Day/Time [YYYYDDD:HHMMSS]: 2017357:193500
       Which is Equivalent to (UTC): 19:35:00 Saturday,  Dec. 23, 2017
       Time-Step Length (HHMMSS): 000500
                 VDIFF completed...       0.9010 seconds
                COUPLE completed...       0.0872 seconds
                  HADV completed...       2.1081 seconds
                  ZADV completed...       0.2894 seconds
                 HDIFF completed...       0.2258 seconds
              DECOUPLE completed...       0.0447 seconds
                  PHOT completed...       0.4633 seconds
               CLDPROC completed...       0.2381 seconds
                  CHEM completed...       0.8342 seconds
                  AERO completed...       0.9632 seconds
            Master Time Step
            Processing completed...       6.1602 seconds

     Processing Day/Time [YYYYDDD:HHMMSS]: 2017357:194000
       Which is Equivalent to (UTC): 19:40:00 Saturday,  Dec. 23, 2017
       Time-Step Length (HHMMSS): 000500
                 VDIFF completed...       0.9396 seconds
                COUPLE completed...       0.0859 seconds
                  HADV completed...       2.0719 seconds
                  ZADV completed...       0.2853 seconds
                 HDIFF completed...       0.2301 seconds
              DECOUPLE completed...       0.0445 seconds
                  PHOT completed...       0.4648 seconds
               CLDPROC completed...       0.2362 seconds
                  CHEM completed...       0.8329 seconds
                  AERO completed...       0.9657 seconds
            Master Time Step
            Processing completed...       6.1622 seconds

     Processing Day/Time [YYYYDDD:HHMMSS]: 2017357:194500
       Which is Equivalent to (UTC): 19:45:00 Saturday,  Dec. 23, 2017
       Time-Step Length (HHMMSS): 000500
                 VDIFF completed...       0.9375 seconds
                COUPLE completed...       0.0816 seconds
                  HADV completed...       2.0791 seconds
                  ZADV completed...       0.2828 seconds
                 HDIFF completed...       0.2323 seconds
              DECOUPLE completed...       0.0448 seconds
                  PHOT completed...       0.4636 seconds
               CLDPROC completed...       0.2358 seconds
                  CHEM completed...       0.8291 seconds
                  AERO completed...       0.9605 seconds
            Master Time Step
            Processing completed...       6.1526 seconds

     Processing Day/Time [YYYYDDD:HHMMSS]: 2017357:195000
       Which is Equivalent to (UTC): 19:50:00 Saturday,  Dec. 23, 2017
       Time-Step Length (HHMMSS): 000500
                 VDIFF completed...       0.9294 seconds
                COUPLE completed...       0.0942 seconds
                  HADV completed...       2.0633 seconds
                  ZADV completed...       0.2866 seconds
                 HDIFF completed...       0.2285 seconds
              DECOUPLE completed...       0.0443 seconds
                  PHOT completed...       0.4648 seconds
               CLDPROC completed...       0.2355 seconds
                  CHEM completed...       0.8292 seconds
                  AERO completed...       0.9685 seconds
            Master Time Step
            Processing completed...       6.1493 seconds

     Processing Day/Time [YYYYDDD:HHMMSS]: 2017357:195500
       Which is Equivalent to (UTC): 19:55:00 Saturday,  Dec. 23, 2017
       Time-Step Length (HHMMSS): 000500
                 VDIFF completed...       2.9418 seconds
                COUPLE completed...       0.1701 seconds
                  HADV completed...       1.4424 seconds
                  ZADV completed...       0.2891 seconds
                 HDIFF completed...       0.2263 seconds
              DECOUPLE completed...       0.0440 seconds
                  PHOT completed...       0.4655 seconds
               CLDPROC completed...       1.6737 seconds
                  CHEM completed...       0.8416 seconds
                  AERO completed...       0.9696 seconds
            Master Time Step
            Processing completed...       9.0695 seconds

      =--> Data Output completed...       1.4871 seconds

     Processing Day/Time [YYYYDDD:HHMMSS]: 2017357:200000
       Which is Equivalent to (UTC): 20:00:00 Saturday,  Dec. 23, 2017
       Time-Step Length (HHMMSS): 000500
                 VDIFF completed...       4.8135 seconds
                COUPLE completed...       0.1364 seconds
                  HADV completed...       3.5253 seconds
                  ZADV completed...       0.2914 seconds
                 HDIFF completed...       0.2254 seconds
              DECOUPLE completed...       0.0444 seconds
                  PHOT completed...       1.0773 seconds
               CLDPROC completed...       0.2359 seconds
                  CHEM completed...       0.8187 seconds
                  AERO completed...       0.9559 seconds
            Master Time Step
            Processing completed...      12.1271 seconds

     Processing Day/Time [YYYYDDD:HHMMSS]: 2017357:200500
       Which is Equivalent to (UTC): 20:05:00 Saturday,  Dec. 23, 2017
       Time-Step Length (HHMMSS): 000500
                 VDIFF completed...       0.9232 seconds
                COUPLE completed...       0.1111 seconds
                  HADV completed...       2.3653 seconds
                  ZADV completed...       0.2904 seconds
                 HDIFF completed...       0.2255 seconds
              DECOUPLE completed...       0.0439 seconds
                  PHOT completed...       0.4654 seconds
               CLDPROC completed...       0.2340 seconds
                  CHEM completed...       0.8167 seconds
                  AERO completed...       0.9451 seconds
            Master Time Step
            Processing completed...       6.4228 seconds

     Processing Day/Time [YYYYDDD:HHMMSS]: 2017357:201000
       Which is Equivalent to (UTC): 20:10:00 Saturday,  Dec. 23, 2017
       Time-Step Length (HHMMSS): 000500
                 VDIFF completed...       0.9153 seconds
                COUPLE completed...       0.1105 seconds
                  HADV completed...       1.9916 seconds
                  ZADV completed...       0.2916 seconds
                 HDIFF completed...       0.2231 seconds
              DECOUPLE completed...       0.0441 seconds
                  PHOT completed...       0.4869 seconds
               CLDPROC completed...       0.2165 seconds
                  CHEM completed...       0.8223 seconds
                  AERO completed...       0.9576 seconds
            Master Time Step
            Processing completed...       6.0649 seconds

     Processing Day/Time [YYYYDDD:HHMMSS]: 2017357:201500
       Which is Equivalent to (UTC): 20:15:00 Saturday,  Dec. 23, 2017
       Time-Step Length (HHMMSS): 000500
                 VDIFF completed...       0.9089 seconds
                COUPLE completed...       0.1097 seconds
                  HADV completed...       1.9801 seconds
                  ZADV completed...       0.2908 seconds
                 HDIFF completed...       0.2249 seconds
              DECOUPLE completed...       0.0440 seconds
                  PHOT completed...       0.4652 seconds
               CLDPROC completed...       0.2327 seconds
                  CHEM completed...       0.8165 seconds
                  AERO completed...       0.9510 seconds
            Master Time Step
            Processing completed...       6.0283 seconds

     Processing Day/Time [YYYYDDD:HHMMSS]: 2017357:202000
       Which is Equivalent to (UTC): 20:20:00 Saturday,  Dec. 23, 2017
       Time-Step Length (HHMMSS): 000500
                 VDIFF completed...       0.9377 seconds
                COUPLE completed...       0.1082 seconds
                  HADV completed...       1.9558 seconds
                  ZADV completed...       0.2924 seconds
                 HDIFF completed...       0.2219 seconds
              DECOUPLE completed...       0.0442 seconds
                  PHOT completed...       0.4639 seconds
               CLDPROC completed...       0.2326 seconds
                  CHEM completed...       0.8121 seconds
                  AERO completed...       0.9489 seconds
            Master Time Step
            Processing completed...       6.0241 seconds

     Processing Day/Time [YYYYDDD:HHMMSS]: 2017357:202500
       Which is Equivalent to (UTC): 20:25:00 Saturday,  Dec. 23, 2017
       Time-Step Length (HHMMSS): 000500
                 VDIFF completed...       0.9316 seconds
                COUPLE completed...       0.1095 seconds
                  HADV completed...       1.9647 seconds
                  ZADV completed...       0.2922 seconds
                 HDIFF completed...       0.2225 seconds
              DECOUPLE completed...       0.0444 seconds
                  PHOT completed...       0.4638 seconds
               CLDPROC completed...       0.2312 seconds
                  CHEM completed...       0.8156 seconds
                  AERO completed...       0.9520 seconds
            Master Time Step
            Processing completed...       6.0334 seconds

     Processing Day/Time [YYYYDDD:HHMMSS]: 2017357:203000
       Which is Equivalent to (UTC): 20:30:00 Saturday,  Dec. 23, 2017
       Time-Step Length (HHMMSS): 000500
                 VDIFF completed...       0.9353 seconds
                COUPLE completed...       0.1078 seconds
                  HADV completed...       1.9449 seconds
                  ZADV completed...       0.2918 seconds
                 HDIFF completed...       0.2226 seconds
              DECOUPLE completed...       0.0434 seconds
                  PHOT completed...       0.4644 seconds
               CLDPROC completed...       0.2316 seconds
                  CHEM completed...       0.8105 seconds
                  AERO completed...       0.9650 seconds
            Master Time Step
            Processing completed...       6.0234 seconds

     Processing Day/Time [YYYYDDD:HHMMSS]: 2017357:203500
       Which is Equivalent to (UTC): 20:35:00 Saturday,  Dec. 23, 2017
       Time-Step Length (HHMMSS): 000500
                 VDIFF completed...       0.9237 seconds
                COUPLE completed...       0.1118 seconds
                  HADV completed...       1.9364 seconds
                  ZADV completed...       0.2921 seconds
                 HDIFF completed...       0.2225 seconds
              DECOUPLE completed...       0.0437 seconds
                  PHOT completed...       0.4654 seconds
               CLDPROC completed...       0.2311 seconds
                  CHEM completed...       0.8305 seconds
                  AERO completed...       0.9611 seconds
            Master Time Step
            Processing completed...       6.0246 seconds

     Processing Day/Time [YYYYDDD:HHMMSS]: 2017357:204000
       Which is Equivalent to (UTC): 20:40:00 Saturday,  Dec. 23, 2017
       Time-Step Length (HHMMSS): 000500
                 VDIFF completed...       0.9207 seconds
                COUPLE completed...       0.1113 seconds
                  HADV completed...       1.9100 seconds
                  ZADV completed...       0.3067 seconds
                 HDIFF completed...       0.2090 seconds
              DECOUPLE completed...       0.0444 seconds
                  PHOT completed...       0.4635 seconds
               CLDPROC completed...       0.2313 seconds
                  CHEM completed...       0.8157 seconds
                  AERO completed...       0.9529 seconds
            Master Time Step
            Processing completed...       5.9710 seconds

     Processing Day/Time [YYYYDDD:HHMMSS]: 2017357:204500
       Which is Equivalent to (UTC): 20:45:00 Saturday,  Dec. 23, 2017
       Time-Step Length (HHMMSS): 000500
                 VDIFF completed...       0.9383 seconds
                COUPLE completed...       0.1076 seconds
                  HADV completed...       1.9075 seconds
                  ZADV completed...       0.2922 seconds
                 HDIFF completed...       0.2226 seconds
              DECOUPLE completed...       0.0442 seconds
                  PHOT completed...       0.4639 seconds
               CLDPROC completed...       0.2294 seconds
                  CHEM completed...       0.8188 seconds
                  AERO completed...       0.9565 seconds
            Master Time Step
            Processing completed...       5.9867 seconds

     Processing Day/Time [YYYYDDD:HHMMSS]: 2017357:205000
       Which is Equivalent to (UTC): 20:50:00 Saturday,  Dec. 23, 2017
       Time-Step Length (HHMMSS): 000500
                 VDIFF completed...       0.9363 seconds
                COUPLE completed...       0.1050 seconds
                  HADV completed...       1.8895 seconds
                  ZADV completed...       0.2914 seconds
                 HDIFF completed...       0.2233 seconds
              DECOUPLE completed...       0.0440 seconds
                  PHOT completed...       0.4641 seconds
               CLDPROC completed...       0.2302 seconds
                  CHEM completed...       0.8192 seconds
                  AERO completed...       0.9670 seconds
            Master Time Step
            Processing completed...       5.9764 seconds

     Processing Day/Time [YYYYDDD:HHMMSS]: 2017357:205500
       Which is Equivalent to (UTC): 20:55:00 Saturday,  Dec. 23, 2017
       Time-Step Length (HHMMSS): 000500
                 VDIFF completed...       2.9967 seconds
                COUPLE completed...       0.1691 seconds
                  HADV completed...       1.3795 seconds
                  ZADV completed...       0.2913 seconds
                 HDIFF completed...       0.2249 seconds
              DECOUPLE completed...       0.0444 seconds
                  PHOT completed...       0.4646 seconds
               CLDPROC completed...       1.4330 seconds
                  CHEM completed...       0.8088 seconds
                  AERO completed...       0.9456 seconds
            Master Time Step
            Processing completed...       8.7610 seconds

      =--> Data Output completed...       1.5481 seconds

     Processing Day/Time [YYYYDDD:HHMMSS]: 2017357:210000
       Which is Equivalent to (UTC): 21:00:00 Saturday,  Dec. 23, 2017
       Time-Step Length (HHMMSS): 000500
                 VDIFF completed...       4.5824 seconds
                COUPLE completed...       0.1509 seconds
                  HADV completed...       3.7684 seconds
                  ZADV completed...       0.2887 seconds
                 HDIFF completed...       0.2258 seconds
              DECOUPLE completed...       0.0438 seconds
                  PHOT completed...       1.3184 seconds
               CLDPROC completed...       0.2301 seconds
                  CHEM completed...       0.8013 seconds
                  AERO completed...       0.9474 seconds
            Master Time Step
            Processing completed...      12.3612 seconds

     Processing Day/Time [YYYYDDD:HHMMSS]: 2017357:210500
       Which is Equivalent to (UTC): 21:05:00 Saturday,  Dec. 23, 2017
       Time-Step Length (HHMMSS): 000500
                 VDIFF completed...       0.9451 seconds
                COUPLE completed...       0.1146 seconds
                  HADV completed...       1.9714 seconds
                  ZADV completed...       0.2904 seconds
                 HDIFF completed...       0.2264 seconds
              DECOUPLE completed...       0.0448 seconds
                  PHOT completed...       0.4637 seconds
               CLDPROC completed...       0.2265 seconds
                  CHEM completed...       0.7957 seconds
                  AERO completed...       0.9443 seconds
            Master Time Step
            Processing completed...       6.0245 seconds

     Processing Day/Time [YYYYDDD:HHMMSS]: 2017357:211000
       Which is Equivalent to (UTC): 21:10:00 Saturday,  Dec. 23, 2017
       Time-Step Length (HHMMSS): 000500
                 VDIFF completed...       0.9374 seconds
                COUPLE completed...       0.1138 seconds
                  HADV completed...       1.9797 seconds
                  ZADV completed...       0.2901 seconds
                 HDIFF completed...       0.2257 seconds
              DECOUPLE completed...       0.0447 seconds
                  PHOT completed...       0.4633 seconds
               CLDPROC completed...       0.2228 seconds
                  CHEM completed...       0.7864 seconds
                  AERO completed...       0.9401 seconds
            Master Time Step
            Processing completed...       6.0093 seconds

     Processing Day/Time [YYYYDDD:HHMMSS]: 2017357:211500
       Which is Equivalent to (UTC): 21:15:00 Saturday,  Dec. 23, 2017
       Time-Step Length (HHMMSS): 000500
                 VDIFF completed...       0.9675 seconds
                COUPLE completed...       0.1096 seconds
                  HADV completed...       1.9589 seconds
                  ZADV completed...       0.2932 seconds
                 HDIFF completed...       0.2215 seconds
              DECOUPLE completed...       0.0450 seconds
                  PHOT completed...       0.4637 seconds
               CLDPROC completed...       0.2206 seconds
                  CHEM completed...       0.7858 seconds
                  AERO completed...       0.9404 seconds
            Master Time Step
            Processing completed...       6.0111 seconds

     Processing Day/Time [YYYYDDD:HHMMSS]: 2017357:212000
       Which is Equivalent to (UTC): 21:20:00 Saturday,  Dec. 23, 2017
       Time-Step Length (HHMMSS): 000500
                 VDIFF completed...       0.9667 seconds
                COUPLE completed...       0.1123 seconds
                  HADV completed...       1.9597 seconds
                  ZADV completed...       0.2905 seconds
                 HDIFF completed...       0.2250 seconds
              DECOUPLE completed...       0.0448 seconds
                  PHOT completed...       0.4638 seconds
               CLDPROC completed...       0.2190 seconds
                  CHEM completed...       0.7854 seconds
                  AERO completed...       0.9388 seconds
            Master Time Step
            Processing completed...       6.0113 seconds

     Processing Day/Time [YYYYDDD:HHMMSS]: 2017357:212500
       Which is Equivalent to (UTC): 21:25:00 Saturday,  Dec. 23, 2017
       Time-Step Length (HHMMSS): 000500
                 VDIFF completed...       0.9720 seconds
                COUPLE completed...       0.1076 seconds
                  HADV completed...       1.9563 seconds
                  ZADV completed...       0.2934 seconds
                 HDIFF completed...       0.2218 seconds
              DECOUPLE completed...       0.0445 seconds
                  PHOT completed...       0.4646 seconds
               CLDPROC completed...       0.2174 seconds
                  CHEM completed...       0.7851 seconds
                  AERO completed...       0.9380 seconds
            Master Time Step
            Processing completed...       6.0062 seconds

     Processing Day/Time [YYYYDDD:HHMMSS]: 2017357:213000
       Which is Equivalent to (UTC): 21:30:00 Saturday,  Dec. 23, 2017
       Time-Step Length (HHMMSS): 000500
                 VDIFF completed...       1.0090 seconds
                COUPLE completed...       0.1024 seconds
                  HADV completed...       1.9060 seconds
                  ZADV completed...       0.2872 seconds
                 HDIFF completed...       0.2278 seconds
              DECOUPLE completed...       0.0444 seconds
                  PHOT completed...       0.4638 seconds
               CLDPROC completed...       0.2158 seconds
                  CHEM completed...       0.7838 seconds
                  AERO completed...       0.9394 seconds
            Master Time Step
            Processing completed...       5.9849 seconds

     Processing Day/Time [YYYYDDD:HHMMSS]: 2017357:213500
       Which is Equivalent to (UTC): 21:35:00 Saturday,  Dec. 23, 2017
       Time-Step Length (HHMMSS): 000500
                 VDIFF completed...       0.9610 seconds
                COUPLE completed...       0.1059 seconds
                  HADV completed...       1.9386 seconds
                  ZADV completed...       0.2915 seconds
                 HDIFF completed...       0.2241 seconds
              DECOUPLE completed...       0.0456 seconds
                  PHOT completed...       0.4629 seconds
               CLDPROC completed...       0.2120 seconds
                  CHEM completed...       0.7821 seconds
                  AERO completed...       0.9396 seconds
            Master Time Step
            Processing completed...       5.9684 seconds

     Processing Day/Time [YYYYDDD:HHMMSS]: 2017357:214000
       Which is Equivalent to (UTC): 21:40:00 Saturday,  Dec. 23, 2017
       Time-Step Length (HHMMSS): 000500
                 VDIFF completed...       0.9051 seconds
                COUPLE completed...       0.1097 seconds
                  HADV completed...       1.9791 seconds
                  ZADV completed...       0.2904 seconds
                 HDIFF completed...       0.2256 seconds
              DECOUPLE completed...       0.0459 seconds
                  PHOT completed...       0.4640 seconds
               CLDPROC completed...       0.2059 seconds
                  CHEM completed...       0.7860 seconds
                  AERO completed...       0.9412 seconds
            Master Time Step
            Processing completed...       5.9565 seconds

     Processing Day/Time [YYYYDDD:HHMMSS]: 2017357:214500
       Which is Equivalent to (UTC): 21:45:00 Saturday,  Dec. 23, 2017
       Time-Step Length (HHMMSS): 000500
                 VDIFF completed...       0.9167 seconds
                COUPLE completed...       0.0979 seconds
                  HADV completed...       1.9592 seconds
                  ZADV completed...       0.2907 seconds
                 HDIFF completed...       0.2248 seconds
              DECOUPLE completed...       0.0447 seconds
                  PHOT completed...       0.4641 seconds
               CLDPROC completed...       0.2048 seconds
                  CHEM completed...       0.7845 seconds
                  AERO completed...       0.9406 seconds
            Master Time Step
            Processing completed...       5.9336 seconds

     Processing Day/Time [YYYYDDD:HHMMSS]: 2017357:215000
       Which is Equivalent to (UTC): 21:50:00 Saturday,  Dec. 23, 2017
       Time-Step Length (HHMMSS): 000500
                 VDIFF completed...       0.9881 seconds
                COUPLE completed...       0.0853 seconds
                  HADV completed...       1.9140 seconds
                  ZADV completed...       0.2909 seconds
                 HDIFF completed...       0.2243 seconds
              DECOUPLE completed...       0.0444 seconds
                  PHOT completed...       0.4659 seconds
               CLDPROC completed...       0.1990 seconds
                  CHEM completed...       0.7827 seconds
                  AERO completed...       0.9392 seconds
            Master Time Step
            Processing completed...       5.9397 seconds

     Processing Day/Time [YYYYDDD:HHMMSS]: 2017357:215500
       Which is Equivalent to (UTC): 21:55:00 Saturday,  Dec. 23, 2017
       Time-Step Length (HHMMSS): 000500
                 VDIFF completed...       2.9526 seconds
                COUPLE completed...       0.1702 seconds
                  HADV completed...       1.4443 seconds
                  ZADV completed...       0.2922 seconds
                 HDIFF completed...       0.2233 seconds
              DECOUPLE completed...       0.0443 seconds
                  PHOT completed...       0.4616 seconds
               CLDPROC completed...       1.5296 seconds
                  CHEM completed...       0.7823 seconds
                  AERO completed...       0.9413 seconds
            Master Time Step
            Processing completed...       8.8472 seconds

      =--> Data Output completed...       1.5365 seconds

     Processing Day/Time [YYYYDDD:HHMMSS]: 2017357:220000
       Which is Equivalent to (UTC): 22:00:00 Saturday,  Dec. 23, 2017
       Time-Step Length (HHMMSS): 000400
                 VDIFF completed...       4.9932 seconds
                COUPLE completed...       0.1604 seconds
                  HADV completed...       3.1287 seconds
                  ZADV completed...       0.2890 seconds
                 HDIFF completed...       0.2262 seconds
              DECOUPLE completed...       0.0445 seconds
                  PHOT completed...       1.3269 seconds
               CLDPROC completed...       0.1986 seconds
                  CHEM completed...       0.7337 seconds
                  AERO completed...       0.9124 seconds
            Master Time Step
            Processing completed...      12.0168 seconds

     Processing Day/Time [YYYYDDD:HHMMSS]: 2017357:220400
       Which is Equivalent to (UTC): 22:04:00 Saturday,  Dec. 23, 2017
       Time-Step Length (HHMMSS): 000400
                 VDIFF completed...       1.0686 seconds
                COUPLE completed...       0.0750 seconds
                  HADV completed...       1.3909 seconds
                  ZADV completed...       0.3102 seconds
                 HDIFF completed...       0.2045 seconds
              DECOUPLE completed...       0.0436 seconds
                  PHOT completed...       0.4679 seconds
               CLDPROC completed...       0.1933 seconds
                  CHEM completed...       0.7299 seconds
                  AERO completed...       0.9201 seconds
            Master Time Step
            Processing completed...       5.4081 seconds

     Processing Day/Time [YYYYDDD:HHMMSS]: 2017357:220800
       Which is Equivalent to (UTC): 22:08:00 Saturday,  Dec. 23, 2017
       Time-Step Length (HHMMSS): 000400
                 VDIFF completed...       1.0316 seconds
                COUPLE completed...       0.0831 seconds
                  HADV completed...       1.5430 seconds
                  ZADV completed...       0.3106 seconds
                 HDIFF completed...       0.2042 seconds
              DECOUPLE completed...       0.0440 seconds
                  PHOT completed...       0.4678 seconds
               CLDPROC completed...       0.1912 seconds
                  CHEM completed...       0.7309 seconds
                  AERO completed...       0.9143 seconds
            Master Time Step
            Processing completed...       5.5246 seconds

     Processing Day/Time [YYYYDDD:HHMMSS]: 2017357:221200
       Which is Equivalent to (UTC): 22:12:00 Saturday,  Dec. 23, 2017
       Time-Step Length (HHMMSS): 000400
                 VDIFF completed...       1.0144 seconds
                COUPLE completed...       0.0801 seconds
                  HADV completed...       1.4220 seconds
                  ZADV completed...       0.3113 seconds
                 HDIFF completed...       0.2039 seconds
              DECOUPLE completed...       0.0439 seconds
                  PHOT completed...       0.4680 seconds
               CLDPROC completed...       0.1915 seconds
                  CHEM completed...       0.7319 seconds
                  AERO completed...       0.9146 seconds
            Master Time Step
            Processing completed...       5.3834 seconds

     Processing Day/Time [YYYYDDD:HHMMSS]: 2017357:221600
       Which is Equivalent to (UTC): 22:16:00 Saturday,  Dec. 23, 2017
       Time-Step Length (HHMMSS): 000400
                 VDIFF completed...       1.0156 seconds
                COUPLE completed...       0.0694 seconds
                  HADV completed...       1.3958 seconds
                  ZADV completed...       0.3100 seconds
                 HDIFF completed...       0.2045 seconds
              DECOUPLE completed...       0.0443 seconds
                  PHOT completed...       0.4679 seconds
               CLDPROC completed...       0.1903 seconds
                  CHEM completed...       0.7335 seconds
                  AERO completed...       0.9143 seconds
            Master Time Step
            Processing completed...       5.3494 seconds

     Processing Day/Time [YYYYDDD:HHMMSS]: 2017357:222000
       Which is Equivalent to (UTC): 22:20:00 Saturday,  Dec. 23, 2017
       Time-Step Length (HHMMSS): 000400
                 VDIFF completed...       0.9915 seconds
                COUPLE completed...       0.0694 seconds
                  HADV completed...       1.4149 seconds
                  ZADV completed...       0.3107 seconds
                 HDIFF completed...       0.2036 seconds
              DECOUPLE completed...       0.0440 seconds
                  PHOT completed...       0.4674 seconds
               CLDPROC completed...       0.1981 seconds
                  CHEM completed...       0.7347 seconds
                  AERO completed...       0.9263 seconds
            Master Time Step
            Processing completed...       5.3638 seconds

     Processing Day/Time [YYYYDDD:HHMMSS]: 2017357:222400
       Which is Equivalent to (UTC): 22:24:00 Saturday,  Dec. 23, 2017
       Time-Step Length (HHMMSS): 000400
                 VDIFF completed...       0.9663 seconds
                COUPLE completed...       0.0726 seconds
                  HADV completed...       1.4052 seconds
                  ZADV completed...       0.3115 seconds
                 HDIFF completed...       0.2026 seconds
              DECOUPLE completed...       0.0436 seconds
                  PHOT completed...       0.4687 seconds
               CLDPROC completed...       0.1880 seconds
                  CHEM completed...       0.7366 seconds
                  AERO completed...       0.9217 seconds
            Master Time Step
            Processing completed...       5.3205 seconds

     Processing Day/Time [YYYYDDD:HHMMSS]: 2017357:222800
       Which is Equivalent to (UTC): 22:28:00 Saturday,  Dec. 23, 2017
       Time-Step Length (HHMMSS): 000400
                 VDIFF completed...       0.9680 seconds
                COUPLE completed...       0.0730 seconds
                  HADV completed...       1.4057 seconds
                  ZADV completed...       0.3110 seconds
                 HDIFF completed...       0.2045 seconds
              DECOUPLE completed...       0.0440 seconds
                  PHOT completed...       0.4672 seconds
               CLDPROC completed...       0.1887 seconds
                  CHEM completed...       0.7397 seconds
                  AERO completed...       0.9229 seconds
            Master Time Step
            Processing completed...       5.3289 seconds

     Processing Day/Time [YYYYDDD:HHMMSS]: 2017357:223200
       Which is Equivalent to (UTC): 22:32:00 Saturday,  Dec. 23, 2017
       Time-Step Length (HHMMSS): 000400
                 VDIFF completed...       0.9652 seconds
                COUPLE completed...       0.0754 seconds
                  HADV completed...       1.3921 seconds
                  ZADV completed...       0.3094 seconds
                 HDIFF completed...       0.2057 seconds
              DECOUPLE completed...       0.0442 seconds
                  PHOT completed...       0.4721 seconds
               CLDPROC completed...       0.1844 seconds
                  CHEM completed...       0.7416 seconds
                  AERO completed...       0.9245 seconds
            Master Time Step
            Processing completed...       5.3188 seconds

     Processing Day/Time [YYYYDDD:HHMMSS]: 2017357:223600
       Which is Equivalent to (UTC): 22:36:00 Saturday,  Dec. 23, 2017
       Time-Step Length (HHMMSS): 000400
                 VDIFF completed...       0.9529 seconds
                COUPLE completed...       0.0748 seconds
                  HADV completed...       1.3929 seconds
                  ZADV completed...       0.3099 seconds
                 HDIFF completed...       0.2046 seconds
              DECOUPLE completed...       0.0441 seconds
                  PHOT completed...       0.4696 seconds
               CLDPROC completed...       0.1864 seconds
                  CHEM completed...       0.7420 seconds
                  AERO completed...       0.9225 seconds
            Master Time Step
            Processing completed...       5.3040 seconds

     Processing Day/Time [YYYYDDD:HHMMSS]: 2017357:224000
       Which is Equivalent to (UTC): 22:40:00 Saturday,  Dec. 23, 2017
       Time-Step Length (HHMMSS): 000400
                 VDIFF completed...       0.9485 seconds
                COUPLE completed...       0.0697 seconds
                  HADV completed...       1.3995 seconds
                  ZADV completed...       0.3112 seconds
                 HDIFF completed...       0.2039 seconds
              DECOUPLE completed...       0.0448 seconds
                  PHOT completed...       0.4674 seconds
               CLDPROC completed...       0.1857 seconds
                  CHEM completed...       0.7462 seconds
                  AERO completed...       0.9246 seconds
            Master Time Step
            Processing completed...       5.3051 seconds

     Processing Day/Time [YYYYDDD:HHMMSS]: 2017357:224400
       Which is Equivalent to (UTC): 22:44:00 Saturday,  Dec. 23, 2017
       Time-Step Length (HHMMSS): 000400
                 VDIFF completed...       0.9321 seconds
                COUPLE completed...       0.0721 seconds
                  HADV completed...       1.4052 seconds
                  ZADV completed...       0.3115 seconds
                 HDIFF completed...       0.2031 seconds
              DECOUPLE completed...       0.0443 seconds
                  PHOT completed...       0.4706 seconds
               CLDPROC completed...       0.1818 seconds
                  CHEM completed...       0.7479 seconds
                  AERO completed...       0.9261 seconds
            Master Time Step
            Processing completed...       5.2980 seconds

     Processing Day/Time [YYYYDDD:HHMMSS]: 2017357:224800
       Which is Equivalent to (UTC): 22:48:00 Saturday,  Dec. 23, 2017
       Time-Step Length (HHMMSS): 000400
                 VDIFF completed...       0.9350 seconds
                COUPLE completed...       0.0803 seconds
                  HADV completed...       1.3790 seconds
                  ZADV completed...       0.3102 seconds
                 HDIFF completed...       0.2048 seconds
              DECOUPLE completed...       0.0442 seconds
                  PHOT completed...       0.4681 seconds
               CLDPROC completed...       0.1804 seconds
                  CHEM completed...       0.7493 seconds
                  AERO completed...       0.9319 seconds
            Master Time Step
            Processing completed...       5.2875 seconds

     Processing Day/Time [YYYYDDD:HHMMSS]: 2017357:225200
       Which is Equivalent to (UTC): 22:52:00 Saturday,  Dec. 23, 2017
       Time-Step Length (HHMMSS): 000400
                 VDIFF completed...       0.9336 seconds
                COUPLE completed...       0.0831 seconds
                  HADV completed...       1.5331 seconds
                  ZADV completed...       0.3098 seconds
                 HDIFF completed...       0.2054 seconds
              DECOUPLE completed...       0.0446 seconds
                  PHOT completed...       0.4684 seconds
               CLDPROC completed...       0.1794 seconds
                  CHEM completed...       0.7521 seconds
                  AERO completed...       0.9516 seconds
            Master Time Step
            Processing completed...       5.4649 seconds

     Processing Day/Time [YYYYDDD:HHMMSS]: 2017357:225600
       Which is Equivalent to (UTC): 22:56:00 Saturday,  Dec. 23, 2017
       Time-Step Length (HHMMSS): 000400
                 VDIFF completed...       2.6520 seconds
                COUPLE completed...       0.1701 seconds
                  HADV completed...       1.0301 seconds
                  ZADV completed...       0.3083 seconds
                 HDIFF completed...       0.2065 seconds
              DECOUPLE completed...       0.0438 seconds
                  PHOT completed...       0.4644 seconds
               CLDPROC completed...       1.5311 seconds
                  CHEM completed...       0.7575 seconds
                  AERO completed...       0.9143 seconds
            Master Time Step
            Processing completed...       8.0841 seconds

      =--> Data Output completed...       1.5044 seconds

     Processing Day/Time [YYYYDDD:HHMMSS]: 2017357:230000
       Which is Equivalent to (UTC): 23:00:00 Saturday,  Dec. 23, 2017
       Time-Step Length (HHMMSS): 000400
                 VDIFF completed...       4.6230 seconds
                COUPLE completed...       0.1695 seconds
                  HADV completed...       3.2574 seconds
                  ZADV completed...       0.3129 seconds
                 HDIFF completed...       0.2033 seconds
              DECOUPLE completed...       0.0443 seconds
                  PHOT completed...       1.1170 seconds
               CLDPROC completed...       0.1754 seconds
                  CHEM completed...       0.7564 seconds
                  AERO completed...       0.9249 seconds
            Master Time Step
            Processing completed...      11.5889 seconds

     Processing Day/Time [YYYYDDD:HHMMSS]: 2017357:230400
       Which is Equivalent to (UTC): 23:04:00 Saturday,  Dec. 23, 2017
       Time-Step Length (HHMMSS): 000400
                 VDIFF completed...       0.9543 seconds
                COUPLE completed...       0.0644 seconds
                  HADV completed...       1.4197 seconds
                  ZADV completed...       0.3103 seconds
                 HDIFF completed...       0.2063 seconds
              DECOUPLE completed...       0.0440 seconds
                  PHOT completed...       0.4714 seconds
               CLDPROC completed...       0.1712 seconds
                  CHEM completed...       0.7599 seconds
                  AERO completed...       0.9320 seconds
            Master Time Step
            Processing completed...       5.3353 seconds

     Processing Day/Time [YYYYDDD:HHMMSS]: 2017357:230800
       Which is Equivalent to (UTC): 23:08:00 Saturday,  Dec. 23, 2017
       Time-Step Length (HHMMSS): 000400
                 VDIFF completed...       0.9313 seconds
                COUPLE completed...       0.0639 seconds
                  HADV completed...       1.3984 seconds
                  ZADV completed...       0.3115 seconds
                 HDIFF completed...       0.2045 seconds
              DECOUPLE completed...       0.0447 seconds
                  PHOT completed...       0.4698 seconds
               CLDPROC completed...       0.1655 seconds
                  CHEM completed...       0.7614 seconds
                  AERO completed...       0.9339 seconds
            Master Time Step
            Processing completed...       5.2892 seconds

     Processing Day/Time [YYYYDDD:HHMMSS]: 2017357:231200
       Which is Equivalent to (UTC): 23:12:00 Saturday,  Dec. 23, 2017
       Time-Step Length (HHMMSS): 000400
                 VDIFF completed...       0.9262 seconds
                COUPLE completed...       0.0655 seconds
                  HADV completed...       1.3953 seconds
                  ZADV completed...       0.3114 seconds
                 HDIFF completed...       0.2036 seconds
              DECOUPLE completed...       0.0442 seconds
                  PHOT completed...       0.4703 seconds
               CLDPROC completed...       0.1611 seconds
                  CHEM completed...       0.7636 seconds
                  AERO completed...       0.9521 seconds
            Master Time Step
            Processing completed...       5.2975 seconds

     Processing Day/Time [YYYYDDD:HHMMSS]: 2017357:231600
       Which is Equivalent to (UTC): 23:16:00 Saturday,  Dec. 23, 2017
       Time-Step Length (HHMMSS): 000400
                 VDIFF completed...       0.9187 seconds
                COUPLE completed...       0.0689 seconds
                  HADV completed...       1.3494 seconds
                  ZADV completed...       0.3119 seconds
                 HDIFF completed...       0.2041 seconds
              DECOUPLE completed...       0.0445 seconds
                  PHOT completed...       0.4713 seconds
               CLDPROC completed...       0.1570 seconds
                  CHEM completed...       0.7676 seconds
                  AERO completed...       0.9549 seconds
            Master Time Step
            Processing completed...       5.2525 seconds

     Processing Day/Time [YYYYDDD:HHMMSS]: 2017357:232000
       Which is Equivalent to (UTC): 23:20:00 Saturday,  Dec. 23, 2017
       Time-Step Length (HHMMSS): 000400
                 VDIFF completed...       0.9127 seconds
                COUPLE completed...       0.0756 seconds
                  HADV completed...       1.3137 seconds
                  ZADV completed...       0.3107 seconds
                 HDIFF completed...       0.2058 seconds
              DECOUPLE completed...       0.0439 seconds
                  PHOT completed...       0.4710 seconds
               CLDPROC completed...       0.1530 seconds
                  CHEM completed...       0.7694 seconds
                  AERO completed...       0.9564 seconds
            Master Time Step
            Processing completed...       5.2165 seconds

     Processing Day/Time [YYYYDDD:HHMMSS]: 2017357:232400
       Which is Equivalent to (UTC): 23:24:00 Saturday,  Dec. 23, 2017
       Time-Step Length (HHMMSS): 000400
                 VDIFF completed...       0.9166 seconds
                COUPLE completed...       0.0701 seconds
                  HADV completed...       1.3007 seconds
                  ZADV completed...       0.3102 seconds
                 HDIFF completed...       0.2062 seconds
              DECOUPLE completed...       0.0437 seconds
                  PHOT completed...       0.4713 seconds
               CLDPROC completed...       0.1506 seconds
                  CHEM completed...       0.7840 seconds
                  AERO completed...       0.9497 seconds
            Master Time Step
            Processing completed...       5.2077 seconds

     Processing Day/Time [YYYYDDD:HHMMSS]: 2017357:232800
       Which is Equivalent to (UTC): 23:28:00 Saturday,  Dec. 23, 2017
       Time-Step Length (HHMMSS): 000400
                 VDIFF completed...       0.8778 seconds
                COUPLE completed...       0.0641 seconds
                  HADV completed...       1.3250 seconds
                  ZADV completed...       0.3096 seconds
                 HDIFF completed...       0.2069 seconds
              DECOUPLE completed...       0.0440 seconds
                  PHOT completed...       0.4717 seconds
               CLDPROC completed...       0.1551 seconds
                  CHEM completed...       0.7736 seconds
                  AERO completed...       0.9544 seconds
            Master Time Step
            Processing completed...       5.1869 seconds

     Processing Day/Time [YYYYDDD:HHMMSS]: 2017357:233200
       Which is Equivalent to (UTC): 23:32:00 Saturday,  Dec. 23, 2017
       Time-Step Length (HHMMSS): 000400
                 VDIFF completed...       0.8822 seconds
                COUPLE completed...       0.0620 seconds
                  HADV completed...       1.3096 seconds
                  ZADV completed...       0.3114 seconds
                 HDIFF completed...       0.2044 seconds
              DECOUPLE completed...       0.0443 seconds
                  PHOT completed...       0.4835 seconds
               CLDPROC completed...       0.1433 seconds
                  CHEM completed...       0.7750 seconds
                  AERO completed...       0.9508 seconds
            Master Time Step
            Processing completed...       5.1705 seconds

     Processing Day/Time [YYYYDDD:HHMMSS]: 2017357:233600
       Which is Equivalent to (UTC): 23:36:00 Saturday,  Dec. 23, 2017
       Time-Step Length (HHMMSS): 000400
                 VDIFF completed...       0.8845 seconds
                COUPLE completed...       0.0614 seconds
                  HADV completed...       1.3128 seconds
                  ZADV completed...       0.3100 seconds
                 HDIFF completed...       0.2064 seconds
              DECOUPLE completed...       0.0444 seconds
                  PHOT completed...       0.4728 seconds
               CLDPROC completed...       0.1422 seconds
                  CHEM completed...       0.7774 seconds
                  AERO completed...       0.9439 seconds
            Master Time Step
            Processing completed...       5.1598 seconds

     Processing Day/Time [YYYYDDD:HHMMSS]: 2017357:234000
       Which is Equivalent to (UTC): 23:40:00 Saturday,  Dec. 23, 2017
       Time-Step Length (HHMMSS): 000400
                 VDIFF completed...       0.8977 seconds
                COUPLE completed...       0.0580 seconds
                  HADV completed...       1.3120 seconds
                  ZADV completed...       0.3067 seconds
                 HDIFF completed...       0.2103 seconds
              DECOUPLE completed...       0.0444 seconds
                  PHOT completed...       0.4748 seconds
               CLDPROC completed...       0.1390 seconds
                  CHEM completed...       0.7823 seconds
                  AERO completed...       0.9487 seconds
            Master Time Step
            Processing completed...       5.1768 seconds

     Processing Day/Time [YYYYDDD:HHMMSS]: 2017357:234400
       Which is Equivalent to (UTC): 23:44:00 Saturday,  Dec. 23, 2017
       Time-Step Length (HHMMSS): 000400
                 VDIFF completed...       0.8909 seconds
                COUPLE completed...       0.0593 seconds
                  HADV completed...       1.3071 seconds
                  ZADV completed...       0.3075 seconds
                 HDIFF completed...       0.2100 seconds
              DECOUPLE completed...       0.0444 seconds
                  PHOT completed...       0.4730 seconds
               CLDPROC completed...       0.1348 seconds
                  CHEM completed...       0.7863 seconds
                  AERO completed...       0.9534 seconds
            Master Time Step
            Processing completed...       5.1707 seconds

     Processing Day/Time [YYYYDDD:HHMMSS]: 2017357:234800
       Which is Equivalent to (UTC): 23:48:00 Saturday,  Dec. 23, 2017
       Time-Step Length (HHMMSS): 000400
                 VDIFF completed...       0.8944 seconds
                COUPLE completed...       0.0547 seconds
                  HADV completed...       1.3009 seconds
                  ZADV completed...       0.3128 seconds
                 HDIFF completed...       0.2039 seconds
              DECOUPLE completed...       0.0441 seconds
                  PHOT completed...       0.4735 seconds
               CLDPROC completed...       0.1330 seconds
                  CHEM completed...       0.7932 seconds
                  AERO completed...       0.9545 seconds
            Master Time Step
            Processing completed...       5.1690 seconds

     Processing Day/Time [YYYYDDD:HHMMSS]: 2017357:235200
       Which is Equivalent to (UTC): 23:52:00 Saturday,  Dec. 23, 2017
       Time-Step Length (HHMMSS): 000400
                 VDIFF completed...       0.8874 seconds
                COUPLE completed...       0.0470 seconds
                  HADV completed...       1.2816 seconds
                  ZADV completed...       0.3113 seconds
                 HDIFF completed...       0.2057 seconds
              DECOUPLE completed...       0.0438 seconds
                  PHOT completed...       0.4752 seconds
               CLDPROC completed...       0.1315 seconds
                  CHEM completed...       0.7969 seconds
                  AERO completed...       0.9649 seconds
            Master Time Step
            Processing completed...       5.1490 seconds

     Processing Day/Time [YYYYDDD:HHMMSS]: 2017357:235600
       Which is Equivalent to (UTC): 23:56:00 Saturday,  Dec. 23, 2017
       Time-Step Length (HHMMSS): 000400
                 VDIFF completed...       2.4449 seconds
                COUPLE completed...       0.1702 seconds
                  HADV completed...       1.0965 seconds
                  ZADV completed...       0.3104 seconds
                 HDIFF completed...       0.2066 seconds
              DECOUPLE completed...       0.0449 seconds
                  PHOT completed...       0.4643 seconds
               CLDPROC completed...       1.4117 seconds
                  CHEM completed...       0.8040 seconds
                  AERO completed...       0.9435 seconds
            Master Time Step
            Processing completed...       7.9027 seconds

      =--> Data Output completed...       1.4429 seconds


     ==============================================
     |>---   PROGRAM COMPLETED SUCCESSFULLY   ---<|
     ==============================================
     Date and time 0:00:00   Dec. 24, 2017  (2017358:000000)

     The elapsed time for this simulation was    2304.7 seconds.

134485.865u 3491.078s 38:28.95 5975.7%	0+0k 41886352+52958400io 136203pf+0w

CMAQ Processing of Day 20171223 Finished at Tue Mar 11 00:23:27 UTC 2025

\\\\\=====\\\\\=====\\\\\=====\\\\\=====/////=====/////=====/////=====/////


==================================
  ***** CMAQ TIMING REPORT *****
==================================
Start Day: 2017-12-22
End Day:   2017-12-23
Number of Simulation Days: 2
Domain Name:               12US1
Number of Grid Cells:      4803435  (ROW x COL x LAY)
Number of Layers:          35
Number of Processes:       128
   All times are in seconds.

Num  Day        Wall Time
01   2017-12-22   2103.3
02   2017-12-23   2304.7
     Total Time = 4408.00
      Avg. Time = 2204.00
